fixation_duration,pupil_x,pupil_y,dispersion_x,dispersion_y,start_time,end_time,eeg_001,eeg_002,eeg_003,eeg_004,eeg_005,eeg_006,eeg_007,eeg_008,eeg_009,eeg_010,eeg_011,eeg_012,eeg_013,eeg_014,eeg_015,eeg_016,eeg_017,eeg_018,eeg_019,eeg_020,eeg_021,eeg_022,eeg_023,eeg_024,eeg_025,eeg_026,eeg_027,eeg_028,eeg_029,eeg_030,eeg_031,eeg_032,eeg_033,eeg_034,eeg_035,eeg_036,eeg_037,eeg_038,eeg_039,eeg_040,eeg_041,eeg_042,eeg_043,eeg_044,eeg_045,eeg_046,eeg_047,eeg_048,eeg_049,eeg_050,eeg_051,eeg_052,eeg_053,eeg_054,eeg_055,eeg_056,eeg_057,eeg_058,eeg_059,eeg_060,eeg_061,eeg_062,eeg_063,eeg_064,eeg_065,eeg_066,eeg_067,eeg_068,eeg_069,eeg_070,eeg_071,eeg_072,eeg_073,eeg_074,eeg_075,eeg_076,eeg_077,eeg_078,eeg_079,eeg_080,eeg_081,eeg_082,eeg_083,eeg_084,eeg_085,eeg_086,eeg_087,eeg_088,eeg_089,eeg_090,eeg_091,eeg_092,eeg_093,eeg_094,eeg_095,eeg_096,eeg_097,eeg_098,eeg_099,eeg_100,eeg_101,eeg_102,eeg_103,eeg_104,eeg_105,eeg_106,eeg_107,eeg_108,eeg_109,eeg_110,eeg_111,eeg_112,eeg_113,eeg_114,eeg_115,eeg_116,eeg_117,eeg_118,eeg_119,eeg_120,eeg_121,eeg_122,eeg_123,eeg_124,eeg_125,eeg_126,eeg_127,eeg_128,eeg_129,eeg_130,eeg_131,eeg_132,eeg_133,eeg_134,eeg_135,eeg_136,eeg_137,eeg_138,eeg_139,eeg_140,eeg_141,eeg_142,eeg_143,eeg_144,eeg_145,eeg_146,eeg_147,eeg_148,eeg_149,eeg_150,eeg_151,eeg_152,eeg_153,eeg_154,eeg_155,eeg_156,eeg_157,eeg_158,eeg_159,eeg_160,eeg_161,eeg_162,eeg_163,eeg_164,eeg_165,eeg_166,eeg_167,eeg_168,eeg_169,eeg_170,eeg_171,eeg_172,eeg_173,eeg_174,eeg_175,eeg_176,eeg_177,eeg_178,eeg_179,eeg_180,eeg_181,eeg_182,eeg_183,eeg_184,eeg_185,eeg_186,eeg_187,eeg_188,eeg_189,eeg_190,eeg_191,eeg_192,eeg_193,eeg_194,eeg_195,eeg_196,eeg_197,eeg_198,eeg_199,eeg_200,eeg_201,eeg_202,eeg_203,eeg_204,eeg_205,eeg_206,eeg_207,eeg_208,eeg_209,eeg_210,eeg_211,eeg_212,eeg_213,eeg_214,eeg_215,eeg_216,eeg_217,eeg_218,eeg_219,eeg_220,eeg_221,eeg_222,eeg_223,eeg_224,eeg_225,eeg_226,eeg_227,eeg_228,eeg_229,eeg_230,eeg_231,eeg_232,eeg_233,eeg_234,eeg_235,eeg_236,eeg_237,eeg_238,eeg_239,eeg_240,eeg_241,eeg_242,eeg_243,eeg_244,eeg_245,eeg_246,eeg_247,eeg_248,eeg_249,eeg_250,eeg_251,eeg_252,eeg_253,eeg_254,eeg_255,eeg_256
299.0,64.0,45.2,3.0,25.0,0.0,299.0,1.996526,1.76171,2.196203,-0.13659,0.89965,2.005603,1.848724,1.942422,-1.632381,-1.336396,1.902824,1.956885,1.914328,-0.993514,1.329954,1.975661,1.687438,1.689258,-1.274756,-0.521253,1.90527,1.993109,1.614752,-1.190951,1.183007,1.734835,1.622157,1.972142,1.876409,1.994008,1.877939,1.625486,1.890254,1.399844,1.586905,1.756115,1.622736,1.723322,-1.126251,-0.821444,1.763652,1.63276,1.587325,-1.55225,-1.173489,1.805361,1.79381,1.502296,-1.514164,-0.912103,1.810526,1.819003,1.622501,-1.51244,-0.549391,1.8805,1.844447,1.380589,-1.260093,0.973358,1.852623,1.947323,1.338265,-2.506551,-0.909089,1.766096,1.884319,1.408421,-1.372803,-0.725722,1.498659,1.629621,1.658847,-1.603426,-1.446672,1.680055,1.604732,1.829517,-1.514246,-1.576899,1.698626,1.710637,1.679772,-1.436194,-1.182351,1.62881,1.639675,1.862893,-1.688547,-0.917574,1.563325,-0.770337,1.833695,-1.422399,-0.398198,1.54461,2.060377,1.516753,-1.298214,-1.367098,1.697479,1.808167,1.332303,-1.363453,-1.364561,1.608535,1.85583,1.157711,-1.672976,-1.290097,1.747786,1.507962,1.089788,-1.562876,-1.217968,1.282557,1.655849,2.693616,-1.368793,-1.588726,1.606888,1.506283,2.266926,1.343879,0.268638,1.79298,1.677257,1.691296,0.439066,0.944091,1.572676,2.043808,0.961796,-1.712604,-1.445772,-0.461693,-1.2054,1.93138,-1.456446,-0.985682,1.048813,2.108408,1.188625,-1.269233,-1.744752,1.474242,1.517012,1.017525,-1.416588,-1.453858,1.091159,0.844056,0.20436,-1.541044,-1.402117,-0.403412,0.99521,-1.503234,-1.535999,-1.491938,1.318023,-0.865343,-1.445944,-1.295783,-1.179972,1.074201,-0.710169,-0.967857,-1.031069,0.184369,0.9583,-0.895077,-0.670448,-1.114926,2.113455,-0.107904,-1.114556,-1.557586,0.686305,-1.435975,1.252083,-1.709098,-0.959606,1.059161,0.032455,1.067605,1.143823,-1.782798,-1.885139,-1.612795,-1.798695,0.006876,0.727792,-1.539024,1.136106,-1.643836,2.045332,1.025037,-1.366508,-1.15024,-2.058258,1.928769,1.155828,-1.552879,-1.358278,0.821196,-0.55749,0.70137,1.752004,-0.644049,1.418075,1.519648,1.596862,1.914159,1.384437,1.161185,-1.038698,-0.744766,1.528041,0.771328,0.883642,-0.379871,-1.629653,0.535487,-1.159293,1.267872,1.232621,-1.859851,0.801377,-1.22909,1.206429,1.203265,0.614851,0.006022,-0.693479,0.500768,1.462728,0.739137,-1.441711,0.074132,1.638277,1.941374,1.372923,1.829558,2.324536,1.737574,1.885247,1.615658,2.173629,2.137606,0.874654,-1.348408,-1.659884,1.260221,-1.082482,0.723586
133.0,64.0,42.8,0.0,2.0,299.0,432.0,1.980088,1.75356,2.16676,-0.138074,0.913658,1.988187,1.838511,1.915053,-1.627721,-1.324074,1.887046,1.943085,1.894499,-0.994742,1.330399,1.960333,1.680314,1.671803,-1.272701,-0.507653,1.889959,1.97796,1.602508,-1.188684,1.19,1.722583,1.616892,1.958656,1.873299,1.985177,1.866495,1.619842,1.869017,1.3774,1.571301,1.745402,1.616895,1.704463,-1.12339,-0.816086,1.753936,1.62684,1.561317,-1.548304,-1.157464,1.795756,1.786113,1.477601,-1.511119,-0.897578,1.800106,1.807495,1.612565,-1.511146,-0.537474,1.865305,1.832191,1.379722,-1.25655,0.98248,1.83314,1.925398,1.336715,-2.484216,-0.904971,1.747248,1.867083,1.405208,-1.368104,-0.72391,1.490906,1.623513,1.649138,-1.596114,-1.442952,1.67152,1.600592,1.810604,-1.509105,-1.574568,1.690934,1.705034,1.666365,-1.434309,-1.188507,1.622388,1.635803,1.844817,-1.685417,-0.917663,1.56105,-0.788981,1.758318,-1.422409,-0.391018,1.538597,2.044482,1.515797,-1.296441,-1.362855,1.685583,1.798828,1.33237,-1.359401,-1.360682,1.589673,1.829871,1.157932,-1.672762,-1.285653,1.721413,1.488317,1.089672,-1.558649,-1.215146,1.278933,1.649991,2.656273,-1.36533,-1.584691,1.599248,1.503509,2.211194,1.347513,0.278384,1.784006,1.672864,1.675125,0.424821,0.952759,1.571395,2.033948,0.93821,-1.721976,-1.446679,-0.492932,-1.216686,1.904016,-1.457904,-0.978562,1.050214,2.093782,1.186439,-1.259468,-1.739784,1.467423,1.510528,1.016418,-1.413365,-1.453314,1.084118,0.831474,0.215902,-1.53997,-1.401129,-0.41961,0.991337,-1.493853,-1.535485,-1.491903,1.310845,-0.870411,-1.45489,-1.299274,-1.17857,1.073011,-0.704412,-0.981127,-1.034026,0.183308,0.959838,-0.88759,-0.683325,-1.125715,2.110518,-0.121903,-1.10061,-1.560511,0.694974,-1.427066,1.254031,-1.704053,-0.977863,1.061649,0.034931,1.072485,1.133973,-1.794329,-1.878059,-1.59736,-1.785982,0.003381,0.726366,-1.537883,1.137928,-1.64476,2.035623,1.027458,-1.366676,-1.148925,-2.047583,1.924775,1.157068,-1.551146,-1.357033,0.818677,-0.554754,0.701401,1.752264,-0.640171,1.416157,1.518546,1.595426,1.91008,1.378742,1.155201,-1.0309,-0.746002,1.494207,0.766361,0.883427,-0.370725,-1.630039,0.534324,-1.160566,1.272245,1.228277,-1.885349,0.800263,-1.228878,1.21398,1.195064,0.602991,-0.015151,-0.696028,0.522739,1.461032,0.732954,-1.464216,0.06794,1.644345,1.936858,1.367306,1.822778,2.316834,1.738062,1.881678,1.610618,2.166213,2.130432,0.876928,-1.34979,-1.666968,1.257723,-1.082489,0.733445
133.0,64.8,43.8,4.0,10.0,2426.0,2559.0,-0.840468,-1.147883,-0.504578,2.233058,-0.56353,-0.792082,-1.046975,-1.148559,1.320646,1.660906,-0.896733,-0.738899,-0.820021,1.904356,-0.684739,-0.98928,-1.330606,-1.562189,1.745904,1.523164,-0.884254,-0.829059,-1.584182,1.670119,-0.352834,-1.400868,-1.423252,-0.969206,-0.802396,-0.35247,-1.157489,-1.429933,-1.056098,1.536308,0.541064,-1.351188,-1.388643,-1.45167,1.357538,1.528409,-1.251005,-1.40089,-2.076896,1.162241,1.648918,-1.12065,-1.106727,-2.246944,1.101467,1.808727,-1.122817,-1.353998,-1.782022,0.996759,1.941612,-1.049943,-1.026985,-1.50762,1.399753,0.447564,-0.961654,0.315458,-1.426687,0.021401,1.768239,-1.139262,-0.068172,-1.299299,1.769774,1.898641,-1.595998,-1.418129,-1.280083,1.39213,1.612294,-1.389581,-1.353265,-1.303849,1.431067,1.378064,-1.328339,-1.187651,-1.400393,1.125755,1.681844,-1.243413,-1.109279,-1.413978,0.696213,1.843493,-1.284235,1.074462,0.98674,1.437158,2.143753,-1.338748,-0.269024,-1.525464,1.27163,1.646562,-1.26767,-0.76157,-1.525539,1.296204,1.552444,-1.252159,0.360747,-1.440779,1.172652,1.637529,-0.870379,1.113486,-1.383032,1.45944,1.614511,-1.609797,-1.466826,-0.828815,1.527943,1.283451,-1.589648,-1.483511,0.97581,-1.356046,1.40536,-0.813185,-1.376334,-1.264074,-1.807433,0.750681,-1.281817,-0.713773,-1.564792,-0.197789,1.409733,0.954514,1.268829,-0.87984,1.323546,2.025415,-1.580016,-0.062812,-1.438663,1.39498,1.311405,-1.233005,-0.661488,-1.621256,1.383699,1.363572,-1.500329,1.803243,-1.566184,1.301018,1.481757,-0.748014,1.815816,1.280776,1.309345,1.330357,-1.556066,-0.570008,0.052022,1.260518,1.61231,-1.499134,-1.105839,0.889336,1.526222,1.840563,-1.502465,-0.335993,-1.352139,-0.546024,0.576002,-1.688285,-1.811629,1.159998,-1.802445,1.460153,-1.37914,1.339521,2.135163,-1.434919,1.577686,-1.476902,-1.379991,0.601549,-0.526137,0.979056,-0.720271,1.9559,-1.72763,1.207546,1.40452,2.017938,-0.052891,-1.789467,1.279494,1.384319,1.024364,0.450096,-1.552884,1.190923,1.365883,-1.327962,-1.426355,-1.85216,-0.985613,2.020042,-1.190546,-1.544959,-1.094467,0.038229,1.709865,-1.085415,-0.526949,-1.520805,-1.637801,1.80651,-1.541438,-1.908119,-0.625664,-1.781575,1.583455,-0.987995,-1.299995,0.655544,-1.652258,1.499047,-1.213354,-1.018113,-2.116983,-1.609975,1.758449,-0.610317,-1.119117,-1.930563,-0.884962,1.635215,-0.92048,-0.920521,-1.613474,-1.3167,-0.313425,-1.090144,-1.043349,-1.423414,-0.95619,-0.78369,-1.582251,0.139843,-0.193852,-1.378674,1.629604,-0.106542
233.0,62.8,44.1,8.0,10.0,30058.0,30291.0,-0.840468,-1.147883,-0.504578,2.233058,-0.56353,-0.792082,-1.046975,-1.148559,1.320646,1.660906,-0.896733,-0.738899,-0.820021,1.904356,-0.684739,-0.98928,-1.330606,-1.562189,1.745904,1.523164,-0.884254,-0.829059,-1.584182,1.670119,-0.352834,-1.400868,-1.423252,-0.969206,-0.802396,-0.35247,-1.157489,-1.429933,-1.056098,1.536308,0.541064,-1.351188,-1.388643,-1.45167,1.357538,1.528409,-1.251005,-1.40089,-2.076896,1.162241,1.648918,-1.12065,-1.106727,-2.246944,1.101467,1.808727,-1.122817,-1.353998,-1.782022,0.996759,1.941612,-1.049943,-1.026985,-1.50762,1.399753,0.447564,-0.961654,0.315458,-1.426687,0.021401,1.768239,-1.139262,-0.068172,-1.299299,1.769774,1.898641,-1.595998,-1.418129,-1.280083,1.39213,1.612294,-1.389581,-1.353265,-1.303849,1.431067,1.378064,-1.328339,-1.187651,-1.400393,1.125755,1.681844,-1.243413,-1.109279,-1.413978,0.696213,1.843493,-1.284235,1.074462,0.98674,1.437158,2.143753,-1.338748,-0.269024,-1.525464,1.27163,1.646562,-1.26767,-0.76157,-1.525539,1.296204,1.552444,-1.252159,0.360747,-1.440779,1.172652,1.637529,-0.870379,1.113486,-1.383032,1.45944,1.614511,-1.609797,-1.466826,-0.828815,1.527943,1.283451,-1.589648,-1.483511,0.97581,-1.356046,1.40536,-0.813185,-1.376334,-1.264074,-1.807433,0.750681,-1.281817,-0.713773,-1.564792,-0.197789,1.409733,0.954514,1.268829,-0.87984,1.323546,2.025415,-1.580016,-0.062812,-1.438663,1.39498,1.311405,-1.233005,-0.661488,-1.621256,1.383699,1.363572,-1.500329,1.803243,-1.566184,1.301018,1.481757,-0.748014,1.815816,1.280776,1.309345,1.330357,-1.556066,-0.570008,0.052022,1.260518,1.61231,-1.499134,-1.105839,0.889336,1.526222,1.840563,-1.502465,-0.335993,-1.352139,-0.546024,0.576002,-1.688285,-1.811629,1.159998,-1.802445,1.460153,-1.37914,1.339521,2.135163,-1.434919,1.577686,-1.476902,-1.379991,0.601549,-0.526137,0.979056,-0.720271,1.9559,-1.72763,1.207546,1.40452,2.017938,-0.052891,-1.789467,1.279494,1.384319,1.024364,0.450096,-1.552884,1.190923,1.365883,-1.327962,-1.426355,-1.85216,-0.985613,2.020042,-1.190546,-1.544959,-1.094467,0.038229,1.709865,-1.085415,-0.526949,-1.520805,-1.637801,1.80651,-1.541438,-1.908119,-0.625664,-1.781575,1.583455,-0.987995,-1.299995,0.655544,-1.652258,1.499047,-1.213354,-1.018113,-2.116983,-1.609975,1.758449,-0.610317,-1.119117,-1.930563,-0.884962,1.635215,-0.92048,-0.920521,-1.613474,-1.3167,-0.313425,-1.090144,-1.043349,-1.423414,-0.95619,-0.78369,-1.582251,0.139843,-0.193852,-1.378674,1.629604,-0.106542
266.0,62.8,42.4,4.0,14.0,30291.0,30557.0,1.222073,1.206799,1.114558,-0.221451,1.426943,1.209024,1.212712,1.038355,-1.171722,-0.529394,1.197199,1.203105,1.12934,-0.65235,1.369808,1.249168,1.197445,1.105505,-0.933345,0.087651,1.224854,1.185636,1.019667,-0.592199,1.3882,1.232408,1.159971,1.143929,1.267845,1.184907,1.283411,1.17189,1.117089,0.369661,0.746726,1.247675,1.185968,1.125068,-1.065386,-0.767453,1.276766,1.203971,0.962697,-1.133988,-0.409447,1.295824,1.223412,0.822964,-1.108619,-0.301205,1.25407,1.146749,0.98723,-1.113816,0.022862,1.211568,1.178317,1.071484,-0.860759,1.259987,1.200506,1.129535,1.14239,-0.53553,-0.732332,1.181753,1.24277,1.180431,-0.76609,-0.679994,1.207405,1.126738,1.116781,-1.168575,-1.165128,1.271117,1.155771,1.079875,-1.167151,-1.173869,1.287922,1.206741,1.128537,-1.242122,-1.008473,1.329259,1.238731,1.149997,-1.19949,-0.787843,1.304575,-1.447258,-0.264364,-1.121839,-0.298417,1.238632,1.048515,1.137717,-1.086316,-1.047532,1.185893,1.204858,1.106461,-1.091707,-1.08913,1.156363,1.076018,1.054616,-1.13867,-0.954393,1.127735,0.88807,1.057973,-1.1123,-1.040125,1.179237,1.054479,0.456664,-1.142971,-1.212173,1.223024,1.11758,0.431218,0.240908,-0.179816,1.428601,1.085547,1.078769,0.485018,1.065817,1.35774,1.197715,0.825081,-1.263598,-1.279907,-0.797182,-1.376761,0.97569,-1.219617,-0.862006,1.040256,0.982103,1.075533,-1.037139,-1.132946,1.173488,1.2403,0.909605,-1.153497,-1.120709,1.02912,0.266187,0.705307,-1.195774,-1.140977,0.110557,0.49489,-1.131701,-1.226918,-1.226498,1.098342,-1.248365,-1.506893,-1.334326,-1.089675,1.065359,-0.872727,-1.598635,-1.196337,-0.608423,0.972303,-0.963351,-0.934457,-1.733033,0.831082,1.144764,-0.487983,-1.312981,0.877246,-1.180834,1.255662,-1.146134,-0.96874,1.124077,0.526707,1.216388,1.037669,-1.401031,-1.003031,-1.188261,-0.396163,-0.292347,0.67763,-1.262899,-0.032108,-0.884065,1.033801,0.80565,-1.269404,-1.234107,-1.309827,1.011272,0.967544,-1.283713,-1.222408,0.807918,-0.809639,0.415192,0.847072,-0.942637,0.941571,0.900164,1.022274,1.003958,0.189723,0.918029,-1.14546,-0.791491,-0.899025,-0.233717,0.941108,0.126482,-1.113218,0.568512,-1.113666,1.262159,1.194814,-1.267988,0.871491,-1.149835,1.300651,1.178517,0.456982,0.120353,-0.95049,1.213946,1.156494,0.590968,-1.136886,-0.946511,1.14208,1.118709,0.920195,0.97516,0.955138,1.131203,1.141306,1.046799,1.00119,1.081842,0.883428,-1.334556,-1.356649,1.02582,-1.120923,0.760679
266.0,75.6,48.5,8.0,16.0,30557.0,30823.0,-0.840468,-1.147883,-0.504578,2.233058,-0.56353,-0.792082,-1.046975,-1.148559,1.320646,1.660906,-0.896733,-0.738899,-0.820021,1.904356,-0.684739,-0.98928,-1.330606,-1.562189,1.745904,1.523164,-0.884254,-0.829059,-1.584182,1.670119,-0.352834,-1.400868,-1.423252,-0.969206,-0.802396,-0.35247,-1.157489,-1.429933,-1.056098,1.536308,0.541064,-1.351188,-1.388643,-1.45167,1.357538,1.528409,-1.251005,-1.40089,-2.076896,1.162241,1.648918,-1.12065,-1.106727,-2.246944,1.101467,1.808727,-1.122817,-1.353998,-1.782022,0.996759,1.941612,-1.049943,-1.026985,-1.50762,1.399753,0.447564,-0.961654,0.315458,-1.426687,0.021401,1.768239,-1.139262,-0.068172,-1.299299,1.769774,1.898641,-1.595998,-1.418129,-1.280083,1.39213,1.612294,-1.389581,-1.353265,-1.303849,1.431067,1.378064,-1.328339,-1.187651,-1.400393,1.125755,1.681844,-1.243413,-1.109279,-1.413978,0.696213,1.843493,-1.284235,1.074462,0.98674,1.437158,2.143753,-1.338748,-0.269024,-1.525464,1.27163,1.646562,-1.26767,-0.76157,-1.525539,1.296204,1.552444,-1.252159,0.360747,-1.440779,1.172652,1.637529,-0.870379,1.113486,-1.383032,1.45944,1.614511,-1.609797,-1.466826,-0.828815,1.527943,1.283451,-1.589648,-1.483511,0.97581,-1.356046,1.40536,-0.813185,-1.376334,-1.264074,-1.807433,0.750681,-1.281817,-0.713773,-1.564792,-0.197789,1.409733,0.954514,1.268829,-0.87984,1.323546,2.025415,-1.580016,-0.062812,-1.438663,1.39498,1.311405,-1.233005,-0.661488,-1.621256,1.383699,1.363572,-1.500329,1.803243,-1.566184,1.301018,1.481757,-0.748014,1.815816,1.280776,1.309345,1.330357,-1.556066,-0.570008,0.052022,1.260518,1.61231,-1.499134,-1.105839,0.889336,1.526222,1.840563,-1.502465,-0.335993,-1.352139,-0.546024,0.576002,-1.688285,-1.811629,1.159998,-1.802445,1.460153,-1.37914,1.339521,2.135163,-1.434919,1.577686,-1.476902,-1.379991,0.601549,-0.526137,0.979056,-0.720271,1.9559,-1.72763,1.207546,1.40452,2.017938,-0.052891,-1.789467,1.279494,1.384319,1.024364,0.450096,-1.552884,1.190923,1.365883,-1.327962,-1.426355,-1.85216,-0.985613,2.020042,-1.190546,-1.544959,-1.094467,0.038229,1.709865,-1.085415,-0.526949,-1.520805,-1.637801,1.80651,-1.541438,-1.908119,-0.625664,-1.781575,1.583455,-0.987995,-1.299995,0.655544,-1.652258,1.499047,-1.213354,-1.018113,-2.116983,-1.609975,1.758449,-0.610317,-1.119117,-1.930563,-0.884962,1.635215,-0.92048,-0.920521,-1.613474,-1.3167,-0.313425,-1.090144,-1.043349,-1.423414,-0.95619,-0.78369,-1.582251,0.139843,-0.193852,-1.378674,1.629604,-0.106542
332.0,76.5,54.9,12.0,21.0,30823.0,31155.0,-0.840468,-1.147883,-0.504578,2.233058,-0.56353,-0.792082,-1.046975,-1.148559,1.320646,1.660906,-0.896733,-0.738899,-0.820021,1.904356,-0.684739,-0.98928,-1.330606,-1.562189,1.745904,1.523164,-0.884254,-0.829059,-1.584182,1.670119,-0.352834,-1.400868,-1.423252,-0.969206,-0.802396,-0.35247,-1.157489,-1.429933,-1.056098,1.536308,0.541064,-1.351188,-1.388643,-1.45167,1.357538,1.528409,-1.251005,-1.40089,-2.076896,1.162241,1.648918,-1.12065,-1.106727,-2.246944,1.101467,1.808727,-1.122817,-1.353998,-1.782022,0.996759,1.941612,-1.049943,-1.026985,-1.50762,1.399753,0.447564,-0.961654,0.315458,-1.426687,0.021401,1.768239,-1.139262,-0.068172,-1.299299,1.769774,1.898641,-1.595998,-1.418129,-1.280083,1.39213,1.612294,-1.389581,-1.353265,-1.303849,1.431067,1.378064,-1.328339,-1.187651,-1.400393,1.125755,1.681844,-1.243413,-1.109279,-1.413978,0.696213,1.843493,-1.284235,1.074462,0.98674,1.437158,2.143753,-1.338748,-0.269024,-1.525464,1.27163,1.646562,-1.26767,-0.76157,-1.525539,1.296204,1.552444,-1.252159,0.360747,-1.440779,1.172652,1.637529,-0.870379,1.113486,-1.383032,1.45944,1.614511,-1.609797,-1.466826,-0.828815,1.527943,1.283451,-1.589648,-1.483511,0.97581,-1.356046,1.40536,-0.813185,-1.376334,-1.264074,-1.807433,0.750681,-1.281817,-0.713773,-1.564792,-0.197789,1.409733,0.954514,1.268829,-0.87984,1.323546,2.025415,-1.580016,-0.062812,-1.438663,1.39498,1.311405,-1.233005,-0.661488,-1.621256,1.383699,1.363572,-1.500329,1.803243,-1.566184,1.301018,1.481757,-0.748014,1.815816,1.280776,1.309345,1.330357,-1.556066,-0.570008,0.052022,1.260518,1.61231,-1.499134,-1.105839,0.889336,1.526222,1.840563,-1.502465,-0.335993,-1.352139,-0.546024,0.576002,-1.688285,-1.811629,1.159998,-1.802445,1.460153,-1.37914,1.339521,2.135163,-1.434919,1.577686,-1.476902,-1.379991,0.601549,-0.526137,0.979056,-0.720271,1.9559,-1.72763,1.207546,1.40452,2.017938,-0.052891,-1.789467,1.279494,1.384319,1.024364,0.450096,-1.552884,1.190923,1.365883,-1.327962,-1.426355,-1.85216,-0.985613,2.020042,-1.190546,-1.544959,-1.094467,0.038229,1.709865,-1.085415,-0.526949,-1.520805,-1.637801,1.80651,-1.541438,-1.908119,-0.625664,-1.781575,1.583455,-0.987995,-1.299995,0.655544,-1.652258,1.499047,-1.213354,-1.018113,-2.116983,-1.609975,1.758449,-0.610317,-1.119117,-1.930563,-0.884962,1.635215,-0.92048,-0.920521,-1.613474,-1.3167,-0.313425,-1.090144,-1.043349,-1.423414,-0.95619,-0.78369,-1.582251,0.139843,-0.193852,-1.378674,1.629604,-0.106542
299.0,78.2,59.4,7.0,18.0,31155.0,31454.0,-0.840468,-1.147883,-0.504578,2.233058,-0.56353,-0.792082,-1.046975,-1.148559,1.320646,1.660906,-0.896733,-0.738899,-0.820021,1.904356,-0.684739,-0.98928,-1.330606,-1.562189,1.745904,1.523164,-0.884254,-0.829059,-1.584182,1.670119,-0.352834,-1.400868,-1.423252,-0.969206,-0.802396,-0.35247,-1.157489,-1.429933,-1.056098,1.536308,0.541064,-1.351188,-1.388643,-1.45167,1.357538,1.528409,-1.251005,-1.40089,-2.076896,1.162241,1.648918,-1.12065,-1.106727,-2.246944,1.101467,1.808727,-1.122817,-1.353998,-1.782022,0.996759,1.941612,-1.049943,-1.026985,-1.50762,1.399753,0.447564,-0.961654,0.315458,-1.426687,0.021401,1.768239,-1.139262,-0.068172,-1.299299,1.769774,1.898641,-1.595998,-1.418129,-1.280083,1.39213,1.612294,-1.389581,-1.353265,-1.303849,1.431067,1.378064,-1.328339,-1.187651,-1.400393,1.125755,1.681844,-1.243413,-1.109279,-1.413978,0.696213,1.843493,-1.284235,1.074462,0.98674,1.437158,2.143753,-1.338748,-0.269024,-1.525464,1.27163,1.646562,-1.26767,-0.76157,-1.525539,1.296204,1.552444,-1.252159,0.360747,-1.440779,1.172652,1.637529,-0.870379,1.113486,-1.383032,1.45944,1.614511,-1.609797,-1.466826,-0.828815,1.527943,1.283451,-1.589648,-1.483511,0.97581,-1.356046,1.40536,-0.813185,-1.376334,-1.264074,-1.807433,0.750681,-1.281817,-0.713773,-1.564792,-0.197789,1.409733,0.954514,1.268829,-0.87984,1.323546,2.025415,-1.580016,-0.062812,-1.438663,1.39498,1.311405,-1.233005,-0.661488,-1.621256,1.383699,1.363572,-1.500329,1.803243,-1.566184,1.301018,1.481757,-0.748014,1.815816,1.280776,1.309345,1.330357,-1.556066,-0.570008,0.052022,1.260518,1.61231,-1.499134,-1.105839,0.889336,1.526222,1.840563,-1.502465,-0.335993,-1.352139,-0.546024,0.576002,-1.688285,-1.811629,1.159998,-1.802445,1.460153,-1.37914,1.339521,2.135163,-1.434919,1.577686,-1.476902,-1.379991,0.601549,-0.526137,0.979056,-0.720271,1.9559,-1.72763,1.207546,1.40452,2.017938,-0.052891,-1.789467,1.279494,1.384319,1.024364,0.450096,-1.552884,1.190923,1.365883,-1.327962,-1.426355,-1.85216,-0.985613,2.020042,-1.190546,-1.544959,-1.094467,0.038229,1.709865,-1.085415,-0.526949,-1.520805,-1.637801,1.80651,-1.541438,-1.908119,-0.625664,-1.781575,1.583455,-0.987995,-1.299995,0.655544,-1.652258,1.499047,-1.213354,-1.018113,-2.116983,-1.609975,1.758449,-0.610317,-1.119117,-1.930563,-0.884962,1.635215,-0.92048,-0.920521,-1.613474,-1.3167,-0.313425,-1.090144,-1.043349,-1.423414,-0.95619,-0.78369,-1.582251,0.139843,-0.193852,-1.378674,1.629604,-0.106542
100.0,79.7,56.7,0.0,6.0,31454.0,31554.0,-0.840468,-1.147883,-0.504578,2.233058,-0.56353,-0.792082,-1.046975,-1.148559,1.320646,1.660906,-0.896733,-0.738899,-0.820021,1.904356,-0.684739,-0.98928,-1.330606,-1.562189,1.745904,1.523164,-0.884254,-0.829059,-1.584182,1.670119,-0.352834,-1.400868,-1.423252,-0.969206,-0.802396,-0.35247,-1.157489,-1.429933,-1.056098,1.536308,0.541064,-1.351188,-1.388643,-1.45167,1.357538,1.528409,-1.251005,-1.40089,-2.076896,1.162241,1.648918,-1.12065,-1.106727,-2.246944,1.101467,1.808727,-1.122817,-1.353998,-1.782022,0.996759,1.941612,-1.049943,-1.026985,-1.50762,1.399753,0.447564,-0.961654,0.315458,-1.426687,0.021401,1.768239,-1.139262,-0.068172,-1.299299,1.769774,1.898641,-1.595998,-1.418129,-1.280083,1.39213,1.612294,-1.389581,-1.353265,-1.303849,1.431067,1.378064,-1.328339,-1.187651,-1.400393,1.125755,1.681844,-1.243413,-1.109279,-1.413978,0.696213,1.843493,-1.284235,1.074462,0.98674,1.437158,2.143753,-1.338748,-0.269024,-1.525464,1.27163,1.646562,-1.26767,-0.76157,-1.525539,1.296204,1.552444,-1.252159,0.360747,-1.440779,1.172652,1.637529,-0.870379,1.113486,-1.383032,1.45944,1.614511,-1.609797,-1.466826,-0.828815,1.527943,1.283451,-1.589648,-1.483511,0.97581,-1.356046,1.40536,-0.813185,-1.376334,-1.264074,-1.807433,0.750681,-1.281817,-0.713773,-1.564792,-0.197789,1.409733,0.954514,1.268829,-0.87984,1.323546,2.025415,-1.580016,-0.062812,-1.438663,1.39498,1.311405,-1.233005,-0.661488,-1.621256,1.383699,1.363572,-1.500329,1.803243,-1.566184,1.301018,1.481757,-0.748014,1.815816,1.280776,1.309345,1.330357,-1.556066,-0.570008,0.052022,1.260518,1.61231,-1.499134,-1.105839,0.889336,1.526222,1.840563,-1.502465,-0.335993,-1.352139,-0.546024,0.576002,-1.688285,-1.811629,1.159998,-1.802445,1.460153,-1.37914,1.339521,2.135163,-1.434919,1.577686,-1.476902,-1.379991,0.601549,-0.526137,0.979056,-0.720271,1.9559,-1.72763,1.207546,1.40452,2.017938,-0.052891,-1.789467,1.279494,1.384319,1.024364,0.450096,-1.552884,1.190923,1.365883,-1.327962,-1.426355,-1.85216,-0.985613,2.020042,-1.190546,-1.544959,-1.094467,0.038229,1.709865,-1.085415,-0.526949,-1.520805,-1.637801,1.80651,-1.541438,-1.908119,-0.625664,-1.781575,1.583455,-0.987995,-1.299995,0.655544,-1.652258,1.499047,-1.213354,-1.018113,-2.116983,-1.609975,1.758449,-0.610317,-1.119117,-1.930563,-0.884962,1.635215,-0.92048,-0.920521,-1.613474,-1.3167,-0.313425,-1.090144,-1.043349,-1.423414,-0.95619,-0.78369,-1.582251,0.139843,-0.193852,-1.378674,1.629604,-0.106542
97.0,78.3,50.3,0.0,11.0,31554.0,31651.0,-0.840468,-1.147883,-0.504578,2.233058,-0.56353,-0.792082,-1.046975,-1.148559,1.320646,1.660906,-0.896733,-0.738899,-0.820021,1.904356,-0.684739,-0.98928,-1.330606,-1.562189,1.745904,1.523164,-0.884254,-0.829059,-1.584182,1.670119,-0.352834,-1.400868,-1.423252,-0.969206,-0.802396,-0.35247,-1.157489,-1.429933,-1.056098,1.536308,0.541064,-1.351188,-1.388643,-1.45167,1.357538,1.528409,-1.251005,-1.40089,-2.076896,1.162241,1.648918,-1.12065,-1.106727,-2.246944,1.101467,1.808727,-1.122817,-1.353998,-1.782022,0.996759,1.941612,-1.049943,-1.026985,-1.50762,1.399753,0.447564,-0.961654,0.315458,-1.426687,0.021401,1.768239,-1.139262,-0.068172,-1.299299,1.769774,1.898641,-1.595998,-1.418129,-1.280083,1.39213,1.612294,-1.389581,-1.353265,-1.303849,1.431067,1.378064,-1.328339,-1.187651,-1.400393,1.125755,1.681844,-1.243413,-1.109279,-1.413978,0.696213,1.843493,-1.284235,1.074462,0.98674,1.437158,2.143753,-1.338748,-0.269024,-1.525464,1.27163,1.646562,-1.26767,-0.76157,-1.525539,1.296204,1.552444,-1.252159,0.360747,-1.440779,1.172652,1.637529,-0.870379,1.113486,-1.383032,1.45944,1.614511,-1.609797,-1.466826,-0.828815,1.527943,1.283451,-1.589648,-1.483511,0.97581,-1.356046,1.40536,-0.813185,-1.376334,-1.264074,-1.807433,0.750681,-1.281817,-0.713773,-1.564792,-0.197789,1.409733,0.954514,1.268829,-0.87984,1.323546,2.025415,-1.580016,-0.062812,-1.438663,1.39498,1.311405,-1.233005,-0.661488,-1.621256,1.383699,1.363572,-1.500329,1.803243,-1.566184,1.301018,1.481757,-0.748014,1.815816,1.280776,1.309345,1.330357,-1.556066,-0.570008,0.052022,1.260518,1.61231,-1.499134,-1.105839,0.889336,1.526222,1.840563,-1.502465,-0.335993,-1.352139,-0.546024,0.576002,-1.688285,-1.811629,1.159998,-1.802445,1.460153,-1.37914,1.339521,2.135163,-1.434919,1.577686,-1.476902,-1.379991,0.601549,-0.526137,0.979056,-0.720271,1.9559,-1.72763,1.207546,1.40452,2.017938,-0.052891,-1.789467,1.279494,1.384319,1.024364,0.450096,-1.552884,1.190923,1.365883,-1.327962,-1.426355,-1.85216,-0.985613,2.020042,-1.190546,-1.544959,-1.094467,0.038229,1.709865,-1.085415,-0.526949,-1.520805,-1.637801,1.80651,-1.541438,-1.908119,-0.625664,-1.781575,1.583455,-0.987995,-1.299995,0.655544,-1.652258,1.499047,-1.213354,-1.018113,-2.116983,-1.609975,1.758449,-0.610317,-1.119117,-1.930563,-0.884962,1.635215,-0.92048,-0.920521,-1.613474,-1.3167,-0.313425,-1.090144,-1.043349,-1.423414,-0.95619,-0.78369,-1.582251,0.139843,-0.193852,-1.378674,1.629604,-0.106542
100.0,64.0,43.3,3.0,11.0,31651.0,31751.0,-0.840468,-1.147883,-0.504578,2.233058,-0.56353,-0.792082,-1.046975,-1.148559,1.320646,1.660906,-0.896733,-0.738899,-0.820021,1.904356,-0.684739,-0.98928,-1.330606,-1.562189,1.745904,1.523164,-0.884254,-0.829059,-1.584182,1.670119,-0.352834,-1.400868,-1.423252,-0.969206,-0.802396,-0.35247,-1.157489,-1.429933,-1.056098,1.536308,0.541064,-1.351188,-1.388643,-1.45167,1.357538,1.528409,-1.251005,-1.40089,-2.076896,1.162241,1.648918,-1.12065,-1.106727,-2.246944,1.101467,1.808727,-1.122817,-1.353998,-1.782022,0.996759,1.941612,-1.049943,-1.026985,-1.50762,1.399753,0.447564,-0.961654,0.315458,-1.426687,0.021401,1.768239,-1.139262,-0.068172,-1.299299,1.769774,1.898641,-1.595998,-1.418129,-1.280083,1.39213,1.612294,-1.389581,-1.353265,-1.303849,1.431067,1.378064,-1.328339,-1.187651,-1.400393,1.125755,1.681844,-1.243413,-1.109279,-1.413978,0.696213,1.843493,-1.284235,1.074462,0.98674,1.437158,2.143753,-1.338748,-0.269024,-1.525464,1.27163,1.646562,-1.26767,-0.76157,-1.525539,1.296204,1.552444,-1.252159,0.360747,-1.440779,1.172652,1.637529,-0.870379,1.113486,-1.383032,1.45944,1.614511,-1.609797,-1.466826,-0.828815,1.527943,1.283451,-1.589648,-1.483511,0.97581,-1.356046,1.40536,-0.813185,-1.376334,-1.264074,-1.807433,0.750681,-1.281817,-0.713773,-1.564792,-0.197789,1.409733,0.954514,1.268829,-0.87984,1.323546,2.025415,-1.580016,-0.062812,-1.438663,1.39498,1.311405,-1.233005,-0.661488,-1.621256,1.383699,1.363572,-1.500329,1.803243,-1.566184,1.301018,1.481757,-0.748014,1.815816,1.280776,1.309345,1.330357,-1.556066,-0.570008,0.052022,1.260518,1.61231,-1.499134,-1.105839,0.889336,1.526222,1.840563,-1.502465,-0.335993,-1.352139,-0.546024,0.576002,-1.688285,-1.811629,1.159998,-1.802445,1.460153,-1.37914,1.339521,2.135163,-1.434919,1.577686,-1.476902,-1.379991,0.601549,-0.526137,0.979056,-0.720271,1.9559,-1.72763,1.207546,1.40452,2.017938,-0.052891,-1.789467,1.279494,1.384319,1.024364,0.450096,-1.552884,1.190923,1.365883,-1.327962,-1.426355,-1.85216,-0.985613,2.020042,-1.190546,-1.544959,-1.094467,0.038229,1.709865,-1.085415,-0.526949,-1.520805,-1.637801,1.80651,-1.541438,-1.908119,-0.625664,-1.781575,1.583455,-0.987995,-1.299995,0.655544,-1.652258,1.499047,-1.213354,-1.018113,-2.116983,-1.609975,1.758449,-0.610317,-1.119117,-1.930563,-0.884962,1.635215,-0.92048,-0.920521,-1.613474,-1.3167,-0.313425,-1.090144,-1.043349,-1.423414,-0.95619,-0.78369,-1.582251,0.139843,-0.193852,-1.378674,1.629604,-0.106542
199.0,63.2,42.2,3.0,9.0,31751.0,31950.0,-0.840468,-1.147883,-0.504578,2.233058,-0.56353,-0.792082,-1.046975,-1.148559,1.320646,1.660906,-0.896733,-0.738899,-0.820021,1.904356,-0.684739,-0.98928,-1.330606,-1.562189,1.745904,1.523164,-0.884254,-0.829059,-1.584182,1.670119,-0.352834,-1.400868,-1.423252,-0.969206,-0.802396,-0.35247,-1.157489,-1.429933,-1.056098,1.536308,0.541064,-1.351188,-1.388643,-1.45167,1.357538,1.528409,-1.251005,-1.40089,-2.076896,1.162241,1.648918,-1.12065,-1.106727,-2.246944,1.101467,1.808727,-1.122817,-1.353998,-1.782022,0.996759,1.941612,-1.049943,-1.026985,-1.50762,1.399753,0.447564,-0.961654,0.315458,-1.426687,0.021401,1.768239,-1.139262,-0.068172,-1.299299,1.769774,1.898641,-1.595998,-1.418129,-1.280083,1.39213,1.612294,-1.389581,-1.353265,-1.303849,1.431067,1.378064,-1.328339,-1.187651,-1.400393,1.125755,1.681844,-1.243413,-1.109279,-1.413978,0.696213,1.843493,-1.284235,1.074462,0.98674,1.437158,2.143753,-1.338748,-0.269024,-1.525464,1.27163,1.646562,-1.26767,-0.76157,-1.525539,1.296204,1.552444,-1.252159,0.360747,-1.440779,1.172652,1.637529,-0.870379,1.113486,-1.383032,1.45944,1.614511,-1.609797,-1.466826,-0.828815,1.527943,1.283451,-1.589648,-1.483511,0.97581,-1.356046,1.40536,-0.813185,-1.376334,-1.264074,-1.807433,0.750681,-1.281817,-0.713773,-1.564792,-0.197789,1.409733,0.954514,1.268829,-0.87984,1.323546,2.025415,-1.580016,-0.062812,-1.438663,1.39498,1.311405,-1.233005,-0.661488,-1.621256,1.383699,1.363572,-1.500329,1.803243,-1.566184,1.301018,1.481757,-0.748014,1.815816,1.280776,1.309345,1.330357,-1.556066,-0.570008,0.052022,1.260518,1.61231,-1.499134,-1.105839,0.889336,1.526222,1.840563,-1.502465,-0.335993,-1.352139,-0.546024,0.576002,-1.688285,-1.811629,1.159998,-1.802445,1.460153,-1.37914,1.339521,2.135163,-1.434919,1.577686,-1.476902,-1.379991,0.601549,-0.526137,0.979056,-0.720271,1.9559,-1.72763,1.207546,1.40452,2.017938,-0.052891,-1.789467,1.279494,1.384319,1.024364,0.450096,-1.552884,1.190923,1.365883,-1.327962,-1.426355,-1.85216,-0.985613,2.020042,-1.190546,-1.544959,-1.094467,0.038229,1.709865,-1.085415,-0.526949,-1.520805,-1.637801,1.80651,-1.541438,-1.908119,-0.625664,-1.781575,1.583455,-0.987995,-1.299995,0.655544,-1.652258,1.499047,-1.213354,-1.018113,-2.116983,-1.609975,1.758449,-0.610317,-1.119117,-1.930563,-0.884962,1.635215,-0.92048,-0.920521,-1.613474,-1.3167,-0.313425,-1.090144,-1.043349,-1.423414,-0.95619,-0.78369,-1.582251,0.139843,-0.193852,-1.378674,1.629604,-0.106542
99.0,65.3,42.0,5.0,4.0,31950.0,32049.0,-0.840468,-1.147883,-0.504578,2.233058,-0.56353,-0.792082,-1.046975,-1.148559,1.320646,1.660906,-0.896733,-0.738899,-0.820021,1.904356,-0.684739,-0.98928,-1.330606,-1.562189,1.745904,1.523164,-0.884254,-0.829059,-1.584182,1.670119,-0.352834,-1.400868,-1.423252,-0.969206,-0.802396,-0.35247,-1.157489,-1.429933,-1.056098,1.536308,0.541064,-1.351188,-1.388643,-1.45167,1.357538,1.528409,-1.251005,-1.40089,-2.076896,1.162241,1.648918,-1.12065,-1.106727,-2.246944,1.101467,1.808727,-1.122817,-1.353998,-1.782022,0.996759,1.941612,-1.049943,-1.026985,-1.50762,1.399753,0.447564,-0.961654,0.315458,-1.426687,0.021401,1.768239,-1.139262,-0.068172,-1.299299,1.769774,1.898641,-1.595998,-1.418129,-1.280083,1.39213,1.612294,-1.389581,-1.353265,-1.303849,1.431067,1.378064,-1.328339,-1.187651,-1.400393,1.125755,1.681844,-1.243413,-1.109279,-1.413978,0.696213,1.843493,-1.284235,1.074462,0.98674,1.437158,2.143753,-1.338748,-0.269024,-1.525464,1.27163,1.646562,-1.26767,-0.76157,-1.525539,1.296204,1.552444,-1.252159,0.360747,-1.440779,1.172652,1.637529,-0.870379,1.113486,-1.383032,1.45944,1.614511,-1.609797,-1.466826,-0.828815,1.527943,1.283451,-1.589648,-1.483511,0.97581,-1.356046,1.40536,-0.813185,-1.376334,-1.264074,-1.807433,0.750681,-1.281817,-0.713773,-1.564792,-0.197789,1.409733,0.954514,1.268829,-0.87984,1.323546,2.025415,-1.580016,-0.062812,-1.438663,1.39498,1.311405,-1.233005,-0.661488,-1.621256,1.383699,1.363572,-1.500329,1.803243,-1.566184,1.301018,1.481757,-0.748014,1.815816,1.280776,1.309345,1.330357,-1.556066,-0.570008,0.052022,1.260518,1.61231,-1.499134,-1.105839,0.889336,1.526222,1.840563,-1.502465,-0.335993,-1.352139,-0.546024,0.576002,-1.688285,-1.811629,1.159998,-1.802445,1.460153,-1.37914,1.339521,2.135163,-1.434919,1.577686,-1.476902,-1.379991,0.601549,-0.526137,0.979056,-0.720271,1.9559,-1.72763,1.207546,1.40452,2.017938,-0.052891,-1.789467,1.279494,1.384319,1.024364,0.450096,-1.552884,1.190923,1.365883,-1.327962,-1.426355,-1.85216,-0.985613,2.020042,-1.190546,-1.544959,-1.094467,0.038229,1.709865,-1.085415,-0.526949,-1.520805,-1.637801,1.80651,-1.541438,-1.908119,-0.625664,-1.781575,1.583455,-0.987995,-1.299995,0.655544,-1.652258,1.499047,-1.213354,-1.018113,-2.116983,-1.609975,1.758449,-0.610317,-1.119117,-1.930563,-0.884962,1.635215,-0.92048,-0.920521,-1.613474,-1.3167,-0.313425,-1.090144,-1.043349,-1.423414,-0.95619,-0.78369,-1.582251,0.139843,-0.193852,-1.378674,1.629604,-0.106542
201.0,57.0,40.5,12.0,13.0,2559.0,2760.0,-0.840468,-1.147883,-0.504578,2.233058,-0.56353,-0.792082,-1.046975,-1.148559,1.320646,1.660906,-0.896733,-0.738899,-0.820021,1.904356,-0.684739,-0.98928,-1.330606,-1.562189,1.745904,1.523164,-0.884254,-0.829059,-1.584182,1.670119,-0.352834,-1.400868,-1.423252,-0.969206,-0.802396,-0.35247,-1.157489,-1.429933,-1.056098,1.536308,0.541064,-1.351188,-1.388643,-1.45167,1.357538,1.528409,-1.251005,-1.40089,-2.076896,1.162241,1.648918,-1.12065,-1.106727,-2.246944,1.101467,1.808727,-1.122817,-1.353998,-1.782022,0.996759,1.941612,-1.049943,-1.026985,-1.50762,1.399753,0.447564,-0.961654,0.315458,-1.426687,0.021401,1.768239,-1.139262,-0.068172,-1.299299,1.769774,1.898641,-1.595998,-1.418129,-1.280083,1.39213,1.612294,-1.389581,-1.353265,-1.303849,1.431067,1.378064,-1.328339,-1.187651,-1.400393,1.125755,1.681844,-1.243413,-1.109279,-1.413978,0.696213,1.843493,-1.284235,1.074462,0.98674,1.437158,2.143753,-1.338748,-0.269024,-1.525464,1.27163,1.646562,-1.26767,-0.76157,-1.525539,1.296204,1.552444,-1.252159,0.360747,-1.440779,1.172652,1.637529,-0.870379,1.113486,-1.383032,1.45944,1.614511,-1.609797,-1.466826,-0.828815,1.527943,1.283451,-1.589648,-1.483511,0.97581,-1.356046,1.40536,-0.813185,-1.376334,-1.264074,-1.807433,0.750681,-1.281817,-0.713773,-1.564792,-0.197789,1.409733,0.954514,1.268829,-0.87984,1.323546,2.025415,-1.580016,-0.062812,-1.438663,1.39498,1.311405,-1.233005,-0.661488,-1.621256,1.383699,1.363572,-1.500329,1.803243,-1.566184,1.301018,1.481757,-0.748014,1.815816,1.280776,1.309345,1.330357,-1.556066,-0.570008,0.052022,1.260518,1.61231,-1.499134,-1.105839,0.889336,1.526222,1.840563,-1.502465,-0.335993,-1.352139,-0.546024,0.576002,-1.688285,-1.811629,1.159998,-1.802445,1.460153,-1.37914,1.339521,2.135163,-1.434919,1.577686,-1.476902,-1.379991,0.601549,-0.526137,0.979056,-0.720271,1.9559,-1.72763,1.207546,1.40452,2.017938,-0.052891,-1.789467,1.279494,1.384319,1.024364,0.450096,-1.552884,1.190923,1.365883,-1.327962,-1.426355,-1.85216,-0.985613,2.020042,-1.190546,-1.544959,-1.094467,0.038229,1.709865,-1.085415,-0.526949,-1.520805,-1.637801,1.80651,-1.541438,-1.908119,-0.625664,-1.781575,1.583455,-0.987995,-1.299995,0.655544,-1.652258,1.499047,-1.213354,-1.018113,-2.116983,-1.609975,1.758449,-0.610317,-1.119117,-1.930563,-0.884962,1.635215,-0.92048,-0.920521,-1.613474,-1.3167,-0.313425,-1.090144,-1.043349,-1.423414,-0.95619,-0.78369,-1.582251,0.139843,-0.193852,-1.378674,1.629604,-0.106542
133.0,62.8,43.0,9.0,4.0,32049.0,32182.0,-0.840468,-1.147883,-0.504578,2.233058,-0.56353,-0.792082,-1.046975,-1.148559,1.320646,1.660906,-0.896733,-0.738899,-0.820021,1.904356,-0.684739,-0.98928,-1.330606,-1.562189,1.745904,1.523164,-0.884254,-0.829059,-1.584182,1.670119,-0.352834,-1.400868,-1.423252,-0.969206,-0.802396,-0.35247,-1.157489,-1.429933,-1.056098,1.536308,0.541064,-1.351188,-1.388643,-1.45167,1.357538,1.528409,-1.251005,-1.40089,-2.076896,1.162241,1.648918,-1.12065,-1.106727,-2.246944,1.101467,1.808727,-1.122817,-1.353998,-1.782022,0.996759,1.941612,-1.049943,-1.026985,-1.50762,1.399753,0.447564,-0.961654,0.315458,-1.426687,0.021401,1.768239,-1.139262,-0.068172,-1.299299,1.769774,1.898641,-1.595998,-1.418129,-1.280083,1.39213,1.612294,-1.389581,-1.353265,-1.303849,1.431067,1.378064,-1.328339,-1.187651,-1.400393,1.125755,1.681844,-1.243413,-1.109279,-1.413978,0.696213,1.843493,-1.284235,1.074462,0.98674,1.437158,2.143753,-1.338748,-0.269024,-1.525464,1.27163,1.646562,-1.26767,-0.76157,-1.525539,1.296204,1.552444,-1.252159,0.360747,-1.440779,1.172652,1.637529,-0.870379,1.113486,-1.383032,1.45944,1.614511,-1.609797,-1.466826,-0.828815,1.527943,1.283451,-1.589648,-1.483511,0.97581,-1.356046,1.40536,-0.813185,-1.376334,-1.264074,-1.807433,0.750681,-1.281817,-0.713773,-1.564792,-0.197789,1.409733,0.954514,1.268829,-0.87984,1.323546,2.025415,-1.580016,-0.062812,-1.438663,1.39498,1.311405,-1.233005,-0.661488,-1.621256,1.383699,1.363572,-1.500329,1.803243,-1.566184,1.301018,1.481757,-0.748014,1.815816,1.280776,1.309345,1.330357,-1.556066,-0.570008,0.052022,1.260518,1.61231,-1.499134,-1.105839,0.889336,1.526222,1.840563,-1.502465,-0.335993,-1.352139,-0.546024,0.576002,-1.688285,-1.811629,1.159998,-1.802445,1.460153,-1.37914,1.339521,2.135163,-1.434919,1.577686,-1.476902,-1.379991,0.601549,-0.526137,0.979056,-0.720271,1.9559,-1.72763,1.207546,1.40452,2.017938,-0.052891,-1.789467,1.279494,1.384319,1.024364,0.450096,-1.552884,1.190923,1.365883,-1.327962,-1.426355,-1.85216,-0.985613,2.020042,-1.190546,-1.544959,-1.094467,0.038229,1.709865,-1.085415,-0.526949,-1.520805,-1.637801,1.80651,-1.541438,-1.908119,-0.625664,-1.781575,1.583455,-0.987995,-1.299995,0.655544,-1.652258,1.499047,-1.213354,-1.018113,-2.116983,-1.609975,1.758449,-0.610317,-1.119117,-1.930563,-0.884962,1.635215,-0.92048,-0.920521,-1.613474,-1.3167,-0.313425,-1.090144,-1.043349,-1.423414,-0.95619,-0.78369,-1.582251,0.139843,-0.193852,-1.378674,1.629604,-0.106542
66.0,62.5,44.0,8.0,9.0,32182.0,32248.0,-0.840468,-1.147883,-0.504578,2.233058,-0.56353,-0.792082,-1.046975,-1.148559,1.320646,1.660906,-0.896733,-0.738899,-0.820021,1.904356,-0.684739,-0.98928,-1.330606,-1.562189,1.745904,1.523164,-0.884254,-0.829059,-1.584182,1.670119,-0.352834,-1.400868,-1.423252,-0.969206,-0.802396,-0.35247,-1.157489,-1.429933,-1.056098,1.536308,0.541064,-1.351188,-1.388643,-1.45167,1.357538,1.528409,-1.251005,-1.40089,-2.076896,1.162241,1.648918,-1.12065,-1.106727,-2.246944,1.101467,1.808727,-1.122817,-1.353998,-1.782022,0.996759,1.941612,-1.049943,-1.026985,-1.50762,1.399753,0.447564,-0.961654,0.315458,-1.426687,0.021401,1.768239,-1.139262,-0.068172,-1.299299,1.769774,1.898641,-1.595998,-1.418129,-1.280083,1.39213,1.612294,-1.389581,-1.353265,-1.303849,1.431067,1.378064,-1.328339,-1.187651,-1.400393,1.125755,1.681844,-1.243413,-1.109279,-1.413978,0.696213,1.843493,-1.284235,1.074462,0.98674,1.437158,2.143753,-1.338748,-0.269024,-1.525464,1.27163,1.646562,-1.26767,-0.76157,-1.525539,1.296204,1.552444,-1.252159,0.360747,-1.440779,1.172652,1.637529,-0.870379,1.113486,-1.383032,1.45944,1.614511,-1.609797,-1.466826,-0.828815,1.527943,1.283451,-1.589648,-1.483511,0.97581,-1.356046,1.40536,-0.813185,-1.376334,-1.264074,-1.807433,0.750681,-1.281817,-0.713773,-1.564792,-0.197789,1.409733,0.954514,1.268829,-0.87984,1.323546,2.025415,-1.580016,-0.062812,-1.438663,1.39498,1.311405,-1.233005,-0.661488,-1.621256,1.383699,1.363572,-1.500329,1.803243,-1.566184,1.301018,1.481757,-0.748014,1.815816,1.280776,1.309345,1.330357,-1.556066,-0.570008,0.052022,1.260518,1.61231,-1.499134,-1.105839,0.889336,1.526222,1.840563,-1.502465,-0.335993,-1.352139,-0.546024,0.576002,-1.688285,-1.811629,1.159998,-1.802445,1.460153,-1.37914,1.339521,2.135163,-1.434919,1.577686,-1.476902,-1.379991,0.601549,-0.526137,0.979056,-0.720271,1.9559,-1.72763,1.207546,1.40452,2.017938,-0.052891,-1.789467,1.279494,1.384319,1.024364,0.450096,-1.552884,1.190923,1.365883,-1.327962,-1.426355,-1.85216,-0.985613,2.020042,-1.190546,-1.544959,-1.094467,0.038229,1.709865,-1.085415,-0.526949,-1.520805,-1.637801,1.80651,-1.541438,-1.908119,-0.625664,-1.781575,1.583455,-0.987995,-1.299995,0.655544,-1.652258,1.499047,-1.213354,-1.018113,-2.116983,-1.609975,1.758449,-0.610317,-1.119117,-1.930563,-0.884962,1.635215,-0.92048,-0.920521,-1.613474,-1.3167,-0.313425,-1.090144,-1.043349,-1.423414,-0.95619,-0.78369,-1.582251,0.139843,-0.193852,-1.378674,1.629604,-0.106542
266.0,66.4,44.0,3.0,6.0,32248.0,32514.0,1.964905,1.746033,2.139567,-0.139445,0.926595,1.972101,1.829078,1.889774,-1.623418,-1.312695,1.872474,1.930339,1.876186,-0.995876,1.330809,1.946175,1.673735,1.655681,-1.270802,-0.495091,1.875817,1.963967,1.591199,-1.18659,1.196459,1.711267,1.612028,1.946199,1.870427,1.97702,1.855925,1.614629,1.849402,1.35667,1.556889,1.735507,1.611499,1.687044,-1.120747,-0.811136,1.744962,1.621372,1.537295,-1.544659,-1.142663,1.786886,1.779004,1.454793,-1.508307,-0.884162,1.790482,1.796866,1.603388,-1.509952,-0.526468,1.851271,1.82087,1.378922,-1.253279,0.990905,1.815145,1.905148,1.335285,-2.463587,-0.901168,1.72984,1.851163,1.40224,-1.363764,-0.722237,1.483745,1.617871,1.640171,-1.589362,-1.439517,1.663636,1.596768,1.793136,-1.504356,-1.572415,1.683829,1.699859,1.653981,-1.432568,-1.194193,1.616457,1.632227,1.828123,-1.682527,-0.917746,1.558948,-0.806201,1.688699,-1.422418,-0.384387,1.533042,2.0298,1.514915,-1.294804,-1.358935,1.674596,1.790203,1.332431,-1.355658,-1.357099,1.572252,1.805896,1.158135,-1.672564,-1.281549,1.697055,1.470172,1.089566,-1.554745,-1.212539,1.275585,1.644581,2.621782,-1.362131,-1.580964,1.592191,1.500947,2.159719,1.350869,0.287386,1.775718,1.668807,1.66019,0.411663,0.960766,1.570211,2.02484,0.916426,-1.730632,-1.447517,-0.521785,-1.22711,1.878743,-1.45925,-0.971986,1.051507,2.080272,1.18442,-1.250449,-1.735196,1.461126,1.50454,1.015395,-1.410388,-1.452812,1.077615,0.819853,0.226562,-1.538978,-1.400216,-0.43457,0.987761,-1.485189,-1.53501,-1.491871,1.304216,-0.875092,-1.463152,-1.302499,-1.177275,1.071913,-0.699094,-0.993383,-1.036757,0.182328,0.961258,-0.880675,-0.695219,-1.13568,2.107806,-0.134833,-1.087729,-1.563214,0.70298,-1.418838,1.255831,-1.699393,-0.994726,1.063946,0.037217,1.076993,1.124876,-1.804979,-1.871519,-1.583104,-1.774241,0.000152,0.725049,-1.536828,1.139611,-1.645613,2.026655,1.029694,-1.366832,-1.14771,-2.037724,1.921086,1.158213,-1.549545,-1.355884,0.81635,-0.552228,0.70143,1.752504,-0.63659,1.414385,1.517528,1.5941,1.906312,1.373482,1.149674,-1.023697,-0.747143,1.462956,0.761774,0.883227,-0.362277,-1.630394,0.53325,-1.161741,1.276284,1.224264,-1.908899,0.799234,-1.228683,1.220953,1.187489,0.592038,-0.034708,-0.698382,0.543032,1.459466,0.727243,-1.485001,0.062222,1.64995,1.932687,1.362117,1.816516,2.30972,1.738513,1.878381,1.605963,2.159363,2.123807,0.879029,-1.351068,-1.673512,1.255416,-1.082496,0.742551
100.0,69.0,44.0,1.0,0.0,32514.0,32614.0,1.177681,1.174992,1.064569,-0.236737,1.445976,1.163441,1.177566,1.009393,-1.141939,-0.491583,1.158925,1.165991,1.103985,-0.636123,1.364128,1.205145,1.168532,1.081417,-0.916027,0.126628,1.186072,1.150401,1.004913,-0.563128,1.388312,1.206849,1.134581,1.107487,1.226399,1.143526,1.24677,1.145207,1.089403,0.300356,0.716298,1.215325,1.16005,1.105887,-1.067918,-0.761411,1.242966,1.179751,0.944214,-1.111571,-0.366804,1.259214,1.199918,0.80472,-1.090731,-0.27226,1.217682,1.123859,0.960925,-1.096776,0.050614,1.176024,1.154898,1.062879,-0.84706,1.263332,1.173997,1.11066,1.137527,-0.426637,-0.72815,1.165259,1.227754,1.173621,-0.729726,-0.680288,1.194381,1.10083,1.097984,-1.139646,-1.142379,1.247099,1.129966,1.057282,-1.14872,-1.144152,1.258549,1.175857,1.10421,-1.230949,-0.984198,1.301658,1.212512,1.113682,-1.171245,-0.771003,1.278392,-1.413421,-0.326585,-1.108493,-0.282092,1.21623,1.039802,1.113965,-1.080409,-1.02737,1.162433,1.18528,1.092573,-1.08204,-1.07209,1.151728,1.07925,1.057276,-1.102006,-0.935951,1.129813,0.888227,1.071449,-1.081126,-1.028158,1.1756,1.017339,0.353999,-1.125679,-1.185958,1.201632,1.09022,0.404651,0.18059,-0.209378,1.405937,1.052933,1.058229,0.509853,1.074006,1.330566,1.136732,0.833232,-1.218769,-1.252136,-0.824264,-1.36518,0.967106,-1.199277,-0.855682,1.044672,0.91838,1.071364,-1.037664,-1.079307,1.163148,1.242991,0.910976,-1.138403,-1.094006,1.04099,0.26622,0.742445,-1.17043,-1.119809,0.221016,0.48102,-1.119778,-1.202525,-1.201684,1.100989,-1.254711,-1.473231,-1.310291,-1.081944,1.065871,-0.885801,-1.591559,-1.19117,-0.65936,0.971707,-0.975108,-0.892401,-1.710763,0.750376,1.217055,-0.452863,-1.28421,0.883556,-1.170173,1.249527,-1.10609,-0.952649,1.130518,0.570617,1.215337,1.04973,-1.339926,-0.920512,-1.166122,-0.288244,-0.296494,0.686868,-1.234513,-0.092796,-0.77769,0.996468,0.797913,-1.251228,-1.230771,-1.241267,0.96777,0.961332,-1.258288,-1.206123,0.824972,-0.805091,0.412823,0.812946,-0.957027,0.926607,0.865377,0.991369,0.951008,0.1224,0.915346,-1.148057,-0.764149,-0.913125,-0.283439,0.944343,0.172454,-1.062499,0.587959,-1.107572,1.252433,1.199893,-1.205049,0.882467,-1.137739,1.291049,1.192899,0.468347,0.158853,-0.964125,1.229956,1.143656,0.600413,-1.068877,-0.986573,1.109276,1.076346,0.906893,0.941249,0.882826,1.095952,1.100314,1.021211,0.945397,1.024954,0.883157,-1.315861,-1.302613,1.021499,-1.117616,0.759874
197.0,60.0,42.5,16.0,21.0,32614.0,32811.0,-0.840468,-1.147883,-0.504578,2.233058,-0.56353,-0.792082,-1.046975,-1.148559,1.320646,1.660906,-0.896733,-0.738899,-0.820021,1.904356,-0.684739,-0.98928,-1.330606,-1.562189,1.745904,1.523164,-0.884254,-0.829059,-1.584182,1.670119,-0.352834,-1.400868,-1.423252,-0.969206,-0.802396,-0.35247,-1.157489,-1.429933,-1.056098,1.536308,0.541064,-1.351188,-1.388643,-1.45167,1.357538,1.528409,-1.251005,-1.40089,-2.076896,1.162241,1.648918,-1.12065,-1.106727,-2.246944,1.101467,1.808727,-1.122817,-1.353998,-1.782022,0.996759,1.941612,-1.049943,-1.026985,-1.50762,1.399753,0.447564,-0.961654,0.315458,-1.426687,0.021401,1.768239,-1.139262,-0.068172,-1.299299,1.769774,1.898641,-1.595998,-1.418129,-1.280083,1.39213,1.612294,-1.389581,-1.353265,-1.303849,1.431067,1.378064,-1.328339,-1.187651,-1.400393,1.125755,1.681844,-1.243413,-1.109279,-1.413978,0.696213,1.843493,-1.284235,1.074462,0.98674,1.437158,2.143753,-1.338748,-0.269024,-1.525464,1.27163,1.646562,-1.26767,-0.76157,-1.525539,1.296204,1.552444,-1.252159,0.360747,-1.440779,1.172652,1.637529,-0.870379,1.113486,-1.383032,1.45944,1.614511,-1.609797,-1.466826,-0.828815,1.527943,1.283451,-1.589648,-1.483511,0.97581,-1.356046,1.40536,-0.813185,-1.376334,-1.264074,-1.807433,0.750681,-1.281817,-0.713773,-1.564792,-0.197789,1.409733,0.954514,1.268829,-0.87984,1.323546,2.025415,-1.580016,-0.062812,-1.438663,1.39498,1.311405,-1.233005,-0.661488,-1.621256,1.383699,1.363572,-1.500329,1.803243,-1.566184,1.301018,1.481757,-0.748014,1.815816,1.280776,1.309345,1.330357,-1.556066,-0.570008,0.052022,1.260518,1.61231,-1.499134,-1.105839,0.889336,1.526222,1.840563,-1.502465,-0.335993,-1.352139,-0.546024,0.576002,-1.688285,-1.811629,1.159998,-1.802445,1.460153,-1.37914,1.339521,2.135163,-1.434919,1.577686,-1.476902,-1.379991,0.601549,-0.526137,0.979056,-0.720271,1.9559,-1.72763,1.207546,1.40452,2.017938,-0.052891,-1.789467,1.279494,1.384319,1.024364,0.450096,-1.552884,1.190923,1.365883,-1.327962,-1.426355,-1.85216,-0.985613,2.020042,-1.190546,-1.544959,-1.094467,0.038229,1.709865,-1.085415,-0.526949,-1.520805,-1.637801,1.80651,-1.541438,-1.908119,-0.625664,-1.781575,1.583455,-0.987995,-1.299995,0.655544,-1.652258,1.499047,-1.213354,-1.018113,-2.116983,-1.609975,1.758449,-0.610317,-1.119117,-1.930563,-0.884962,1.635215,-0.92048,-0.920521,-1.613474,-1.3167,-0.313425,-1.090144,-1.043349,-1.423414,-0.95619,-0.78369,-1.582251,0.139843,-0.193852,-1.378674,1.629604,-0.106542
66.0,64.0,43.0,3.0,2.0,32811.0,32877.0,-0.840468,-1.147883,-0.504578,2.233058,-0.56353,-0.792082,-1.046975,-1.148559,1.320646,1.660906,-0.896733,-0.738899,-0.820021,1.904356,-0.684739,-0.98928,-1.330606,-1.562189,1.745904,1.523164,-0.884254,-0.829059,-1.584182,1.670119,-0.352834,-1.400868,-1.423252,-0.969206,-0.802396,-0.35247,-1.157489,-1.429933,-1.056098,1.536308,0.541064,-1.351188,-1.388643,-1.45167,1.357538,1.528409,-1.251005,-1.40089,-2.076896,1.162241,1.648918,-1.12065,-1.106727,-2.246944,1.101467,1.808727,-1.122817,-1.353998,-1.782022,0.996759,1.941612,-1.049943,-1.026985,-1.50762,1.399753,0.447564,-0.961654,0.315458,-1.426687,0.021401,1.768239,-1.139262,-0.068172,-1.299299,1.769774,1.898641,-1.595998,-1.418129,-1.280083,1.39213,1.612294,-1.389581,-1.353265,-1.303849,1.431067,1.378064,-1.328339,-1.187651,-1.400393,1.125755,1.681844,-1.243413,-1.109279,-1.413978,0.696213,1.843493,-1.284235,1.074462,0.98674,1.437158,2.143753,-1.338748,-0.269024,-1.525464,1.27163,1.646562,-1.26767,-0.76157,-1.525539,1.296204,1.552444,-1.252159,0.360747,-1.440779,1.172652,1.637529,-0.870379,1.113486,-1.383032,1.45944,1.614511,-1.609797,-1.466826,-0.828815,1.527943,1.283451,-1.589648,-1.483511,0.97581,-1.356046,1.40536,-0.813185,-1.376334,-1.264074,-1.807433,0.750681,-1.281817,-0.713773,-1.564792,-0.197789,1.409733,0.954514,1.268829,-0.87984,1.323546,2.025415,-1.580016,-0.062812,-1.438663,1.39498,1.311405,-1.233005,-0.661488,-1.621256,1.383699,1.363572,-1.500329,1.803243,-1.566184,1.301018,1.481757,-0.748014,1.815816,1.280776,1.309345,1.330357,-1.556066,-0.570008,0.052022,1.260518,1.61231,-1.499134,-1.105839,0.889336,1.526222,1.840563,-1.502465,-0.335993,-1.352139,-0.546024,0.576002,-1.688285,-1.811629,1.159998,-1.802445,1.460153,-1.37914,1.339521,2.135163,-1.434919,1.577686,-1.476902,-1.379991,0.601549,-0.526137,0.979056,-0.720271,1.9559,-1.72763,1.207546,1.40452,2.017938,-0.052891,-1.789467,1.279494,1.384319,1.024364,0.450096,-1.552884,1.190923,1.365883,-1.327962,-1.426355,-1.85216,-0.985613,2.020042,-1.190546,-1.544959,-1.094467,0.038229,1.709865,-1.085415,-0.526949,-1.520805,-1.637801,1.80651,-1.541438,-1.908119,-0.625664,-1.781575,1.583455,-0.987995,-1.299995,0.655544,-1.652258,1.499047,-1.213354,-1.018113,-2.116983,-1.609975,1.758449,-0.610317,-1.119117,-1.930563,-0.884962,1.635215,-0.92048,-0.920521,-1.613474,-1.3167,-0.313425,-1.090144,-1.043349,-1.423414,-0.95619,-0.78369,-1.582251,0.139843,-0.193852,-1.378674,1.629604,-0.106542
299.0,69.1,46.7,5.0,10.0,32877.0,33176.0,-0.840468,-1.147883,-0.504578,2.233058,-0.56353,-0.792082,-1.046975,-1.148559,1.320646,1.660906,-0.896733,-0.738899,-0.820021,1.904356,-0.684739,-0.98928,-1.330606,-1.562189,1.745904,1.523164,-0.884254,-0.829059,-1.584182,1.670119,-0.352834,-1.400868,-1.423252,-0.969206,-0.802396,-0.35247,-1.157489,-1.429933,-1.056098,1.536308,0.541064,-1.351188,-1.388643,-1.45167,1.357538,1.528409,-1.251005,-1.40089,-2.076896,1.162241,1.648918,-1.12065,-1.106727,-2.246944,1.101467,1.808727,-1.122817,-1.353998,-1.782022,0.996759,1.941612,-1.049943,-1.026985,-1.50762,1.399753,0.447564,-0.961654,0.315458,-1.426687,0.021401,1.768239,-1.139262,-0.068172,-1.299299,1.769774,1.898641,-1.595998,-1.418129,-1.280083,1.39213,1.612294,-1.389581,-1.353265,-1.303849,1.431067,1.378064,-1.328339,-1.187651,-1.400393,1.125755,1.681844,-1.243413,-1.109279,-1.413978,0.696213,1.843493,-1.284235,1.074462,0.98674,1.437158,2.143753,-1.338748,-0.269024,-1.525464,1.27163,1.646562,-1.26767,-0.76157,-1.525539,1.296204,1.552444,-1.252159,0.360747,-1.440779,1.172652,1.637529,-0.870379,1.113486,-1.383032,1.45944,1.614511,-1.609797,-1.466826,-0.828815,1.527943,1.283451,-1.589648,-1.483511,0.97581,-1.356046,1.40536,-0.813185,-1.376334,-1.264074,-1.807433,0.750681,-1.281817,-0.713773,-1.564792,-0.197789,1.409733,0.954514,1.268829,-0.87984,1.323546,2.025415,-1.580016,-0.062812,-1.438663,1.39498,1.311405,-1.233005,-0.661488,-1.621256,1.383699,1.363572,-1.500329,1.803243,-1.566184,1.301018,1.481757,-0.748014,1.815816,1.280776,1.309345,1.330357,-1.556066,-0.570008,0.052022,1.260518,1.61231,-1.499134,-1.105839,0.889336,1.526222,1.840563,-1.502465,-0.335993,-1.352139,-0.546024,0.576002,-1.688285,-1.811629,1.159998,-1.802445,1.460153,-1.37914,1.339521,2.135163,-1.434919,1.577686,-1.476902,-1.379991,0.601549,-0.526137,0.979056,-0.720271,1.9559,-1.72763,1.207546,1.40452,2.017938,-0.052891,-1.789467,1.279494,1.384319,1.024364,0.450096,-1.552884,1.190923,1.365883,-1.327962,-1.426355,-1.85216,-0.985613,2.020042,-1.190546,-1.544959,-1.094467,0.038229,1.709865,-1.085415,-0.526949,-1.520805,-1.637801,1.80651,-1.541438,-1.908119,-0.625664,-1.781575,1.583455,-0.987995,-1.299995,0.655544,-1.652258,1.499047,-1.213354,-1.018113,-2.116983,-1.609975,1.758449,-0.610317,-1.119117,-1.930563,-0.884962,1.635215,-0.92048,-0.920521,-1.613474,-1.3167,-0.313425,-1.090144,-1.043349,-1.423414,-0.95619,-0.78369,-1.582251,0.139843,-0.193852,-1.378674,1.629604,-0.106542
597.0,73.3,46.3,18.0,12.0,33176.0,33773.0,-0.840468,-1.147883,-0.504578,2.233058,-0.56353,-0.792082,-1.046975,-1.148559,1.320646,1.660906,-0.896733,-0.738899,-0.820021,1.904356,-0.684739,-0.98928,-1.330606,-1.562189,1.745904,1.523164,-0.884254,-0.829059,-1.584182,1.670119,-0.352834,-1.400868,-1.423252,-0.969206,-0.802396,-0.35247,-1.157489,-1.429933,-1.056098,1.536308,0.541064,-1.351188,-1.388643,-1.45167,1.357538,1.528409,-1.251005,-1.40089,-2.076896,1.162241,1.648918,-1.12065,-1.106727,-2.246944,1.101467,1.808727,-1.122817,-1.353998,-1.782022,0.996759,1.941612,-1.049943,-1.026985,-1.50762,1.399753,0.447564,-0.961654,0.315458,-1.426687,0.021401,1.768239,-1.139262,-0.068172,-1.299299,1.769774,1.898641,-1.595998,-1.418129,-1.280083,1.39213,1.612294,-1.389581,-1.353265,-1.303849,1.431067,1.378064,-1.328339,-1.187651,-1.400393,1.125755,1.681844,-1.243413,-1.109279,-1.413978,0.696213,1.843493,-1.284235,1.074462,0.98674,1.437158,2.143753,-1.338748,-0.269024,-1.525464,1.27163,1.646562,-1.26767,-0.76157,-1.525539,1.296204,1.552444,-1.252159,0.360747,-1.440779,1.172652,1.637529,-0.870379,1.113486,-1.383032,1.45944,1.614511,-1.609797,-1.466826,-0.828815,1.527943,1.283451,-1.589648,-1.483511,0.97581,-1.356046,1.40536,-0.813185,-1.376334,-1.264074,-1.807433,0.750681,-1.281817,-0.713773,-1.564792,-0.197789,1.409733,0.954514,1.268829,-0.87984,1.323546,2.025415,-1.580016,-0.062812,-1.438663,1.39498,1.311405,-1.233005,-0.661488,-1.621256,1.383699,1.363572,-1.500329,1.803243,-1.566184,1.301018,1.481757,-0.748014,1.815816,1.280776,1.309345,1.330357,-1.556066,-0.570008,0.052022,1.260518,1.61231,-1.499134,-1.105839,0.889336,1.526222,1.840563,-1.502465,-0.335993,-1.352139,-0.546024,0.576002,-1.688285,-1.811629,1.159998,-1.802445,1.460153,-1.37914,1.339521,2.135163,-1.434919,1.577686,-1.476902,-1.379991,0.601549,-0.526137,0.979056,-0.720271,1.9559,-1.72763,1.207546,1.40452,2.017938,-0.052891,-1.789467,1.279494,1.384319,1.024364,0.450096,-1.552884,1.190923,1.365883,-1.327962,-1.426355,-1.85216,-0.985613,2.020042,-1.190546,-1.544959,-1.094467,0.038229,1.709865,-1.085415,-0.526949,-1.520805,-1.637801,1.80651,-1.541438,-1.908119,-0.625664,-1.781575,1.583455,-0.987995,-1.299995,0.655544,-1.652258,1.499047,-1.213354,-1.018113,-2.116983,-1.609975,1.758449,-0.610317,-1.119117,-1.930563,-0.884962,1.635215,-0.92048,-0.920521,-1.613474,-1.3167,-0.313425,-1.090144,-1.043349,-1.423414,-0.95619,-0.78369,-1.582251,0.139843,-0.193852,-1.378674,1.629604,-0.106542
365.0,76.6,51.9,11.0,20.0,33773.0,34138.0,-0.840468,-1.147883,-0.504578,2.233058,-0.56353,-0.792082,-1.046975,-1.148559,1.320646,1.660906,-0.896733,-0.738899,-0.820021,1.904356,-0.684739,-0.98928,-1.330606,-1.562189,1.745904,1.523164,-0.884254,-0.829059,-1.584182,1.670119,-0.352834,-1.400868,-1.423252,-0.969206,-0.802396,-0.35247,-1.157489,-1.429933,-1.056098,1.536308,0.541064,-1.351188,-1.388643,-1.45167,1.357538,1.528409,-1.251005,-1.40089,-2.076896,1.162241,1.648918,-1.12065,-1.106727,-2.246944,1.101467,1.808727,-1.122817,-1.353998,-1.782022,0.996759,1.941612,-1.049943,-1.026985,-1.50762,1.399753,0.447564,-0.961654,0.315458,-1.426687,0.021401,1.768239,-1.139262,-0.068172,-1.299299,1.769774,1.898641,-1.595998,-1.418129,-1.280083,1.39213,1.612294,-1.389581,-1.353265,-1.303849,1.431067,1.378064,-1.328339,-1.187651,-1.400393,1.125755,1.681844,-1.243413,-1.109279,-1.413978,0.696213,1.843493,-1.284235,1.074462,0.98674,1.437158,2.143753,-1.338748,-0.269024,-1.525464,1.27163,1.646562,-1.26767,-0.76157,-1.525539,1.296204,1.552444,-1.252159,0.360747,-1.440779,1.172652,1.637529,-0.870379,1.113486,-1.383032,1.45944,1.614511,-1.609797,-1.466826,-0.828815,1.527943,1.283451,-1.589648,-1.483511,0.97581,-1.356046,1.40536,-0.813185,-1.376334,-1.264074,-1.807433,0.750681,-1.281817,-0.713773,-1.564792,-0.197789,1.409733,0.954514,1.268829,-0.87984,1.323546,2.025415,-1.580016,-0.062812,-1.438663,1.39498,1.311405,-1.233005,-0.661488,-1.621256,1.383699,1.363572,-1.500329,1.803243,-1.566184,1.301018,1.481757,-0.748014,1.815816,1.280776,1.309345,1.330357,-1.556066,-0.570008,0.052022,1.260518,1.61231,-1.499134,-1.105839,0.889336,1.526222,1.840563,-1.502465,-0.335993,-1.352139,-0.546024,0.576002,-1.688285,-1.811629,1.159998,-1.802445,1.460153,-1.37914,1.339521,2.135163,-1.434919,1.577686,-1.476902,-1.379991,0.601549,-0.526137,0.979056,-0.720271,1.9559,-1.72763,1.207546,1.40452,2.017938,-0.052891,-1.789467,1.279494,1.384319,1.024364,0.450096,-1.552884,1.190923,1.365883,-1.327962,-1.426355,-1.85216,-0.985613,2.020042,-1.190546,-1.544959,-1.094467,0.038229,1.709865,-1.085415,-0.526949,-1.520805,-1.637801,1.80651,-1.541438,-1.908119,-0.625664,-1.781575,1.583455,-0.987995,-1.299995,0.655544,-1.652258,1.499047,-1.213354,-1.018113,-2.116983,-1.609975,1.758449,-0.610317,-1.119117,-1.930563,-0.884962,1.635215,-0.92048,-0.920521,-1.613474,-1.3167,-0.313425,-1.090144,-1.043349,-1.423414,-0.95619,-0.78369,-1.582251,0.139843,-0.193852,-1.378674,1.629604,-0.106542
299.0,74.7,49.4,8.0,8.0,34138.0,34437.0,-0.840468,-1.147883,-0.504578,2.233058,-0.56353,-0.792082,-1.046975,-1.148559,1.320646,1.660906,-0.896733,-0.738899,-0.820021,1.904356,-0.684739,-0.98928,-1.330606,-1.562189,1.745904,1.523164,-0.884254,-0.829059,-1.584182,1.670119,-0.352834,-1.400868,-1.423252,-0.969206,-0.802396,-0.35247,-1.157489,-1.429933,-1.056098,1.536308,0.541064,-1.351188,-1.388643,-1.45167,1.357538,1.528409,-1.251005,-1.40089,-2.076896,1.162241,1.648918,-1.12065,-1.106727,-2.246944,1.101467,1.808727,-1.122817,-1.353998,-1.782022,0.996759,1.941612,-1.049943,-1.026985,-1.50762,1.399753,0.447564,-0.961654,0.315458,-1.426687,0.021401,1.768239,-1.139262,-0.068172,-1.299299,1.769774,1.898641,-1.595998,-1.418129,-1.280083,1.39213,1.612294,-1.389581,-1.353265,-1.303849,1.431067,1.378064,-1.328339,-1.187651,-1.400393,1.125755,1.681844,-1.243413,-1.109279,-1.413978,0.696213,1.843493,-1.284235,1.074462,0.98674,1.437158,2.143753,-1.338748,-0.269024,-1.525464,1.27163,1.646562,-1.26767,-0.76157,-1.525539,1.296204,1.552444,-1.252159,0.360747,-1.440779,1.172652,1.637529,-0.870379,1.113486,-1.383032,1.45944,1.614511,-1.609797,-1.466826,-0.828815,1.527943,1.283451,-1.589648,-1.483511,0.97581,-1.356046,1.40536,-0.813185,-1.376334,-1.264074,-1.807433,0.750681,-1.281817,-0.713773,-1.564792,-0.197789,1.409733,0.954514,1.268829,-0.87984,1.323546,2.025415,-1.580016,-0.062812,-1.438663,1.39498,1.311405,-1.233005,-0.661488,-1.621256,1.383699,1.363572,-1.500329,1.803243,-1.566184,1.301018,1.481757,-0.748014,1.815816,1.280776,1.309345,1.330357,-1.556066,-0.570008,0.052022,1.260518,1.61231,-1.499134,-1.105839,0.889336,1.526222,1.840563,-1.502465,-0.335993,-1.352139,-0.546024,0.576002,-1.688285,-1.811629,1.159998,-1.802445,1.460153,-1.37914,1.339521,2.135163,-1.434919,1.577686,-1.476902,-1.379991,0.601549,-0.526137,0.979056,-0.720271,1.9559,-1.72763,1.207546,1.40452,2.017938,-0.052891,-1.789467,1.279494,1.384319,1.024364,0.450096,-1.552884,1.190923,1.365883,-1.327962,-1.426355,-1.85216,-0.985613,2.020042,-1.190546,-1.544959,-1.094467,0.038229,1.709865,-1.085415,-0.526949,-1.520805,-1.637801,1.80651,-1.541438,-1.908119,-0.625664,-1.781575,1.583455,-0.987995,-1.299995,0.655544,-1.652258,1.499047,-1.213354,-1.018113,-2.116983,-1.609975,1.758449,-0.610317,-1.119117,-1.930563,-0.884962,1.635215,-0.92048,-0.920521,-1.613474,-1.3167,-0.313425,-1.090144,-1.043349,-1.423414,-0.95619,-0.78369,-1.582251,0.139843,-0.193852,-1.378674,1.629604,-0.106542
199.0,74.2,49.3,1.0,7.0,2760.0,2959.0,-0.840468,-1.147883,-0.504578,2.233058,-0.56353,-0.792082,-1.046975,-1.148559,1.320646,1.660906,-0.896733,-0.738899,-0.820021,1.904356,-0.684739,-0.98928,-1.330606,-1.562189,1.745904,1.523164,-0.884254,-0.829059,-1.584182,1.670119,-0.352834,-1.400868,-1.423252,-0.969206,-0.802396,-0.35247,-1.157489,-1.429933,-1.056098,1.536308,0.541064,-1.351188,-1.388643,-1.45167,1.357538,1.528409,-1.251005,-1.40089,-2.076896,1.162241,1.648918,-1.12065,-1.106727,-2.246944,1.101467,1.808727,-1.122817,-1.353998,-1.782022,0.996759,1.941612,-1.049943,-1.026985,-1.50762,1.399753,0.447564,-0.961654,0.315458,-1.426687,0.021401,1.768239,-1.139262,-0.068172,-1.299299,1.769774,1.898641,-1.595998,-1.418129,-1.280083,1.39213,1.612294,-1.389581,-1.353265,-1.303849,1.431067,1.378064,-1.328339,-1.187651,-1.400393,1.125755,1.681844,-1.243413,-1.109279,-1.413978,0.696213,1.843493,-1.284235,1.074462,0.98674,1.437158,2.143753,-1.338748,-0.269024,-1.525464,1.27163,1.646562,-1.26767,-0.76157,-1.525539,1.296204,1.552444,-1.252159,0.360747,-1.440779,1.172652,1.637529,-0.870379,1.113486,-1.383032,1.45944,1.614511,-1.609797,-1.466826,-0.828815,1.527943,1.283451,-1.589648,-1.483511,0.97581,-1.356046,1.40536,-0.813185,-1.376334,-1.264074,-1.807433,0.750681,-1.281817,-0.713773,-1.564792,-0.197789,1.409733,0.954514,1.268829,-0.87984,1.323546,2.025415,-1.580016,-0.062812,-1.438663,1.39498,1.311405,-1.233005,-0.661488,-1.621256,1.383699,1.363572,-1.500329,1.803243,-1.566184,1.301018,1.481757,-0.748014,1.815816,1.280776,1.309345,1.330357,-1.556066,-0.570008,0.052022,1.260518,1.61231,-1.499134,-1.105839,0.889336,1.526222,1.840563,-1.502465,-0.335993,-1.352139,-0.546024,0.576002,-1.688285,-1.811629,1.159998,-1.802445,1.460153,-1.37914,1.339521,2.135163,-1.434919,1.577686,-1.476902,-1.379991,0.601549,-0.526137,0.979056,-0.720271,1.9559,-1.72763,1.207546,1.40452,2.017938,-0.052891,-1.789467,1.279494,1.384319,1.024364,0.450096,-1.552884,1.190923,1.365883,-1.327962,-1.426355,-1.85216,-0.985613,2.020042,-1.190546,-1.544959,-1.094467,0.038229,1.709865,-1.085415,-0.526949,-1.520805,-1.637801,1.80651,-1.541438,-1.908119,-0.625664,-1.781575,1.583455,-0.987995,-1.299995,0.655544,-1.652258,1.499047,-1.213354,-1.018113,-2.116983,-1.609975,1.758449,-0.610317,-1.119117,-1.930563,-0.884962,1.635215,-0.92048,-0.920521,-1.613474,-1.3167,-0.313425,-1.090144,-1.043349,-1.423414,-0.95619,-0.78369,-1.582251,0.139843,-0.193852,-1.378674,1.629604,-0.106542
133.0,77.8,55.5,2.0,2.0,34437.0,34570.0,-0.840468,-1.147883,-0.504578,2.233058,-0.56353,-0.792082,-1.046975,-1.148559,1.320646,1.660906,-0.896733,-0.738899,-0.820021,1.904356,-0.684739,-0.98928,-1.330606,-1.562189,1.745904,1.523164,-0.884254,-0.829059,-1.584182,1.670119,-0.352834,-1.400868,-1.423252,-0.969206,-0.802396,-0.35247,-1.157489,-1.429933,-1.056098,1.536308,0.541064,-1.351188,-1.388643,-1.45167,1.357538,1.528409,-1.251005,-1.40089,-2.076896,1.162241,1.648918,-1.12065,-1.106727,-2.246944,1.101467,1.808727,-1.122817,-1.353998,-1.782022,0.996759,1.941612,-1.049943,-1.026985,-1.50762,1.399753,0.447564,-0.961654,0.315458,-1.426687,0.021401,1.768239,-1.139262,-0.068172,-1.299299,1.769774,1.898641,-1.595998,-1.418129,-1.280083,1.39213,1.612294,-1.389581,-1.353265,-1.303849,1.431067,1.378064,-1.328339,-1.187651,-1.400393,1.125755,1.681844,-1.243413,-1.109279,-1.413978,0.696213,1.843493,-1.284235,1.074462,0.98674,1.437158,2.143753,-1.338748,-0.269024,-1.525464,1.27163,1.646562,-1.26767,-0.76157,-1.525539,1.296204,1.552444,-1.252159,0.360747,-1.440779,1.172652,1.637529,-0.870379,1.113486,-1.383032,1.45944,1.614511,-1.609797,-1.466826,-0.828815,1.527943,1.283451,-1.589648,-1.483511,0.97581,-1.356046,1.40536,-0.813185,-1.376334,-1.264074,-1.807433,0.750681,-1.281817,-0.713773,-1.564792,-0.197789,1.409733,0.954514,1.268829,-0.87984,1.323546,2.025415,-1.580016,-0.062812,-1.438663,1.39498,1.311405,-1.233005,-0.661488,-1.621256,1.383699,1.363572,-1.500329,1.803243,-1.566184,1.301018,1.481757,-0.748014,1.815816,1.280776,1.309345,1.330357,-1.556066,-0.570008,0.052022,1.260518,1.61231,-1.499134,-1.105839,0.889336,1.526222,1.840563,-1.502465,-0.335993,-1.352139,-0.546024,0.576002,-1.688285,-1.811629,1.159998,-1.802445,1.460153,-1.37914,1.339521,2.135163,-1.434919,1.577686,-1.476902,-1.379991,0.601549,-0.526137,0.979056,-0.720271,1.9559,-1.72763,1.207546,1.40452,2.017938,-0.052891,-1.789467,1.279494,1.384319,1.024364,0.450096,-1.552884,1.190923,1.365883,-1.327962,-1.426355,-1.85216,-0.985613,2.020042,-1.190546,-1.544959,-1.094467,0.038229,1.709865,-1.085415,-0.526949,-1.520805,-1.637801,1.80651,-1.541438,-1.908119,-0.625664,-1.781575,1.583455,-0.987995,-1.299995,0.655544,-1.652258,1.499047,-1.213354,-1.018113,-2.116983,-1.609975,1.758449,-0.610317,-1.119117,-1.930563,-0.884962,1.635215,-0.92048,-0.920521,-1.613474,-1.3167,-0.313425,-1.090144,-1.043349,-1.423414,-0.95619,-0.78369,-1.582251,0.139843,-0.193852,-1.378674,1.629604,-0.106542
432.0,79.1,60.1,15.0,15.0,34570.0,35002.0,-0.840468,-1.147883,-0.504578,2.233058,-0.56353,-0.792082,-1.046975,-1.148559,1.320646,1.660906,-0.896733,-0.738899,-0.820021,1.904356,-0.684739,-0.98928,-1.330606,-1.562189,1.745904,1.523164,-0.884254,-0.829059,-1.584182,1.670119,-0.352834,-1.400868,-1.423252,-0.969206,-0.802396,-0.35247,-1.157489,-1.429933,-1.056098,1.536308,0.541064,-1.351188,-1.388643,-1.45167,1.357538,1.528409,-1.251005,-1.40089,-2.076896,1.162241,1.648918,-1.12065,-1.106727,-2.246944,1.101467,1.808727,-1.122817,-1.353998,-1.782022,0.996759,1.941612,-1.049943,-1.026985,-1.50762,1.399753,0.447564,-0.961654,0.315458,-1.426687,0.021401,1.768239,-1.139262,-0.068172,-1.299299,1.769774,1.898641,-1.595998,-1.418129,-1.280083,1.39213,1.612294,-1.389581,-1.353265,-1.303849,1.431067,1.378064,-1.328339,-1.187651,-1.400393,1.125755,1.681844,-1.243413,-1.109279,-1.413978,0.696213,1.843493,-1.284235,1.074462,0.98674,1.437158,2.143753,-1.338748,-0.269024,-1.525464,1.27163,1.646562,-1.26767,-0.76157,-1.525539,1.296204,1.552444,-1.252159,0.360747,-1.440779,1.172652,1.637529,-0.870379,1.113486,-1.383032,1.45944,1.614511,-1.609797,-1.466826,-0.828815,1.527943,1.283451,-1.589648,-1.483511,0.97581,-1.356046,1.40536,-0.813185,-1.376334,-1.264074,-1.807433,0.750681,-1.281817,-0.713773,-1.564792,-0.197789,1.409733,0.954514,1.268829,-0.87984,1.323546,2.025415,-1.580016,-0.062812,-1.438663,1.39498,1.311405,-1.233005,-0.661488,-1.621256,1.383699,1.363572,-1.500329,1.803243,-1.566184,1.301018,1.481757,-0.748014,1.815816,1.280776,1.309345,1.330357,-1.556066,-0.570008,0.052022,1.260518,1.61231,-1.499134,-1.105839,0.889336,1.526222,1.840563,-1.502465,-0.335993,-1.352139,-0.546024,0.576002,-1.688285,-1.811629,1.159998,-1.802445,1.460153,-1.37914,1.339521,2.135163,-1.434919,1.577686,-1.476902,-1.379991,0.601549,-0.526137,0.979056,-0.720271,1.9559,-1.72763,1.207546,1.40452,2.017938,-0.052891,-1.789467,1.279494,1.384319,1.024364,0.450096,-1.552884,1.190923,1.365883,-1.327962,-1.426355,-1.85216,-0.985613,2.020042,-1.190546,-1.544959,-1.094467,0.038229,1.709865,-1.085415,-0.526949,-1.520805,-1.637801,1.80651,-1.541438,-1.908119,-0.625664,-1.781575,1.583455,-0.987995,-1.299995,0.655544,-1.652258,1.499047,-1.213354,-1.018113,-2.116983,-1.609975,1.758449,-0.610317,-1.119117,-1.930563,-0.884962,1.635215,-0.92048,-0.920521,-1.613474,-1.3167,-0.313425,-1.090144,-1.043349,-1.423414,-0.95619,-0.78369,-1.582251,0.139843,-0.193852,-1.378674,1.629604,-0.106542
99.0,77.7,59.0,9.0,8.0,35002.0,35101.0,-0.840468,-1.147883,-0.504578,2.233058,-0.56353,-0.792082,-1.046975,-1.148559,1.320646,1.660906,-0.896733,-0.738899,-0.820021,1.904356,-0.684739,-0.98928,-1.330606,-1.562189,1.745904,1.523164,-0.884254,-0.829059,-1.584182,1.670119,-0.352834,-1.400868,-1.423252,-0.969206,-0.802396,-0.35247,-1.157489,-1.429933,-1.056098,1.536308,0.541064,-1.351188,-1.388643,-1.45167,1.357538,1.528409,-1.251005,-1.40089,-2.076896,1.162241,1.648918,-1.12065,-1.106727,-2.246944,1.101467,1.808727,-1.122817,-1.353998,-1.782022,0.996759,1.941612,-1.049943,-1.026985,-1.50762,1.399753,0.447564,-0.961654,0.315458,-1.426687,0.021401,1.768239,-1.139262,-0.068172,-1.299299,1.769774,1.898641,-1.595998,-1.418129,-1.280083,1.39213,1.612294,-1.389581,-1.353265,-1.303849,1.431067,1.378064,-1.328339,-1.187651,-1.400393,1.125755,1.681844,-1.243413,-1.109279,-1.413978,0.696213,1.843493,-1.284235,1.074462,0.98674,1.437158,2.143753,-1.338748,-0.269024,-1.525464,1.27163,1.646562,-1.26767,-0.76157,-1.525539,1.296204,1.552444,-1.252159,0.360747,-1.440779,1.172652,1.637529,-0.870379,1.113486,-1.383032,1.45944,1.614511,-1.609797,-1.466826,-0.828815,1.527943,1.283451,-1.589648,-1.483511,0.97581,-1.356046,1.40536,-0.813185,-1.376334,-1.264074,-1.807433,0.750681,-1.281817,-0.713773,-1.564792,-0.197789,1.409733,0.954514,1.268829,-0.87984,1.323546,2.025415,-1.580016,-0.062812,-1.438663,1.39498,1.311405,-1.233005,-0.661488,-1.621256,1.383699,1.363572,-1.500329,1.803243,-1.566184,1.301018,1.481757,-0.748014,1.815816,1.280776,1.309345,1.330357,-1.556066,-0.570008,0.052022,1.260518,1.61231,-1.499134,-1.105839,0.889336,1.526222,1.840563,-1.502465,-0.335993,-1.352139,-0.546024,0.576002,-1.688285,-1.811629,1.159998,-1.802445,1.460153,-1.37914,1.339521,2.135163,-1.434919,1.577686,-1.476902,-1.379991,0.601549,-0.526137,0.979056,-0.720271,1.9559,-1.72763,1.207546,1.40452,2.017938,-0.052891,-1.789467,1.279494,1.384319,1.024364,0.450096,-1.552884,1.190923,1.365883,-1.327962,-1.426355,-1.85216,-0.985613,2.020042,-1.190546,-1.544959,-1.094467,0.038229,1.709865,-1.085415,-0.526949,-1.520805,-1.637801,1.80651,-1.541438,-1.908119,-0.625664,-1.781575,1.583455,-0.987995,-1.299995,0.655544,-1.652258,1.499047,-1.213354,-1.018113,-2.116983,-1.609975,1.758449,-0.610317,-1.119117,-1.930563,-0.884962,1.635215,-0.92048,-0.920521,-1.613474,-1.3167,-0.313425,-1.090144,-1.043349,-1.423414,-0.95619,-0.78369,-1.582251,0.139843,-0.193852,-1.378674,1.629604,-0.106542
266.0,78.4,57.9,12.0,3.0,35101.0,35367.0,-0.840468,-1.147883,-0.504578,2.233058,-0.56353,-0.792082,-1.046975,-1.148559,1.320646,1.660906,-0.896733,-0.738899,-0.820021,1.904356,-0.684739,-0.98928,-1.330606,-1.562189,1.745904,1.523164,-0.884254,-0.829059,-1.584182,1.670119,-0.352834,-1.400868,-1.423252,-0.969206,-0.802396,-0.35247,-1.157489,-1.429933,-1.056098,1.536308,0.541064,-1.351188,-1.388643,-1.45167,1.357538,1.528409,-1.251005,-1.40089,-2.076896,1.162241,1.648918,-1.12065,-1.106727,-2.246944,1.101467,1.808727,-1.122817,-1.353998,-1.782022,0.996759,1.941612,-1.049943,-1.026985,-1.50762,1.399753,0.447564,-0.961654,0.315458,-1.426687,0.021401,1.768239,-1.139262,-0.068172,-1.299299,1.769774,1.898641,-1.595998,-1.418129,-1.280083,1.39213,1.612294,-1.389581,-1.353265,-1.303849,1.431067,1.378064,-1.328339,-1.187651,-1.400393,1.125755,1.681844,-1.243413,-1.109279,-1.413978,0.696213,1.843493,-1.284235,1.074462,0.98674,1.437158,2.143753,-1.338748,-0.269024,-1.525464,1.27163,1.646562,-1.26767,-0.76157,-1.525539,1.296204,1.552444,-1.252159,0.360747,-1.440779,1.172652,1.637529,-0.870379,1.113486,-1.383032,1.45944,1.614511,-1.609797,-1.466826,-0.828815,1.527943,1.283451,-1.589648,-1.483511,0.97581,-1.356046,1.40536,-0.813185,-1.376334,-1.264074,-1.807433,0.750681,-1.281817,-0.713773,-1.564792,-0.197789,1.409733,0.954514,1.268829,-0.87984,1.323546,2.025415,-1.580016,-0.062812,-1.438663,1.39498,1.311405,-1.233005,-0.661488,-1.621256,1.383699,1.363572,-1.500329,1.803243,-1.566184,1.301018,1.481757,-0.748014,1.815816,1.280776,1.309345,1.330357,-1.556066,-0.570008,0.052022,1.260518,1.61231,-1.499134,-1.105839,0.889336,1.526222,1.840563,-1.502465,-0.335993,-1.352139,-0.546024,0.576002,-1.688285,-1.811629,1.159998,-1.802445,1.460153,-1.37914,1.339521,2.135163,-1.434919,1.577686,-1.476902,-1.379991,0.601549,-0.526137,0.979056,-0.720271,1.9559,-1.72763,1.207546,1.40452,2.017938,-0.052891,-1.789467,1.279494,1.384319,1.024364,0.450096,-1.552884,1.190923,1.365883,-1.327962,-1.426355,-1.85216,-0.985613,2.020042,-1.190546,-1.544959,-1.094467,0.038229,1.709865,-1.085415,-0.526949,-1.520805,-1.637801,1.80651,-1.541438,-1.908119,-0.625664,-1.781575,1.583455,-0.987995,-1.299995,0.655544,-1.652258,1.499047,-1.213354,-1.018113,-2.116983,-1.609975,1.758449,-0.610317,-1.119117,-1.930563,-0.884962,1.635215,-0.92048,-0.920521,-1.613474,-1.3167,-0.313425,-1.090144,-1.043349,-1.423414,-0.95619,-0.78369,-1.582251,0.139843,-0.193852,-1.378674,1.629604,-0.106542
665.0,81.0,62.0,30.0,19.0,35367.0,36032.0,1.09899,1.11861,0.975958,-0.263833,1.479715,1.082639,1.115266,0.958054,-1.089144,-0.424559,1.09108,1.100202,1.059042,-0.607359,1.354059,1.127109,1.11728,1.038718,-0.885328,0.19572,1.117326,1.087943,0.97876,-0.511595,1.38851,1.161543,1.089573,1.04289,1.15293,1.070174,1.181819,1.097907,1.040326,0.177503,0.66236,1.15798,1.114106,1.071886,-1.072407,-0.7507,1.18305,1.136818,0.91145,-1.071835,-0.291216,1.194317,1.158271,0.772382,-1.059021,-0.22095,1.153181,1.083284,0.914295,-1.06657,0.099809,1.113018,1.113386,1.047628,-0.822778,1.269262,1.127006,1.077202,1.128906,-0.233611,-0.720738,1.136022,1.201136,1.161551,-0.665266,-0.68081,1.171295,1.054904,1.064665,-1.088367,-1.102054,1.204524,1.084225,1.017233,-1.11605,-1.091474,1.206482,1.12111,1.061087,-1.211144,-0.941169,1.252731,1.166038,1.04931,-1.121177,-0.741153,1.231979,-1.353441,-0.436878,-1.084837,-0.253154,1.17652,1.024357,1.07186,-1.069939,-0.991631,1.120846,1.150575,1.067954,-1.064904,-1.041885,1.143513,1.084979,1.061992,-1.037014,-0.903258,1.133496,0.888505,1.095337,-1.025867,-1.006945,1.169152,0.951504,0.172014,-1.095028,-1.139489,1.163712,1.04172,0.357559,0.073669,-0.26178,1.36576,0.995122,1.021818,0.553875,1.088521,1.282396,1.028632,0.84768,-1.139304,-1.202908,-0.87227,-1.344653,0.95189,-1.163221,-0.844471,1.052501,0.805424,1.063975,-1.038594,-0.984226,1.144818,1.247761,0.913407,-1.111648,-1.046672,1.062031,0.266279,0.808277,-1.125506,-1.082285,0.416817,0.456435,-1.098645,-1.159284,-1.157696,1.105682,-1.265959,-1.413562,-1.267684,-1.068242,1.066778,-0.908976,-1.579018,-1.182013,-0.749654,0.97065,-0.995949,-0.81785,-1.671287,0.607316,1.345199,-0.39061,-1.23321,0.894742,-1.151274,1.238652,-1.035107,-0.924124,1.141936,0.648454,1.213473,1.071109,-1.231611,-0.774237,-1.126878,-0.096944,-0.303845,0.703245,-1.184196,-0.200374,-0.589127,0.93029,0.784199,-1.219009,-1.224858,-1.119735,0.890657,0.95032,-1.21322,-1.177254,0.855203,-0.797031,0.408624,0.752453,-0.982536,0.900081,0.803711,0.936586,0.857147,0.003062,0.91059,-1.152661,-0.715682,-0.938118,-0.371578,0.950078,0.253947,-0.972594,0.622431,-1.096768,1.235193,1.208895,-1.093482,0.901922,-1.116297,1.274027,1.218393,0.488493,0.227098,-0.988296,1.258336,1.120899,0.617157,-0.948324,-1.057588,1.051127,1.001253,0.883314,0.881137,0.754646,1.033466,1.027652,0.975852,0.846499,0.924114,0.882676,-1.282721,-1.206827,1.013839,-1.111754,0.758448
499.0,82.2,58.9,13.0,14.0,36032.0,36531.0,-0.840468,-1.147883,-0.504578,2.233058,-0.56353,-0.792082,-1.046975,-1.148559,1.320646,1.660906,-0.896733,-0.738899,-0.820021,1.904356,-0.684739,-0.98928,-1.330606,-1.562189,1.745904,1.523164,-0.884254,-0.829059,-1.584182,1.670119,-0.352834,-1.400868,-1.423252,-0.969206,-0.802396,-0.35247,-1.157489,-1.429933,-1.056098,1.536308,0.541064,-1.351188,-1.388643,-1.45167,1.357538,1.528409,-1.251005,-1.40089,-2.076896,1.162241,1.648918,-1.12065,-1.106727,-2.246944,1.101467,1.808727,-1.122817,-1.353998,-1.782022,0.996759,1.941612,-1.049943,-1.026985,-1.50762,1.399753,0.447564,-0.961654,0.315458,-1.426687,0.021401,1.768239,-1.139262,-0.068172,-1.299299,1.769774,1.898641,-1.595998,-1.418129,-1.280083,1.39213,1.612294,-1.389581,-1.353265,-1.303849,1.431067,1.378064,-1.328339,-1.187651,-1.400393,1.125755,1.681844,-1.243413,-1.109279,-1.413978,0.696213,1.843493,-1.284235,1.074462,0.98674,1.437158,2.143753,-1.338748,-0.269024,-1.525464,1.27163,1.646562,-1.26767,-0.76157,-1.525539,1.296204,1.552444,-1.252159,0.360747,-1.440779,1.172652,1.637529,-0.870379,1.113486,-1.383032,1.45944,1.614511,-1.609797,-1.466826,-0.828815,1.527943,1.283451,-1.589648,-1.483511,0.97581,-1.356046,1.40536,-0.813185,-1.376334,-1.264074,-1.807433,0.750681,-1.281817,-0.713773,-1.564792,-0.197789,1.409733,0.954514,1.268829,-0.87984,1.323546,2.025415,-1.580016,-0.062812,-1.438663,1.39498,1.311405,-1.233005,-0.661488,-1.621256,1.383699,1.363572,-1.500329,1.803243,-1.566184,1.301018,1.481757,-0.748014,1.815816,1.280776,1.309345,1.330357,-1.556066,-0.570008,0.052022,1.260518,1.61231,-1.499134,-1.105839,0.889336,1.526222,1.840563,-1.502465,-0.335993,-1.352139,-0.546024,0.576002,-1.688285,-1.811629,1.159998,-1.802445,1.460153,-1.37914,1.339521,2.135163,-1.434919,1.577686,-1.476902,-1.379991,0.601549,-0.526137,0.979056,-0.720271,1.9559,-1.72763,1.207546,1.40452,2.017938,-0.052891,-1.789467,1.279494,1.384319,1.024364,0.450096,-1.552884,1.190923,1.365883,-1.327962,-1.426355,-1.85216,-0.985613,2.020042,-1.190546,-1.544959,-1.094467,0.038229,1.709865,-1.085415,-0.526949,-1.520805,-1.637801,1.80651,-1.541438,-1.908119,-0.625664,-1.781575,1.583455,-0.987995,-1.299995,0.655544,-1.652258,1.499047,-1.213354,-1.018113,-2.116983,-1.609975,1.758449,-0.610317,-1.119117,-1.930563,-0.884962,1.635215,-0.92048,-0.920521,-1.613474,-1.3167,-0.313425,-1.090144,-1.043349,-1.423414,-0.95619,-0.78369,-1.582251,0.139843,-0.193852,-1.378674,1.629604,-0.106542
166.0,79.4,60.4,2.0,5.0,36531.0,36697.0,-0.840468,-1.147883,-0.504578,2.233058,-0.56353,-0.792082,-1.046975,-1.148559,1.320646,1.660906,-0.896733,-0.738899,-0.820021,1.904356,-0.684739,-0.98928,-1.330606,-1.562189,1.745904,1.523164,-0.884254,-0.829059,-1.584182,1.670119,-0.352834,-1.400868,-1.423252,-0.969206,-0.802396,-0.35247,-1.157489,-1.429933,-1.056098,1.536308,0.541064,-1.351188,-1.388643,-1.45167,1.357538,1.528409,-1.251005,-1.40089,-2.076896,1.162241,1.648918,-1.12065,-1.106727,-2.246944,1.101467,1.808727,-1.122817,-1.353998,-1.782022,0.996759,1.941612,-1.049943,-1.026985,-1.50762,1.399753,0.447564,-0.961654,0.315458,-1.426687,0.021401,1.768239,-1.139262,-0.068172,-1.299299,1.769774,1.898641,-1.595998,-1.418129,-1.280083,1.39213,1.612294,-1.389581,-1.353265,-1.303849,1.431067,1.378064,-1.328339,-1.187651,-1.400393,1.125755,1.681844,-1.243413,-1.109279,-1.413978,0.696213,1.843493,-1.284235,1.074462,0.98674,1.437158,2.143753,-1.338748,-0.269024,-1.525464,1.27163,1.646562,-1.26767,-0.76157,-1.525539,1.296204,1.552444,-1.252159,0.360747,-1.440779,1.172652,1.637529,-0.870379,1.113486,-1.383032,1.45944,1.614511,-1.609797,-1.466826,-0.828815,1.527943,1.283451,-1.589648,-1.483511,0.97581,-1.356046,1.40536,-0.813185,-1.376334,-1.264074,-1.807433,0.750681,-1.281817,-0.713773,-1.564792,-0.197789,1.409733,0.954514,1.268829,-0.87984,1.323546,2.025415,-1.580016,-0.062812,-1.438663,1.39498,1.311405,-1.233005,-0.661488,-1.621256,1.383699,1.363572,-1.500329,1.803243,-1.566184,1.301018,1.481757,-0.748014,1.815816,1.280776,1.309345,1.330357,-1.556066,-0.570008,0.052022,1.260518,1.61231,-1.499134,-1.105839,0.889336,1.526222,1.840563,-1.502465,-0.335993,-1.352139,-0.546024,0.576002,-1.688285,-1.811629,1.159998,-1.802445,1.460153,-1.37914,1.339521,2.135163,-1.434919,1.577686,-1.476902,-1.379991,0.601549,-0.526137,0.979056,-0.720271,1.9559,-1.72763,1.207546,1.40452,2.017938,-0.052891,-1.789467,1.279494,1.384319,1.024364,0.450096,-1.552884,1.190923,1.365883,-1.327962,-1.426355,-1.85216,-0.985613,2.020042,-1.190546,-1.544959,-1.094467,0.038229,1.709865,-1.085415,-0.526949,-1.520805,-1.637801,1.80651,-1.541438,-1.908119,-0.625664,-1.781575,1.583455,-0.987995,-1.299995,0.655544,-1.652258,1.499047,-1.213354,-1.018113,-2.116983,-1.609975,1.758449,-0.610317,-1.119117,-1.930563,-0.884962,1.635215,-0.92048,-0.920521,-1.613474,-1.3167,-0.313425,-1.090144,-1.043349,-1.423414,-0.95619,-0.78369,-1.582251,0.139843,-0.193852,-1.378674,1.629604,-0.106542
100.0,81.7,62.7,2.0,2.0,36697.0,36797.0,-0.840468,-1.147883,-0.504578,2.233058,-0.56353,-0.792082,-1.046975,-1.148559,1.320646,1.660906,-0.896733,-0.738899,-0.820021,1.904356,-0.684739,-0.98928,-1.330606,-1.562189,1.745904,1.523164,-0.884254,-0.829059,-1.584182,1.670119,-0.352834,-1.400868,-1.423252,-0.969206,-0.802396,-0.35247,-1.157489,-1.429933,-1.056098,1.536308,0.541064,-1.351188,-1.388643,-1.45167,1.357538,1.528409,-1.251005,-1.40089,-2.076896,1.162241,1.648918,-1.12065,-1.106727,-2.246944,1.101467,1.808727,-1.122817,-1.353998,-1.782022,0.996759,1.941612,-1.049943,-1.026985,-1.50762,1.399753,0.447564,-0.961654,0.315458,-1.426687,0.021401,1.768239,-1.139262,-0.068172,-1.299299,1.769774,1.898641,-1.595998,-1.418129,-1.280083,1.39213,1.612294,-1.389581,-1.353265,-1.303849,1.431067,1.378064,-1.328339,-1.187651,-1.400393,1.125755,1.681844,-1.243413,-1.109279,-1.413978,0.696213,1.843493,-1.284235,1.074462,0.98674,1.437158,2.143753,-1.338748,-0.269024,-1.525464,1.27163,1.646562,-1.26767,-0.76157,-1.525539,1.296204,1.552444,-1.252159,0.360747,-1.440779,1.172652,1.637529,-0.870379,1.113486,-1.383032,1.45944,1.614511,-1.609797,-1.466826,-0.828815,1.527943,1.283451,-1.589648,-1.483511,0.97581,-1.356046,1.40536,-0.813185,-1.376334,-1.264074,-1.807433,0.750681,-1.281817,-0.713773,-1.564792,-0.197789,1.409733,0.954514,1.268829,-0.87984,1.323546,2.025415,-1.580016,-0.062812,-1.438663,1.39498,1.311405,-1.233005,-0.661488,-1.621256,1.383699,1.363572,-1.500329,1.803243,-1.566184,1.301018,1.481757,-0.748014,1.815816,1.280776,1.309345,1.330357,-1.556066,-0.570008,0.052022,1.260518,1.61231,-1.499134,-1.105839,0.889336,1.526222,1.840563,-1.502465,-0.335993,-1.352139,-0.546024,0.576002,-1.688285,-1.811629,1.159998,-1.802445,1.460153,-1.37914,1.339521,2.135163,-1.434919,1.577686,-1.476902,-1.379991,0.601549,-0.526137,0.979056,-0.720271,1.9559,-1.72763,1.207546,1.40452,2.017938,-0.052891,-1.789467,1.279494,1.384319,1.024364,0.450096,-1.552884,1.190923,1.365883,-1.327962,-1.426355,-1.85216,-0.985613,2.020042,-1.190546,-1.544959,-1.094467,0.038229,1.709865,-1.085415,-0.526949,-1.520805,-1.637801,1.80651,-1.541438,-1.908119,-0.625664,-1.781575,1.583455,-0.987995,-1.299995,0.655544,-1.652258,1.499047,-1.213354,-1.018113,-2.116983,-1.609975,1.758449,-0.610317,-1.119117,-1.930563,-0.884962,1.635215,-0.92048,-0.920521,-1.613474,-1.3167,-0.313425,-1.090144,-1.043349,-1.423414,-0.95619,-0.78369,-1.582251,0.139843,-0.193852,-1.378674,1.629604,-0.106542
263.0,83.9,57.1,4.0,12.0,36797.0,37060.0,-0.840468,-1.147883,-0.504578,2.233058,-0.56353,-0.792082,-1.046975,-1.148559,1.320646,1.660906,-0.896733,-0.738899,-0.820021,1.904356,-0.684739,-0.98928,-1.330606,-1.562189,1.745904,1.523164,-0.884254,-0.829059,-1.584182,1.670119,-0.352834,-1.400868,-1.423252,-0.969206,-0.802396,-0.35247,-1.157489,-1.429933,-1.056098,1.536308,0.541064,-1.351188,-1.388643,-1.45167,1.357538,1.528409,-1.251005,-1.40089,-2.076896,1.162241,1.648918,-1.12065,-1.106727,-2.246944,1.101467,1.808727,-1.122817,-1.353998,-1.782022,0.996759,1.941612,-1.049943,-1.026985,-1.50762,1.399753,0.447564,-0.961654,0.315458,-1.426687,0.021401,1.768239,-1.139262,-0.068172,-1.299299,1.769774,1.898641,-1.595998,-1.418129,-1.280083,1.39213,1.612294,-1.389581,-1.353265,-1.303849,1.431067,1.378064,-1.328339,-1.187651,-1.400393,1.125755,1.681844,-1.243413,-1.109279,-1.413978,0.696213,1.843493,-1.284235,1.074462,0.98674,1.437158,2.143753,-1.338748,-0.269024,-1.525464,1.27163,1.646562,-1.26767,-0.76157,-1.525539,1.296204,1.552444,-1.252159,0.360747,-1.440779,1.172652,1.637529,-0.870379,1.113486,-1.383032,1.45944,1.614511,-1.609797,-1.466826,-0.828815,1.527943,1.283451,-1.589648,-1.483511,0.97581,-1.356046,1.40536,-0.813185,-1.376334,-1.264074,-1.807433,0.750681,-1.281817,-0.713773,-1.564792,-0.197789,1.409733,0.954514,1.268829,-0.87984,1.323546,2.025415,-1.580016,-0.062812,-1.438663,1.39498,1.311405,-1.233005,-0.661488,-1.621256,1.383699,1.363572,-1.500329,1.803243,-1.566184,1.301018,1.481757,-0.748014,1.815816,1.280776,1.309345,1.330357,-1.556066,-0.570008,0.052022,1.260518,1.61231,-1.499134,-1.105839,0.889336,1.526222,1.840563,-1.502465,-0.335993,-1.352139,-0.546024,0.576002,-1.688285,-1.811629,1.159998,-1.802445,1.460153,-1.37914,1.339521,2.135163,-1.434919,1.577686,-1.476902,-1.379991,0.601549,-0.526137,0.979056,-0.720271,1.9559,-1.72763,1.207546,1.40452,2.017938,-0.052891,-1.789467,1.279494,1.384319,1.024364,0.450096,-1.552884,1.190923,1.365883,-1.327962,-1.426355,-1.85216,-0.985613,2.020042,-1.190546,-1.544959,-1.094467,0.038229,1.709865,-1.085415,-0.526949,-1.520805,-1.637801,1.80651,-1.541438,-1.908119,-0.625664,-1.781575,1.583455,-0.987995,-1.299995,0.655544,-1.652258,1.499047,-1.213354,-1.018113,-2.116983,-1.609975,1.758449,-0.610317,-1.119117,-1.930563,-0.884962,1.635215,-0.92048,-0.920521,-1.613474,-1.3167,-0.313425,-1.090144,-1.043349,-1.423414,-0.95619,-0.78369,-1.582251,0.139843,-0.193852,-1.378674,1.629604,-0.106542
565.0,84.1,60.1,11.0,9.0,37060.0,37625.0,-0.840468,-1.147883,-0.504578,2.233058,-0.56353,-0.792082,-1.046975,-1.148559,1.320646,1.660906,-0.896733,-0.738899,-0.820021,1.904356,-0.684739,-0.98928,-1.330606,-1.562189,1.745904,1.523164,-0.884254,-0.829059,-1.584182,1.670119,-0.352834,-1.400868,-1.423252,-0.969206,-0.802396,-0.35247,-1.157489,-1.429933,-1.056098,1.536308,0.541064,-1.351188,-1.388643,-1.45167,1.357538,1.528409,-1.251005,-1.40089,-2.076896,1.162241,1.648918,-1.12065,-1.106727,-2.246944,1.101467,1.808727,-1.122817,-1.353998,-1.782022,0.996759,1.941612,-1.049943,-1.026985,-1.50762,1.399753,0.447564,-0.961654,0.315458,-1.426687,0.021401,1.768239,-1.139262,-0.068172,-1.299299,1.769774,1.898641,-1.595998,-1.418129,-1.280083,1.39213,1.612294,-1.389581,-1.353265,-1.303849,1.431067,1.378064,-1.328339,-1.187651,-1.400393,1.125755,1.681844,-1.243413,-1.109279,-1.413978,0.696213,1.843493,-1.284235,1.074462,0.98674,1.437158,2.143753,-1.338748,-0.269024,-1.525464,1.27163,1.646562,-1.26767,-0.76157,-1.525539,1.296204,1.552444,-1.252159,0.360747,-1.440779,1.172652,1.637529,-0.870379,1.113486,-1.383032,1.45944,1.614511,-1.609797,-1.466826,-0.828815,1.527943,1.283451,-1.589648,-1.483511,0.97581,-1.356046,1.40536,-0.813185,-1.376334,-1.264074,-1.807433,0.750681,-1.281817,-0.713773,-1.564792,-0.197789,1.409733,0.954514,1.268829,-0.87984,1.323546,2.025415,-1.580016,-0.062812,-1.438663,1.39498,1.311405,-1.233005,-0.661488,-1.621256,1.383699,1.363572,-1.500329,1.803243,-1.566184,1.301018,1.481757,-0.748014,1.815816,1.280776,1.309345,1.330357,-1.556066,-0.570008,0.052022,1.260518,1.61231,-1.499134,-1.105839,0.889336,1.526222,1.840563,-1.502465,-0.335993,-1.352139,-0.546024,0.576002,-1.688285,-1.811629,1.159998,-1.802445,1.460153,-1.37914,1.339521,2.135163,-1.434919,1.577686,-1.476902,-1.379991,0.601549,-0.526137,0.979056,-0.720271,1.9559,-1.72763,1.207546,1.40452,2.017938,-0.052891,-1.789467,1.279494,1.384319,1.024364,0.450096,-1.552884,1.190923,1.365883,-1.327962,-1.426355,-1.85216,-0.985613,2.020042,-1.190546,-1.544959,-1.094467,0.038229,1.709865,-1.085415,-0.526949,-1.520805,-1.637801,1.80651,-1.541438,-1.908119,-0.625664,-1.781575,1.583455,-0.987995,-1.299995,0.655544,-1.652258,1.499047,-1.213354,-1.018113,-2.116983,-1.609975,1.758449,-0.610317,-1.119117,-1.930563,-0.884962,1.635215,-0.92048,-0.920521,-1.613474,-1.3167,-0.313425,-1.090144,-1.043349,-1.423414,-0.95619,-0.78369,-1.582251,0.139843,-0.193852,-1.378674,1.629604,-0.106542
365.0,79.2,53.9,18.0,13.0,2959.0,3324.0,1.763846,1.602557,1.769117,-0.15629,1.106161,1.761831,1.661994,1.565937,-1.496912,-1.041499,1.677579,1.714058,1.588081,-0.924896,1.361015,1.7574,1.548039,1.444036,-1.179215,-0.284888,1.686404,1.714094,1.377972,-1.030182,1.297804,1.557303,1.481522,1.67954,1.723714,1.758676,1.698419,1.493025,1.551366,1.020014,1.287439,1.598332,1.498131,1.43537,-1.081767,-0.767912,1.624025,1.509136,1.250411,-1.417291,-0.872029,1.656684,1.606141,1.128429,-1.383963,-0.636555,1.646349,1.573672,1.390484,-1.386798,-0.314588,1.648029,1.577951,1.285193,-1.134003,1.121103,1.574234,1.506728,1.260449,-1.942683,-0.827836,1.478652,1.520609,1.310931,-1.224957,-0.703838,1.373039,1.468619,1.450133,-1.466692,-1.365282,1.537234,1.476993,1.494535,-1.391484,-1.47047,1.573789,1.568661,1.450632,-1.361765,-1.173602,1.551824,1.538607,1.583314,-1.535528,-0.880025,1.514365,-1.216526,0.714101,-1.329846,-0.309849,1.45775,1.58653,1.427406,-1.225338,-1.259087,1.502432,1.543136,1.277093,-1.261691,-1.26939,1.352304,1.288077,1.112953,-1.565995,-1.178038,1.353099,1.054232,1.040187,-1.447578,-1.159241,1.212278,1.477419,1.859749,-1.304132,-1.48012,1.442857,1.404276,1.390549,1.19436,0.240107,1.628877,1.513667,1.427141,0.399333,1.057559,1.527449,1.824086,0.737673,-1.691296,-1.409134,-0.721769,-1.349535,1.436313,-1.413168,-0.911385,1.031478,1.746028,1.151053,-1.129139,-1.593293,1.354796,1.320537,0.973937,-1.335598,-1.375221,1.006174,0.443784,0.377477,-1.466666,-1.345716,-0.537631,0.704144,-1.341789,-1.471366,-1.442848,1.165478,-1.022771,-1.583948,-1.392913,-1.147183,1.016569,-0.712895,-1.280938,-1.110072,0.020553,0.953792,-0.87505,-0.899542,-1.372456,1.83938,0.147513,-0.885321,-1.546319,0.805789,-1.281753,1.269538,-1.565491,-1.127946,1.067116,0.144027,1.150087,1.009164,-1.878779,-1.69886,-1.421742,-1.37334,-0.137699,0.684372,-1.499299,0.874836,-1.509598,1.658058,0.978965,-1.364294,-1.166866,-1.825406,1.618796,1.104856,-1.491453,-1.328531,0.763769,-0.632085,0.625033,1.516137,-0.693863,1.28667,1.369735,1.45483,1.685741,1.074484,1.069427,-1.038914,-0.793903,0.67067,0.526622,0.924141,-0.285861,-1.518358,0.513485,-1.153789,1.326557,1.158501,-1.96607,0.803678,-1.232004,1.321137,1.094975,0.425855,-0.111411,-0.789745,0.89909,1.359526,0.635671,-1.575501,-0.238667,1.601268,1.708745,1.214625,1.567219,1.949176,1.610288,1.68688,1.440733,1.842374,1.845001,0.910539,-1.403547,-1.696531,1.173779,-1.101399,0.836132
266.0,81.3,61.8,3.0,4.0,37625.0,37891.0,-0.840468,-1.147883,-0.504578,2.233058,-0.56353,-0.792082,-1.046975,-1.148559,1.320646,1.660906,-0.896733,-0.738899,-0.820021,1.904356,-0.684739,-0.98928,-1.330606,-1.562189,1.745904,1.523164,-0.884254,-0.829059,-1.584182,1.670119,-0.352834,-1.400868,-1.423252,-0.969206,-0.802396,-0.35247,-1.157489,-1.429933,-1.056098,1.536308,0.541064,-1.351188,-1.388643,-1.45167,1.357538,1.528409,-1.251005,-1.40089,-2.076896,1.162241,1.648918,-1.12065,-1.106727,-2.246944,1.101467,1.808727,-1.122817,-1.353998,-1.782022,0.996759,1.941612,-1.049943,-1.026985,-1.50762,1.399753,0.447564,-0.961654,0.315458,-1.426687,0.021401,1.768239,-1.139262,-0.068172,-1.299299,1.769774,1.898641,-1.595998,-1.418129,-1.280083,1.39213,1.612294,-1.389581,-1.353265,-1.303849,1.431067,1.378064,-1.328339,-1.187651,-1.400393,1.125755,1.681844,-1.243413,-1.109279,-1.413978,0.696213,1.843493,-1.284235,1.074462,0.98674,1.437158,2.143753,-1.338748,-0.269024,-1.525464,1.27163,1.646562,-1.26767,-0.76157,-1.525539,1.296204,1.552444,-1.252159,0.360747,-1.440779,1.172652,1.637529,-0.870379,1.113486,-1.383032,1.45944,1.614511,-1.609797,-1.466826,-0.828815,1.527943,1.283451,-1.589648,-1.483511,0.97581,-1.356046,1.40536,-0.813185,-1.376334,-1.264074,-1.807433,0.750681,-1.281817,-0.713773,-1.564792,-0.197789,1.409733,0.954514,1.268829,-0.87984,1.323546,2.025415,-1.580016,-0.062812,-1.438663,1.39498,1.311405,-1.233005,-0.661488,-1.621256,1.383699,1.363572,-1.500329,1.803243,-1.566184,1.301018,1.481757,-0.748014,1.815816,1.280776,1.309345,1.330357,-1.556066,-0.570008,0.052022,1.260518,1.61231,-1.499134,-1.105839,0.889336,1.526222,1.840563,-1.502465,-0.335993,-1.352139,-0.546024,0.576002,-1.688285,-1.811629,1.159998,-1.802445,1.460153,-1.37914,1.339521,2.135163,-1.434919,1.577686,-1.476902,-1.379991,0.601549,-0.526137,0.979056,-0.720271,1.9559,-1.72763,1.207546,1.40452,2.017938,-0.052891,-1.789467,1.279494,1.384319,1.024364,0.450096,-1.552884,1.190923,1.365883,-1.327962,-1.426355,-1.85216,-0.985613,2.020042,-1.190546,-1.544959,-1.094467,0.038229,1.709865,-1.085415,-0.526949,-1.520805,-1.637801,1.80651,-1.541438,-1.908119,-0.625664,-1.781575,1.583455,-0.987995,-1.299995,0.655544,-1.652258,1.499047,-1.213354,-1.018113,-2.116983,-1.609975,1.758449,-0.610317,-1.119117,-1.930563,-0.884962,1.635215,-0.92048,-0.920521,-1.613474,-1.3167,-0.313425,-1.090144,-1.043349,-1.423414,-0.95619,-0.78369,-1.582251,0.139843,-0.193852,-1.378674,1.629604,-0.106542
266.0,81.0,62.6,3.0,7.0,37891.0,38157.0,-0.840468,-1.147883,-0.504578,2.233058,-0.56353,-0.792082,-1.046975,-1.148559,1.320646,1.660906,-0.896733,-0.738899,-0.820021,1.904356,-0.684739,-0.98928,-1.330606,-1.562189,1.745904,1.523164,-0.884254,-0.829059,-1.584182,1.670119,-0.352834,-1.400868,-1.423252,-0.969206,-0.802396,-0.35247,-1.157489,-1.429933,-1.056098,1.536308,0.541064,-1.351188,-1.388643,-1.45167,1.357538,1.528409,-1.251005,-1.40089,-2.076896,1.162241,1.648918,-1.12065,-1.106727,-2.246944,1.101467,1.808727,-1.122817,-1.353998,-1.782022,0.996759,1.941612,-1.049943,-1.026985,-1.50762,1.399753,0.447564,-0.961654,0.315458,-1.426687,0.021401,1.768239,-1.139262,-0.068172,-1.299299,1.769774,1.898641,-1.595998,-1.418129,-1.280083,1.39213,1.612294,-1.389581,-1.353265,-1.303849,1.431067,1.378064,-1.328339,-1.187651,-1.400393,1.125755,1.681844,-1.243413,-1.109279,-1.413978,0.696213,1.843493,-1.284235,1.074462,0.98674,1.437158,2.143753,-1.338748,-0.269024,-1.525464,1.27163,1.646562,-1.26767,-0.76157,-1.525539,1.296204,1.552444,-1.252159,0.360747,-1.440779,1.172652,1.637529,-0.870379,1.113486,-1.383032,1.45944,1.614511,-1.609797,-1.466826,-0.828815,1.527943,1.283451,-1.589648,-1.483511,0.97581,-1.356046,1.40536,-0.813185,-1.376334,-1.264074,-1.807433,0.750681,-1.281817,-0.713773,-1.564792,-0.197789,1.409733,0.954514,1.268829,-0.87984,1.323546,2.025415,-1.580016,-0.062812,-1.438663,1.39498,1.311405,-1.233005,-0.661488,-1.621256,1.383699,1.363572,-1.500329,1.803243,-1.566184,1.301018,1.481757,-0.748014,1.815816,1.280776,1.309345,1.330357,-1.556066,-0.570008,0.052022,1.260518,1.61231,-1.499134,-1.105839,0.889336,1.526222,1.840563,-1.502465,-0.335993,-1.352139,-0.546024,0.576002,-1.688285,-1.811629,1.159998,-1.802445,1.460153,-1.37914,1.339521,2.135163,-1.434919,1.577686,-1.476902,-1.379991,0.601549,-0.526137,0.979056,-0.720271,1.9559,-1.72763,1.207546,1.40452,2.017938,-0.052891,-1.789467,1.279494,1.384319,1.024364,0.450096,-1.552884,1.190923,1.365883,-1.327962,-1.426355,-1.85216,-0.985613,2.020042,-1.190546,-1.544959,-1.094467,0.038229,1.709865,-1.085415,-0.526949,-1.520805,-1.637801,1.80651,-1.541438,-1.908119,-0.625664,-1.781575,1.583455,-0.987995,-1.299995,0.655544,-1.652258,1.499047,-1.213354,-1.018113,-2.116983,-1.609975,1.758449,-0.610317,-1.119117,-1.930563,-0.884962,1.635215,-0.92048,-0.920521,-1.613474,-1.3167,-0.313425,-1.090144,-1.043349,-1.423414,-0.95619,-0.78369,-1.582251,0.139843,-0.193852,-1.378674,1.629604,-0.106542
101.0,82.0,58.3,1.0,2.0,38157.0,38258.0,-0.840468,-1.147883,-0.504578,2.233058,-0.56353,-0.792082,-1.046975,-1.148559,1.320646,1.660906,-0.896733,-0.738899,-0.820021,1.904356,-0.684739,-0.98928,-1.330606,-1.562189,1.745904,1.523164,-0.884254,-0.829059,-1.584182,1.670119,-0.352834,-1.400868,-1.423252,-0.969206,-0.802396,-0.35247,-1.157489,-1.429933,-1.056098,1.536308,0.541064,-1.351188,-1.388643,-1.45167,1.357538,1.528409,-1.251005,-1.40089,-2.076896,1.162241,1.648918,-1.12065,-1.106727,-2.246944,1.101467,1.808727,-1.122817,-1.353998,-1.782022,0.996759,1.941612,-1.049943,-1.026985,-1.50762,1.399753,0.447564,-0.961654,0.315458,-1.426687,0.021401,1.768239,-1.139262,-0.068172,-1.299299,1.769774,1.898641,-1.595998,-1.418129,-1.280083,1.39213,1.612294,-1.389581,-1.353265,-1.303849,1.431067,1.378064,-1.328339,-1.187651,-1.400393,1.125755,1.681844,-1.243413,-1.109279,-1.413978,0.696213,1.843493,-1.284235,1.074462,0.98674,1.437158,2.143753,-1.338748,-0.269024,-1.525464,1.27163,1.646562,-1.26767,-0.76157,-1.525539,1.296204,1.552444,-1.252159,0.360747,-1.440779,1.172652,1.637529,-0.870379,1.113486,-1.383032,1.45944,1.614511,-1.609797,-1.466826,-0.828815,1.527943,1.283451,-1.589648,-1.483511,0.97581,-1.356046,1.40536,-0.813185,-1.376334,-1.264074,-1.807433,0.750681,-1.281817,-0.713773,-1.564792,-0.197789,1.409733,0.954514,1.268829,-0.87984,1.323546,2.025415,-1.580016,-0.062812,-1.438663,1.39498,1.311405,-1.233005,-0.661488,-1.621256,1.383699,1.363572,-1.500329,1.803243,-1.566184,1.301018,1.481757,-0.748014,1.815816,1.280776,1.309345,1.330357,-1.556066,-0.570008,0.052022,1.260518,1.61231,-1.499134,-1.105839,0.889336,1.526222,1.840563,-1.502465,-0.335993,-1.352139,-0.546024,0.576002,-1.688285,-1.811629,1.159998,-1.802445,1.460153,-1.37914,1.339521,2.135163,-1.434919,1.577686,-1.476902,-1.379991,0.601549,-0.526137,0.979056,-0.720271,1.9559,-1.72763,1.207546,1.40452,2.017938,-0.052891,-1.789467,1.279494,1.384319,1.024364,0.450096,-1.552884,1.190923,1.365883,-1.327962,-1.426355,-1.85216,-0.985613,2.020042,-1.190546,-1.544959,-1.094467,0.038229,1.709865,-1.085415,-0.526949,-1.520805,-1.637801,1.80651,-1.541438,-1.908119,-0.625664,-1.781575,1.583455,-0.987995,-1.299995,0.655544,-1.652258,1.499047,-1.213354,-1.018113,-2.116983,-1.609975,1.758449,-0.610317,-1.119117,-1.930563,-0.884962,1.635215,-0.92048,-0.920521,-1.613474,-1.3167,-0.313425,-1.090144,-1.043349,-1.423414,-0.95619,-0.78369,-1.582251,0.139843,-0.193852,-1.378674,1.629604,-0.106542
233.0,83.1,56.7,3.0,8.0,38258.0,38491.0,-0.840468,-1.147883,-0.504578,2.233058,-0.56353,-0.792082,-1.046975,-1.148559,1.320646,1.660906,-0.896733,-0.738899,-0.820021,1.904356,-0.684739,-0.98928,-1.330606,-1.562189,1.745904,1.523164,-0.884254,-0.829059,-1.584182,1.670119,-0.352834,-1.400868,-1.423252,-0.969206,-0.802396,-0.35247,-1.157489,-1.429933,-1.056098,1.536308,0.541064,-1.351188,-1.388643,-1.45167,1.357538,1.528409,-1.251005,-1.40089,-2.076896,1.162241,1.648918,-1.12065,-1.106727,-2.246944,1.101467,1.808727,-1.122817,-1.353998,-1.782022,0.996759,1.941612,-1.049943,-1.026985,-1.50762,1.399753,0.447564,-0.961654,0.315458,-1.426687,0.021401,1.768239,-1.139262,-0.068172,-1.299299,1.769774,1.898641,-1.595998,-1.418129,-1.280083,1.39213,1.612294,-1.389581,-1.353265,-1.303849,1.431067,1.378064,-1.328339,-1.187651,-1.400393,1.125755,1.681844,-1.243413,-1.109279,-1.413978,0.696213,1.843493,-1.284235,1.074462,0.98674,1.437158,2.143753,-1.338748,-0.269024,-1.525464,1.27163,1.646562,-1.26767,-0.76157,-1.525539,1.296204,1.552444,-1.252159,0.360747,-1.440779,1.172652,1.637529,-0.870379,1.113486,-1.383032,1.45944,1.614511,-1.609797,-1.466826,-0.828815,1.527943,1.283451,-1.589648,-1.483511,0.97581,-1.356046,1.40536,-0.813185,-1.376334,-1.264074,-1.807433,0.750681,-1.281817,-0.713773,-1.564792,-0.197789,1.409733,0.954514,1.268829,-0.87984,1.323546,2.025415,-1.580016,-0.062812,-1.438663,1.39498,1.311405,-1.233005,-0.661488,-1.621256,1.383699,1.363572,-1.500329,1.803243,-1.566184,1.301018,1.481757,-0.748014,1.815816,1.280776,1.309345,1.330357,-1.556066,-0.570008,0.052022,1.260518,1.61231,-1.499134,-1.105839,0.889336,1.526222,1.840563,-1.502465,-0.335993,-1.352139,-0.546024,0.576002,-1.688285,-1.811629,1.159998,-1.802445,1.460153,-1.37914,1.339521,2.135163,-1.434919,1.577686,-1.476902,-1.379991,0.601549,-0.526137,0.979056,-0.720271,1.9559,-1.72763,1.207546,1.40452,2.017938,-0.052891,-1.789467,1.279494,1.384319,1.024364,0.450096,-1.552884,1.190923,1.365883,-1.327962,-1.426355,-1.85216,-0.985613,2.020042,-1.190546,-1.544959,-1.094467,0.038229,1.709865,-1.085415,-0.526949,-1.520805,-1.637801,1.80651,-1.541438,-1.908119,-0.625664,-1.781575,1.583455,-0.987995,-1.299995,0.655544,-1.652258,1.499047,-1.213354,-1.018113,-2.116983,-1.609975,1.758449,-0.610317,-1.119117,-1.930563,-0.884962,1.635215,-0.92048,-0.920521,-1.613474,-1.3167,-0.313425,-1.090144,-1.043349,-1.423414,-0.95619,-0.78369,-1.582251,0.139843,-0.193852,-1.378674,1.629604,-0.106542
1164.0,79.1,52.1,9.0,17.0,38491.0,39655.0,-0.840468,-1.147883,-0.504578,2.233058,-0.56353,-0.792082,-1.046975,-1.148559,1.320646,1.660906,-0.896733,-0.738899,-0.820021,1.904356,-0.684739,-0.98928,-1.330606,-1.562189,1.745904,1.523164,-0.884254,-0.829059,-1.584182,1.670119,-0.352834,-1.400868,-1.423252,-0.969206,-0.802396,-0.35247,-1.157489,-1.429933,-1.056098,1.536308,0.541064,-1.351188,-1.388643,-1.45167,1.357538,1.528409,-1.251005,-1.40089,-2.076896,1.162241,1.648918,-1.12065,-1.106727,-2.246944,1.101467,1.808727,-1.122817,-1.353998,-1.782022,0.996759,1.941612,-1.049943,-1.026985,-1.50762,1.399753,0.447564,-0.961654,0.315458,-1.426687,0.021401,1.768239,-1.139262,-0.068172,-1.299299,1.769774,1.898641,-1.595998,-1.418129,-1.280083,1.39213,1.612294,-1.389581,-1.353265,-1.303849,1.431067,1.378064,-1.328339,-1.187651,-1.400393,1.125755,1.681844,-1.243413,-1.109279,-1.413978,0.696213,1.843493,-1.284235,1.074462,0.98674,1.437158,2.143753,-1.338748,-0.269024,-1.525464,1.27163,1.646562,-1.26767,-0.76157,-1.525539,1.296204,1.552444,-1.252159,0.360747,-1.440779,1.172652,1.637529,-0.870379,1.113486,-1.383032,1.45944,1.614511,-1.609797,-1.466826,-0.828815,1.527943,1.283451,-1.589648,-1.483511,0.97581,-1.356046,1.40536,-0.813185,-1.376334,-1.264074,-1.807433,0.750681,-1.281817,-0.713773,-1.564792,-0.197789,1.409733,0.954514,1.268829,-0.87984,1.323546,2.025415,-1.580016,-0.062812,-1.438663,1.39498,1.311405,-1.233005,-0.661488,-1.621256,1.383699,1.363572,-1.500329,1.803243,-1.566184,1.301018,1.481757,-0.748014,1.815816,1.280776,1.309345,1.330357,-1.556066,-0.570008,0.052022,1.260518,1.61231,-1.499134,-1.105839,0.889336,1.526222,1.840563,-1.502465,-0.335993,-1.352139,-0.546024,0.576002,-1.688285,-1.811629,1.159998,-1.802445,1.460153,-1.37914,1.339521,2.135163,-1.434919,1.577686,-1.476902,-1.379991,0.601549,-0.526137,0.979056,-0.720271,1.9559,-1.72763,1.207546,1.40452,2.017938,-0.052891,-1.789467,1.279494,1.384319,1.024364,0.450096,-1.552884,1.190923,1.365883,-1.327962,-1.426355,-1.85216,-0.985613,2.020042,-1.190546,-1.544959,-1.094467,0.038229,1.709865,-1.085415,-0.526949,-1.520805,-1.637801,1.80651,-1.541438,-1.908119,-0.625664,-1.781575,1.583455,-0.987995,-1.299995,0.655544,-1.652258,1.499047,-1.213354,-1.018113,-2.116983,-1.609975,1.758449,-0.610317,-1.119117,-1.930563,-0.884962,1.635215,-0.92048,-0.920521,-1.613474,-1.3167,-0.313425,-1.090144,-1.043349,-1.423414,-0.95619,-0.78369,-1.582251,0.139843,-0.193852,-1.378674,1.629604,-0.106542
233.0,78.9,55.6,3.0,13.0,39655.0,39888.0,0.99311,1.047178,0.87084,-0.309661,1.481042,0.976395,1.035984,0.905988,-1.018579,-0.363456,1.003661,1.015645,1.003986,-0.598366,1.317961,1.016743,1.051465,0.983869,-0.858972,0.266372,1.024332,1.004512,0.951645,-0.482213,1.356144,1.083695,1.03097,0.963534,1.050292,0.975582,1.079376,1.037641,0.98335,-0.030172,0.604558,1.067978,1.054948,1.023644,-1.088032,-0.74211,1.090771,1.080945,0.863962,-1.027985,-0.21963,1.093369,1.107241,0.724047,-1.025073,-0.174968,1.058776,1.03159,0.862073,-1.035116,0.127264,1.024917,1.050102,1.029164,-0.810664,1.239503,1.059913,0.998924,1.110516,-0.075442,-0.723835,1.086857,1.129203,1.138477,-0.619073,-0.691595,1.11958,0.998684,1.022637,-1.025508,-1.038502,1.126925,1.026395,0.967643,-1.074631,-1.02075,1.120321,1.05238,1.005029,-1.187473,-0.881391,1.167058,1.107244,0.964355,-1.074857,-0.703911,1.153984,-1.220892,-0.571416,-1.049378,-0.226744,1.110761,0.992469,1.015072,-1.054686,-0.948504,1.060446,1.084793,1.033407,-1.04161,-1.004121,1.118351,1.035196,1.064453,-0.963947,-0.873886,1.127383,0.822734,1.119305,-0.960121,-0.983487,1.138172,0.87099,-0.040838,-1.050974,-1.075548,1.089766,0.979041,0.292036,-0.045455,-0.328942,1.269657,0.926654,0.979971,0.597483,1.119664,1.187989,0.901817,0.870337,-1.040798,-1.126511,-1.032302,-1.282126,0.917183,-1.114978,-0.821384,1.05125,0.681789,1.054594,-1.037493,-0.863298,1.115986,1.217887,0.92056,-1.077365,-0.987143,1.079302,0.205807,0.88747,-1.066316,-1.035219,0.657442,0.381704,-1.069999,-1.099241,-1.096488,1.084724,-1.246137,-1.304689,-1.198796,-1.044889,1.047439,-0.909966,-1.521224,-1.155549,-0.844557,0.970743,-1.007444,-0.681333,-1.519521,0.447204,1.429729,-0.298145,-1.162114,0.906983,-1.116405,1.214085,-0.953132,-0.887422,1.152426,0.692288,1.202268,1.098292,-1.068834,-0.566639,-1.065028,0.171089,-0.322871,0.736402,-1.116019,-0.309502,-0.301258,0.844242,0.775732,-1.168266,-1.20223,-0.949505,0.778817,0.93914,-1.14729,-1.132161,0.895113,-0.757432,0.427939,0.725752,-0.992005,0.885152,0.743134,0.883036,0.768137,-0.118077,0.924999,-1.13625,-0.619603,-0.732385,-0.454721,0.963276,0.35553,-0.831479,0.689512,-1.075357,1.209182,1.210847,-0.960256,0.929877,-1.085832,1.242236,1.241454,0.526984,0.351327,-1.022407,1.282512,1.096903,0.652494,-0.764656,-1.126473,0.989923,0.912441,0.862161,0.821815,0.606603,0.964774,0.940314,0.924474,0.738988,0.808575,0.890531,-1.224947,-1.069066,1.014119,-1.088816,0.789673
665.0,80.5,59.6,5.0,7.0,39888.0,40553.0,-0.840468,-1.147883,-0.504578,2.233058,-0.56353,-0.792082,-1.046975,-1.148559,1.320646,1.660906,-0.896733,-0.738899,-0.820021,1.904356,-0.684739,-0.98928,-1.330606,-1.562189,1.745904,1.523164,-0.884254,-0.829059,-1.584182,1.670119,-0.352834,-1.400868,-1.423252,-0.969206,-0.802396,-0.35247,-1.157489,-1.429933,-1.056098,1.536308,0.541064,-1.351188,-1.388643,-1.45167,1.357538,1.528409,-1.251005,-1.40089,-2.076896,1.162241,1.648918,-1.12065,-1.106727,-2.246944,1.101467,1.808727,-1.122817,-1.353998,-1.782022,0.996759,1.941612,-1.049943,-1.026985,-1.50762,1.399753,0.447564,-0.961654,0.315458,-1.426687,0.021401,1.768239,-1.139262,-0.068172,-1.299299,1.769774,1.898641,-1.595998,-1.418129,-1.280083,1.39213,1.612294,-1.389581,-1.353265,-1.303849,1.431067,1.378064,-1.328339,-1.187651,-1.400393,1.125755,1.681844,-1.243413,-1.109279,-1.413978,0.696213,1.843493,-1.284235,1.074462,0.98674,1.437158,2.143753,-1.338748,-0.269024,-1.525464,1.27163,1.646562,-1.26767,-0.76157,-1.525539,1.296204,1.552444,-1.252159,0.360747,-1.440779,1.172652,1.637529,-0.870379,1.113486,-1.383032,1.45944,1.614511,-1.609797,-1.466826,-0.828815,1.527943,1.283451,-1.589648,-1.483511,0.97581,-1.356046,1.40536,-0.813185,-1.376334,-1.264074,-1.807433,0.750681,-1.281817,-0.713773,-1.564792,-0.197789,1.409733,0.954514,1.268829,-0.87984,1.323546,2.025415,-1.580016,-0.062812,-1.438663,1.39498,1.311405,-1.233005,-0.661488,-1.621256,1.383699,1.363572,-1.500329,1.803243,-1.566184,1.301018,1.481757,-0.748014,1.815816,1.280776,1.309345,1.330357,-1.556066,-0.570008,0.052022,1.260518,1.61231,-1.499134,-1.105839,0.889336,1.526222,1.840563,-1.502465,-0.335993,-1.352139,-0.546024,0.576002,-1.688285,-1.811629,1.159998,-1.802445,1.460153,-1.37914,1.339521,2.135163,-1.434919,1.577686,-1.476902,-1.379991,0.601549,-0.526137,0.979056,-0.720271,1.9559,-1.72763,1.207546,1.40452,2.017938,-0.052891,-1.789467,1.279494,1.384319,1.024364,0.450096,-1.552884,1.190923,1.365883,-1.327962,-1.426355,-1.85216,-0.985613,2.020042,-1.190546,-1.544959,-1.094467,0.038229,1.709865,-1.085415,-0.526949,-1.520805,-1.637801,1.80651,-1.541438,-1.908119,-0.625664,-1.781575,1.583455,-0.987995,-1.299995,0.655544,-1.652258,1.499047,-1.213354,-1.018113,-2.116983,-1.609975,1.758449,-0.610317,-1.119117,-1.930563,-0.884962,1.635215,-0.92048,-0.920521,-1.613474,-1.3167,-0.313425,-1.090144,-1.043349,-1.423414,-0.95619,-0.78369,-1.582251,0.139843,-0.193852,-1.378674,1.629604,-0.106542
166.0,80.0,52.6,1.0,1.0,40553.0,40719.0,-0.840468,-1.147883,-0.504578,2.233058,-0.56353,-0.792082,-1.046975,-1.148559,1.320646,1.660906,-0.896733,-0.738899,-0.820021,1.904356,-0.684739,-0.98928,-1.330606,-1.562189,1.745904,1.523164,-0.884254,-0.829059,-1.584182,1.670119,-0.352834,-1.400868,-1.423252,-0.969206,-0.802396,-0.35247,-1.157489,-1.429933,-1.056098,1.536308,0.541064,-1.351188,-1.388643,-1.45167,1.357538,1.528409,-1.251005,-1.40089,-2.076896,1.162241,1.648918,-1.12065,-1.106727,-2.246944,1.101467,1.808727,-1.122817,-1.353998,-1.782022,0.996759,1.941612,-1.049943,-1.026985,-1.50762,1.399753,0.447564,-0.961654,0.315458,-1.426687,0.021401,1.768239,-1.139262,-0.068172,-1.299299,1.769774,1.898641,-1.595998,-1.418129,-1.280083,1.39213,1.612294,-1.389581,-1.353265,-1.303849,1.431067,1.378064,-1.328339,-1.187651,-1.400393,1.125755,1.681844,-1.243413,-1.109279,-1.413978,0.696213,1.843493,-1.284235,1.074462,0.98674,1.437158,2.143753,-1.338748,-0.269024,-1.525464,1.27163,1.646562,-1.26767,-0.76157,-1.525539,1.296204,1.552444,-1.252159,0.360747,-1.440779,1.172652,1.637529,-0.870379,1.113486,-1.383032,1.45944,1.614511,-1.609797,-1.466826,-0.828815,1.527943,1.283451,-1.589648,-1.483511,0.97581,-1.356046,1.40536,-0.813185,-1.376334,-1.264074,-1.807433,0.750681,-1.281817,-0.713773,-1.564792,-0.197789,1.409733,0.954514,1.268829,-0.87984,1.323546,2.025415,-1.580016,-0.062812,-1.438663,1.39498,1.311405,-1.233005,-0.661488,-1.621256,1.383699,1.363572,-1.500329,1.803243,-1.566184,1.301018,1.481757,-0.748014,1.815816,1.280776,1.309345,1.330357,-1.556066,-0.570008,0.052022,1.260518,1.61231,-1.499134,-1.105839,0.889336,1.526222,1.840563,-1.502465,-0.335993,-1.352139,-0.546024,0.576002,-1.688285,-1.811629,1.159998,-1.802445,1.460153,-1.37914,1.339521,2.135163,-1.434919,1.577686,-1.476902,-1.379991,0.601549,-0.526137,0.979056,-0.720271,1.9559,-1.72763,1.207546,1.40452,2.017938,-0.052891,-1.789467,1.279494,1.384319,1.024364,0.450096,-1.552884,1.190923,1.365883,-1.327962,-1.426355,-1.85216,-0.985613,2.020042,-1.190546,-1.544959,-1.094467,0.038229,1.709865,-1.085415,-0.526949,-1.520805,-1.637801,1.80651,-1.541438,-1.908119,-0.625664,-1.781575,1.583455,-0.987995,-1.299995,0.655544,-1.652258,1.499047,-1.213354,-1.018113,-2.116983,-1.609975,1.758449,-0.610317,-1.119117,-1.930563,-0.884962,1.635215,-0.92048,-0.920521,-1.613474,-1.3167,-0.313425,-1.090144,-1.043349,-1.423414,-0.95619,-0.78369,-1.582251,0.139843,-0.193852,-1.378674,1.629604,-0.106542
332.0,81.8,54.2,3.0,5.0,40719.0,41051.0,-0.840468,-1.147883,-0.504578,2.233058,-0.56353,-0.792082,-1.046975,-1.148559,1.320646,1.660906,-0.896733,-0.738899,-0.820021,1.904356,-0.684739,-0.98928,-1.330606,-1.562189,1.745904,1.523164,-0.884254,-0.829059,-1.584182,1.670119,-0.352834,-1.400868,-1.423252,-0.969206,-0.802396,-0.35247,-1.157489,-1.429933,-1.056098,1.536308,0.541064,-1.351188,-1.388643,-1.45167,1.357538,1.528409,-1.251005,-1.40089,-2.076896,1.162241,1.648918,-1.12065,-1.106727,-2.246944,1.101467,1.808727,-1.122817,-1.353998,-1.782022,0.996759,1.941612,-1.049943,-1.026985,-1.50762,1.399753,0.447564,-0.961654,0.315458,-1.426687,0.021401,1.768239,-1.139262,-0.068172,-1.299299,1.769774,1.898641,-1.595998,-1.418129,-1.280083,1.39213,1.612294,-1.389581,-1.353265,-1.303849,1.431067,1.378064,-1.328339,-1.187651,-1.400393,1.125755,1.681844,-1.243413,-1.109279,-1.413978,0.696213,1.843493,-1.284235,1.074462,0.98674,1.437158,2.143753,-1.338748,-0.269024,-1.525464,1.27163,1.646562,-1.26767,-0.76157,-1.525539,1.296204,1.552444,-1.252159,0.360747,-1.440779,1.172652,1.637529,-0.870379,1.113486,-1.383032,1.45944,1.614511,-1.609797,-1.466826,-0.828815,1.527943,1.283451,-1.589648,-1.483511,0.97581,-1.356046,1.40536,-0.813185,-1.376334,-1.264074,-1.807433,0.750681,-1.281817,-0.713773,-1.564792,-0.197789,1.409733,0.954514,1.268829,-0.87984,1.323546,2.025415,-1.580016,-0.062812,-1.438663,1.39498,1.311405,-1.233005,-0.661488,-1.621256,1.383699,1.363572,-1.500329,1.803243,-1.566184,1.301018,1.481757,-0.748014,1.815816,1.280776,1.309345,1.330357,-1.556066,-0.570008,0.052022,1.260518,1.61231,-1.499134,-1.105839,0.889336,1.526222,1.840563,-1.502465,-0.335993,-1.352139,-0.546024,0.576002,-1.688285,-1.811629,1.159998,-1.802445,1.460153,-1.37914,1.339521,2.135163,-1.434919,1.577686,-1.476902,-1.379991,0.601549,-0.526137,0.979056,-0.720271,1.9559,-1.72763,1.207546,1.40452,2.017938,-0.052891,-1.789467,1.279494,1.384319,1.024364,0.450096,-1.552884,1.190923,1.365883,-1.327962,-1.426355,-1.85216,-0.985613,2.020042,-1.190546,-1.544959,-1.094467,0.038229,1.709865,-1.085415,-0.526949,-1.520805,-1.637801,1.80651,-1.541438,-1.908119,-0.625664,-1.781575,1.583455,-0.987995,-1.299995,0.655544,-1.652258,1.499047,-1.213354,-1.018113,-2.116983,-1.609975,1.758449,-0.610317,-1.119117,-1.930563,-0.884962,1.635215,-0.92048,-0.920521,-1.613474,-1.3167,-0.313425,-1.090144,-1.043349,-1.423414,-0.95619,-0.78369,-1.582251,0.139843,-0.193852,-1.378674,1.629604,-0.106542
237.0,83.0,57.1,3.0,7.0,41051.0,41288.0,-0.840468,-1.147883,-0.504578,2.233058,-0.56353,-0.792082,-1.046975,-1.148559,1.320646,1.660906,-0.896733,-0.738899,-0.820021,1.904356,-0.684739,-0.98928,-1.330606,-1.562189,1.745904,1.523164,-0.884254,-0.829059,-1.584182,1.670119,-0.352834,-1.400868,-1.423252,-0.969206,-0.802396,-0.35247,-1.157489,-1.429933,-1.056098,1.536308,0.541064,-1.351188,-1.388643,-1.45167,1.357538,1.528409,-1.251005,-1.40089,-2.076896,1.162241,1.648918,-1.12065,-1.106727,-2.246944,1.101467,1.808727,-1.122817,-1.353998,-1.782022,0.996759,1.941612,-1.049943,-1.026985,-1.50762,1.399753,0.447564,-0.961654,0.315458,-1.426687,0.021401,1.768239,-1.139262,-0.068172,-1.299299,1.769774,1.898641,-1.595998,-1.418129,-1.280083,1.39213,1.612294,-1.389581,-1.353265,-1.303849,1.431067,1.378064,-1.328339,-1.187651,-1.400393,1.125755,1.681844,-1.243413,-1.109279,-1.413978,0.696213,1.843493,-1.284235,1.074462,0.98674,1.437158,2.143753,-1.338748,-0.269024,-1.525464,1.27163,1.646562,-1.26767,-0.76157,-1.525539,1.296204,1.552444,-1.252159,0.360747,-1.440779,1.172652,1.637529,-0.870379,1.113486,-1.383032,1.45944,1.614511,-1.609797,-1.466826,-0.828815,1.527943,1.283451,-1.589648,-1.483511,0.97581,-1.356046,1.40536,-0.813185,-1.376334,-1.264074,-1.807433,0.750681,-1.281817,-0.713773,-1.564792,-0.197789,1.409733,0.954514,1.268829,-0.87984,1.323546,2.025415,-1.580016,-0.062812,-1.438663,1.39498,1.311405,-1.233005,-0.661488,-1.621256,1.383699,1.363572,-1.500329,1.803243,-1.566184,1.301018,1.481757,-0.748014,1.815816,1.280776,1.309345,1.330357,-1.556066,-0.570008,0.052022,1.260518,1.61231,-1.499134,-1.105839,0.889336,1.526222,1.840563,-1.502465,-0.335993,-1.352139,-0.546024,0.576002,-1.688285,-1.811629,1.159998,-1.802445,1.460153,-1.37914,1.339521,2.135163,-1.434919,1.577686,-1.476902,-1.379991,0.601549,-0.526137,0.979056,-0.720271,1.9559,-1.72763,1.207546,1.40452,2.017938,-0.052891,-1.789467,1.279494,1.384319,1.024364,0.450096,-1.552884,1.190923,1.365883,-1.327962,-1.426355,-1.85216,-0.985613,2.020042,-1.190546,-1.544959,-1.094467,0.038229,1.709865,-1.085415,-0.526949,-1.520805,-1.637801,1.80651,-1.541438,-1.908119,-0.625664,-1.781575,1.583455,-0.987995,-1.299995,0.655544,-1.652258,1.499047,-1.213354,-1.018113,-2.116983,-1.609975,1.758449,-0.610317,-1.119117,-1.930563,-0.884962,1.635215,-0.92048,-0.920521,-1.613474,-1.3167,-0.313425,-1.090144,-1.043349,-1.423414,-0.95619,-0.78369,-1.582251,0.139843,-0.193852,-1.378674,1.629604,-0.106542
365.0,73.1,50.0,33.0,18.0,3324.0,3689.0,-0.840468,-1.147883,-0.504578,2.233058,-0.56353,-0.792082,-1.046975,-1.148559,1.320646,1.660906,-0.896733,-0.738899,-0.820021,1.904356,-0.684739,-0.98928,-1.330606,-1.562189,1.745904,1.523164,-0.884254,-0.829059,-1.584182,1.670119,-0.352834,-1.400868,-1.423252,-0.969206,-0.802396,-0.35247,-1.157489,-1.429933,-1.056098,1.536308,0.541064,-1.351188,-1.388643,-1.45167,1.357538,1.528409,-1.251005,-1.40089,-2.076896,1.162241,1.648918,-1.12065,-1.106727,-2.246944,1.101467,1.808727,-1.122817,-1.353998,-1.782022,0.996759,1.941612,-1.049943,-1.026985,-1.50762,1.399753,0.447564,-0.961654,0.315458,-1.426687,0.021401,1.768239,-1.139262,-0.068172,-1.299299,1.769774,1.898641,-1.595998,-1.418129,-1.280083,1.39213,1.612294,-1.389581,-1.353265,-1.303849,1.431067,1.378064,-1.328339,-1.187651,-1.400393,1.125755,1.681844,-1.243413,-1.109279,-1.413978,0.696213,1.843493,-1.284235,1.074462,0.98674,1.437158,2.143753,-1.338748,-0.269024,-1.525464,1.27163,1.646562,-1.26767,-0.76157,-1.525539,1.296204,1.552444,-1.252159,0.360747,-1.440779,1.172652,1.637529,-0.870379,1.113486,-1.383032,1.45944,1.614511,-1.609797,-1.466826,-0.828815,1.527943,1.283451,-1.589648,-1.483511,0.97581,-1.356046,1.40536,-0.813185,-1.376334,-1.264074,-1.807433,0.750681,-1.281817,-0.713773,-1.564792,-0.197789,1.409733,0.954514,1.268829,-0.87984,1.323546,2.025415,-1.580016,-0.062812,-1.438663,1.39498,1.311405,-1.233005,-0.661488,-1.621256,1.383699,1.363572,-1.500329,1.803243,-1.566184,1.301018,1.481757,-0.748014,1.815816,1.280776,1.309345,1.330357,-1.556066,-0.570008,0.052022,1.260518,1.61231,-1.499134,-1.105839,0.889336,1.526222,1.840563,-1.502465,-0.335993,-1.352139,-0.546024,0.576002,-1.688285,-1.811629,1.159998,-1.802445,1.460153,-1.37914,1.339521,2.135163,-1.434919,1.577686,-1.476902,-1.379991,0.601549,-0.526137,0.979056,-0.720271,1.9559,-1.72763,1.207546,1.40452,2.017938,-0.052891,-1.789467,1.279494,1.384319,1.024364,0.450096,-1.552884,1.190923,1.365883,-1.327962,-1.426355,-1.85216,-0.985613,2.020042,-1.190546,-1.544959,-1.094467,0.038229,1.709865,-1.085415,-0.526949,-1.520805,-1.637801,1.80651,-1.541438,-1.908119,-0.625664,-1.781575,1.583455,-0.987995,-1.299995,0.655544,-1.652258,1.499047,-1.213354,-1.018113,-2.116983,-1.609975,1.758449,-0.610317,-1.119117,-1.930563,-0.884962,1.635215,-0.92048,-0.920521,-1.613474,-1.3167,-0.313425,-1.090144,-1.043349,-1.423414,-0.95619,-0.78369,-1.582251,0.139843,-0.193852,-1.378674,1.629604,-0.106542
133.0,82.8,57.0,4.0,1.0,41288.0,41421.0,-0.840468,-1.147883,-0.504578,2.233058,-0.56353,-0.792082,-1.046975,-1.148559,1.320646,1.660906,-0.896733,-0.738899,-0.820021,1.904356,-0.684739,-0.98928,-1.330606,-1.562189,1.745904,1.523164,-0.884254,-0.829059,-1.584182,1.670119,-0.352834,-1.400868,-1.423252,-0.969206,-0.802396,-0.35247,-1.157489,-1.429933,-1.056098,1.536308,0.541064,-1.351188,-1.388643,-1.45167,1.357538,1.528409,-1.251005,-1.40089,-2.076896,1.162241,1.648918,-1.12065,-1.106727,-2.246944,1.101467,1.808727,-1.122817,-1.353998,-1.782022,0.996759,1.941612,-1.049943,-1.026985,-1.50762,1.399753,0.447564,-0.961654,0.315458,-1.426687,0.021401,1.768239,-1.139262,-0.068172,-1.299299,1.769774,1.898641,-1.595998,-1.418129,-1.280083,1.39213,1.612294,-1.389581,-1.353265,-1.303849,1.431067,1.378064,-1.328339,-1.187651,-1.400393,1.125755,1.681844,-1.243413,-1.109279,-1.413978,0.696213,1.843493,-1.284235,1.074462,0.98674,1.437158,2.143753,-1.338748,-0.269024,-1.525464,1.27163,1.646562,-1.26767,-0.76157,-1.525539,1.296204,1.552444,-1.252159,0.360747,-1.440779,1.172652,1.637529,-0.870379,1.113486,-1.383032,1.45944,1.614511,-1.609797,-1.466826,-0.828815,1.527943,1.283451,-1.589648,-1.483511,0.97581,-1.356046,1.40536,-0.813185,-1.376334,-1.264074,-1.807433,0.750681,-1.281817,-0.713773,-1.564792,-0.197789,1.409733,0.954514,1.268829,-0.87984,1.323546,2.025415,-1.580016,-0.062812,-1.438663,1.39498,1.311405,-1.233005,-0.661488,-1.621256,1.383699,1.363572,-1.500329,1.803243,-1.566184,1.301018,1.481757,-0.748014,1.815816,1.280776,1.309345,1.330357,-1.556066,-0.570008,0.052022,1.260518,1.61231,-1.499134,-1.105839,0.889336,1.526222,1.840563,-1.502465,-0.335993,-1.352139,-0.546024,0.576002,-1.688285,-1.811629,1.159998,-1.802445,1.460153,-1.37914,1.339521,2.135163,-1.434919,1.577686,-1.476902,-1.379991,0.601549,-0.526137,0.979056,-0.720271,1.9559,-1.72763,1.207546,1.40452,2.017938,-0.052891,-1.789467,1.279494,1.384319,1.024364,0.450096,-1.552884,1.190923,1.365883,-1.327962,-1.426355,-1.85216,-0.985613,2.020042,-1.190546,-1.544959,-1.094467,0.038229,1.709865,-1.085415,-0.526949,-1.520805,-1.637801,1.80651,-1.541438,-1.908119,-0.625664,-1.781575,1.583455,-0.987995,-1.299995,0.655544,-1.652258,1.499047,-1.213354,-1.018113,-2.116983,-1.609975,1.758449,-0.610317,-1.119117,-1.930563,-0.884962,1.635215,-0.92048,-0.920521,-1.613474,-1.3167,-0.313425,-1.090144,-1.043349,-1.423414,-0.95619,-0.78369,-1.582251,0.139843,-0.193852,-1.378674,1.629604,-0.106542
1064.0,83.8,56.4,15.0,14.0,41421.0,42485.0,-0.840468,-1.147883,-0.504578,2.233058,-0.56353,-0.792082,-1.046975,-1.148559,1.320646,1.660906,-0.896733,-0.738899,-0.820021,1.904356,-0.684739,-0.98928,-1.330606,-1.562189,1.745904,1.523164,-0.884254,-0.829059,-1.584182,1.670119,-0.352834,-1.400868,-1.423252,-0.969206,-0.802396,-0.35247,-1.157489,-1.429933,-1.056098,1.536308,0.541064,-1.351188,-1.388643,-1.45167,1.357538,1.528409,-1.251005,-1.40089,-2.076896,1.162241,1.648918,-1.12065,-1.106727,-2.246944,1.101467,1.808727,-1.122817,-1.353998,-1.782022,0.996759,1.941612,-1.049943,-1.026985,-1.50762,1.399753,0.447564,-0.961654,0.315458,-1.426687,0.021401,1.768239,-1.139262,-0.068172,-1.299299,1.769774,1.898641,-1.595998,-1.418129,-1.280083,1.39213,1.612294,-1.389581,-1.353265,-1.303849,1.431067,1.378064,-1.328339,-1.187651,-1.400393,1.125755,1.681844,-1.243413,-1.109279,-1.413978,0.696213,1.843493,-1.284235,1.074462,0.98674,1.437158,2.143753,-1.338748,-0.269024,-1.525464,1.27163,1.646562,-1.26767,-0.76157,-1.525539,1.296204,1.552444,-1.252159,0.360747,-1.440779,1.172652,1.637529,-0.870379,1.113486,-1.383032,1.45944,1.614511,-1.609797,-1.466826,-0.828815,1.527943,1.283451,-1.589648,-1.483511,0.97581,-1.356046,1.40536,-0.813185,-1.376334,-1.264074,-1.807433,0.750681,-1.281817,-0.713773,-1.564792,-0.197789,1.409733,0.954514,1.268829,-0.87984,1.323546,2.025415,-1.580016,-0.062812,-1.438663,1.39498,1.311405,-1.233005,-0.661488,-1.621256,1.383699,1.363572,-1.500329,1.803243,-1.566184,1.301018,1.481757,-0.748014,1.815816,1.280776,1.309345,1.330357,-1.556066,-0.570008,0.052022,1.260518,1.61231,-1.499134,-1.105839,0.889336,1.526222,1.840563,-1.502465,-0.335993,-1.352139,-0.546024,0.576002,-1.688285,-1.811629,1.159998,-1.802445,1.460153,-1.37914,1.339521,2.135163,-1.434919,1.577686,-1.476902,-1.379991,0.601549,-0.526137,0.979056,-0.720271,1.9559,-1.72763,1.207546,1.40452,2.017938,-0.052891,-1.789467,1.279494,1.384319,1.024364,0.450096,-1.552884,1.190923,1.365883,-1.327962,-1.426355,-1.85216,-0.985613,2.020042,-1.190546,-1.544959,-1.094467,0.038229,1.709865,-1.085415,-0.526949,-1.520805,-1.637801,1.80651,-1.541438,-1.908119,-0.625664,-1.781575,1.583455,-0.987995,-1.299995,0.655544,-1.652258,1.499047,-1.213354,-1.018113,-2.116983,-1.609975,1.758449,-0.610317,-1.119117,-1.930563,-0.884962,1.635215,-0.92048,-0.920521,-1.613474,-1.3167,-0.313425,-1.090144,-1.043349,-1.423414,-0.95619,-0.78369,-1.582251,0.139843,-0.193852,-1.378674,1.629604,-0.106542
831.0,82.9,55.3,6.0,18.0,42485.0,43316.0,-0.840468,-1.147883,-0.504578,2.233058,-0.56353,-0.792082,-1.046975,-1.148559,1.320646,1.660906,-0.896733,-0.738899,-0.820021,1.904356,-0.684739,-0.98928,-1.330606,-1.562189,1.745904,1.523164,-0.884254,-0.829059,-1.584182,1.670119,-0.352834,-1.400868,-1.423252,-0.969206,-0.802396,-0.35247,-1.157489,-1.429933,-1.056098,1.536308,0.541064,-1.351188,-1.388643,-1.45167,1.357538,1.528409,-1.251005,-1.40089,-2.076896,1.162241,1.648918,-1.12065,-1.106727,-2.246944,1.101467,1.808727,-1.122817,-1.353998,-1.782022,0.996759,1.941612,-1.049943,-1.026985,-1.50762,1.399753,0.447564,-0.961654,0.315458,-1.426687,0.021401,1.768239,-1.139262,-0.068172,-1.299299,1.769774,1.898641,-1.595998,-1.418129,-1.280083,1.39213,1.612294,-1.389581,-1.353265,-1.303849,1.431067,1.378064,-1.328339,-1.187651,-1.400393,1.125755,1.681844,-1.243413,-1.109279,-1.413978,0.696213,1.843493,-1.284235,1.074462,0.98674,1.437158,2.143753,-1.338748,-0.269024,-1.525464,1.27163,1.646562,-1.26767,-0.76157,-1.525539,1.296204,1.552444,-1.252159,0.360747,-1.440779,1.172652,1.637529,-0.870379,1.113486,-1.383032,1.45944,1.614511,-1.609797,-1.466826,-0.828815,1.527943,1.283451,-1.589648,-1.483511,0.97581,-1.356046,1.40536,-0.813185,-1.376334,-1.264074,-1.807433,0.750681,-1.281817,-0.713773,-1.564792,-0.197789,1.409733,0.954514,1.268829,-0.87984,1.323546,2.025415,-1.580016,-0.062812,-1.438663,1.39498,1.311405,-1.233005,-0.661488,-1.621256,1.383699,1.363572,-1.500329,1.803243,-1.566184,1.301018,1.481757,-0.748014,1.815816,1.280776,1.309345,1.330357,-1.556066,-0.570008,0.052022,1.260518,1.61231,-1.499134,-1.105839,0.889336,1.526222,1.840563,-1.502465,-0.335993,-1.352139,-0.546024,0.576002,-1.688285,-1.811629,1.159998,-1.802445,1.460153,-1.37914,1.339521,2.135163,-1.434919,1.577686,-1.476902,-1.379991,0.601549,-0.526137,0.979056,-0.720271,1.9559,-1.72763,1.207546,1.40452,2.017938,-0.052891,-1.789467,1.279494,1.384319,1.024364,0.450096,-1.552884,1.190923,1.365883,-1.327962,-1.426355,-1.85216,-0.985613,2.020042,-1.190546,-1.544959,-1.094467,0.038229,1.709865,-1.085415,-0.526949,-1.520805,-1.637801,1.80651,-1.541438,-1.908119,-0.625664,-1.781575,1.583455,-0.987995,-1.299995,0.655544,-1.652258,1.499047,-1.213354,-1.018113,-2.116983,-1.609975,1.758449,-0.610317,-1.119117,-1.930563,-0.884962,1.635215,-0.92048,-0.920521,-1.613474,-1.3167,-0.313425,-1.090144,-1.043349,-1.423414,-0.95619,-0.78369,-1.582251,0.139843,-0.193852,-1.378674,1.629604,-0.106542
66.0,79.5,54.0,1.0,2.0,43316.0,43382.0,-0.840468,-1.147883,-0.504578,2.233058,-0.56353,-0.792082,-1.046975,-1.148559,1.320646,1.660906,-0.896733,-0.738899,-0.820021,1.904356,-0.684739,-0.98928,-1.330606,-1.562189,1.745904,1.523164,-0.884254,-0.829059,-1.584182,1.670119,-0.352834,-1.400868,-1.423252,-0.969206,-0.802396,-0.35247,-1.157489,-1.429933,-1.056098,1.536308,0.541064,-1.351188,-1.388643,-1.45167,1.357538,1.528409,-1.251005,-1.40089,-2.076896,1.162241,1.648918,-1.12065,-1.106727,-2.246944,1.101467,1.808727,-1.122817,-1.353998,-1.782022,0.996759,1.941612,-1.049943,-1.026985,-1.50762,1.399753,0.447564,-0.961654,0.315458,-1.426687,0.021401,1.768239,-1.139262,-0.068172,-1.299299,1.769774,1.898641,-1.595998,-1.418129,-1.280083,1.39213,1.612294,-1.389581,-1.353265,-1.303849,1.431067,1.378064,-1.328339,-1.187651,-1.400393,1.125755,1.681844,-1.243413,-1.109279,-1.413978,0.696213,1.843493,-1.284235,1.074462,0.98674,1.437158,2.143753,-1.338748,-0.269024,-1.525464,1.27163,1.646562,-1.26767,-0.76157,-1.525539,1.296204,1.552444,-1.252159,0.360747,-1.440779,1.172652,1.637529,-0.870379,1.113486,-1.383032,1.45944,1.614511,-1.609797,-1.466826,-0.828815,1.527943,1.283451,-1.589648,-1.483511,0.97581,-1.356046,1.40536,-0.813185,-1.376334,-1.264074,-1.807433,0.750681,-1.281817,-0.713773,-1.564792,-0.197789,1.409733,0.954514,1.268829,-0.87984,1.323546,2.025415,-1.580016,-0.062812,-1.438663,1.39498,1.311405,-1.233005,-0.661488,-1.621256,1.383699,1.363572,-1.500329,1.803243,-1.566184,1.301018,1.481757,-0.748014,1.815816,1.280776,1.309345,1.330357,-1.556066,-0.570008,0.052022,1.260518,1.61231,-1.499134,-1.105839,0.889336,1.526222,1.840563,-1.502465,-0.335993,-1.352139,-0.546024,0.576002,-1.688285,-1.811629,1.159998,-1.802445,1.460153,-1.37914,1.339521,2.135163,-1.434919,1.577686,-1.476902,-1.379991,0.601549,-0.526137,0.979056,-0.720271,1.9559,-1.72763,1.207546,1.40452,2.017938,-0.052891,-1.789467,1.279494,1.384319,1.024364,0.450096,-1.552884,1.190923,1.365883,-1.327962,-1.426355,-1.85216,-0.985613,2.020042,-1.190546,-1.544959,-1.094467,0.038229,1.709865,-1.085415,-0.526949,-1.520805,-1.637801,1.80651,-1.541438,-1.908119,-0.625664,-1.781575,1.583455,-0.987995,-1.299995,0.655544,-1.652258,1.499047,-1.213354,-1.018113,-2.116983,-1.609975,1.758449,-0.610317,-1.119117,-1.930563,-0.884962,1.635215,-0.92048,-0.920521,-1.613474,-1.3167,-0.313425,-1.090144,-1.043349,-1.423414,-0.95619,-0.78369,-1.582251,0.139843,-0.193852,-1.378674,1.629604,-0.106542
499.0,80.8,53.5,3.0,13.0,43382.0,43881.0,-0.840468,-1.147883,-0.504578,2.233058,-0.56353,-0.792082,-1.046975,-1.148559,1.320646,1.660906,-0.896733,-0.738899,-0.820021,1.904356,-0.684739,-0.98928,-1.330606,-1.562189,1.745904,1.523164,-0.884254,-0.829059,-1.584182,1.670119,-0.352834,-1.400868,-1.423252,-0.969206,-0.802396,-0.35247,-1.157489,-1.429933,-1.056098,1.536308,0.541064,-1.351188,-1.388643,-1.45167,1.357538,1.528409,-1.251005,-1.40089,-2.076896,1.162241,1.648918,-1.12065,-1.106727,-2.246944,1.101467,1.808727,-1.122817,-1.353998,-1.782022,0.996759,1.941612,-1.049943,-1.026985,-1.50762,1.399753,0.447564,-0.961654,0.315458,-1.426687,0.021401,1.768239,-1.139262,-0.068172,-1.299299,1.769774,1.898641,-1.595998,-1.418129,-1.280083,1.39213,1.612294,-1.389581,-1.353265,-1.303849,1.431067,1.378064,-1.328339,-1.187651,-1.400393,1.125755,1.681844,-1.243413,-1.109279,-1.413978,0.696213,1.843493,-1.284235,1.074462,0.98674,1.437158,2.143753,-1.338748,-0.269024,-1.525464,1.27163,1.646562,-1.26767,-0.76157,-1.525539,1.296204,1.552444,-1.252159,0.360747,-1.440779,1.172652,1.637529,-0.870379,1.113486,-1.383032,1.45944,1.614511,-1.609797,-1.466826,-0.828815,1.527943,1.283451,-1.589648,-1.483511,0.97581,-1.356046,1.40536,-0.813185,-1.376334,-1.264074,-1.807433,0.750681,-1.281817,-0.713773,-1.564792,-0.197789,1.409733,0.954514,1.268829,-0.87984,1.323546,2.025415,-1.580016,-0.062812,-1.438663,1.39498,1.311405,-1.233005,-0.661488,-1.621256,1.383699,1.363572,-1.500329,1.803243,-1.566184,1.301018,1.481757,-0.748014,1.815816,1.280776,1.309345,1.330357,-1.556066,-0.570008,0.052022,1.260518,1.61231,-1.499134,-1.105839,0.889336,1.526222,1.840563,-1.502465,-0.335993,-1.352139,-0.546024,0.576002,-1.688285,-1.811629,1.159998,-1.802445,1.460153,-1.37914,1.339521,2.135163,-1.434919,1.577686,-1.476902,-1.379991,0.601549,-0.526137,0.979056,-0.720271,1.9559,-1.72763,1.207546,1.40452,2.017938,-0.052891,-1.789467,1.279494,1.384319,1.024364,0.450096,-1.552884,1.190923,1.365883,-1.327962,-1.426355,-1.85216,-0.985613,2.020042,-1.190546,-1.544959,-1.094467,0.038229,1.709865,-1.085415,-0.526949,-1.520805,-1.637801,1.80651,-1.541438,-1.908119,-0.625664,-1.781575,1.583455,-0.987995,-1.299995,0.655544,-1.652258,1.499047,-1.213354,-1.018113,-2.116983,-1.609975,1.758449,-0.610317,-1.119117,-1.930563,-0.884962,1.635215,-0.92048,-0.920521,-1.613474,-1.3167,-0.313425,-1.090144,-1.043349,-1.423414,-0.95619,-0.78369,-1.582251,0.139843,-0.193852,-1.378674,1.629604,-0.106542
99.0,81.7,58.0,0.0,0.0,43881.0,43980.0,-0.840468,-1.147883,-0.504578,2.233058,-0.56353,-0.792082,-1.046975,-1.148559,1.320646,1.660906,-0.896733,-0.738899,-0.820021,1.904356,-0.684739,-0.98928,-1.330606,-1.562189,1.745904,1.523164,-0.884254,-0.829059,-1.584182,1.670119,-0.352834,-1.400868,-1.423252,-0.969206,-0.802396,-0.35247,-1.157489,-1.429933,-1.056098,1.536308,0.541064,-1.351188,-1.388643,-1.45167,1.357538,1.528409,-1.251005,-1.40089,-2.076896,1.162241,1.648918,-1.12065,-1.106727,-2.246944,1.101467,1.808727,-1.122817,-1.353998,-1.782022,0.996759,1.941612,-1.049943,-1.026985,-1.50762,1.399753,0.447564,-0.961654,0.315458,-1.426687,0.021401,1.768239,-1.139262,-0.068172,-1.299299,1.769774,1.898641,-1.595998,-1.418129,-1.280083,1.39213,1.612294,-1.389581,-1.353265,-1.303849,1.431067,1.378064,-1.328339,-1.187651,-1.400393,1.125755,1.681844,-1.243413,-1.109279,-1.413978,0.696213,1.843493,-1.284235,1.074462,0.98674,1.437158,2.143753,-1.338748,-0.269024,-1.525464,1.27163,1.646562,-1.26767,-0.76157,-1.525539,1.296204,1.552444,-1.252159,0.360747,-1.440779,1.172652,1.637529,-0.870379,1.113486,-1.383032,1.45944,1.614511,-1.609797,-1.466826,-0.828815,1.527943,1.283451,-1.589648,-1.483511,0.97581,-1.356046,1.40536,-0.813185,-1.376334,-1.264074,-1.807433,0.750681,-1.281817,-0.713773,-1.564792,-0.197789,1.409733,0.954514,1.268829,-0.87984,1.323546,2.025415,-1.580016,-0.062812,-1.438663,1.39498,1.311405,-1.233005,-0.661488,-1.621256,1.383699,1.363572,-1.500329,1.803243,-1.566184,1.301018,1.481757,-0.748014,1.815816,1.280776,1.309345,1.330357,-1.556066,-0.570008,0.052022,1.260518,1.61231,-1.499134,-1.105839,0.889336,1.526222,1.840563,-1.502465,-0.335993,-1.352139,-0.546024,0.576002,-1.688285,-1.811629,1.159998,-1.802445,1.460153,-1.37914,1.339521,2.135163,-1.434919,1.577686,-1.476902,-1.379991,0.601549,-0.526137,0.979056,-0.720271,1.9559,-1.72763,1.207546,1.40452,2.017938,-0.052891,-1.789467,1.279494,1.384319,1.024364,0.450096,-1.552884,1.190923,1.365883,-1.327962,-1.426355,-1.85216,-0.985613,2.020042,-1.190546,-1.544959,-1.094467,0.038229,1.709865,-1.085415,-0.526949,-1.520805,-1.637801,1.80651,-1.541438,-1.908119,-0.625664,-1.781575,1.583455,-0.987995,-1.299995,0.655544,-1.652258,1.499047,-1.213354,-1.018113,-2.116983,-1.609975,1.758449,-0.610317,-1.119117,-1.930563,-0.884962,1.635215,-0.92048,-0.920521,-1.613474,-1.3167,-0.313425,-1.090144,-1.043349,-1.423414,-0.95619,-0.78369,-1.582251,0.139843,-0.193852,-1.378674,1.629604,-0.106542
166.0,82.2,60.0,3.0,5.0,43980.0,44146.0,0.938154,1.010196,0.816578,-0.333645,1.4808,0.921303,0.99493,0.879324,-0.981963,-0.332355,0.958369,0.971841,0.975525,-0.594326,1.298748,0.959345,1.017371,0.955455,-0.845608,0.302571,0.976055,0.961222,0.937743,-0.467807,1.338655,1.042933,1.000594,0.922505,0.996939,0.926571,1.025887,1.006432,0.953968,-0.138858,0.574869,1.020992,1.024298,0.998551,-1.096345,-0.737775,1.042629,1.051985,0.839242,-1.005429,-0.183111,1.040685,1.080859,0.698858,-1.007637,-0.151589,1.009616,1.00482,0.835191,-1.018984,0.140697,0.97912,1.017098,1.019624,-0.804811,1.22326,1.025008,0.957593,1.100828,0.004509,-0.725718,1.06113,1.091104,1.126357,-0.595953,-0.697405,1.092301,0.969622,1.000882,-0.993012,-1.00532,1.08622,0.996458,0.941995,-1.053186,-0.984045,1.07526,1.01681,0.975974,-1.175249,-0.850325,1.122172,1.076807,0.920296,-1.05126,-0.684643,1.113174,-1.151,-0.640954,-1.030897,-0.213301,1.076369,0.975683,0.985594,-1.046745,-0.926224,1.029002,1.050246,1.015445,-1.029514,-0.98458,1.104993,1.008143,1.065648,-0.926327,-0.85895,1.123977,0.787199,1.131573,-0.926178,-0.971419,1.121621,0.82937,-0.15064,-1.028049,-1.04233,1.0509,0.946563,0.257981,-0.106762,-0.363731,1.218888,0.891314,0.958402,0.619787,1.136073,1.138363,0.836389,0.882165,-0.989848,-1.086644,-1.11738,-1.248935,0.898869,-1.089944,-0.809231,1.050352,0.618217,1.049737,-1.036872,-0.800679,1.100933,1.201614,0.924355,-1.059607,-0.956333,1.088034,0.173141,0.928375,-1.035621,-1.010862,0.781854,0.342035,-1.055126,-1.068037,-1.064676,1.073269,-1.23511,-1.247576,-1.162796,-1.032664,1.036967,-0.909842,-1.490363,-1.141515,-0.893253,0.970824,-1.013061,-0.609711,-1.438665,0.364784,1.471747,-0.249968,-1.125161,0.913278,-1.098107,1.201123,-0.91087,-0.868408,1.157767,0.713754,1.196268,1.112367,-0.983987,-0.45866,-1.032735,0.310433,-0.332939,0.753847,-1.080622,-0.365391,-0.151121,0.799643,0.771549,-1.141772,-1.190175,-0.861007,0.720597,0.933414,-1.112959,-1.108624,0.915811,-0.736272,0.438492,0.713049,-0.996395,0.877842,0.712165,0.855667,0.722724,-0.18012,0.932917,-1.127255,-0.569083,-0.620545,-0.497127,0.970241,0.408084,-0.757809,0.724767,-1.064098,1.195622,1.211646,-0.891464,0.944424,-1.069985,1.225548,1.253186,0.547203,0.416491,-1.040146,1.294765,1.084589,0.671106,-0.668872,-1.161664,0.958516,0.866602,0.851405,0.79148,0.530279,0.929445,0.895202,0.89801,0.683726,0.749032,0.894788,-1.194682,-0.997375,1.014489,-1.076593,0.80658
266.0,78.8,60.1,4.0,3.0,44146.0,44412.0,-0.840468,-1.147883,-0.504578,2.233058,-0.56353,-0.792082,-1.046975,-1.148559,1.320646,1.660906,-0.896733,-0.738899,-0.820021,1.904356,-0.684739,-0.98928,-1.330606,-1.562189,1.745904,1.523164,-0.884254,-0.829059,-1.584182,1.670119,-0.352834,-1.400868,-1.423252,-0.969206,-0.802396,-0.35247,-1.157489,-1.429933,-1.056098,1.536308,0.541064,-1.351188,-1.388643,-1.45167,1.357538,1.528409,-1.251005,-1.40089,-2.076896,1.162241,1.648918,-1.12065,-1.106727,-2.246944,1.101467,1.808727,-1.122817,-1.353998,-1.782022,0.996759,1.941612,-1.049943,-1.026985,-1.50762,1.399753,0.447564,-0.961654,0.315458,-1.426687,0.021401,1.768239,-1.139262,-0.068172,-1.299299,1.769774,1.898641,-1.595998,-1.418129,-1.280083,1.39213,1.612294,-1.389581,-1.353265,-1.303849,1.431067,1.378064,-1.328339,-1.187651,-1.400393,1.125755,1.681844,-1.243413,-1.109279,-1.413978,0.696213,1.843493,-1.284235,1.074462,0.98674,1.437158,2.143753,-1.338748,-0.269024,-1.525464,1.27163,1.646562,-1.26767,-0.76157,-1.525539,1.296204,1.552444,-1.252159,0.360747,-1.440779,1.172652,1.637529,-0.870379,1.113486,-1.383032,1.45944,1.614511,-1.609797,-1.466826,-0.828815,1.527943,1.283451,-1.589648,-1.483511,0.97581,-1.356046,1.40536,-0.813185,-1.376334,-1.264074,-1.807433,0.750681,-1.281817,-0.713773,-1.564792,-0.197789,1.409733,0.954514,1.268829,-0.87984,1.323546,2.025415,-1.580016,-0.062812,-1.438663,1.39498,1.311405,-1.233005,-0.661488,-1.621256,1.383699,1.363572,-1.500329,1.803243,-1.566184,1.301018,1.481757,-0.748014,1.815816,1.280776,1.309345,1.330357,-1.556066,-0.570008,0.052022,1.260518,1.61231,-1.499134,-1.105839,0.889336,1.526222,1.840563,-1.502465,-0.335993,-1.352139,-0.546024,0.576002,-1.688285,-1.811629,1.159998,-1.802445,1.460153,-1.37914,1.339521,2.135163,-1.434919,1.577686,-1.476902,-1.379991,0.601549,-0.526137,0.979056,-0.720271,1.9559,-1.72763,1.207546,1.40452,2.017938,-0.052891,-1.789467,1.279494,1.384319,1.024364,0.450096,-1.552884,1.190923,1.365883,-1.327962,-1.426355,-1.85216,-0.985613,2.020042,-1.190546,-1.544959,-1.094467,0.038229,1.709865,-1.085415,-0.526949,-1.520805,-1.637801,1.80651,-1.541438,-1.908119,-0.625664,-1.781575,1.583455,-0.987995,-1.299995,0.655544,-1.652258,1.499047,-1.213354,-1.018113,-2.116983,-1.609975,1.758449,-0.610317,-1.119117,-1.930563,-0.884962,1.635215,-0.92048,-0.920521,-1.613474,-1.3167,-0.313425,-1.090144,-1.043349,-1.423414,-0.95619,-0.78369,-1.582251,0.139843,-0.193852,-1.378674,1.629604,-0.106542
499.0,81.3,56.7,11.0,9.0,44412.0,44911.0,0.883087,0.97314,0.762207,-0.357677,1.480557,0.866101,0.953793,0.852606,-0.945274,-0.301192,0.912987,0.927949,0.947006,-0.590277,1.279497,0.901833,0.983209,0.926984,-0.832217,0.338843,0.92768,0.917844,0.923812,-0.453371,1.321132,1.002089,0.970157,0.881394,0.943479,0.877463,0.97229,0.975161,0.924528,-0.247761,0.54512,0.973912,0.993587,0.973409,-1.104674,-0.733431,0.99439,1.022967,0.814473,-0.982827,-0.146519,0.987895,1.054425,0.673618,-0.990165,-0.128163,0.960357,0.977997,0.808254,-1.00282,0.154156,0.93323,0.984028,1.010065,-0.798946,1.206985,0.990033,0.916178,1.09112,0.084619,-0.727606,1.035353,1.052929,1.114212,-0.572788,-0.703227,1.064968,0.940502,0.979084,-0.96045,-0.972071,1.045432,0.966461,0.916295,-1.031698,-0.947267,1.030108,0.981169,0.946861,-1.163002,-0.819196,1.077195,1.046309,0.876149,-1.027616,-0.665336,1.072281,-1.080967,-0.71063,-1.012379,-0.199831,1.041909,0.958864,0.956057,-1.038788,-0.903899,0.997496,1.01563,0.997448,-1.017395,-0.965,1.091608,0.981035,1.066845,-0.888631,-0.843983,1.120564,0.751592,1.143865,-0.892167,-0.959327,1.105037,0.787668,-0.260662,-1.005078,-1.009046,1.011957,0.914019,0.223858,-0.168191,-0.39859,1.168017,0.855902,0.93679,0.642135,1.152515,1.088637,0.77083,0.894016,-0.938795,-1.046697,-1.202629,-1.215677,0.880517,-1.06486,-0.797054,1.049452,0.554517,1.04487,-1.036249,-0.737935,1.08585,1.185309,0.928158,-1.041814,-0.925462,1.096782,0.140409,0.969363,-1.004864,-0.986457,0.906514,0.302288,-1.040223,-1.03677,-1.032801,1.061792,-1.224061,-1.190349,-1.126724,-1.020415,1.026474,-0.909718,-1.45944,-1.127452,-0.942047,0.970904,-1.01869,-0.537945,-1.357647,0.282199,1.513849,-0.201694,-1.088134,0.919584,-1.079773,1.188136,-0.868523,-0.849355,1.16312,0.735262,1.190256,1.126471,-0.89897,-0.350465,-1.000377,0.450057,-0.343027,0.771327,-1.045155,-0.421392,-0.000684,0.754955,0.767357,-1.115225,-1.178097,-0.772333,0.662261,0.927677,-1.078558,-1.08504,0.936551,-0.715069,0.449066,0.700319,-1.000794,0.870517,0.681134,0.828244,0.677221,-0.242287,0.940852,-1.118241,-0.518461,-0.508482,-0.539617,0.977221,0.460744,-0.683992,0.760092,-1.052817,1.182035,1.212446,-0.822534,0.959,-1.054107,1.208826,1.264942,0.567462,0.481785,-1.05792,1.307042,1.07225,0.689755,-0.572897,-1.196925,0.927046,0.820672,0.840628,0.761084,0.453803,0.894045,0.85,0.871493,0.628353,0.68937,0.899053,-1.164357,-0.925541,1.014859,-1.064345,0.823521
265.0,80.0,55.0,4.0,9.0,44911.0,45176.0,0.801731,0.920921,0.694303,-0.388421,1.460519,0.786635,0.895707,0.823318,-0.892617,-0.266463,0.84921,0.865777,0.90544,-0.590034,1.238866,0.813536,0.934557,0.886123,-0.813065,0.362838,0.857861,0.854861,0.898196,-0.448353,1.277288,0.932212,0.927093,0.822522,0.867596,0.795946,0.884809,0.931727,0.880956,-0.391768,0.485406,0.897723,0.949805,0.932215,-1.106428,-0.740061,0.917314,0.979257,0.776149,-0.94736,-0.122562,0.904549,1.008914,0.640348,-0.965805,-0.113974,0.887186,0.936483,0.771042,-0.982823,0.148146,0.86877,0.93252,0.988483,-0.798198,1.160099,0.941354,0.841721,1.066948,0.12878,-0.736121,0.995262,0.98231,1.086404,-0.563594,-0.715294,1.011342,0.901392,0.946555,-0.911623,-0.92281,0.973104,0.925567,0.879361,-0.99474,-0.897182,0.954559,0.931351,0.904128,-1.133652,-0.782543,1.00116,1.001501,0.815967,-0.986074,-0.649128,1.007239,-0.968551,-0.791268,-0.984621,-0.204059,0.989617,0.926236,0.910555,-1.02545,-0.87298,0.954681,0.960993,0.968525,-0.996606,-0.935833,1.067881,0.916626,1.059236,-0.844422,-0.830941,1.110352,0.676131,1.144299,-0.848065,-0.943466,1.067991,0.740127,-0.379576,-0.971366,-0.960719,0.943963,0.873291,0.146603,-0.238819,-0.459935,1.066913,0.81328,0.904246,0.683465,1.169495,1.00597,0.688008,0.910195,-0.851572,-0.989308,-1.235355,-1.148539,0.841305,-1.022414,-0.777875,1.044452,0.493699,1.03007,-1.03159,-0.660962,1.061108,1.144868,0.929833,-1.011599,-0.881757,1.103892,0.074423,1.013223,-0.958863,-0.951905,1.063004,0.245607,-1.015448,-0.98865,-0.984104,1.035031,-1.17548,-1.092063,-1.076705,-1.001429,1.007026,-0.883051,-1.391588,-1.104035,-0.999126,0.974076,-1.015271,-0.416669,-1.226446,0.179077,1.529148,-0.135169,-1.030263,0.929666,-1.04972,1.161387,-0.803468,-0.817702,1.15984,0.735515,1.17188,1.149241,-0.780832,-0.203843,-0.945639,0.635628,-0.325424,0.797137,-0.995737,-0.48285,0.213479,0.696281,0.766628,-1.07779,-1.150208,-0.642118,0.577091,0.919179,-1.028332,-1.046195,0.965121,-0.667619,0.479065,0.6918,-0.995433,0.865509,0.647031,0.798122,0.625168,-0.309985,0.965698,-1.089363,-0.424734,-0.28477,-0.591869,0.986523,0.530359,-0.557243,0.814407,-1.030136,1.153072,1.206136,-0.712198,0.978022,-1.028088,1.174948,1.273389,0.611226,0.583623,-1.072087,1.311041,1.058704,0.724582,-0.434056,-1.225593,0.885325,0.763537,0.829735,0.724524,0.359209,0.849949,0.791351,0.838315,0.560204,0.614198,0.908728,-1.109621,-0.817387,1.008816,-1.03703,0.873657
166.0,71.2,45.0,10.0,14.0,3689.0,3855.0,-0.840468,-1.147883,-0.504578,2.233058,-0.56353,-0.792082,-1.046975,-1.148559,1.320646,1.660906,-0.896733,-0.738899,-0.820021,1.904356,-0.684739,-0.98928,-1.330606,-1.562189,1.745904,1.523164,-0.884254,-0.829059,-1.584182,1.670119,-0.352834,-1.400868,-1.423252,-0.969206,-0.802396,-0.35247,-1.157489,-1.429933,-1.056098,1.536308,0.541064,-1.351188,-1.388643,-1.45167,1.357538,1.528409,-1.251005,-1.40089,-2.076896,1.162241,1.648918,-1.12065,-1.106727,-2.246944,1.101467,1.808727,-1.122817,-1.353998,-1.782022,0.996759,1.941612,-1.049943,-1.026985,-1.50762,1.399753,0.447564,-0.961654,0.315458,-1.426687,0.021401,1.768239,-1.139262,-0.068172,-1.299299,1.769774,1.898641,-1.595998,-1.418129,-1.280083,1.39213,1.612294,-1.389581,-1.353265,-1.303849,1.431067,1.378064,-1.328339,-1.187651,-1.400393,1.125755,1.681844,-1.243413,-1.109279,-1.413978,0.696213,1.843493,-1.284235,1.074462,0.98674,1.437158,2.143753,-1.338748,-0.269024,-1.525464,1.27163,1.646562,-1.26767,-0.76157,-1.525539,1.296204,1.552444,-1.252159,0.360747,-1.440779,1.172652,1.637529,-0.870379,1.113486,-1.383032,1.45944,1.614511,-1.609797,-1.466826,-0.828815,1.527943,1.283451,-1.589648,-1.483511,0.97581,-1.356046,1.40536,-0.813185,-1.376334,-1.264074,-1.807433,0.750681,-1.281817,-0.713773,-1.564792,-0.197789,1.409733,0.954514,1.268829,-0.87984,1.323546,2.025415,-1.580016,-0.062812,-1.438663,1.39498,1.311405,-1.233005,-0.661488,-1.621256,1.383699,1.363572,-1.500329,1.803243,-1.566184,1.301018,1.481757,-0.748014,1.815816,1.280776,1.309345,1.330357,-1.556066,-0.570008,0.052022,1.260518,1.61231,-1.499134,-1.105839,0.889336,1.526222,1.840563,-1.502465,-0.335993,-1.352139,-0.546024,0.576002,-1.688285,-1.811629,1.159998,-1.802445,1.460153,-1.37914,1.339521,2.135163,-1.434919,1.577686,-1.476902,-1.379991,0.601549,-0.526137,0.979056,-0.720271,1.9559,-1.72763,1.207546,1.40452,2.017938,-0.052891,-1.789467,1.279494,1.384319,1.024364,0.450096,-1.552884,1.190923,1.365883,-1.327962,-1.426355,-1.85216,-0.985613,2.020042,-1.190546,-1.544959,-1.094467,0.038229,1.709865,-1.085415,-0.526949,-1.520805,-1.637801,1.80651,-1.541438,-1.908119,-0.625664,-1.781575,1.583455,-0.987995,-1.299995,0.655544,-1.652258,1.499047,-1.213354,-1.018113,-2.116983,-1.609975,1.758449,-0.610317,-1.119117,-1.930563,-0.884962,1.635215,-0.92048,-0.920521,-1.613474,-1.3167,-0.313425,-1.090144,-1.043349,-1.423414,-0.95619,-0.78369,-1.582251,0.139843,-0.193852,-1.378674,1.629604,-0.106542
2329.0,84.4,56.9,10.0,21.0,45176.0,47505.0,0.758949,0.893626,0.659401,-0.404279,1.448707,0.744983,0.865337,0.808578,-0.865028,-0.248934,0.815884,0.833258,0.883618,-0.590278,1.21671,0.76689,0.909091,0.864714,-0.803035,0.373538,0.821253,0.821813,0.884399,-0.446772,1.253069,0.894848,0.90457,0.791685,0.827892,0.752499,0.83827,0.909066,0.858039,-0.4664,0.452984,0.857228,0.926885,0.91029,-1.106666,-0.744394,0.876407,0.956217,0.755884,-0.928575,-0.111916,0.860374,0.984564,0.623114,-0.953089,-0.107837,0.848683,0.91453,0.751642,-0.972559,0.143308,0.83509,0.905262,0.976651,-0.798317,1.133963,0.915949,0.801706,1.0536,0.147193,-0.74097,0.97405,0.944252,1.071142,-0.560382,-0.721864,0.982284,0.881079,0.929428,-0.8859,-0.896897,0.934287,0.904285,0.860007,-0.974968,-0.871121,0.914258,0.905338,0.881675,-1.117488,-0.763874,0.960555,0.977955,0.784647,-0.9638,-0.641404,0.972736,-0.908856,-0.832227,-0.969999,-0.207846,0.96203,0.908575,0.886506,-1.018334,-0.856856,0.932409,0.932036,0.953165,-0.985487,-0.92048,1.055147,0.881177,1.054627,-0.821918,-0.824671,1.104647,0.634967,1.143378,-0.825273,-0.935255,1.047697,0.71604,-0.439279,-0.953653,-0.935361,0.907529,0.852351,0.104239,-0.274654,-0.492832,1.012065,0.791496,0.887093,0.705737,1.17795,0.961903,0.645365,0.918616,-0.80494,-0.959236,-1.246521,-1.112067,0.819901,-0.999744,-0.767712,1.041584,0.463876,1.021795,-1.028898,-0.621504,1.047937,1.122541,0.930459,-0.995456,-0.858898,1.107254,0.038582,1.035206,-0.934638,-0.933833,1.143501,0.215934,-1.002241,-0.963222,-0.958392,1.020323,-1.147842,-1.039488,-1.050614,-0.991387,0.996544,-0.867311,-1.354471,-1.09155,-1.028168,0.975941,-1.012712,-0.351906,-1.156707,0.126074,1.534153,-0.100498,-0.999626,0.935017,-1.033725,1.14683,-0.769097,-0.800829,1.15739,0.733605,1.161602,1.161339,-0.719193,-0.127598,-0.916405,0.731869,-0.314061,0.810709,-0.969944,-0.513789,0.325574,0.665903,0.766599,-1.05822,-1.134891,-0.573695,0.53237,0.914709,-1.001959,-1.025508,0.980011,-0.641622,0.495772,0.687987,-0.991845,0.863252,0.629858,0.782956,0.59878,-0.34402,0.979614,-1.073168,-0.374219,-0.16336,-0.618664,0.991349,0.566436,-0.489444,0.843106,-1.017819,1.137266,1.202332,-0.653626,0.987862,-1.01424,1.156538,1.277252,0.635137,0.637524,-1.078754,1.312228,1.051884,0.743367,-0.361238,-1.239149,0.863696,0.734187,0.824333,0.70584,0.310659,0.827293,0.761037,0.821257,0.525253,0.575509,0.914034,-1.080195,-0.760382,1.005211,-1.022068,0.901649
898.0,87.4,62.7,8.0,9.0,47505.0,48403.0,0.731756,0.876277,0.637217,-0.414359,1.441199,0.718508,0.846033,0.799208,-0.847492,-0.237792,0.794702,0.812588,0.869748,-0.590433,1.202627,0.73724,0.892904,0.851106,-0.796659,0.380339,0.797984,0.800806,0.875629,-0.445766,1.237675,0.871099,0.890255,0.772084,0.802656,0.724883,0.808688,0.894663,0.843473,-0.513837,0.432376,0.831489,0.912316,0.896355,-1.106817,-0.747148,0.850406,0.941572,0.743003,-0.916635,-0.105149,0.832296,0.969086,0.61216,-0.945006,-0.103936,0.82421,0.900577,0.739311,-0.966036,0.140233,0.813682,0.887936,0.96913,-0.798393,1.117351,0.899802,0.776273,1.045115,0.158896,-0.744052,0.960567,0.920062,1.06144,-0.55834,-0.72604,0.963814,0.868168,0.918541,-0.86955,-0.880426,0.909615,0.890758,0.847704,-0.9624,-0.854555,0.888642,0.888804,0.867403,-1.107214,-0.752008,0.934746,0.962988,0.764739,-0.949642,-0.636494,0.950806,-0.870912,-0.85826,-0.960705,-0.210253,0.944496,0.897348,0.871221,-1.01381,-0.846606,0.918252,0.91363,0.943402,-0.97842,-0.910721,1.047054,0.858645,1.051698,-0.807614,-0.820685,1.101021,0.608803,1.142793,-0.810785,-0.930037,1.034798,0.70073,-0.477227,-0.942394,-0.919243,0.884372,0.83904,0.077311,-0.297431,-0.513742,0.977202,0.777649,0.87619,0.719894,1.183325,0.933893,0.618261,0.923968,-0.7753,-0.940121,-1.253618,-1.088884,0.806296,-0.985335,-0.761252,1.039762,0.44492,1.016535,-1.027187,-0.596423,1.039566,1.108351,0.930856,-0.985195,-0.844368,1.109391,0.015801,1.049178,-0.919239,-0.922346,1.194666,0.197073,-0.993847,-0.947058,-0.94205,1.010975,-1.130275,-1.006071,-1.03403,-0.985004,0.989881,-0.857306,-1.330879,-1.083614,-1.046627,0.977127,-1.011086,-0.310742,-1.112379,0.092384,1.537334,-0.07846,-0.980152,0.938418,-1.023558,1.137578,-0.747251,-0.790104,1.155832,0.73239,1.155068,1.169029,-0.680014,-0.079136,-0.897823,0.793041,-0.306838,0.819335,-0.953549,-0.533454,0.396823,0.646594,0.76658,-1.045781,-1.125156,-0.530204,0.503944,0.911868,-0.985196,-1.01236,0.989475,-0.625098,0.506392,0.685563,-0.989565,0.861817,0.618943,0.773317,0.582006,-0.365652,0.988459,-1.062875,-0.342111,-0.08619,-0.635696,0.994417,0.589367,-0.44635,0.861348,-1.00999,1.127219,1.199914,-0.616396,0.994116,-1.005438,1.144837,1.279708,0.650334,0.671784,-1.082991,1.312982,1.04755,0.755308,-0.314953,-1.247766,0.849947,0.715532,0.820899,0.693964,0.2798,0.812892,0.741769,0.810414,0.503038,0.550918,0.917407,-1.06149,-0.724148,1.00292,-1.012559,0.919441
232.0,86.7,57.9,3.0,4.0,48403.0,48635.0,0.665649,0.8341,0.583286,-0.438864,1.422946,0.654148,0.799105,0.77643,-0.804861,-0.210706,0.743207,0.762338,0.83603,-0.59081,1.168391,0.665161,0.853554,0.818025,-0.781161,0.396872,0.741417,0.74974,0.85431,-0.443323,1.200252,0.813365,0.855453,0.724434,0.741307,0.657748,0.736774,0.859647,0.808061,-0.629159,0.382276,0.768916,0.8769,0.862477,-1.107186,-0.753843,0.787196,0.905971,0.71169,-0.887608,-0.088698,0.764036,0.931459,0.585529,-0.925357,-0.094452,0.764715,0.866656,0.709333,-0.950176,0.132756,0.761639,0.845817,0.950846,-0.798577,1.076966,0.860547,0.714442,1.02449,0.187347,-0.751544,0.92779,0.861256,1.037857,-0.553376,-0.736192,0.918913,0.836781,0.892077,-0.829803,-0.840385,0.849635,0.857873,0.817797,-0.931848,-0.814285,0.826369,0.848608,0.832708,-1.082238,-0.723161,0.872004,0.926604,0.716343,-0.915225,-0.624559,0.897492,-0.778671,-0.921549,-0.938111,-0.216105,0.901868,0.870057,0.834061,-1.002814,-0.82169,0.883836,0.868884,0.919667,-0.961239,-0.886997,1.027378,0.803869,1.044576,-0.772842,-0.810996,1.092206,0.545196,1.14137,-0.775566,-0.917349,1.003439,0.66351,-0.569481,-0.915023,-0.880059,0.828075,0.806683,0.011849,-0.352803,-0.564575,0.892451,0.743987,0.849684,0.754309,1.196389,0.865799,0.552369,0.936981,-0.703244,-0.893653,-1.270872,-1.032527,0.773222,-0.950306,-0.745549,1.035331,0.398837,1.003747,-1.023027,-0.535453,1.019215,1.073852,0.931823,-0.96025,-0.809046,1.114585,-0.039582,1.083145,-0.881805,-0.894422,1.31905,0.151221,-0.973439,-0.907766,-0.90232,0.988248,-1.087569,-0.924832,-0.993715,-0.969487,0.973684,-0.832985,-1.273526,-1.064322,-1.091503,0.98001,-1.007132,-0.210671,-1.004618,0.010484,1.545068,-0.024885,-0.932812,0.946686,-0.998841,1.115085,-0.69414,-0.764033,1.152047,0.729439,1.139186,1.187724,-0.584768,0.038678,-0.852651,0.941754,-0.289278,0.840305,-0.913694,-0.581261,0.570032,0.599653,0.766535,-1.015541,-1.101489,-0.424477,0.434841,0.904961,-0.944444,-0.980395,1.012482,-0.584927,0.532208,0.679671,-0.984021,0.85833,0.592408,0.749882,0.54123,-0.418242,1.009962,-1.037851,-0.264056,0.101413,-0.677099,1.001874,0.645113,-0.341587,0.905694,-0.990958,1.102795,1.194036,-0.52589,1.009321,-0.98404,1.11639,1.285678,0.687281,0.755071,-1.093292,1.314816,1.037012,0.784335,-0.202434,-1.268714,0.816525,0.67018,0.812551,0.665093,0.20478,0.777883,0.694929,0.784055,0.449031,0.491136,0.925607,-1.01602,-0.636064,0.997349,-0.98944,0.962693
2029.0,86.5,57.2,8.0,18.0,48635.0,50664.0,0.607945,0.793833,0.532383,-0.460182,1.38566,0.598682,0.754762,0.749325,-0.768212,-0.196642,0.698431,0.714927,0.801483,-0.592293,1.13019,0.601978,0.815491,0.785542,-0.769795,0.392385,0.69272,0.701271,0.830423,-0.448081,1.155157,0.761264,0.822319,0.681638,0.686241,0.588845,0.672428,0.825805,0.774635,-0.722432,0.324357,0.713337,0.842167,0.830061,-1.10234,-0.766561,0.731597,0.869569,0.683346,-0.860783,-0.091948,0.705841,0.889552,0.561036,-0.905264,-0.102864,0.713807,0.829084,0.680779,-0.934379,0.109808,0.717141,0.806333,0.931187,-0.799047,1.028327,0.82466,0.660201,1.002507,0.207266,-0.758211,0.896512,0.809332,1.013521,-0.548953,-0.743367,0.876104,0.806598,0.866339,-0.795135,-0.805852,0.794962,0.826546,0.790783,-0.901879,-0.780211,0.770453,0.809998,0.801428,-1.053754,-0.703359,0.817156,0.889474,0.674596,-0.880493,-0.621641,0.850497,-0.722245,-0.962846,-0.913451,-0.239664,0.865669,0.83705,0.800481,-0.99049,-0.800232,0.852157,0.829611,0.896836,-0.944423,-0.865501,1.005796,0.757849,1.034213,-0.739429,-0.802737,1.077285,0.490992,1.133323,-0.743415,-0.903812,0.972697,0.633148,-0.635735,-0.89016,-0.84444,0.777589,0.778647,-0.061371,-0.409789,-0.6221,0.813541,0.712202,0.824881,0.793846,1.182915,0.807646,0.494533,0.946696,-0.63374,-0.853527,-1.266451,-0.983792,0.740221,-0.915331,-0.733797,1.027111,0.369567,0.989558,-1.013556,-0.488398,0.995374,1.047834,0.930575,-0.934219,-0.777702,1.113333,-0.077312,1.108616,-0.846977,-0.869128,1.411357,0.123306,-0.950849,-0.871177,-0.866058,0.96962,-1.038173,-0.846368,-0.956282,-0.953324,0.960444,-0.801243,-1.215983,-1.044954,-1.122718,0.98204,-0.991455,-0.118965,-0.901138,-0.051226,1.536425,0.024587,-0.887975,0.956914,-0.9737,1.090594,-0.65423,-0.74135,1.144969,0.72186,1.121736,1.197685,-0.496233,0.154561,-0.814403,1.054005,-0.252523,0.859403,-0.874568,-0.621751,0.701721,0.565946,0.769509,-0.984411,-1.076958,-0.335869,0.381505,0.90292,-0.905344,-0.949877,1.032273,-0.538667,0.564316,0.680905,-0.974241,0.855491,0.574555,0.733611,0.509596,-0.457248,1.027304,-1.00477,-0.182447,0.276308,-0.70749,1.006818,0.688007,-0.238149,0.943258,-0.970787,1.078319,1.180425,-0.433971,1.022353,-0.962782,1.088011,1.280289,0.727014,0.838923,-1.097076,1.313547,1.026388,0.814468,-0.087243,-1.281105,0.788424,0.633633,0.810186,0.646161,0.144276,0.747318,0.656083,0.763917,0.406543,0.441534,0.931184,-0.967947,-0.551154,0.990597,-0.96607,0.998021
3426.0,85.5,57.8,22.0,29.0,50664.0,54090.0,1.940895,1.734128,2.096561,-0.141613,0.947055,1.946661,1.814161,1.849797,-1.616612,-1.294698,1.849428,1.910181,1.847224,-0.997669,1.331459,1.923785,1.66333,1.630184,-1.267799,-0.475226,1.853452,1.941839,1.573314,-1.183279,1.206673,1.693372,1.604337,1.926501,1.865885,1.964121,1.83921,1.606385,1.818383,1.323887,1.534098,1.719859,1.602966,1.659497,-1.116568,-0.803309,1.730771,1.612725,1.499306,-1.538895,-1.119257,1.772857,1.767762,1.418723,-1.503859,-0.862945,1.775261,1.780056,1.588875,-1.508063,-0.509063,1.829076,1.802968,1.377656,-1.248104,1.00423,1.786687,1.873123,1.333022,-2.430964,-0.895154,1.702309,1.825987,1.397546,-1.356901,-0.719591,1.472421,1.608949,1.62599,-1.578682,-1.434083,1.651169,1.590721,1.765511,-1.496847,-1.569011,1.672594,1.691676,1.634397,-1.429815,-1.203185,1.607076,1.626571,1.801721,-1.677955,-0.917876,1.555624,-0.833433,1.578599,-1.422433,-0.3739,1.524258,2.006582,1.51352,-1.292215,-1.352737,1.657221,1.776562,1.332529,-1.34974,-1.351434,1.544702,1.767979,1.158456,-1.672251,-1.275059,1.658534,1.441477,1.089398,-1.548571,-1.208416,1.270291,1.636026,2.567236,-1.357072,-1.57507,1.581031,1.496894,2.078314,1.356177,0.301623,1.76261,1.662391,1.63657,0.390855,0.973427,1.56834,2.010437,0.881975,-1.74432,-1.448842,-0.567414,-1.243595,1.838774,-1.46138,-0.961587,1.053552,2.058908,1.181227,-1.236186,-1.727941,1.451166,1.495069,1.013778,-1.40568,-1.452017,1.067331,0.801476,0.243421,-1.537409,-1.398773,-0.45823,0.982105,-1.471487,-1.534258,-1.491821,1.293731,-0.882494,-1.476219,-1.307599,-1.175227,1.070175,-0.690684,-1.012766,-1.041076,0.180778,0.963505,-0.869738,-0.714029,-1.151439,2.103517,-0.155282,-1.06736,-1.567487,0.715642,-1.405826,1.258677,-1.692024,-1.021393,1.067579,0.040832,1.084121,1.110489,-1.821822,-1.861177,-1.560559,-1.755673,-0.004954,0.722967,-1.535161,1.142273,-1.646961,2.012474,1.03323,-1.367077,-1.145789,-2.022132,1.915252,1.160024,-1.547014,-1.354067,0.81267,-0.548232,0.701476,1.752883,-0.630925,1.411583,1.515918,1.592004,1.900354,1.365163,1.140932,-1.012307,-0.748948,1.413536,0.754519,0.882912,-0.348917,-1.630957,0.531551,-1.1636,1.282672,1.217919,-1.946142,0.797607,-1.228374,1.231982,1.17551,0.574715,-0.065635,-0.702105,0.575125,1.45699,0.718212,-1.517873,0.053179,1.658813,1.92609,1.353913,1.806612,2.29847,1.739226,1.873167,1.598602,2.148529,2.113329,0.882351,-1.353087,-1.68386,1.251768,-1.082507,0.756953
166.0,87.8,56.0,3.0,4.0,54090.0,54256.0,0.588893,0.77958,0.514514,-0.467201,1.367418,0.580568,0.739184,0.738369,-0.756269,-0.19466,0.683695,0.698288,0.788657,-0.593104,1.115268,0.581044,0.801892,0.773816,-0.766642,0.385649,0.67683,0.684188,0.82107,-0.451566,1.136817,0.743589,0.810614,0.667175,0.667641,0.563234,0.650746,0.81372,0.762901,-0.751174,0.301294,0.694721,0.829639,0.818569,-1.099305,-0.77267,0.713123,0.856072,0.673706,-0.851513,-0.097912,0.687013,0.873199,0.552604,-0.897814,-0.110277,0.697284,0.814467,0.670689,-0.928621,0.097669,0.702708,0.792541,0.92367,-0.799287,1.008551,0.812362,0.642218,0.994145,0.212477,-0.760448,0.885445,0.792024,1.004444,-0.547467,-0.745267,0.860966,0.79586,0.857109,-0.783696,-0.794567,0.776267,0.815476,0.781611,-0.891068,-0.769261,0.751558,0.796272,0.790825,-1.042493,-0.698315,0.799025,0.875723,0.660951,-0.867723,-0.62276,0.834854,-0.710306,-0.972606,-0.903938,-0.252567,0.853998,0.823602,0.789077,-0.985664,-0.793228,0.841243,0.816584,0.888711,-0.938365,-0.858185,0.997447,0.743153,1.029641,-0.727547,-0.800066,1.070351,0.473462,1.128777,-0.732409,-0.898658,0.961611,0.623715,-0.653645,-0.881682,-0.832287,0.760548,0.769448,-0.090011,-0.431007,-0.644746,0.786118,0.701041,0.816229,0.809537,1.171557,0.788802,0.475349,0.949447,-0.608958,-0.8404,-1.259581,-0.96783,0.728179,-0.902562,-0.73046,1.023188,0.362947,0.984033,-1.008808,-0.474575,0.985816,1.040382,0.929582,-0.924441,-0.767211,1.111312,-0.086821,1.115865,-0.83488,-0.860522,1.437315,0.117452,-0.942064,-0.858461,-0.853646,0.963806,-1.018498,-0.818366,-0.943301,-0.94726,0.956322,-0.787843,-1.194908,-1.037858,-1.130814,0.982575,-0.982884,-0.087478,-0.864357,-0.068883,1.529296,0.041672,-0.872196,0.961128,-0.964409,1.08116,-0.642844,-0.733882,1.141584,0.717969,1.114978,1.199208,-0.465504,0.196444,-0.802103,1.086189,-0.234436,0.865928,-0.860446,-0.634775,0.739783,0.556835,0.771328,-0.972817,-1.067783,-0.307637,0.365835,0.903354,-0.891456,-0.939075,1.038726,-0.520284,0.577576,0.683083,-0.96964,0.854611,0.570135,0.729402,0.500251,-0.46821,1.032632,-0.990727,-0.151761,0.337144,-0.715926,1.008015,0.700567,-0.200668,0.955341,-0.96314,1.069361,1.173576,-0.400035,1.026589,-0.955047,1.077656,1.275566,0.742211,0.869706,-1.096879,1.312331,1.022484,0.825748,-0.044497,-1.283559,0.779444,0.62241,0.810772,0.641652,0.125683,0.737226,0.643825,0.758066,0.393808,0.425875,0.932587,-0.949748,-0.520892,0.987843,-0.957468,1.009011
332.0,85.0,56.0,13.0,5.0,54256.0,54588.0,0.547002,0.748241,0.475224,-0.482634,1.327309,0.540739,0.704929,0.71428,-0.730008,-0.1903,0.651295,0.661703,0.760454,-0.594886,1.082457,0.535014,0.771992,0.748032,-0.759712,0.370839,0.641893,0.646625,0.800505,-0.45923,1.09649,0.704725,0.784877,0.635373,0.626741,0.506921,0.603072,0.78715,0.737099,-0.814372,0.250582,0.653787,0.802092,0.7933,-1.092632,-0.786102,0.672502,0.826394,0.652512,-0.831131,-0.111026,0.645614,0.837243,0.534062,-0.881431,-0.126577,0.660954,0.782329,0.648502,-0.91596,0.07098,0.670973,0.762217,0.907139,-0.799816,0.965066,0.78532,0.602677,0.975757,0.223935,-0.765365,0.861111,0.753968,0.984487,-0.5442,-0.749445,0.827679,0.772248,0.836814,-0.758545,-0.769754,0.735161,0.791134,0.761445,-0.867298,-0.745184,0.710014,0.766091,0.76751,-1.017732,-0.687224,0.759159,0.845488,0.630948,-0.839646,-0.625223,0.800459,-0.684055,-0.994067,-0.883021,-0.280938,0.828336,0.794031,0.764002,-0.975052,-0.777828,0.817245,0.787941,0.870846,-0.925046,-0.842099,0.979089,0.710839,1.019586,-0.701422,-0.794191,1.055105,0.434916,1.11878,-0.708209,-0.887327,0.937236,0.602973,-0.693025,-0.863039,-0.805564,0.723076,0.749223,-0.152985,-0.47766,-0.694541,0.725821,0.676499,0.797205,0.844039,1.146582,0.74737,0.433167,0.955497,-0.554467,-0.811536,-1.244474,-0.932731,0.701699,-0.874485,-0.723123,1.014562,0.348389,0.971884,-0.998366,-0.444181,0.964799,1.023995,0.927398,-0.902943,-0.744144,1.106869,-0.10773,1.131805,-0.808282,-0.841599,1.494391,0.104582,-0.922747,-0.8305,-0.826355,0.951022,-0.975238,-0.756793,-0.914758,-0.933927,0.94726,-0.758379,-1.148566,-1.022254,-1.148614,0.983752,-0.964037,-0.018245,-0.783484,-0.107708,1.513621,0.07924,-0.8375,0.970392,-0.94398,1.060415,-0.617809,-0.717461,1.134142,0.709412,1.10012,1.202556,-0.397936,0.288536,-0.775058,1.156954,-0.194667,0.880276,-0.829394,-0.663411,0.823472,0.536802,0.775328,-0.947326,-1.047609,-0.24556,0.331381,0.904308,-0.860917,-0.915324,1.052915,-0.479864,0.606732,0.687874,-0.959523,0.852676,0.560416,0.720146,0.479703,-0.492312,1.044349,-0.959848,-0.084288,0.470911,-0.734476,1.010648,0.728183,-0.118254,0.981911,-0.946325,1.049666,1.158516,-0.325417,1.035903,-0.938039,1.054887,1.26518,0.775625,0.93739,-1.096446,1.309658,1.013901,0.850551,0.049493,-1.288955,0.759698,0.597735,0.81206,0.631738,0.084801,0.715033,0.616872,0.7452,0.365805,0.391444,0.935671,-0.90973,-0.454353,0.981787,-0.938553,1.033175
432.0,85.8,56.4,17.0,5.0,54588.0,55020.0,0.489847,0.705483,0.421617,-0.503691,1.272585,0.486397,0.658194,0.681413,-0.694178,-0.184353,0.607089,0.611786,0.721974,-0.597317,1.03769,0.472212,0.731197,0.712853,-0.750255,0.350631,0.594226,0.595374,0.772446,-0.469685,1.041469,0.651698,0.749762,0.591984,0.570939,0.430089,0.538026,0.750898,0.701895,-0.900598,0.181392,0.597938,0.764508,0.758824,-1.083526,-0.804428,0.617079,0.785902,0.623595,-0.803321,-0.128919,0.589131,0.788184,0.508764,-0.859079,-0.148816,0.611385,0.73848,0.618231,-0.898686,0.034566,0.627673,0.720842,0.884586,-0.800538,0.905735,0.748424,0.548728,0.950669,0.239568,-0.772075,0.827909,0.702045,0.957258,-0.539743,-0.755145,0.782264,0.740032,0.809124,-0.724229,-0.735899,0.679077,0.757922,0.733931,-0.834865,-0.712334,0.653331,0.724912,0.7357,-0.983949,-0.672092,0.704767,0.804236,0.590012,-0.801338,-0.628582,0.75353,-0.648238,-1.023349,-0.854482,-0.319648,0.793323,0.753685,0.729789,-0.960573,-0.756817,0.784503,0.748861,0.846471,-0.906874,-0.820151,0.954042,0.666751,1.005868,-0.665778,-0.786177,1.034303,0.382326,1.10514,-0.67519,-0.871866,0.903978,0.574672,-0.746754,-0.837603,-0.769104,0.671951,0.721628,-0.238905,-0.541313,-0.762479,0.643554,0.643015,0.771249,0.891113,1.112506,0.69084,0.375615,0.96375,-0.480119,-0.772154,-1.223863,-0.884843,0.665571,-0.836178,-0.713113,1.002792,0.328527,0.955308,-0.984121,-0.402711,0.936123,1.001637,0.924419,-0.873611,-0.712672,1.100807,-0.136258,1.153552,-0.771992,-0.815781,1.572266,0.087021,-0.896392,-0.792351,-0.78912,0.933579,-0.916213,-0.672785,-0.875814,-0.915736,0.934895,-0.71818,-1.085338,-1.000965,-1.172901,0.985357,-0.938322,0.076215,-0.673143,-0.16068,1.492234,0.130496,-0.790162,0.983032,-0.916106,1.03211,-0.583652,-0.695056,1.123988,0.697738,1.079848,1.207125,-0.305747,0.414184,-0.738159,1.253506,-0.140407,0.899851,-0.787028,-0.702482,0.937657,0.509469,0.780786,-0.912547,-1.020084,-0.160862,0.284372,0.90561,-0.81925,-0.882918,1.072275,-0.424716,0.646512,0.69441,-0.94572,0.850035,0.547156,0.707517,0.451669,-0.525197,1.060335,-0.917719,0.007772,0.653421,-0.759786,1.01424,0.765863,-0.005809,1.018162,-0.923384,1.022793,1.137968,-0.223609,1.048611,-0.914834,1.023822,1.251009,0.821216,1.029737,-1.095855,1.30601,1.00219,0.884392,0.177731,-1.296317,0.732758,0.564068,0.813818,0.618211,0.029022,0.684755,0.580097,0.727646,0.327599,0.344466,0.939878,-0.855131,-0.363568,0.973524,-0.912747,1.066145
8817.0,83.5,56.1,125.0,68.0,55020.0,63837.0,0.440382,0.668477,0.375222,-0.521914,1.225223,0.439366,0.617745,0.652968,-0.663168,-0.179205,0.568831,0.568586,0.688671,-0.599421,0.998946,0.417859,0.69589,0.682407,-0.742071,0.333142,0.552971,0.551018,0.748162,-0.478734,0.993851,0.605807,0.719371,0.554431,0.522644,0.363594,0.481732,0.719523,0.671427,-0.975224,0.121511,0.549602,0.73198,0.728985,-1.075646,-0.820289,0.569113,0.750857,0.598568,-0.779253,-0.144405,0.540246,0.745725,0.486869,-0.839735,-0.168063,0.568485,0.700531,0.592033,-0.883736,0.00305,0.590199,0.685034,0.865067,-0.801163,0.854387,0.716493,0.502037,0.928956,0.253098,-0.777881,0.799175,0.657108,0.933693,-0.535886,-0.760078,0.742959,0.712151,0.785159,-0.69453,-0.706599,0.630538,0.729178,0.710118,-0.806796,-0.683903,0.604274,0.689274,0.70817,-0.954711,-0.658996,0.657692,0.768534,0.554584,-0.768183,-0.631489,0.712916,-0.617241,-1.04869,-0.829782,-0.353149,0.763021,0.718768,0.700179,-0.948042,-0.738633,0.756165,0.715039,0.825375,-0.891147,-0.801156,0.932364,0.628594,0.993995,-0.634929,-0.779241,1.016301,0.336811,1.093336,-0.646614,-0.858485,0.875196,0.550179,-0.793254,-0.81559,-0.737549,0.627704,0.697746,-0.313266,-0.596402,-0.821277,0.572354,0.614036,0.748785,0.931854,1.083015,0.641915,0.325806,0.970894,-0.415775,-0.738071,-1.206024,-0.843398,0.634304,-0.803025,-0.704449,0.992607,0.311338,0.940963,-0.971791,-0.366821,0.911305,0.982288,0.92184,-0.848226,-0.685433,1.09556,-0.160948,1.172374,-0.740584,-0.793436,1.639663,0.071823,-0.873582,-0.759335,-0.756894,0.918484,-0.86513,-0.600078,-0.842109,-0.899992,0.924194,-0.683388,-1.030617,-0.982539,-1.19392,0.986747,-0.916067,0.157967,-0.577646,-0.206526,1.473724,0.174856,-0.749192,0.993972,-0.891983,1.007614,-0.55409,-0.675666,1.115199,0.687635,1.062303,1.211079,-0.225962,0.522929,-0.706224,1.337068,-0.093447,0.916793,-0.750362,-0.736296,1.036479,0.485813,0.785509,-0.882446,-0.996263,-0.08756,0.243687,0.906737,-0.783189,-0.854872,1.08903,-0.376987,0.68094,0.700066,-0.933774,0.84775,0.535679,0.696587,0.427405,-0.553658,1.074171,-0.881257,0.087445,0.811376,-0.78169,1.017349,0.798474,0.091507,1.049536,-0.903529,0.999536,1.120184,-0.135499,1.059609,-0.894751,0.996936,1.238745,0.860672,1.10966,-1.095343,1.302853,0.992055,0.91368,0.288716,-1.302688,0.709442,0.53493,0.815339,0.606504,-0.019253,0.65855,0.54827,0.712453,0.294533,0.303809,0.94352,-0.807877,-0.284997,0.966372,-0.890413,1.094678
1330.0,80.4,56.9,61.0,11.0,63837.0,65167.0,0.402806,0.639457,0.338667,-0.536504,1.18677,0.403684,0.58613,0.629413,-0.639499,-0.176497,0.539479,0.534795,0.662052,-0.601002,0.967982,0.376655,0.668155,0.658255,-0.73616,0.317379,0.521468,0.516502,0.728694,-0.486361,0.955783,0.570956,0.695509,0.525284,0.485473,0.312509,0.438928,0.694724,0.647321,-1.029776,0.074528,0.512981,0.706236,0.705272,-1.068491,-0.832346,0.532755,0.722926,0.578671,-0.760786,-0.158028,0.5033,0.711313,0.469812,-0.824405,-0.185043,0.535909,0.670114,0.571732,-0.871587,-0.023006,0.561484,0.657295,0.849318,-0.801655,0.813193,0.691194,0.465733,0.911748,0.263613,-0.782038,0.776201,0.621968,0.914974,-0.532876,-0.76351,0.712782,0.690141,0.766237,-0.671603,-0.684241,0.593629,0.706448,0.691221,-0.78473,-0.661945,0.567077,0.66096,0.686855,-0.931108,-0.649361,0.622027,0.739977,0.527782,-0.742479,-0.634068,0.681905,-0.599172,-1.064006,-0.810356,-0.380445,0.739751,0.689114,0.677583,-0.938169,-0.724629,0.733974,0.689373,0.808913,-0.878968,-0.786289,0.914421,0.59853,0.984126,-0.610756,-0.773689,1.000116,0.30066,1.083293,-0.624806,-0.847539,0.852801,0.531211,-0.826531,-0.798379,-0.713118,0.59429,0.679092,-0.372246,-0.640619,-0.867031,0.518107,0.590088,0.731082,0.962572,1.056333,0.605647,0.28647,0.97512,-0.366159,-0.711875,-1.182228,-0.812507,0.611786,-0.777525,-0.698117,0.983741,0.299584,0.929525,-0.96132,-0.340448,0.891223,0.967051,0.919585,-0.828245,-0.66452,1.089886,-0.180316,1.185702,-0.716294,-0.776226,1.686013,0.05934,-0.854887,-0.733788,-0.731991,0.906699,-0.825485,-0.544257,-0.815772,-0.887608,0.916364,-0.656143,-0.988281,-0.967637,-1.208569,0.987157,-0.89937,0.220141,-0.503107,-0.239577,1.457027,0.2085,-0.717534,1.001268,-0.872107,0.987513,-0.532513,-0.660584,1.107017,0.680172,1.047589,1.211497,-0.164069,0.603727,-0.681433,1.395674,-0.059419,0.929872,-0.721623,-0.761756,1.104062,0.467102,0.789593,-0.858728,-0.977332,-0.033719,0.212206,0.907585,-0.755058,-0.832892,1.101215,-0.339277,0.707814,0.703935,-0.92382,0.845786,0.527779,0.688786,0.409447,-0.574173,1.083284,-0.852122,0.148863,0.92698,-0.797634,1.01892,0.821484,0.164718,1.071614,-0.8877,0.980718,1.104512,-0.070058,1.066732,-0.878745,0.975341,1.226902,0.890134,1.168076,-1.093619,1.297769,0.982894,0.935695,0.372343,-1.305751,0.690249,0.512741,0.816178,0.597361,-0.054908,0.637783,0.524056,0.700704,0.26971,0.273284,0.945676,-0.771524,-0.224665,0.959705,-0.87337,1.115419
732.0,71.1,45.1,11.0,8.0,3855.0,4587.0,-0.840468,-1.147883,-0.504578,2.233058,-0.56353,-0.792082,-1.046975,-1.148559,1.320646,1.660906,-0.896733,-0.738899,-0.820021,1.904356,-0.684739,-0.98928,-1.330606,-1.562189,1.745904,1.523164,-0.884254,-0.829059,-1.584182,1.670119,-0.352834,-1.400868,-1.423252,-0.969206,-0.802396,-0.35247,-1.157489,-1.429933,-1.056098,1.536308,0.541064,-1.351188,-1.388643,-1.45167,1.357538,1.528409,-1.251005,-1.40089,-2.076896,1.162241,1.648918,-1.12065,-1.106727,-2.246944,1.101467,1.808727,-1.122817,-1.353998,-1.782022,0.996759,1.941612,-1.049943,-1.026985,-1.50762,1.399753,0.447564,-0.961654,0.315458,-1.426687,0.021401,1.768239,-1.139262,-0.068172,-1.299299,1.769774,1.898641,-1.595998,-1.418129,-1.280083,1.39213,1.612294,-1.389581,-1.353265,-1.303849,1.431067,1.378064,-1.328339,-1.187651,-1.400393,1.125755,1.681844,-1.243413,-1.109279,-1.413978,0.696213,1.843493,-1.284235,1.074462,0.98674,1.437158,2.143753,-1.338748,-0.269024,-1.525464,1.27163,1.646562,-1.26767,-0.76157,-1.525539,1.296204,1.552444,-1.252159,0.360747,-1.440779,1.172652,1.637529,-0.870379,1.113486,-1.383032,1.45944,1.614511,-1.609797,-1.466826,-0.828815,1.527943,1.283451,-1.589648,-1.483511,0.97581,-1.356046,1.40536,-0.813185,-1.376334,-1.264074,-1.807433,0.750681,-1.281817,-0.713773,-1.564792,-0.197789,1.409733,0.954514,1.268829,-0.87984,1.323546,2.025415,-1.580016,-0.062812,-1.438663,1.39498,1.311405,-1.233005,-0.661488,-1.621256,1.383699,1.363572,-1.500329,1.803243,-1.566184,1.301018,1.481757,-0.748014,1.815816,1.280776,1.309345,1.330357,-1.556066,-0.570008,0.052022,1.260518,1.61231,-1.499134,-1.105839,0.889336,1.526222,1.840563,-1.502465,-0.335993,-1.352139,-0.546024,0.576002,-1.688285,-1.811629,1.159998,-1.802445,1.460153,-1.37914,1.339521,2.135163,-1.434919,1.577686,-1.476902,-1.379991,0.601549,-0.526137,0.979056,-0.720271,1.9559,-1.72763,1.207546,1.40452,2.017938,-0.052891,-1.789467,1.279494,1.384319,1.024364,0.450096,-1.552884,1.190923,1.365883,-1.327962,-1.426355,-1.85216,-0.985613,2.020042,-1.190546,-1.544959,-1.094467,0.038229,1.709865,-1.085415,-0.526949,-1.520805,-1.637801,1.80651,-1.541438,-1.908119,-0.625664,-1.781575,1.583455,-0.987995,-1.299995,0.655544,-1.652258,1.499047,-1.213354,-1.018113,-2.116983,-1.609975,1.758449,-0.610317,-1.119117,-1.930563,-0.884962,1.635215,-0.92048,-0.920521,-1.613474,-1.3167,-0.313425,-1.090144,-1.043349,-1.423414,-0.95619,-0.78369,-1.582251,0.139843,-0.193852,-1.378674,1.629604,-0.106542
166.0,67.0,47.2,20.0,26.0,65167.0,65333.0,0.38144,0.62048,0.314312,-0.54683,1.158172,0.383512,0.565731,0.610723,-0.625731,-0.178227,0.522003,0.512931,0.643322,-0.601855,0.946205,0.353456,0.649898,0.641735,-0.733629,0.301672,0.503107,0.494637,0.714846,-0.492745,0.92898,0.55117,0.679829,0.507019,0.46302,0.281902,0.414479,0.677998,0.630996,-1.054985,0.043748,0.492418,0.688782,0.688938,-1.061242,-0.839224,0.512293,0.703481,0.564945,-0.749782,-0.170836,0.482804,0.685873,0.458959,-0.813962,-0.201119,0.51742,0.648494,0.559101,-0.862525,-0.043578,0.54448,0.640057,0.837854,-0.801984,0.783816,0.673971,0.442816,0.90002,0.270238,-0.783709,0.760018,0.599257,0.902109,-0.53095,-0.764605,0.694754,0.67537,0.753525,-0.65757,-0.671254,0.57254,0.691088,0.678276,-0.770156,-0.648477,0.546111,0.641482,0.673642,-0.913894,-0.644733,0.602003,0.71983,0.512841,-0.72645,-0.636541,0.663842,-0.603799,-1.062012,-0.797505,-0.400993,0.725835,0.663741,0.664453,-0.931593,-0.716148,0.719546,0.674853,0.798364,-0.871414,-0.776644,0.900201,0.578498,0.976202,-0.595003,-0.769764,0.984089,0.275816,1.074656,-0.612132,-0.839187,0.838623,0.519438,-0.839885,-0.787266,-0.697972,0.575828,0.667093,-0.412564,-0.672206,-0.896009,0.486824,0.571206,0.719278,0.979415,1.029521,0.587461,0.260028,0.974258,-0.335942,-0.696147,-1.140822,-0.796555,0.602337,-0.762166,-0.695193,0.97563,0.296447,0.921554,-0.952358,-0.327873,0.876458,0.956923,0.917497,-0.814986,-0.652024,1.082066,-0.192997,1.190645,-0.701308,-0.765798,1.699184,0.049692,-0.840536,-0.717993,-0.716679,0.899133,-0.800656,-0.510905,-0.798801,-0.879412,0.912727,-0.63843,-0.962116,-0.9567,-1.21331,0.985635,-0.890444,0.255688,-0.455292,-0.253544,1.440358,0.227485,-0.698073,1.002659,-0.856583,0.972025,-0.522635,-0.651051,1.098267,0.676507,1.03545,1.204705,-0.125381,0.644754,-0.66589,1.415752,-0.044545,0.937878,-0.702871,-0.775614,1.122125,0.454447,0.793266,-0.842922,-0.964294,-0.008113,0.19274,0.908047,-0.737053,-0.818557,1.106667,-0.313879,0.725057,0.70497,-0.915766,0.844051,0.525511,0.685717,0.400522,-0.582832,1.084666,-0.831646,0.186222,0.980785,-0.804808,1.017665,0.829774,0.204408,1.079398,-0.876672,0.966887,1.089715,-0.036905,1.067435,-0.867603,0.959871,1.213293,0.905495,1.195043,-1.089004,1.287574,0.973706,0.947579,0.418044,-1.302656,0.675307,0.499975,0.815795,0.591484,-0.07242,0.623634,0.510184,0.693457,0.256399,0.256906,0.945245,-0.749609,-0.188602,0.952556,-0.863469,1.124672
266.0,65.4,44.0,11.0,6.0,65333.0,65599.0,0.352844,0.595083,0.281715,-0.56065,1.119898,0.356515,0.538429,0.585708,-0.607304,-0.180542,0.498613,0.483668,0.618253,-0.602997,0.91706,0.322408,0.625462,0.619624,-0.730242,0.28065,0.478533,0.465374,0.696312,-0.50129,0.893109,0.524688,0.658843,0.482574,0.432968,0.240937,0.381758,0.655611,0.609148,-1.088725,0.002552,0.464897,0.665422,0.667077,-1.05154,-0.84843,0.484908,0.677456,0.546575,-0.735056,-0.187978,0.455373,0.651825,0.444432,-0.799986,-0.222634,0.492674,0.619559,0.542196,-0.850396,-0.071112,0.521723,0.616987,0.822512,-0.802423,0.744498,0.65092,0.412145,0.884322,0.279105,-0.785945,0.738359,0.568861,0.88489,-0.528372,-0.766069,0.670625,0.655601,0.736511,-0.638788,-0.653872,0.544315,0.670531,0.660951,-0.750652,-0.630451,0.51805,0.615413,0.655957,-0.890857,-0.638538,0.575204,0.692866,0.492846,-0.704997,-0.639851,0.639666,-0.609993,-1.059344,-0.780306,-0.428493,0.70721,0.629781,0.646881,-0.92279,-0.704797,0.700236,0.655418,0.784245,-0.861304,-0.763736,0.88117,0.551689,0.965596,-0.573919,-0.764511,0.962638,0.242566,1.063097,-0.595168,-0.828009,0.819649,0.503681,-0.857759,-0.772392,-0.677701,0.551118,0.651033,-0.466526,-0.714482,-0.934792,0.444954,0.545936,0.703479,1.001956,0.993636,0.563123,0.224637,0.973105,-0.295499,-0.675098,-1.085406,-0.775204,0.589691,-0.74161,-0.69128,0.964774,0.292249,0.910885,-0.940363,-0.311043,0.856696,0.943369,0.914702,-0.79724,-0.6353,1.071599,-0.209969,1.19726,-0.681252,-0.75184,1.716811,0.036778,-0.821328,-0.696852,-0.696186,0.889006,-0.767425,-0.466268,-0.776087,-0.868443,0.90786,-0.614722,-0.927098,-0.942061,-1.219655,0.983598,-0.878497,0.303263,-0.391296,-0.272237,1.418049,0.252894,-0.672028,1.00452,-0.835808,0.951295,-0.509416,-0.638291,1.086556,0.671601,1.019203,1.195613,-0.073602,0.699663,-0.645088,1.442622,-0.024638,0.948592,-0.677774,-0.794162,1.1463,0.437508,0.798183,-0.821766,-0.946845,0.026157,0.166687,0.908666,-0.712956,-0.799372,1.113964,-0.279886,0.748134,0.706356,-0.904986,0.841729,0.522475,0.681609,0.388576,-0.59442,1.086517,-0.80424,0.236223,1.052797,-0.814411,1.015985,0.84087,0.257528,1.089815,-0.861912,0.948375,1.06991,0.007466,1.068375,-0.852691,0.939168,1.195078,0.926055,1.231137,-1.082828,1.273928,0.961409,0.963485,0.479209,-1.298514,0.65531,0.482888,0.815281,0.583618,-0.095858,0.604697,0.491618,0.683757,0.238584,0.234987,0.944667,-0.720278,-0.140335,0.942986,-0.850219,1.137056
632.0,72.6,44.1,8.0,7.0,65599.0,66231.0,0.327917,0.572944,0.2533,-0.572697,1.086533,0.332982,0.51463,0.563903,-0.591241,-0.18256,0.478224,0.458161,0.596401,-0.603992,0.891653,0.295343,0.604161,0.600351,-0.72729,0.262325,0.457112,0.439866,0.680156,-0.508738,0.861839,0.501604,0.640549,0.461265,0.406772,0.205229,0.353234,0.636097,0.590102,-1.118136,-0.033359,0.440907,0.64506,0.648021,-1.043082,-0.856455,0.461037,0.65477,0.530561,-0.722218,-0.202921,0.431461,0.622144,0.43177,-0.787802,-0.241388,0.471104,0.594337,0.527461,-0.839823,-0.095113,0.501885,0.596876,0.809138,-0.802806,0.710225,0.630827,0.385408,0.870638,0.286835,-0.787894,0.71948,0.542364,0.86988,-0.526125,-0.767346,0.649592,0.638368,0.72168,-0.622416,-0.638721,0.519712,0.652611,0.645849,-0.73365,-0.614738,0.49359,0.592689,0.640542,-0.870775,-0.633139,0.551842,0.669361,0.475415,-0.686297,-0.642736,0.618593,-0.615391,-1.057017,-0.765313,-0.452464,0.690975,0.600179,0.631563,-0.915118,-0.694903,0.683404,0.638477,0.771937,-0.85249,-0.752484,0.864581,0.528319,0.956351,-0.55554,-0.759931,0.94394,0.213583,1.053021,-0.580381,-0.818265,0.803109,0.489946,-0.873338,-0.759427,-0.660031,0.529579,0.637034,-0.513565,-0.751334,-0.968599,0.408456,0.523907,0.689707,1.021605,0.962355,0.541907,0.193788,0.972099,-0.260245,-0.65675,-1.0371,-0.756593,0.578668,-0.723692,-0.687869,0.955312,0.28859,0.901584,-0.929906,-0.296372,0.83947,0.931553,0.912266,-0.781772,-0.620721,1.062475,-0.224764,1.203027,-0.663769,-0.739673,1.732177,0.025521,-0.804584,-0.678425,-0.678322,0.880179,-0.738457,-0.427358,-0.756288,-0.858882,0.903616,-0.594056,-0.896573,-0.929301,-1.225187,0.981822,-0.868084,0.344734,-0.335511,-0.288532,1.398603,0.275043,-0.649323,1.006143,-0.817697,0.933224,-0.497892,-0.627168,1.076347,0.667325,1.00504,1.187688,-0.028466,0.747527,-0.626954,1.466046,-0.007285,0.957932,-0.655896,-0.81033,1.167374,0.422743,0.802468,-0.803325,-0.931634,0.056029,0.143977,0.909205,-0.691951,-0.782649,1.120324,-0.250255,0.768251,0.707563,-0.89559,0.839704,0.519829,0.678029,0.378163,-0.604522,1.088129,-0.780351,0.279808,1.11557,-0.822781,1.01452,0.850541,0.303833,1.098895,-0.849045,0.932238,1.052646,0.046144,1.069195,-0.839693,0.92112,1.179201,0.943977,1.262599,-1.077444,1.262032,0.95069,0.97735,0.532527,-1.294903,0.637878,0.467994,0.814834,0.576761,-0.116289,0.588189,0.475434,0.675302,0.223054,0.21588,0.944163,-0.69471,-0.098261,0.934645,-0.838668,1.147851
103.0,73.7,53.3,8.0,8.0,66231.0,66334.0,0.313673,0.560293,0.237064,-0.579581,1.067468,0.319535,0.501031,0.551443,-0.582062,-0.183714,0.466573,0.443585,0.583914,-0.604561,0.877135,0.279877,0.591989,0.589337,-0.725603,0.251854,0.444871,0.42529,0.670925,-0.512994,0.843971,0.488413,0.630096,0.449089,0.391803,0.184824,0.336935,0.624946,0.579219,-1.134943,-0.053879,0.427198,0.633424,0.637132,-1.038249,-0.861041,0.447396,0.641807,0.521411,-0.714883,-0.211459,0.417797,0.605184,0.424534,-0.78084,-0.252105,0.458778,0.579924,0.51904,-0.833781,-0.108828,0.490549,0.585385,0.801496,-0.803025,0.69064,0.619345,0.37013,0.862819,0.291252,-0.789008,0.708691,0.527224,0.861303,-0.524841,-0.768076,0.637574,0.628521,0.713206,-0.613061,-0.630063,0.505652,0.642372,0.637219,-0.723934,-0.60576,0.479612,0.579704,0.631733,-0.859299,-0.630054,0.538493,0.65593,0.465455,-0.675611,-0.644385,0.60655,-0.618477,-1.055688,-0.756746,-0.466163,0.681697,0.583264,0.62281,-0.910733,-0.689249,0.673785,0.628797,0.764904,-0.847454,-0.746054,0.855101,0.514965,0.951069,-0.545038,-0.757315,0.933255,0.19702,1.047263,-0.571932,-0.812697,0.793657,0.482097,-0.882241,-0.752018,-0.649933,0.51727,0.629034,-0.540444,-0.772392,-0.987918,0.3876,0.51132,0.681838,1.032834,0.94448,0.529783,0.176159,0.971525,-0.2401,-0.646265,-1.009497,-0.745958,0.572369,-0.713453,-0.68592,0.949904,0.286498,0.89627,-0.923932,-0.287989,0.829627,0.924802,0.910874,-0.772932,-0.612391,1.057262,-0.233218,1.206322,-0.653778,-0.732721,1.740957,0.019088,-0.795016,-0.667894,-0.668114,0.875135,-0.721904,-0.405123,-0.744974,-0.853418,0.901192,-0.582247,-0.87913,-0.922009,-1.228347,0.980808,-0.862133,0.368432,-0.303634,-0.297844,1.387491,0.287699,-0.63635,1.00707,-0.807348,0.922899,-0.491307,-0.620812,1.070513,0.664881,0.996947,1.183159,-0.002674,0.774878,-0.616592,1.479431,0.002631,0.963269,-0.643395,-0.819568,1.179416,0.414306,0.804917,-0.792788,-0.922942,0.0731,0.130999,0.909513,-0.679947,-0.773092,1.123959,-0.233323,0.779746,0.708254,-0.89022,0.838547,0.518317,0.675983,0.372213,-0.610294,1.089051,-0.7667,0.304714,1.15144,-0.827564,1.013684,0.856068,0.330292,1.104084,-0.841693,0.923017,1.042781,0.068246,1.069663,-0.832265,0.910807,1.170128,0.954218,1.280578,-1.074368,1.255235,0.944565,0.985273,0.562994,-1.292839,0.627917,0.459483,0.814579,0.572843,-0.127964,0.578756,0.466187,0.670471,0.21418,0.204962,0.943875,-0.6801,-0.074218,0.929878,-0.832068,1.154019
765.0,80.1,56.1,61.0,12.0,66334.0,67099.0,0.28853,0.537962,0.208403,-0.591732,1.033815,0.295798,0.477026,0.529449,-0.56586,-0.185749,0.446008,0.417856,0.561873,-0.605565,0.851509,0.252577,0.570504,0.569897,-0.722625,0.233371,0.423265,0.39956,0.654629,-0.520507,0.812431,0.465129,0.611644,0.427595,0.36538,0.148806,0.308165,0.605263,0.560009,-1.164608,-0.090101,0.403,0.612885,0.617911,-1.029719,-0.869135,0.423318,0.618925,0.505259,-0.701934,-0.226531,0.393678,0.575247,0.411761,-0.768551,-0.271022,0.43702,0.554483,0.504177,-0.823117,-0.133038,0.47054,0.5651,0.788006,-0.803412,0.656071,0.599077,0.343162,0.849017,0.299048,-0.790974,0.689648,0.500498,0.846164,-0.522575,-0.769363,0.616359,0.611139,0.698246,-0.596547,-0.61478,0.480835,0.624297,0.621986,-0.706785,-0.589911,0.45494,0.556783,0.616185,-0.839043,-0.624607,0.51493,0.632222,0.447874,-0.656749,-0.647295,0.585294,-0.623922,-1.053341,-0.741624,-0.490342,0.665321,0.553405,0.60736,-0.902994,-0.679269,0.656807,0.611709,0.75249,-0.838565,-0.734705,0.838368,0.491393,0.941743,-0.5265,-0.752696,0.914395,0.167786,1.037099,-0.557017,-0.802868,0.776974,0.468243,-0.897956,-0.73894,-0.63211,0.495545,0.614914,-0.587889,-0.809563,-1.022018,0.350787,0.489101,0.667947,1.052653,0.912928,0.508384,0.145042,0.970511,-0.204541,-0.627757,-0.960772,-0.727186,0.56125,-0.695379,-0.682479,0.94036,0.282807,0.886889,-0.913385,-0.273191,0.812251,0.912884,0.908417,-0.75733,-0.597686,1.048059,-0.24814,1.212138,-0.636144,-0.720449,1.756456,0.007734,-0.778128,-0.649307,-0.650095,0.866232,-0.692686,-0.365876,-0.725003,-0.843774,0.896912,-0.561403,-0.84834,-0.909138,-1.233927,0.979017,-0.851629,0.410263,-0.247366,-0.31428,1.367876,0.31004,-0.613449,1.008706,-0.789081,0.904672,-0.479684,-0.609593,1.060216,0.660568,0.982662,1.175165,0.042853,0.823157,-0.598302,1.503057,0.020134,0.97269,-0.621328,-0.835876,1.200671,0.399413,0.809239,-0.774187,-0.9076,0.103231,0.108092,0.910056,-0.65876,-0.756224,1.130375,-0.203436,0.800037,0.709472,-0.880743,0.836506,0.515648,0.672371,0.36171,-0.620483,1.090678,-0.742604,0.348677,1.214757,-0.836006,1.012206,0.865824,0.376998,1.113243,-0.828715,0.906741,1.025368,0.10726,1.07049,-0.819153,0.892603,1.154113,0.972295,1.312313,-1.068937,1.243237,0.933753,0.999258,0.616773,-1.289197,0.610334,0.44446,0.814127,0.565927,-0.148572,0.562105,0.449863,0.661943,0.198516,0.185689,0.943367,-0.65431,-0.03178,0.921465,-0.820418,1.164908
233.0,83.6,54.3,13.0,9.0,67099.0,67332.0,1.922319,1.722744,2.060286,-0.144532,0.96523,1.926967,1.800399,1.81729,-1.6077,-1.272797,1.831027,1.891576,1.82011,-0.996435,1.33307,1.90607,1.653303,1.609095,-1.262075,-0.455031,1.835227,1.920354,1.555269,-1.17457,1.216226,1.678113,1.59486,1.905126,1.85723,1.948478,1.824631,1.597224,1.789964,1.293974,1.510737,1.706717,1.59414,1.634924,-1.111872,-0.797636,1.719306,1.603851,1.468535,-1.529534,-1.094506,1.760876,1.754388,1.387028,-1.495205,-0.839873,1.762116,1.761608,1.57246,-1.500827,-0.490028,1.809463,1.782578,1.372445,-1.240699,1.016483,1.761772,1.836801,1.32789,-2.392019,-0.888904,1.676648,1.796006,1.390249,-1.34813,-0.718053,1.461144,1.597949,1.610594,-1.56811,-1.428059,1.639028,1.582532,1.738456,-1.487615,-1.562525,1.662193,1.682018,1.615918,-1.424061,-1.205747,1.599942,1.619794,1.778755,-1.666968,-0.915674,1.552075,-0.870053,1.483243,-1.417375,-0.363923,1.516878,1.973543,1.508996,-1.287761,-1.344669,1.640777,1.757431,1.329929,-1.342706,-1.344173,1.52042,1.721501,1.156127,-1.66714,-1.267246,1.621828,1.403515,1.086018,-1.540932,-1.204026,1.263429,1.624138,2.504689,-1.35211,-1.567627,1.567265,1.490571,2.006976,1.356271,0.306916,1.747178,1.651945,1.614337,0.383201,0.982778,1.564747,1.994741,0.855967,-1.749191,-1.446728,-0.604643,-1.258439,1.801412,-1.459723,-0.953938,1.052469,2.03371,1.178537,-1.223654,-1.717484,1.440476,1.480093,1.011251,-1.400021,-1.447717,1.058715,0.770573,0.258141,-1.533647,-1.39556,-0.477282,0.960271,-1.458499,-1.531094,-1.489439,1.279185,-0.893914,-1.489513,-1.315389,-1.172703,1.063436,-0.689126,-1.036666,-1.046586,0.173429,0.962823,-0.866434,-0.734298,-1.169449,2.09006,-0.154052,-1.049795,-1.569188,0.726546,-1.392484,1.25995,-1.682691,-1.039965,1.068611,0.045964,1.090272,1.097208,-1.834271,-1.848222,-1.541512,-1.727322,-0.016268,0.72033,-1.532926,1.132546,-1.640799,1.986358,1.032961,-1.367203,-1.14543,-2.004966,1.895527,1.158517,-1.543159,-1.35189,0.806321,-0.550928,0.697495,1.741381,-0.631493,1.404499,1.508511,1.584759,1.887416,1.347671,1.132749,-1.008938,-0.752329,1.35542,0.741099,0.885427,-0.3412,-1.626106,0.530288,-1.163658,1.288369,1.210851,-1.968236,0.797361,-1.228313,1.242074,1.163778,0.557581,-0.081188,-0.708308,0.608078,1.450309,0.710038,-1.536325,0.03561,1.661704,1.912447,1.343659,1.791009,2.277053,1.734,1.861978,1.587776,2.129288,2.09588,0.884842,-1.357987,-1.690219,1.246319,-1.083659,0.768189
565.0,82.8,52.6,18.0,6.0,67332.0,67897.0,0.252704,0.506143,0.167565,-0.609046,0.985864,0.261975,0.442822,0.49811,-0.542774,-0.18865,0.416704,0.381195,0.530466,-0.606995,0.814994,0.213678,0.539891,0.542196,-0.718382,0.207034,0.392478,0.362899,0.631409,-0.531212,0.76749,0.431952,0.585352,0.39697,0.327731,0.097485,0.26717,0.577216,0.532636,-1.206878,-0.141713,0.368521,0.583619,0.590523,-1.017563,-0.880668,0.389009,0.58632,0.482244,-0.683484,-0.248007,0.359312,0.53259,0.393562,-0.751041,-0.297977,0.406018,0.518232,0.482998,-0.807921,-0.167533,0.442028,0.536197,0.768785,-0.803963,0.606812,0.570199,0.304736,0.829351,0.310157,-0.793776,0.662513,0.462417,0.824591,-0.519345,-0.771198,0.58613,0.586372,0.676931,-0.573016,-0.593004,0.445474,0.598542,0.600281,-0.682349,-0.567328,0.419785,0.524123,0.594029,-0.810181,-0.616847,0.481354,0.598441,0.422823,-0.629872,-0.651442,0.555006,-0.631681,-1.049998,-0.720076,-0.524795,0.641988,0.51086,0.585345,-0.891966,-0.665048,0.632614,0.587361,0.734802,-0.825898,-0.718534,0.814525,0.457805,0.928456,-0.500086,-0.746114,0.887521,0.126129,1.022617,-0.535764,-0.788864,0.753202,0.448502,-0.920348,-0.720306,-0.606714,0.464587,0.594794,-0.655494,-0.862527,-1.070607,0.298331,0.457441,0.648154,1.080894,0.86797,0.477891,0.100704,0.969066,-0.153873,-0.601386,-0.891345,-0.700438,0.545407,-0.669626,-0.677576,0.92676,0.277548,0.873522,-0.898357,-0.252106,0.787494,0.895902,0.904915,-0.735098,-0.576733,1.034946,-0.269404,1.220426,-0.611017,-0.702963,1.77854,-0.008445,-0.754063,-0.622822,-0.624421,0.853546,-0.651053,-0.309954,-0.696546,-0.830031,0.890813,-0.531701,-0.804468,-0.890799,-1.241877,0.976465,-0.836662,0.469867,-0.16719,-0.337699,1.339927,0.341873,-0.580818,1.011038,-0.763053,0.878701,-0.463122,-0.593607,1.045544,0.654422,0.962308,1.163775,0.107723,0.891949,-0.57224,1.536721,0.045074,0.986113,-0.589886,-0.859113,1.230959,0.378193,0.815398,-0.747683,-0.885739,0.146165,0.075452,0.910831,-0.62857,-0.732188,1.139517,-0.160849,0.828949,0.711207,-0.867238,0.833596,0.511845,0.667225,0.346745,-0.635002,1.092996,-0.70827,0.411319,1.304976,-0.848036,1.010102,0.879725,0.443548,1.126293,-0.810223,0.883549,1.000556,0.16285,1.071667,-0.800471,0.866665,1.131293,0.998052,1.357531,-1.061199,1.226141,0.918348,1.019186,0.693403,-1.284008,0.585281,0.423054,0.813485,0.556072,-0.177936,0.53838,0.426603,0.649791,0.176197,0.158228,0.942643,-0.617563,0.02869,0.909476,-0.803817,1.180423
333.0,80.4,51.9,12.0,12.0,67897.0,68230.0,0.224,0.48065,0.134845,-0.622919,0.947444,0.234877,0.415417,0.473001,-0.524278,-0.190974,0.393226,0.351822,0.505303,-0.608141,0.785738,0.182512,0.515363,0.520003,-0.714982,0.185933,0.367811,0.333525,0.612806,-0.539789,0.731483,0.40537,0.564287,0.372432,0.297566,0.056366,0.234325,0.554745,0.510705,-1.240746,-0.183064,0.340896,0.560171,0.56858,-1.007824,-0.889909,0.361521,0.560197,0.463804,-0.668702,-0.265214,0.331777,0.498413,0.378981,-0.737011,-0.319573,0.381179,0.489188,0.466029,-0.795747,-0.195171,0.419185,0.51304,0.753385,-0.804404,0.567346,0.547061,0.273949,0.813594,0.319057,-0.79602,0.640773,0.431906,0.807307,-0.516757,-0.772668,0.56191,0.566528,0.659853,-0.554164,-0.575557,0.417143,0.577907,0.58289,-0.662771,-0.549234,0.391618,0.497955,0.576278,-0.787056,-0.61063,0.454454,0.571375,0.402752,-0.608338,-0.654765,0.53074,-0.637898,-1.047319,-0.702812,-0.552399,0.623292,0.476772,0.567706,-0.883131,-0.653654,0.613231,0.567854,0.72063,-0.815749,-0.705577,0.795422,0.430894,0.91781,-0.478922,-0.740841,0.865989,0.092754,1.011015,-0.518737,-0.777644,0.734156,0.432686,-0.938288,-0.705376,-0.586366,0.439784,0.578674,-0.709659,-0.904963,-1.109537,0.256303,0.432075,0.632295,1.10352,0.831949,0.453461,0.06518,0.967908,-0.113277,-0.580257,-0.83572,-0.679007,0.532713,-0.648993,-0.673648,0.915863,0.273334,0.862813,-0.886317,-0.235212,0.767658,0.882297,0.90211,-0.717285,-0.559945,1.02444,-0.28644,1.227066,-0.590885,-0.688953,1.796234,-0.021408,-0.734783,-0.601602,-0.60385,0.843381,-0.617696,-0.265148,-0.673747,-0.819021,0.885927,-0.507904,-0.769318,-0.876105,-1.248246,0.97442,-0.82467,0.517622,-0.102953,-0.356463,1.317534,0.367378,-0.554674,1.012907,-0.742198,0.857892,-0.449853,-0.580799,1.033788,0.649498,0.945999,1.154649,0.159698,0.947066,-0.551359,1.563694,0.065057,0.996868,-0.564694,-0.877731,1.255225,0.361191,0.820333,-0.726448,-0.868224,0.180565,0.049301,0.911452,-0.604382,-0.71293,1.146841,-0.126728,0.852113,0.712598,-0.856418,0.831265,0.508798,0.663101,0.334754,-0.646634,1.094853,-0.680761,0.461508,1.37726,-0.857675,1.008415,0.890862,0.496868,1.13675,-0.795407,0.864967,0.980677,0.207388,1.072611,-0.785502,0.845883,1.11301,1.018689,1.393761,-1.055,1.212443,0.906005,1.035151,0.754799,-1.27985,0.565208,0.405903,0.81297,0.548176,-0.201462,0.519371,0.407967,0.640055,0.158315,0.136226,0.942063,-0.588121,0.077139,0.899871,-0.790517,1.192853
4758.0,87.9,56.8,18.0,29.0,68230.0,72988.0,0.162403,0.423016,0.067753,-0.652373,0.851033,0.177014,0.353712,0.423358,-0.482054,-0.202657,0.341156,0.284728,0.449817,-0.60786,0.716965,0.116753,0.459506,0.473797,-0.703126,0.130074,0.313174,0.266738,0.574065,-0.551306,0.647066,0.348267,0.51648,0.31848,0.232023,-0.031107,0.163835,0.503523,0.461551,-1.300717,-0.276447,0.282532,0.506164,0.518955,-0.981452,-0.905657,0.303363,0.498858,0.423172,-0.633809,-0.306014,0.27288,0.41587,0.350061,-0.701576,-0.372,0.327547,0.420658,0.434362,-0.758273,-0.258022,0.367176,0.458878,0.719257,-0.798214,0.478488,0.489567,0.197207,0.775767,0.33602,-0.802158,0.585266,0.354725,0.764497,-0.513693,-0.777666,0.508644,0.521658,0.619512,-0.511739,-0.538408,0.355988,0.53106,0.5419,-0.617196,-0.507143,0.331492,0.438297,0.534866,-0.731766,-0.59665,0.395725,0.50794,0.355598,-0.556742,-0.66224,0.477957,-0.669791,-1.042207,-0.660893,-0.612071,0.579704,0.381324,0.531983,-0.857681,-0.62769,0.565367,0.520432,0.689962,-0.789694,-0.67534,0.741607,0.355878,0.891904,-0.433852,-0.726941,0.80101,0.001773,0.981852,-0.482563,-0.750736,0.690445,0.39748,-0.960846,-0.669992,-0.539089,0.386882,0.543043,-0.819646,-0.979231,-1.189689,0.165823,0.376193,0.593751,1.141229,0.745935,0.400838,-0.009551,0.958937,-0.022548,-0.528695,-0.717598,-0.637753,0.508102,-0.603214,-0.664832,0.885919,0.257044,0.838775,-0.854243,-0.20217,0.714807,0.839211,0.895124,-0.676646,-0.524873,0.99036,-0.341677,1.238844,-0.545634,-0.655867,1.797755,-0.071144,-0.690553,-0.55381,-0.558116,0.813484,-0.541101,-0.168878,-0.620561,-0.792406,0.874136,-0.445543,-0.692497,-0.837953,-1.254404,0.965117,-0.784262,0.613543,0.049392,-0.391264,1.263284,0.425885,-0.497638,1.006276,-0.69274,0.805855,-0.420444,-0.551447,0.994778,0.62625,0.902,1.125227,0.267623,1.04163,-0.502413,1.594569,0.085378,1.017848,-0.510202,-0.918549,1.270607,0.310194,0.830225,-0.677235,-0.827077,0.241509,-0.017222,0.906908,-0.549366,-0.669124,1.155879,-0.047023,0.90084,0.713603,-0.829765,0.823681,0.506915,0.654873,0.311146,-0.666928,1.087997,-0.609475,0.564151,1.502229,-0.877934,0.998006,0.912448,0.598906,1.14816,-0.762049,0.81895,0.928726,0.285155,1.066211,-0.751501,0.795411,1.063603,1.054054,1.450985,-1.037288,1.172009,0.868784,1.060727,0.872041,-1.262965,0.518095,0.365864,0.805083,0.52561,-0.248493,0.47508,0.365852,0.61514,0.118763,0.089702,0.938766,-0.52375,0.178507,0.875054,-0.760358,1.216461
398.0,85.3,55.9,11.0,4.0,72988.0,73386.0,0.087157,0.349006,-0.010356,-0.687968,0.716048,0.106686,0.274765,0.367942,-0.427355,-0.22518,0.275469,0.197763,0.380204,-0.604138,0.62557,0.037805,0.387302,0.419103,-0.683024,0.048804,0.244331,0.180527,0.528196,-0.556887,0.535134,0.278437,0.454875,0.250975,0.150957,-0.137018,0.077719,0.437253,0.398928,-1.358319,-0.396244,0.212365,0.435642,0.455208,-0.942491,-0.919862,0.233341,0.41742,0.372229,-0.587274,-0.360632,0.201168,0.303697,0.317653,-0.651723,-0.44354,0.261625,0.3293,0.401527,-0.698513,-0.339166,0.299962,0.38721,0.676236,-0.781858,0.364805,0.409671,0.090308,0.724613,0.354107,-0.811284,0.506547,0.246016,0.705151,-0.513015,-0.78604,0.441984,0.464029,0.56568,-0.457488,-0.493387,0.280841,0.470671,0.487303,-0.557134,-0.451702,0.258433,0.361099,0.480186,-0.657243,-0.578786,0.32275,0.423853,0.292965,-0.487076,-0.671799,0.412608,-0.731614,-1.036747,-0.603684,-0.685502,0.522181,0.237247,0.490967,-0.818595,-0.594105,0.49917,0.455653,0.652184,-0.752595,-0.635405,0.660067,0.24296,0.856485,-0.379222,-0.706775,0.698495,-0.133224,0.940973,-0.438826,-0.714377,0.63355,0.352915,-0.968757,-0.622646,-0.476884,0.322657,0.498238,-0.946301,-1.049256,-1.283426,0.054934,0.306143,0.541103,1.173925,0.63012,0.336312,-0.098991,0.939984,0.09274,-0.458039,-0.574837,-0.593196,0.481278,-0.545441,-0.653584,0.841254,0.228213,0.80811,-0.807377,-0.165761,0.637572,0.769462,0.8854,-0.624026,-0.483204,0.934512,-0.432174,1.250185,-0.487833,-0.611727,1.754695,-0.158913,-0.633005,-0.492649,-0.500287,0.766997,-0.441354,-0.051128,-0.550339,-0.756212,0.858123,-0.355443,-0.596939,-0.783189,-1.25267,0.947693,-0.716815,0.722636,0.253359,-0.427042,1.189375,0.502009,-0.426816,0.985064,-0.626522,0.733189,-0.383369,-0.51329,0.930135,0.582224,0.837155,1.07716,0.395016,1.127925,-0.437523,1.599005,0.082401,1.040888,-0.443106,-0.969479,1.244178,0.230014,0.841448,-0.612626,-0.772427,0.300091,-0.111307,0.894117,-0.478327,-0.612555,1.158686,0.058334,0.959152,0.712392,-0.792977,0.811234,0.510355,0.645584,0.284923,-0.685964,1.066262,-0.50729,0.683302,1.617734,-0.90216,0.976921,0.935965,0.708291,1.148509,-0.71937,0.755169,0.853815,0.358202,1.048008,-0.70765,0.726516,0.990714,1.086261,1.495597,-1.010218,1.109009,0.810089,1.081263,0.997379,-1.232527,0.455568,0.312967,0.787091,0.491115,-0.301688,0.416663,0.311787,0.579748,0.068997,0.033721,0.932209,-0.443649,0.299132,0.839559,-0.721525,1.241518
325.0,76.3,54.2,6.0,15.0,4587.0,4912.0,-0.840468,-1.147883,-0.504578,2.233058,-0.56353,-0.792082,-1.046975,-1.148559,1.320646,1.660906,-0.896733,-0.738899,-0.820021,1.904356,-0.684739,-0.98928,-1.330606,-1.562189,1.745904,1.523164,-0.884254,-0.829059,-1.584182,1.670119,-0.352834,-1.400868,-1.423252,-0.969206,-0.802396,-0.35247,-1.157489,-1.429933,-1.056098,1.536308,0.541064,-1.351188,-1.388643,-1.45167,1.357538,1.528409,-1.251005,-1.40089,-2.076896,1.162241,1.648918,-1.12065,-1.106727,-2.246944,1.101467,1.808727,-1.122817,-1.353998,-1.782022,0.996759,1.941612,-1.049943,-1.026985,-1.50762,1.399753,0.447564,-0.961654,0.315458,-1.426687,0.021401,1.768239,-1.139262,-0.068172,-1.299299,1.769774,1.898641,-1.595998,-1.418129,-1.280083,1.39213,1.612294,-1.389581,-1.353265,-1.303849,1.431067,1.378064,-1.328339,-1.187651,-1.400393,1.125755,1.681844,-1.243413,-1.109279,-1.413978,0.696213,1.843493,-1.284235,1.074462,0.98674,1.437158,2.143753,-1.338748,-0.269024,-1.525464,1.27163,1.646562,-1.26767,-0.76157,-1.525539,1.296204,1.552444,-1.252159,0.360747,-1.440779,1.172652,1.637529,-0.870379,1.113486,-1.383032,1.45944,1.614511,-1.609797,-1.466826,-0.828815,1.527943,1.283451,-1.589648,-1.483511,0.97581,-1.356046,1.40536,-0.813185,-1.376334,-1.264074,-1.807433,0.750681,-1.281817,-0.713773,-1.564792,-0.197789,1.409733,0.954514,1.268829,-0.87984,1.323546,2.025415,-1.580016,-0.062812,-1.438663,1.39498,1.311405,-1.233005,-0.661488,-1.621256,1.383699,1.363572,-1.500329,1.803243,-1.566184,1.301018,1.481757,-0.748014,1.815816,1.280776,1.309345,1.330357,-1.556066,-0.570008,0.052022,1.260518,1.61231,-1.499134,-1.105839,0.889336,1.526222,1.840563,-1.502465,-0.335993,-1.352139,-0.546024,0.576002,-1.688285,-1.811629,1.159998,-1.802445,1.460153,-1.37914,1.339521,2.135163,-1.434919,1.577686,-1.476902,-1.379991,0.601549,-0.526137,0.979056,-0.720271,1.9559,-1.72763,1.207546,1.40452,2.017938,-0.052891,-1.789467,1.279494,1.384319,1.024364,0.450096,-1.552884,1.190923,1.365883,-1.327962,-1.426355,-1.85216,-0.985613,2.020042,-1.190546,-1.544959,-1.094467,0.038229,1.709865,-1.085415,-0.526949,-1.520805,-1.637801,1.80651,-1.541438,-1.908119,-0.625664,-1.781575,1.583455,-0.987995,-1.299995,0.655544,-1.652258,1.499047,-1.213354,-1.018113,-2.116983,-1.609975,1.758449,-0.610317,-1.119117,-1.930563,-0.884962,1.635215,-0.92048,-0.920521,-1.613474,-1.3167,-0.313425,-1.090144,-1.043349,-1.423414,-0.95619,-0.78369,-1.582251,0.139843,-0.193852,-1.378674,1.629604,-0.106542
998.0,85.6,55.6,9.0,17.0,73386.0,74384.0,-0.032786,0.229629,-0.130793,-0.74653,0.478855,-0.005625,0.147337,0.28505,-0.337546,-0.270121,0.168154,0.055678,0.268007,-0.599411,0.470538,-0.084993,0.270682,0.334145,-0.643005,-0.09572,0.131564,0.040222,0.454686,-0.56066,0.3477,0.166562,0.354326,0.141056,0.022707,-0.306391,-0.056516,0.329863,0.296283,-1.433258,-0.594624,0.10371,0.321465,0.353109,-0.871724,-0.940455,0.123607,0.285919,0.296366,-0.507018,-0.450588,0.08741,0.124216,0.2723,-0.565723,-0.558895,0.155232,0.184525,0.3522,-0.592079,-0.470457,0.188336,0.268686,0.604733,-0.748737,0.174721,0.273641,-0.093866,0.637118,0.37493,-0.823904,0.371852,0.057732,0.602843,-0.515143,-0.800244,0.336179,0.370183,0.473463,-0.367267,-0.420081,0.162419,0.371535,0.394521,-0.456816,-0.361831,0.144079,0.236323,0.389804,-0.529998,-0.551857,0.206976,0.287102,0.190878,-0.366063,-0.688347,0.305232,-0.825152,-1.041849,-0.507385,-0.798631,0.425203,0.000881,0.425036,-0.74789,-0.539091,0.386245,0.341016,0.591367,-0.686731,-0.568821,0.51739,0.037605,0.79602,-0.295291,-0.67061,0.517802,-0.371726,0.868997,-0.367979,-0.652438,0.541685,0.283462,-0.963289,-0.543283,-0.374593,0.221585,0.423308,-1.142165,-1.121656,-1.424234,-0.121844,0.19218,0.453334,1.221037,0.431206,0.231128,-0.234983,0.90397,0.280261,-0.344681,-0.386104,-0.520085,0.428989,-0.452099,-0.634511,0.763331,0.166392,0.756563,-0.727365,-0.112263,0.509983,0.635007,0.868536,-0.5371,-0.41788,0.835498,-0.604762,1.265734,-0.394008,-0.537052,1.660854,-0.330765,-0.538434,-0.39211,-0.40583,0.686759,-0.271248,0.137567,-0.434145,-0.693511,0.827455,-0.200864,-0.441263,-0.690405,-1.242137,0.913944,-0.590662,0.888602,0.578623,-0.4851,1.050286,0.626917,-0.311798,0.940477,-0.516081,0.609078,-0.319237,-0.45873,0.817909,0.489066,0.724911,0.987709,0.587564,1.238527,-0.330231,1.589871,0.040161,1.073042,-0.336141,-1.055733,1.184639,0.080976,0.856886,-0.505746,-0.680535,0.384571,-0.279057,0.865771,-0.360917,-0.519405,1.151191,0.236141,1.045209,0.70026,-0.730207,0.7825,0.513764,0.623201,0.233125,-0.717675,1.018537,-0.33171,0.866746,1.763494,-0.941072,0.934998,0.972593,0.869128,1.13906,-0.647005,0.643356,0.729083,0.450273,1.010894,-0.62988,0.60786,0.862858,1.12178,1.545139,-0.956788,0.997979,0.701939,1.10128,1.180936,-1.174495,0.353702,0.2219,0.749356,0.429131,-0.385431,0.320104,0.220732,0.517574,-0.012343,-0.056848,0.917514,-0.307283,0.487635,0.777485,-0.654747,1.266154
1563.0,84.5,54.9,7.0,13.0,74384.0,75947.0,-0.168418,0.089539,-0.252212,-0.819377,0.130681,-0.133391,-0.002516,0.211061,-0.226483,-0.353747,0.037321,-0.117561,0.136659,-0.59844,0.261298,-0.2128,0.13326,0.246145,-0.568801,-0.313521,-0.00696,-0.128906,0.370122,-0.546333,0.103022,0.037997,0.232092,0.008347,-0.1188,-0.49992,-0.1973,0.202047,0.169962,-1.456738,-0.845898,-0.007577,0.185943,0.23588,-0.760256,-0.956302,0.006348,0.131082,0.229962,-0.394191,-0.562825,-0.039229,-0.081206,0.243898,-0.444752,-0.694131,0.030156,0.023895,0.307351,-0.431158,-0.625996,0.045821,0.119101,0.513251,-0.685698,-0.072446,0.088326,-0.35214,0.51656,0.36941,-0.831183,0.186074,-0.209636,0.459164,-0.529191,-0.819405,0.21817,0.256855,0.345919,-0.251646,-0.33159,0.033441,0.248993,0.268715,-0.326751,-0.254765,0.022394,0.088966,0.275903,-0.355422,-0.527013,0.078048,0.122603,0.067263,-0.19305,-0.71182,0.17216,-0.912753,-1.097727,-0.37995,-0.912325,0.296352,-0.29075,0.348481,-0.637441,-0.471505,0.231656,0.170085,0.520418,-0.587833,-0.482898,0.309944,-0.286673,0.713102,-0.211816,-0.615114,0.250727,-0.726062,0.762871,-0.283766,-0.567935,0.433546,0.210672,-0.891482,-0.439405,-0.247538,0.112014,0.32583,-1.341786,-1.061173,-1.552216,-0.321824,0.054945,0.340111,1.256141,0.154344,0.103726,-0.3649,0.842186,0.505936,-0.213832,-0.313613,-0.429835,0.335263,-0.342006,-0.60879,0.6508,0.038904,0.688592,-0.617621,-0.068234,0.349447,0.398479,0.844518,-0.427732,-0.347994,0.687262,-0.902781,1.274145,-0.281777,-0.436944,1.463256,-0.641066,-0.421183,-0.267358,-0.290753,0.573744,-0.038562,0.354588,-0.287284,-0.604429,0.774107,0.013728,-0.253037,-0.565558,-1.202024,0.854089,-0.380339,1.0475,0.946949,-0.554487,0.815761,0.781108,-0.174005,0.850951,-0.373447,0.438673,-0.228441,-0.419763,0.657657,0.30031,0.565747,0.839981,0.767138,1.265771,-0.1949,1.520726,-0.143695,1.092807,-0.215133,-1.171679,1.054116,-0.164621,0.865442,-0.370753,-0.559276,0.4478,-0.533281,0.804832,-0.212993,-0.403252,1.099272,0.473023,1.117512,0.649513,-0.644242,0.717724,0.510094,0.570386,0.138264,-0.758502,0.917099,-0.087069,1.050662,1.789099,-0.986153,0.857419,1.010898,1.001923,1.092058,-0.549434,0.480094,0.568707,0.465944,0.939526,-0.51337,0.4416,0.675919,1.104534,1.522871,-0.85905,0.833918,0.526685,1.07775,1.329585,-1.074343,0.230528,0.094414,0.673815,0.333632,-0.476321,0.198415,0.100072,0.426363,-0.111631,-0.164111,0.885496,-0.121551,0.687104,0.687345,-0.561525,1.238464
199.0,82.8,53.5,6.0,5.0,75947.0,76146.0,-0.247504,0.009279,-0.321274,-0.857512,-0.097915,-0.209506,-0.087634,0.161859,-0.162465,-0.420556,-0.041867,-0.214586,0.062343,-0.591332,0.116144,-0.281847,0.056384,0.198761,-0.514943,-0.464417,-0.087057,-0.220858,0.327073,-0.53477,-0.059605,-0.037631,0.160362,-0.069345,-0.189139,-0.615867,-0.269878,0.130024,0.09485,-1.407478,-0.993331,-0.066745,0.111959,0.172209,-0.664047,-0.952519,-0.06039,0.050343,0.203521,-0.315933,-0.629949,-0.107786,-0.177765,0.250087,-0.360743,-0.767068,-0.040396,-0.05424,0.28136,-0.329556,-0.722788,-0.036326,0.034929,0.457369,-0.64027,-0.241833,-0.016141,-0.497508,0.439635,0.381985,-0.824375,0.078247,-0.361534,0.368558,-0.525875,-0.830557,0.151078,0.188914,0.262841,-0.183692,-0.281076,-0.03868,0.179498,0.18972,-0.246563,-0.197714,-0.046844,0.016041,0.209997,-0.237633,-0.515503,0.000261,0.037521,0.000988,-0.075639,-0.727103,0.095101,-0.892046,-1.11797,-0.30677,-0.970192,0.215399,-0.425495,0.301359,-0.555175,-0.428022,0.140203,0.068302,0.473209,-0.515355,-0.427947,0.190547,-0.476943,0.652785,-0.173483,-0.570581,0.092755,-0.921146,0.685039,-0.239419,-0.511796,0.367626,0.164793,-0.835525,-0.374749,-0.173744,0.050837,0.265997,-1.397415,-0.940588,-1.592893,-0.428286,-0.004435,0.267194,1.271896,-0.037635,0.025312,-0.404193,0.801433,0.646849,-0.151876,-0.26112,-0.358262,0.293927,-0.271137,-0.610232,0.581412,-0.06334,0.638809,-0.544723,-0.047305,0.260084,0.237562,0.818422,-0.357068,-0.305787,0.596506,-1.08566,1.258621,-0.217482,-0.373187,1.333794,-0.842705,-0.348146,-0.193217,-0.220751,0.499464,0.108298,0.469293,-0.207417,-0.54063,0.71576,0.141677,-0.142582,-0.494483,-1.161696,0.792615,-0.239095,1.120505,1.077079,-0.608059,0.638053,0.848116,-0.088879,0.787378,-0.28957,0.328784,-0.171529,-0.402068,0.55742,0.189961,0.457017,0.709608,0.848923,1.252729,-0.087887,1.455339,-0.342105,1.086329,-0.148825,-1.232807,0.974208,-0.337956,0.862303,-0.283748,-0.476376,0.475588,-0.704936,0.755919,-0.123487,-0.330093,1.035505,0.608727,1.121493,0.571517,-0.597429,0.647687,0.487466,0.507437,0.039387,-0.805058,0.818896,0.050584,1.130848,1.660978,-1.022502,0.795286,1.003243,1.049554,1.042914,-0.488763,0.364306,0.453525,0.451087,0.878954,-0.433271,0.330187,0.519689,1.067395,1.467165,-0.777158,0.71414,0.376309,1.04033,1.366353,-0.986902,0.160166,-0.000228,0.613689,0.26499,-0.522689,0.126087,0.01886,0.363945,-0.169127,-0.226844,0.850058,-0.005675,0.776458,0.613269,-0.502478,1.152051
266.0,72.6,45.6,6.0,21.0,76146.0,76412.0,-0.34816,-0.092902,-0.413606,-0.907447,-0.396809,-0.307211,-0.194981,0.091474,-0.081869,-0.512419,-0.144659,-0.336595,-0.038658,-0.585251,-0.077225,-0.368025,-0.040414,0.135302,-0.445436,-0.66732,-0.190306,-0.335139,0.268198,-0.52384,-0.275812,-0.133712,0.068654,-0.169592,-0.278944,-0.765341,-0.359105,0.038744,-0.00336,-1.338749,-1.185302,-0.139861,0.01907,0.089645,-0.534333,-0.943057,-0.144794,-0.048797,0.16986,-0.213695,-0.719907,-0.193823,-0.29251,0.259713,-0.250508,-0.861672,-0.130327,-0.148712,0.244045,-0.200029,-0.853143,-0.142226,-0.072482,0.380388,-0.581468,-0.469979,-0.149901,-0.680377,0.336836,0.394402,-0.810982,-0.060354,-0.552656,0.249325,-0.521979,-0.842501,0.06665,0.101802,0.153831,-0.098288,-0.216162,-0.128409,0.091247,0.08528,-0.144972,-0.126901,-0.133508,-0.073354,0.12481,-0.08759,-0.502838,-0.098117,-0.0671,-0.082538,0.071954,-0.748091,-0.002342,-0.834257,-1.147579,-0.215467,-1.043688,0.109823,-0.586685,0.238044,-0.444074,-0.371716,0.022596,-0.06272,0.408299,-0.417389,-0.356501,0.037382,-0.719364,0.568609,-0.124769,-0.510492,-0.110789,-1.163897,0.577861,-0.184596,-0.438438,0.282736,0.106174,-0.757615,-0.29148,-0.07982,-0.025126,0.190101,-1.449371,-0.775205,-1.631551,-0.559313,-0.071253,0.172077,1.275125,-0.297845,-0.073195,-0.445744,0.743907,0.821869,-0.077646,-0.186961,-0.256968,0.24285,-0.178259,-0.614554,0.492744,-0.198809,0.567523,-0.448665,-0.025451,0.144753,0.028996,0.776752,-0.264761,-0.253011,0.478269,-1.313104,1.225274,-0.135239,-0.28979,1.15571,-1.100899,-0.253175,-0.098284,-0.130912,0.406706,0.300988,0.611445,-0.109468,-0.455751,0.631919,0.312061,-0.000197,-0.406029,-1.105944,0.705807,-0.044546,1.209716,1.203393,-0.682477,0.406362,0.930495,0.022023,0.703736,-0.182883,0.188815,-0.099385,-0.381111,0.427014,0.032597,0.3165,0.531452,0.94355,1.227577,0.045247,1.363641,-0.612233,1.067436,-0.065588,-1.309669,0.862359,-0.563695,0.849142,-0.172742,-0.366781,0.505392,-0.924995,0.684382,-0.009904,-0.235224,0.942489,0.781679,1.113059,0.454292,-0.541986,0.547212,0.450676,0.41515,-0.103074,-0.875441,0.682388,0.229599,1.225673,1.445916,-1.072895,0.711155,0.989038,1.107099,0.972471,-0.410496,0.212523,0.300098,0.439,0.795224,-0.330329,0.186008,0.309588,1.01595,1.383958,-0.668961,0.553219,0.172733,0.984705,1.396729,-0.871766,0.067951,-0.125193,0.532062,0.173545,-0.581532,0.032636,-0.087476,0.280705,-0.242134,-0.30736,0.798378,0.146888,0.882995,0.510815,-0.427766,1.017021
99.0,75.3,47.3,3.0,6.0,76412.0,76511.0,-0.455459,-0.202866,-0.538555,-0.97134,-0.745558,-0.415151,-0.30512,-0.024471,-0.000572,-0.638629,-0.264003,-0.460588,-0.184554,-0.599766,-0.318842,-0.453448,-0.139566,0.047177,-0.372252,-0.931419,-0.30828,-0.445214,0.178176,-0.53588,-0.547155,-0.234732,-0.031209,-0.284104,-0.383684,-0.933741,-0.441933,-0.057864,-0.122172,-1.269043,-1.414242,-0.208705,-0.075696,-0.00999,-0.373279,-0.914189,-0.232687,-0.13949,0.126477,-0.09713,-0.840777,-0.28176,-0.382126,0.266213,-0.122143,-0.976309,-0.228421,-0.230293,0.179848,-0.065435,-1.029542,-0.263446,-0.190454,0.266223,-0.518398,-0.769978,-0.299263,-0.86617,0.203167,0.377448,-0.776265,-0.216234,-0.746166,0.103875,-0.526673,-0.842334,-0.018863,0.006383,0.024104,-0.0138,-0.142723,-0.214082,-0.002884,-0.045039,-0.041999,-0.05848,-0.218554,-0.156905,0.026185,0.063378,-0.498928,-0.197821,-0.164147,-0.17036,0.208693,-0.778322,-0.1029,-0.635706,-1.208705,-0.127991,-1.126275,-0.013798,-0.720769,0.152871,-0.299752,-0.308631,-0.108929,-0.209597,0.314938,-0.289097,-0.274618,-0.133753,-0.978546,0.443607,-0.066984,-0.43424,-0.340685,-1.397851,0.426677,-0.13256,-0.353451,0.188298,0.044468,-0.644696,-0.199569,0.02049,-0.096849,0.112485,-1.433424,-0.5823,-1.618062,-0.679476,-0.104717,0.06158,1.184826,-0.647825,-0.168275,-0.46359,0.652962,0.977948,-0.016365,-0.071909,-0.101914,0.189121,-0.067906,-0.623462,0.398467,-0.356952,0.452193,-0.332857,-0.026732,0.010075,-0.20097,0.691113,-0.156922,-0.203044,0.339182,-1.519524,1.124089,-0.044503,-0.19123,0.898071,-1.37253,-0.143202,0.005339,-0.032627,0.32314,0.532777,0.748127,-0.022811,-0.35134,0.504054,0.535267,0.161525,-0.3222,-1.031387,0.580193,0.236434,1.295468,1.163697,-0.789651,0.152567,1.015525,0.152032,0.605803,-0.069967,0.045376,-0.026546,-0.364705,0.275864,-0.232126,0.16412,0.298184,1.004,1.169207,0.152516,1.232419,-0.945931,0.997082,0.019086,-1.390154,0.687167,-0.815504,0.787406,-0.057877,-0.233896,0.510731,-1.154484,0.562929,0.107278,-0.127303,0.795577,0.968879,1.049713,0.255592,-0.50464,0.394589,0.378016,0.266406,-0.323922,-1.000575,0.494418,0.445392,1.301652,1.004888,-1.144224,0.602717,0.966477,1.168856,0.865234,-0.323339,0.037863,0.110476,0.479854,0.679362,-0.22225,0.02743,0.049618,0.953565,1.250515,-0.545949,0.347644,-0.08501,0.893856,1.365106,-0.74458,-0.046528,-0.27199,0.425501,0.060489,-0.647304,-0.07418,-0.211318,0.175758,-0.319216,-0.396943,0.715694,0.334104,0.971648,0.367708,-0.353487,0.771888
266.0,60.1,39.9,13.0,35.0,76511.0,76777.0,-0.515474,-0.267527,-0.616964,-1.01632,-0.951412,-0.477895,-0.368209,-0.105819,0.042654,-0.719797,-0.336621,-0.532508,-0.284209,-0.624214,-0.471,-0.499345,-0.19566,-0.008724,-0.335608,-1.097296,-0.378909,-0.50925,0.113436,-0.559324,-0.718377,-0.292282,-0.089108,-0.350897,-0.448617,-1.032246,-0.485654,-0.113408,-0.194871,-1.237603,-1.538112,-0.246602,-0.128485,-0.068972,-0.270385,-0.878163,-0.283238,-0.188453,0.103226,-0.027403,-0.91211,-0.330903,-0.427424,0.26548,-0.045164,-1.040434,-0.284595,-0.277337,0.134877,0.01344,-1.134892,-0.334513,-0.266016,0.184752,-0.472217,-0.952813,-0.385565,-0.972212,0.114299,0.348875,-0.74257,-0.305345,-0.856209,0.010379,-0.525528,-0.8307,-0.071216,-0.049304,-0.056126,0.032564,-0.098906,-0.263234,-0.058725,-0.125825,0.016083,-0.017343,-0.266845,-0.204678,-0.03175,0.145467,-0.490904,-0.253716,-0.21883,-0.218266,0.277558,-0.785395,-0.162732,-0.47855,-1.25101,-0.079475,-1.162103,-0.087573,-0.798381,0.094186,-0.206041,-0.26778,-0.186553,-0.305932,0.246193,-0.204925,-0.221681,-0.232629,-1.132401,0.350624,-0.020584,-0.385212,-0.475389,-1.519698,0.318808,-0.099581,-0.301163,0.123199,0.014122,-0.579954,-0.142605,0.079246,-0.140301,0.069085,-1.398007,-0.444235,-1.57245,-0.739719,-0.110857,0.000217,1.091323,-0.868862,-0.219813,-0.476077,0.596448,1.04926,0.015383,-0.003979,-0.002222,0.136646,0.004497,-0.612364,0.341262,-0.471013,0.362713,-0.252755,-0.029267,-0.071576,-0.342588,0.616217,-0.0884,-0.173217,0.247094,-1.62034,1.024051,0.01101,-0.128566,0.707273,-1.504087,-0.07512,0.067651,0.025385,0.243107,0.686742,0.820512,0.02456,-0.286343,0.399796,0.700245,0.25896,-0.270062,-0.978754,0.490995,0.435565,1.341396,1.108719,-0.861422,0.051452,1.063132,0.228641,0.549418,-0.009626,-0.035144,0.01253,-0.37884,0.185394,-0.448539,0.072907,0.152015,1.008931,1.144543,0.186116,1.116278,-1.158033,0.920695,0.073876,-1.417515,0.522827,-0.949399,0.719278,0.011776,-0.151705,0.492781,-1.262478,0.463987,0.17548,-0.061812,0.675328,1.088198,0.990596,0.115557,-0.491154,0.287059,0.324178,0.160013,-0.4764,-1.088399,0.363261,0.602148,1.334735,0.757829,-1.182257,0.529586,0.965482,1.200243,0.797859,-0.269205,-0.065312,-0.004357,0.505108,0.603085,-0.161526,-0.069405,-0.111097,0.900712,1.165307,-0.478243,0.210691,-0.230122,0.820571,1.339549,-0.678336,-0.124216,-0.354625,0.350585,-0.006414,-0.687447,-0.142718,-0.281251,0.105405,-0.362255,-0.449331,0.641972,0.464972,1.017227,0.275975,-0.309455,0.564136
299.0,57.3,39.6,12.0,21.0,76777.0,77076.0,1.904166,1.709514,2.021928,-0.148586,0.985263,1.907709,1.784801,1.783993,-1.595464,-1.243676,1.812491,1.870482,1.789057,-0.992692,1.335718,1.888377,1.641592,1.587165,-1.25319,-0.430625,1.816524,1.895134,1.533564,-1.16011,1.227158,1.661833,1.582187,1.878302,1.843799,1.927711,1.80879,1.585578,1.757916,1.260337,1.482367,1.692871,1.58336,1.607754,-1.105867,-0.792462,1.707633,1.593064,1.437127,-1.515645,-1.06389,1.748076,1.736795,1.352387,-1.481704,-0.810884,1.747943,1.738313,1.5514,-1.488168,-0.466037,1.787932,1.756322,1.363258,-1.23017,1.030339,1.734618,1.790134,1.319602,-2.340699,-0.881253,1.647351,1.756545,1.379571,-1.33621,-0.717044,1.44769,1.583236,1.591268,-1.555542,-1.420409,1.624749,1.571134,1.706519,-1.475283,-1.552459,1.650375,1.669361,1.59464,-1.414933,-1.203997,1.59309,1.610847,1.753854,-1.649022,-0.911295,1.547661,-0.920886,1.380209,-1.407527,-0.35237,1.509101,1.926669,1.501243,-1.281037,-1.333618,1.621804,1.730437,1.3248,-1.333458,-1.334294,1.493819,1.659493,1.151357,-1.657436,-1.256911,1.579276,1.351166,1.079569,-1.530695,-1.198576,1.254046,1.607423,2.423878,-1.346247,-1.557563,1.548849,1.481306,1.929174,1.352481,0.306553,1.726976,1.636433,1.588779,0.38389,0.991485,1.559158,1.974996,0.831175,-1.748416,-1.441626,-0.642892,-1.274968,1.758669,-1.454906,-0.946846,1.048832,2.000698,1.175696,-1.209959,-1.702578,1.427142,1.458058,1.007547,-1.39254,-1.439947,1.049656,0.724229,0.274149,-1.527506,-1.390391,-0.496624,0.922043,-1.443496,-1.525502,-1.484845,1.258745,-0.910582,-1.505586,-1.326722,-1.169326,1.05163,-0.69239,-1.068638,-1.054068,0.160297,0.959817,-0.868195,-0.759638,-1.19268,2.0671,-0.136353,-1.030882,-1.569296,0.738275,-1.376278,1.260294,-1.670055,-1.05612,1.067899,0.053239,1.096898,1.082149,-1.845875,-1.830769,-1.521345,-1.686083,-0.034451,0.716762,-1.52983,1.111636,-1.627805,1.946186,1.029793,-1.367263,-1.146169,-1.983253,1.861533,1.154231,-1.537557,-1.349018,0.796729,-0.559162,0.68972,1.718727,-0.636838,1.392819,1.49531,1.57224,1.866713,1.319879,1.123377,-1.010911,-0.757554,1.279392,0.720431,0.890553,-0.336193,-1.616251,0.529105,-1.162381,1.294666,1.201856,-1.983328,0.7981,-1.228425,1.253446,1.149929,0.537225,-0.088286,-0.717584,0.648143,1.439171,0.700902,-1.547605,0.008211,1.660691,1.890851,1.329858,1.768077,2.243822,1.723302,1.84412,1.572232,2.099978,2.069789,0.887201,-1.366003,-1.694838,1.238454,-1.08589,0.779261
133.0,53.3,41.8,73.0,61.0,77076.0,77209.0,-0.564318,-0.321502,-0.684422,-1.056878,-1.123563,-0.529974,-0.42019,-0.179078,0.076875,-0.790379,-0.39823,-0.592138,-0.373032,-0.651092,-0.60211,-0.535895,-0.241584,-0.057047,-0.307619,-1.24006,-0.438378,-0.562422,0.054595,-0.585546,-0.866044,-0.339568,-0.137105,-0.40643,-0.504178,-1.11426,-0.520123,-0.159259,-0.256707,-1.215241,-1.637138,-0.277185,-0.171357,-0.118367,-0.181166,-0.840344,-0.324974,-0.227548,0.084735,0.031283,-0.971758,-0.370881,-0.462228,0.263015,0.019701,-1.092627,-0.330874,-0.316229,0.094402,0.07917,-1.22349,-0.393749,-0.331608,0.110916,-0.42997,-1.108046,-0.456983,-1.059424,0.035943,0.31746,-0.709044,-0.378692,-0.946541,-0.070905,-0.522984,-0.816297,-0.115758,-0.095616,-0.124703,0.069918,-0.062072,-0.303765,-0.105536,-0.194949,0.063562,0.017363,-0.306457,-0.244004,-0.080085,0.211271,-0.481879,-0.299261,-0.263507,-0.256735,0.33035,-0.786948,-0.21296,-0.330938,-1.288909,-0.040166,-1.186833,-0.149596,-0.862664,0.041703,-0.124221,-0.232153,-0.251464,-0.390398,0.183178,-0.131113,-0.175545,-0.31445,-1.261418,0.265088,0.023197,-0.342583,-0.587637,-1.615015,0.221055,-0.071084,-0.256576,0.064968,-0.008793,-0.526586,-0.093869,0.128199,-0.17709,0.033768,-1.357856,-0.318973,-1.519056,-0.78577,-0.110478,-0.049535,0.996843,-1.059566,-0.261056,-0.487311,0.54804,1.100465,0.040143,0.052836,0.084456,0.084354,0.06799,-0.596457,0.292794,-0.574791,0.279214,-0.181012,-0.032107,-0.140733,-0.4634,0.543723,-0.029124,-0.14814,0.166037,-1.696134,0.924064,0.058226,-0.074343,0.532029,-1.60245,-0.016903,0.120226,0.073899,0.163741,0.822445,0.877687,0.062645,-0.230625,0.300948,0.851671,0.341242,-0.225384,-0.931245,0.410305,0.615573,1.377906,1.049965,-0.924889,-0.013386,1.101898,0.292654,0.50284,0.038282,-0.1008,0.043622,-0.400309,0.109228,-0.653885,-0.003885,0.026342,1.000599,1.127883,0.202177,1.003485,-1.341538,0.842695,0.121643,-1.432237,0.360714,-1.055402,0.64947,0.070775,-0.081451,0.469223,-1.341666,0.370205,0.232124,-0.00632,0.561185,1.191555,0.932359,-0.010764,-0.483342,0.19007,0.27472,0.063507,-0.612873,-1.167499,0.245393,0.74514,1.357637,0.556592,-1.212414,0.464733,0.969641,1.22444,0.739864,-0.222845,-0.151627,-0.101566,0.52669,0.536103,-0.111988,-0.151695,-0.248441,0.850018,1.091441,-0.423609,0.089837,-0.34863,0.751322,1.315385,-0.626515,-0.193281,-0.422105,0.283066,-0.062433,-0.721553,-0.202257,-0.338451,0.043164,-0.397251,-0.492943,0.570227,0.58266,1.052609,0.19632,-0.272557,0.364856
66.0,61.5,40.5,12.0,7.0,77209.0,77275.0,-0.602982,-0.364921,-0.738808,-1.089545,-1.258407,-0.57169,-0.461947,-0.238531,0.104785,-0.846418,-0.448382,-0.640145,-0.445568,-0.671782,-0.709034,-0.564622,-0.278676,-0.096362,-0.2845,-1.353934,-0.486916,-0.605545,0.00592,-0.607127,-0.985977,-0.376387,-0.176159,-0.451152,-0.549296,-1.17646,-0.54661,-0.19661,-0.306606,-1.196673,-1.711851,-0.301566,-0.206395,-0.158171,-0.107256,-0.804971,-0.35884,-0.259178,0.07108,0.079642,-1.017362,-0.403541,-0.489088,0.262546,0.073325,-1.132105,-0.368958,-0.346781,0.062035,0.133909,-1.292993,-0.441949,-0.385397,0.049689,-0.392821,-1.2332,-0.514227,-1.129332,-0.028687,0.290204,-0.678522,-0.43743,-1.018584,-0.137863,-0.518676,-0.801039,-0.151425,-0.133365,-0.180481,0.100673,-0.031383,-0.33566,-0.143979,-0.250252,0.102452,0.046822,-0.338071,-0.276489,-0.119103,0.264649,-0.471399,-0.336001,-0.30044,-0.286162,0.373385,-0.783986,-0.254567,-0.202309,-1.309915,-0.007037,-1.203084,-0.200908,-0.909762,-0.002116,-0.055669,-0.201965,-0.304745,-0.45966,0.129928,-0.069188,-0.13666,-0.379751,-1.364722,0.19306,0.060736,-0.305942,-0.676693,-1.688642,0.139339,-0.046705,-0.219162,0.017019,-0.026218,-0.479288,-0.053271,0.168662,-0.205921,0.004788,-1.31873,-0.210994,-1.466976,-0.82039,-0.10978,-0.089601,0.915859,-1.208547,-0.29444,-0.497696,0.509029,1.139107,0.061249,0.092299,0.155647,0.036832,0.120184,-0.581507,0.251748,-0.658921,0.208805,-0.122559,-0.033713,-0.197532,-0.562324,0.481036,0.020078,-0.126347,0.099146,-1.75242,0.837161,0.097788,-0.029154,0.390723,-1.677866,0.031731,0.163908,0.113778,0.097047,0.937246,0.925227,0.094529,-0.184189,0.219258,0.981289,0.411884,-0.186573,-0.889722,0.34294,0.769638,1.410534,1.005081,-0.974636,-0.061957,1.136355,0.345781,0.463451,0.077969,-0.154876,0.069957,-0.415913,0.047162,-0.823475,-0.066202,-0.077483,0.990038,1.11418,0.214293,0.910564,-1.491401,0.774141,0.1619,-1.439303,0.228499,-1.139444,0.588238,0.120386,-0.022961,0.451082,-1.40196,0.290548,0.278857,0.039622,0.465064,1.279543,0.88344,-0.114569,-0.476121,0.110106,0.236326,-0.014913,-0.722358,-1.229302,0.147108,0.869141,1.378643,0.39806,-1.233392,0.408866,0.97812,1.245412,0.691964,-0.183388,-0.223168,-0.180442,0.548325,0.479265,-0.070411,-0.21958,-0.359827,0.806112,1.028873,-0.377863,-0.009043,-0.442673,0.692325,1.294004,-0.583611,-0.250398,-0.475834,0.226238,-0.10827,-0.749484,-0.251275,-0.384468,-0.00884,-0.425469,-0.528428,0.508786,0.682022,1.081762,0.130311,-0.240722,0.197941
133.0,61.0,40.3,11.0,8.0,77275.0,77408.0,-0.63341,-0.403569,-0.787981,-1.118877,-1.35532,-0.607684,-0.498745,-0.294752,0.132048,-0.891604,-0.496772,-0.683115,-0.51701,-0.68429,-0.813433,-0.585906,-0.312632,-0.134158,-0.260091,-1.449123,-0.534557,-0.646139,-0.045921,-0.629426,-1.099983,-0.401419,-0.213735,-0.491264,-0.592134,-1.207852,-0.562301,-0.232819,-0.352012,-1.17647,-1.746944,-0.321862,-0.241078,-0.194036,-0.027894,-0.742063,-0.390833,-0.288469,0.06666,0.129985,-1.042842,-0.435784,-0.505776,0.271737,0.130217,-1.151318,-0.408295,-0.369316,0.034448,0.194454,-1.343625,-0.488326,-0.43977,-0.016424,-0.339671,-1.346368,-0.563866,-1.189979,-0.096358,0.253354,-0.628803,-0.488031,-1.078737,-0.20743,-0.500492,-0.764147,-0.182129,-0.170102,-0.234014,0.13253,0.002657,-0.359544,-0.183183,-0.297552,0.141481,0.08282,-0.364614,-0.310794,-0.154685,0.314961,-0.441628,-0.369342,-0.339615,-0.302708,0.415291,-0.75462,-0.299222,-0.025077,-1.26842,0.032013,-1.194427,-0.255582,-0.922394,-0.051268,0.022693,-0.165395,-0.35892,-0.529641,0.066289,0.002096,-0.090799,-0.43457,-1.453611,0.108515,0.108874,-0.25842,-0.748083,-1.734813,0.047062,-0.015771,-0.176047,-0.032686,-0.035323,-0.409471,-0.008301,0.211561,-0.226731,-0.024628,-1.24057,-0.069103,-1.362678,-0.835804,-0.106664,-0.125537,0.812157,-1.313037,-0.325465,-0.515498,0.473868,1.15732,0.087586,0.087803,0.2283,-0.040103,0.173737,-0.554526,0.202169,-0.737907,0.125576,-0.065842,-0.030833,-0.255491,-0.661401,0.397508,0.073509,-0.096674,0.028909,-1.772784,0.718743,0.143032,0.021033,0.262835,-1.721433,0.086449,0.211601,0.154679,0.019609,1.075205,0.977356,0.130822,-0.13262,0.132754,1.1462,0.503004,-0.133808,-0.831787,0.2674,0.965542,1.460261,0.980235,-1.010607,-0.082424,1.187795,0.403428,0.416205,0.120582,-0.211006,0.1018,-0.419232,-0.013125,-1.002349,-0.125107,-0.187211,0.956146,1.100075,0.219964,0.813994,-1.639032,0.67626,0.209353,-1.415268,0.099357,-1.206425,0.501519,0.178189,0.041633,0.440081,-1.433987,0.192887,0.327854,0.088773,0.352226,1.388609,0.826758,-0.220836,-0.463743,0.02661,0.210992,-0.089706,-0.817901,-1.272704,0.037614,1.036464,1.413732,0.278229,-1.231233,0.335675,1.018252,1.273644,0.641416,-0.134533,-0.300205,-0.254945,0.594717,0.409926,-0.022444,-0.290717,-0.464689,0.747183,0.953205,-0.325745,-0.107594,-0.518194,0.618932,1.262642,-0.537704,-0.311125,-0.52014,0.159703,-0.153981,-0.777484,-0.302032,-0.425446,-0.067414,-0.451002,-0.562562,0.430441,0.800218,1.112091,0.0593,-0.198722,0.00745
366.0,75.7,50.9,14.0,7.0,4912.0,5278.0,-0.840468,-1.147883,-0.504578,2.233058,-0.56353,-0.792082,-1.046975,-1.148559,1.320646,1.660906,-0.896733,-0.738899,-0.820021,1.904356,-0.684739,-0.98928,-1.330606,-1.562189,1.745904,1.523164,-0.884254,-0.829059,-1.584182,1.670119,-0.352834,-1.400868,-1.423252,-0.969206,-0.802396,-0.35247,-1.157489,-1.429933,-1.056098,1.536308,0.541064,-1.351188,-1.388643,-1.45167,1.357538,1.528409,-1.251005,-1.40089,-2.076896,1.162241,1.648918,-1.12065,-1.106727,-2.246944,1.101467,1.808727,-1.122817,-1.353998,-1.782022,0.996759,1.941612,-1.049943,-1.026985,-1.50762,1.399753,0.447564,-0.961654,0.315458,-1.426687,0.021401,1.768239,-1.139262,-0.068172,-1.299299,1.769774,1.898641,-1.595998,-1.418129,-1.280083,1.39213,1.612294,-1.389581,-1.353265,-1.303849,1.431067,1.378064,-1.328339,-1.187651,-1.400393,1.125755,1.681844,-1.243413,-1.109279,-1.413978,0.696213,1.843493,-1.284235,1.074462,0.98674,1.437158,2.143753,-1.338748,-0.269024,-1.525464,1.27163,1.646562,-1.26767,-0.76157,-1.525539,1.296204,1.552444,-1.252159,0.360747,-1.440779,1.172652,1.637529,-0.870379,1.113486,-1.383032,1.45944,1.614511,-1.609797,-1.466826,-0.828815,1.527943,1.283451,-1.589648,-1.483511,0.97581,-1.356046,1.40536,-0.813185,-1.376334,-1.264074,-1.807433,0.750681,-1.281817,-0.713773,-1.564792,-0.197789,1.409733,0.954514,1.268829,-0.87984,1.323546,2.025415,-1.580016,-0.062812,-1.438663,1.39498,1.311405,-1.233005,-0.661488,-1.621256,1.383699,1.363572,-1.500329,1.803243,-1.566184,1.301018,1.481757,-0.748014,1.815816,1.280776,1.309345,1.330357,-1.556066,-0.570008,0.052022,1.260518,1.61231,-1.499134,-1.105839,0.889336,1.526222,1.840563,-1.502465,-0.335993,-1.352139,-0.546024,0.576002,-1.688285,-1.811629,1.159998,-1.802445,1.460153,-1.37914,1.339521,2.135163,-1.434919,1.577686,-1.476902,-1.379991,0.601549,-0.526137,0.979056,-0.720271,1.9559,-1.72763,1.207546,1.40452,2.017938,-0.052891,-1.789467,1.279494,1.384319,1.024364,0.450096,-1.552884,1.190923,1.365883,-1.327962,-1.426355,-1.85216,-0.985613,2.020042,-1.190546,-1.544959,-1.094467,0.038229,1.709865,-1.085415,-0.526949,-1.520805,-1.637801,1.80651,-1.541438,-1.908119,-0.625664,-1.781575,1.583455,-0.987995,-1.299995,0.655544,-1.652258,1.499047,-1.213354,-1.018113,-2.116983,-1.609975,1.758449,-0.610317,-1.119117,-1.930563,-0.884962,1.635215,-0.92048,-0.920521,-1.613474,-1.3167,-0.313425,-1.090144,-1.043349,-1.423414,-0.95619,-0.78369,-1.582251,0.139843,-0.193852,-1.378674,1.629604,-0.106542
232.0,78.3,49.6,4.0,32.0,77408.0,77640.0,-0.674951,-0.456333,-0.855115,-1.158921,-1.487631,-0.656825,-0.548983,-0.371509,0.169269,-0.953295,-0.562837,-0.74178,-0.614547,-0.701365,-0.955964,-0.614963,-0.358991,-0.185761,-0.226767,-1.579081,-0.599599,-0.70156,-0.116697,-0.65987,-1.255629,-0.435593,-0.265036,-0.546027,-0.650618,-1.250711,-0.583724,-0.282255,-0.414001,-1.148889,-1.794854,-0.349572,-0.288429,-0.242999,0.080455,-0.656177,-0.434513,-0.32846,0.060626,0.198716,-1.077629,-0.479804,-0.52856,0.284285,0.207889,-1.17755,-0.461999,-0.400081,-0.003215,0.277113,-1.41275,-0.551642,-0.514002,-0.106685,-0.267107,-1.500871,-0.631635,-1.272776,-0.188746,0.203044,-0.560925,-0.557113,-1.160861,-0.302405,-0.475666,-0.71378,-0.224048,-0.220256,-0.3071,0.176022,0.04913,-0.392153,-0.236706,-0.362128,0.194766,0.131968,-0.400852,-0.35763,-0.203264,0.383651,-0.400984,-0.414862,-0.393098,-0.325298,0.472502,-0.714529,-0.360187,0.216889,-1.211769,0.085327,-1.182608,-0.330225,-0.939639,-0.118373,0.129676,-0.115467,-0.432883,-0.625184,-0.020594,0.099418,-0.028188,-0.509412,-1.574967,-0.006909,0.174594,-0.193541,-0.845548,-1.797849,-0.07892,0.026462,-0.117183,-0.100544,-0.047754,-0.314154,0.053095,0.270128,-0.255143,-0.064787,-1.133861,0.124614,-1.220285,-0.856849,-0.102409,-0.1746,0.670578,-1.455692,-0.367822,-0.539802,0.425865,1.182186,0.123542,0.081666,0.32749,-0.145138,0.246851,-0.51769,0.13448,-0.845743,0.011947,0.011591,-0.0269,-0.33462,-0.796667,0.283471,0.146455,-0.056162,-0.066981,-1.800586,0.557072,0.204802,0.089552,0.088236,-1.780913,0.161152,0.276713,0.210519,-0.086113,1.263554,1.048525,0.180371,-0.062215,0.014654,1.371345,0.627406,-0.061771,-0.752692,0.164269,1.233,1.52815,0.946314,-1.059717,-0.110365,1.258024,0.482132,0.351703,0.17876,-0.287637,0.145273,-0.423762,-0.095432,-1.246558,-0.205528,-0.337018,0.909875,1.080818,0.227707,0.682151,-1.840587,0.542627,0.274137,-1.382454,-0.076953,-1.297871,0.383126,0.257104,0.12982,0.425062,-1.477713,0.059555,0.394746,0.155877,0.198173,1.537511,0.749371,-0.365917,-0.446845,-0.087383,0.176405,-0.191819,-0.948341,-1.331958,-0.111872,1.264903,1.461637,0.114629,-1.228287,0.235752,1.073042,1.312188,0.572404,-0.067835,-0.40538,-0.356661,0.658053,0.315261,0.043043,-0.387836,-0.607853,0.66673,0.849898,-0.254592,-0.24214,-0.621299,0.518731,1.219825,-0.475028,-0.394034,-0.580629,0.068867,-0.216387,-0.815711,-0.371327,-0.481391,-0.147381,-0.48586,-0.609163,0.323481,0.961585,1.153498,-0.037648,-0.141381,-0.252619
598.0,75.5,49.1,7.0,16.0,77640.0,78238.0,-0.689948,-0.481697,-0.876661,-1.163911,-1.527164,-0.680515,-0.572757,-0.406622,0.196336,-0.9589,-0.600484,-0.768843,-0.656589,-0.691541,-1.027756,-0.624676,-0.382919,-0.212163,-0.196741,-1.626844,-0.637155,-0.727312,-0.152846,-0.666039,-1.327434,-0.442391,-0.293089,-0.572942,-0.682197,-1.246546,-0.584818,-0.308638,-0.446075,-1.116302,-1.780753,-0.361827,-0.314958,-0.269013,0.151805,-0.577584,-0.457934,-0.350705,0.064521,0.243206,-1.070291,-0.505664,-0.536939,0.29804,0.257582,-1.164846,-0.495678,-0.41577,-0.019937,0.330301,-1.420482,-0.587307,-0.555968,-0.156475,-0.213091,-1.565779,-0.66292,-1.300657,-0.241954,0.17933,-0.508589,-0.585613,-1.187706,-0.355301,-0.445453,-0.665642,-0.242453,-0.248526,-0.350867,0.204959,0.082172,-0.403338,-0.267665,-0.395057,0.229627,0.169252,-0.417199,-0.384495,-0.232987,0.425385,-0.352695,-0.439115,-0.424807,-0.334051,0.510847,-0.661854,-0.397299,0.368861,-1.162737,0.118393,-1.151614,-0.37483,-0.939738,-0.160111,0.196739,-0.07527,-0.47516,-0.676369,-0.077149,0.164072,0.018147,-0.5367,-1.608661,-0.08044,0.219291,-0.146586,-0.871826,-1.791229,-0.154274,0.059784,-0.075985,-0.139393,-0.049789,-0.264541,0.095522,0.307859,-0.264621,-0.088424,-1.064825,0.261851,-1.091859,-0.855439,-0.096932,-0.207595,0.568641,-1.495125,-0.391091,-0.547433,0.390109,1.178713,0.156581,0.063309,0.38817,-0.223171,0.289507,-0.488439,0.085983,-0.905933,-0.063033,0.057169,-0.013353,-0.372313,-0.871025,0.203185,0.191609,-0.022195,-0.11853,-1.766834,0.445119,0.246379,0.135235,0.041951,-1.770404,0.215451,0.31807,0.248187,-0.150172,1.376999,1.084639,0.22011,-0.012288,-0.051772,1.508613,0.696481,-0.006329,-0.687879,0.09582,1.407041,1.558073,0.9345,-1.073607,-0.115656,1.308988,0.530299,0.31214,0.222747,-0.335516,0.188355,-0.40648,-0.146297,-1.372666,-0.251984,-0.41093,0.87946,1.060071,0.236581,0.601816,-1.885052,0.450951,0.318022,-1.334061,-0.16072,-1.318771,0.303115,0.309838,0.189101,0.437788,-1.472651,-0.020566,0.435541,0.200296,0.102854,1.62237,0.693678,-0.439134,-0.425027,-0.154907,0.154424,-0.253939,-1.015718,-1.34937,-0.202778,1.400996,1.482102,0.031028,-1.203255,0.167343,1.113846,1.33014,0.524395,-0.01955,-0.468324,-0.403296,0.703242,0.248344,0.088597,-0.443435,-0.669674,0.617406,0.775503,-0.203112,-0.309971,-0.65666,0.4532,1.188781,-0.421275,-0.434908,-0.603711,0.009438,-0.255233,-0.833247,-0.410688,-0.510465,-0.198134,-0.505336,-0.63497,0.250052,1.064519,1.16853,-0.100188,-0.095934,-0.393914
898.0,78.5,50.0,8.0,11.0,78238.0,79136.0,-0.697816,-0.498095,-0.88665,-1.161897,-1.543876,-0.695856,-0.587989,-0.428666,0.217207,-0.953686,-0.626987,-0.785921,-0.681988,-0.678563,-1.075373,-0.629392,-0.398993,-0.22982,-0.172183,-1.652319,-0.663748,-0.743633,-0.176998,-0.666917,-1.372748,-0.443246,-0.312471,-0.590559,-0.703886,-1.234752,-0.582143,-0.326658,-0.467647,-1.088133,-1.757992,-0.369359,-0.333494,-0.286742,0.205013,-0.513064,-0.473967,-0.366197,0.069536,0.276177,-1.056706,-0.52411,-0.54141,0.309771,0.294248,-1.14733,-0.520341,-0.426243,-0.030239,0.369631,-1.41611,-0.612286,-0.585407,-0.191016,-0.171139,-1.604302,-0.68267,-1.314302,-0.279586,0.164172,-0.467511,-0.602307,-1.20042,-0.392159,-0.419204,-0.62573,-0.253711,-0.26833,-0.382335,0.226617,0.107466,-0.408918,-0.289601,-0.417039,0.255563,0.198376,-0.427374,-0.403462,-0.254545,0.455568,-0.310911,-0.455667,-0.447511,-0.338936,0.539622,-0.615525,-0.424159,0.480216,-1.123027,0.142504,-1.122274,-0.406873,-0.936792,-0.190578,0.245841,-0.043331,-0.504961,-0.711392,-0.119147,0.212439,0.054069,-0.551149,-1.621389,-0.134609,0.253004,-0.110436,-0.881254,-1.773381,-0.208428,0.086111,-0.044609,-0.166797,-0.049657,-0.231071,0.127696,0.335772,-0.269214,-0.105297,-1.013673,0.366788,-0.986791,-0.850292,-0.09213,-0.232386,0.49029,-1.509909,-0.407203,-0.550877,0.362332,1.170798,0.183731,0.04578,0.432176,-0.283741,0.319843,-0.465286,0.048765,-0.947915,-0.118988,0.089705,-0.000311,-0.396555,-0.922529,0.14192,0.224508,0.005091,-0.153861,-1.727699,0.360161,0.277626,0.169453,0.025863,-1.749241,0.257313,0.348503,0.276518,-0.196451,1.458758,1.108685,0.251652,0.025901,-0.098264,1.608027,0.744545,0.037162,-0.636133,0.044633,1.536269,1.576422,0.928514,-1.079017,-0.116085,1.348259,0.565238,0.283418,0.257073,-0.370526,0.22436,-0.388156,-0.183335,-1.457398,-0.284883,-0.459411,0.856793,1.042437,0.244211,0.543647,-1.894533,0.3816,0.351077,-1.290789,-0.214513,-1.323809,0.2429,0.349369,0.233632,0.453345,-1.459793,-0.078254,0.465089,0.233482,0.033416,1.682111,0.650876,-0.487747,-0.40589,-0.203239,0.138247,-0.298891,-1.060995,-1.356559,-0.268549,1.498637,1.494391,-0.024842,-1.178394,0.11563,1.145542,1.341535,0.487905,0.017628,-0.51357,-0.432614,0.737874,0.197214,0.123219,-0.482655,-0.70707,0.581604,0.718317,-0.163482,-0.354983,-0.6743,0.404453,1.164866,-0.377843,-0.461708,-0.61643,-0.034775,-0.283599,-0.844276,-0.438358,-0.530063,-0.23547,-0.518926,-0.652905,0.194491,1.140386,1.176457,-0.146477,-0.059982,-0.491243
532.0,78.3,49.6,7.0,10.0,79136.0,79668.0,-0.713207,-0.532233,-0.90612,-1.154395,-1.575403,-0.727564,-0.619592,-0.475282,0.262429,-0.938208,-0.682692,-0.821049,-0.735372,-0.648449,-1.174226,-0.638227,-0.432657,-0.267349,-0.118649,-1.701133,-0.71958,-0.777129,-0.228693,-0.666724,-1.465889,-0.443116,-0.353149,-0.627375,-0.749455,-1.206743,-0.574818,-0.36438,-0.513235,-1.025352,-1.705119,-0.384688,-0.372453,-0.324565,0.31829,-0.373738,-0.507404,-0.39886,0.079696,0.346376,-1.023663,-0.563204,-0.551055,0.333174,0.372025,-1.106412,-0.572537,-0.44842,-0.052662,0.452622,-1.402878,-0.664426,-0.64726,-0.264547,-0.081567,-1.682988,-0.722714,-1.340557,-0.359499,0.134038,-0.379322,-0.635468,-1.224536,-0.470104,-0.361443,-0.539484,-0.276301,-0.309913,-0.449065,0.27322,0.161798,-0.419335,-0.335755,-0.463192,0.311043,0.260782,-0.448091,-0.443043,-0.300593,0.519931,-0.220437,-0.490151,-0.495312,-0.349676,0.600957,-0.515258,-0.481118,0.714878,-1.036933,0.19393,-1.057395,-0.474293,-0.930228,-0.255679,0.349955,0.025347,-0.566937,-0.784241,-0.208862,0.315372,0.130971,-0.578677,-1.643069,-0.249927,0.325013,-0.032735,-0.896105,-1.729646,-0.323311,0.142698,0.022669,-0.224014,-0.049748,-0.159911,0.196554,0.395279,-0.27797,-0.141582,-0.905047,0.590962,-0.761398,-0.837343,-0.08254,-0.285766,0.324186,-1.539394,-0.440865,-0.556858,0.301813,1.153183,0.242008,0.009844,0.52553,-0.412789,0.384392,-0.414106,-0.030446,-1.035015,-0.238347,0.158846,0.02927,-0.446117,-1.029218,0.010891,0.29447,0.064255,-0.227055,-1.638677,0.178599,0.344408,0.242525,0.001088,-1.699836,0.346724,0.413337,0.337116,-0.292466,1.629688,1.158833,0.319262,0.107666,-0.194872,1.815406,0.84544,0.130541,-0.524943,-0.063659,1.806214,1.611837,0.916619,-1.089979,-0.113581,1.429674,0.639072,0.221235,0.330009,-0.444953,0.302402,-0.347325,-0.262907,-1.634795,-0.354356,-0.560222,0.809067,1.003209,0.259533,0.423085,-1.902626,0.233558,0.421586,-1.197025,-0.318155,-1.33132,0.114789,0.433575,0.328408,0.489858,-1.429574,-0.20035,0.527807,0.304421,-0.112459,1.805191,0.558524,-0.590145,-0.364367,-0.30536,0.10246,-0.39463,-1.155691,-1.36972,-0.40643,1.702215,1.51791,-0.142854,-1.123832,0.00548,1.209523,1.363976,0.409226,0.097226,-0.609206,-0.494429,0.810412,0.087551,0.197037,-0.565122,-0.784664,0.504574,0.595633,-0.078797,-0.44869,-0.71015,0.300398,1.11314,-0.284378,-0.516839,-0.642844,-0.128933,-0.344306,-0.866996,-0.496267,-0.571444,-0.314832,-0.547942,-0.690744,0.076992,1.299768,1.192131,-0.245327,0.01709,-0.693128
266.0,74.9,47.9,4.0,3.0,79668.0,79934.0,-0.69894,-0.548388,-0.886489,-1.078731,-1.519176,-0.737564,-0.632184,-0.5131,0.322458,-0.830119,-0.720604,-0.828372,-0.771684,-0.566745,-1.214913,-0.621006,-0.452975,-0.301912,-0.04089,-1.632247,-0.756265,-0.78244,-0.284004,-0.622634,-1.483889,-0.401434,-0.379531,-0.647839,-0.780056,-1.118193,-0.533075,-0.38674,-0.549617,-0.905512,-1.5605,-0.384274,-0.398973,-0.362407,0.426512,-0.198766,-0.524498,-0.423293,0.078385,0.41354,-0.904308,-0.596794,-0.562972,0.322046,0.440259,-0.990042,-0.615751,-0.467017,-0.08452,0.516143,-1.306561,-0.692097,-0.688825,-0.334646,0.009457,-1.687243,-0.718243,-1.306107,-0.431503,0.150752,-0.27938,-0.616424,-1.184708,-0.533408,-0.266239,-0.42997,-0.268551,-0.337289,-0.50717,0.328269,0.223992,-0.398066,-0.368154,-0.493517,0.36963,0.328996,-0.447757,-0.463836,-0.347859,0.58365,-0.101676,-0.50704,-0.529571,-0.367182,0.661139,-0.384666,-0.530711,0.887787,-0.921582,0.245083,-0.943907,-0.521693,-0.917736,-0.32297,0.440406,0.105483,-0.594797,-0.817306,-0.301057,0.412912,0.213485,-0.53609,-1.54836,-0.359982,0.398854,0.057259,-0.799047,-1.565605,-0.424401,0.20819,0.097144,-0.254698,-0.057762,-0.093949,0.270033,0.453846,-0.264581,-0.184009,-0.807111,0.821527,-0.509677,-0.78257,-0.08688,-0.349608,0.180496,-1.525145,-0.459426,-0.533749,0.214511,1.12005,0.30785,0.004972,0.60761,-0.538172,0.445299,-0.324974,-0.105583,-1.069661,-0.357335,0.222192,0.096216,-0.44985,-1.068093,-0.127078,0.359642,0.143669,-0.253849,-1.432035,-0.009519,0.413721,0.317101,0.179382,-1.559941,0.438279,0.476223,0.401053,-0.330705,1.726262,1.184443,0.393626,0.195668,-0.236612,1.922506,0.911333,0.236502,-0.396874,-0.152536,1.953783,1.567887,0.923354,-1.088659,-0.03835,1.460744,0.697946,0.139787,0.396683,-0.513732,0.406574,-0.269521,-0.354317,-1.740499,-0.408637,-0.605301,0.774739,0.929856,0.254495,0.377716,-1.652665,0.083675,0.491875,-1.072539,-0.185273,-1.26999,-0.005781,0.515032,0.418349,0.59702,-1.340045,-0.30165,0.583676,0.378322,-0.210132,1.835254,0.444125,-0.664639,-0.308051,-0.3864,0.039606,-0.486944,-1.209972,-1.336659,-0.492485,1.805116,1.48408,-0.235737,-1.036878,-0.100911,1.196113,1.346677,0.312854,0.182814,-0.685848,-0.54061,0.854282,-0.034461,0.269872,-0.621914,-0.815743,0.413733,0.458436,0.008819,-0.492993,-0.708021,0.195147,1.046415,-0.173766,-0.528495,-0.65391,-0.219504,-0.40908,-0.872531,-0.530282,-0.603665,-0.387991,-0.577434,-0.719562,-0.018446,1.406498,1.18146,-0.346225,0.102038,-0.77254
565.0,76.5,48.1,6.0,6.0,79934.0,80499.0,-0.692034,-0.556207,-0.876987,-1.042106,-1.49196,-0.742404,-0.638279,-0.531405,0.351515,-0.777799,-0.738956,-0.831917,-0.789261,-0.527197,-1.234607,-0.61267,-0.462811,-0.318642,-0.003251,-1.598903,-0.774022,-0.78501,-0.310777,-0.601291,-1.492602,-0.381257,-0.392301,-0.657744,-0.794869,-1.075331,-0.512869,-0.397564,-0.567227,-0.847503,-1.490498,-0.384074,-0.41181,-0.380724,0.478897,-0.114071,-0.532773,-0.43512,0.07775,0.44605,-0.846534,-0.613053,-0.56874,0.316659,0.473287,-0.933713,-0.636669,-0.476019,-0.09994,0.546889,-1.25994,-0.705491,-0.708944,-0.368577,0.053517,-1.689303,-0.716079,-1.289431,-0.466356,0.158843,-0.231003,-0.607206,-1.16543,-0.56405,-0.220155,-0.376961,-0.2648,-0.35054,-0.535295,0.354916,0.254097,-0.387771,-0.383837,-0.508196,0.397989,0.362015,-0.447595,-0.473901,-0.370737,0.614494,-0.04419,-0.515216,-0.546153,-0.375656,0.69027,-0.321453,-0.554716,0.971483,-0.865747,0.269843,-0.888974,-0.544636,-0.91169,-0.355542,0.484188,0.144273,-0.608282,-0.833311,-0.345683,0.460127,0.253426,-0.515476,-1.502516,-0.413253,0.434597,0.100821,-0.752066,-1.486202,-0.473333,0.239891,0.133194,-0.269551,-0.061642,-0.062021,0.3056,0.482195,-0.2581,-0.204545,-0.759705,0.933131,-0.387832,-0.756057,-0.088981,-0.38051,0.110943,-1.518248,-0.46841,-0.522562,0.172252,1.104012,0.339721,0.002613,0.647341,-0.598864,0.474781,-0.281829,-0.141953,-1.086431,-0.414932,0.252855,0.128622,-0.451657,-1.08691,-0.193861,0.391188,0.182109,-0.266818,-1.33201,-0.100577,0.447272,0.353199,0.265684,-1.492225,0.482596,0.506662,0.432002,-0.349214,1.773008,1.196839,0.429621,0.238265,-0.256816,1.974347,0.943229,0.287792,-0.334883,-0.195556,2.025214,1.546614,0.926614,-1.08802,-0.001935,1.475784,0.726443,0.100363,0.428956,-0.547024,0.456998,-0.23186,-0.398563,-1.791664,-0.434912,-0.627122,0.758122,0.89435,0.252057,0.355755,-1.531671,0.011124,0.525898,-1.012282,-0.120952,-1.240303,-0.064142,0.554461,0.461885,0.648892,-1.296709,-0.350684,0.610719,0.414094,-0.257411,1.849806,0.38875,-0.700698,-0.280791,-0.425627,0.009181,-0.531628,-1.236246,-1.320655,-0.53414,1.854926,1.467704,-0.280696,-0.994788,-0.152409,1.189623,1.338303,0.266206,0.224242,-0.722947,-0.562964,0.875518,-0.09352,0.305127,-0.649404,-0.830786,0.369762,0.392026,0.051229,-0.514439,-0.70699,0.1442,1.014118,-0.120224,-0.534137,-0.659266,-0.263345,-0.440434,-0.87521,-0.546747,-0.619261,-0.423403,-0.59171,-0.733511,-0.064642,1.45816,1.176295,-0.395064,0.143157,-0.81098
199.0,74.7,47.7,1.0,7.0,80499.0,80698.0,-0.687198,-0.56764,-0.871296,-0.988513,-1.453282,-0.747733,-0.646786,-0.56206,0.386714,-0.703408,-0.756902,-0.835406,-0.812786,-0.475255,-1.247085,-0.606599,-0.476633,-0.343418,0.039736,-1.538502,-0.790246,-0.787643,-0.344396,-0.566768,-1.488137,-0.367565,-0.409751,-0.671639,-0.810024,-1.026827,-0.496927,-0.412884,-0.591837,-0.784039,-1.400915,-0.388699,-0.429173,-0.406667,0.532763,-0.018149,-0.543032,-0.451175,0.066372,0.481553,-0.76559,-0.629598,-0.580304,0.30264,0.507948,-0.857208,-0.657447,-0.490361,-0.121476,0.57631,-1.194283,-0.718263,-0.730231,-0.405949,0.10194,-1.67807,-0.715345,-1.267389,-0.504738,0.175165,-0.172599,-0.601447,-1.143316,-0.598291,-0.164378,-0.313504,-0.267726,-0.369082,-0.567326,0.386762,0.288679,-0.383264,-0.404635,-0.52933,0.431072,0.399511,-0.451594,-0.488496,-0.400731,0.647847,0.023787,-0.526644,-0.566838,-0.389724,0.722023,-0.24534,-0.580569,1.036784,-0.792435,0.300888,-0.818439,-0.56887,-0.917815,-0.391917,0.529417,0.188803,-0.621719,-0.851209,-0.393981,0.509989,0.29834,-0.499861,-1.446126,-0.471492,0.474586,0.152745,-0.709011,-1.396533,-0.527991,0.27667,0.176225,-0.29044,-0.076118,-0.037174,0.345852,0.513396,-0.258312,-0.232628,-0.72897,1.044418,-0.253406,-0.730591,-0.102032,-0.42028,0.040324,-1.503157,-0.482365,-0.515023,0.116839,1.085947,0.377659,-0.002386,0.685874,-0.658311,0.506485,-0.226393,-0.184759,-1.096169,-0.477574,0.290617,0.167004,-0.457748,-1.101004,-0.26756,0.427727,0.22672,-0.284734,-1.214783,-0.201546,0.484622,0.39373,0.337604,-1.410411,0.531655,0.539543,0.466612,-0.378987,1.801281,1.200784,0.469796,0.286112,-0.28408,1.99988,0.965448,0.343346,-0.264276,-0.245107,2.06741,1.498139,0.922378,-1.088367,0.033841,1.471755,0.7527,0.050957,0.457504,-0.579855,0.505857,-0.18375,-0.448688,-1.834475,-0.462131,-0.650719,0.737875,0.849428,0.252772,0.339343,-1.377577,-0.069889,0.56319,-0.93475,-0.046131,-1.202863,-0.129188,0.595461,0.508628,0.700565,-1.242262,-0.405043,0.638939,0.453825,-0.3086,1.839298,0.320934,-0.737573,-0.246677,-0.469162,-0.033012,-0.581055,-1.256566,-1.292238,-0.57752,1.88125,1.430979,-0.333899,-0.944176,-0.209858,1.156096,1.31324,0.20722,0.268813,-0.760498,-0.591529,0.877402,-0.160722,0.341494,-0.676157,-0.849153,0.312001,0.313,0.098804,-0.540225,-0.707324,0.084133,0.974637,-0.057506,-0.542614,-0.666051,-0.312012,-0.475825,-0.874748,-0.564709,-0.636148,-0.462433,-0.60764,-0.747297,-0.117094,1.497983,1.162925,-0.449525,0.189151,-0.851637
332.0,74.2,48.6,4.0,10.0,80698.0,81030.0,1.872019,1.686087,1.954004,-0.155766,1.020737,1.873607,1.75718,1.72503,-1.573795,-1.192108,1.779668,1.833126,1.734067,-0.986064,1.340407,1.857046,1.620854,1.548331,-1.237456,-0.387406,1.783405,1.850473,1.495127,-1.134505,1.246517,1.633004,1.559745,1.830802,1.820014,1.890935,1.780738,1.564954,1.701163,1.200773,1.432128,1.668353,1.564272,1.559641,-1.095234,-0.783299,1.686961,1.573963,1.381509,-1.491049,-1.009675,1.72541,1.70564,1.291045,-1.457796,-0.75955,1.722845,1.697061,1.514107,-1.465753,-0.423554,1.749804,1.709829,1.346988,-1.211524,1.054875,1.686534,1.707495,1.304926,-2.24982,-0.867704,1.59547,1.686666,1.360662,-1.315102,-0.715257,1.423864,1.557182,1.557044,-1.533288,-1.406864,1.599463,1.55095,1.649964,-1.453445,-1.534635,1.629447,1.646948,1.55696,-1.398767,-1.200899,1.580956,1.595003,1.709759,-1.617243,-0.903541,1.539844,-1.010902,1.197754,-1.390089,-0.331913,1.495329,1.843663,1.487513,-1.269131,-1.314049,1.588206,1.682635,1.315718,-1.31708,-1.316799,1.446713,1.549687,1.142909,-1.64025,-1.238609,1.503923,1.258464,1.068151,-1.512569,-1.188925,1.23743,1.577823,2.280775,-1.335866,-1.539741,1.516237,1.464899,1.791399,1.345769,0.305911,1.691203,1.608964,1.543521,0.385109,1.006905,1.549262,1.940031,0.787274,-1.747045,-1.43259,-0.710625,-1.304237,1.682979,-1.446377,-0.934289,1.042392,1.942239,1.170665,-1.185706,-1.676183,1.40353,1.419037,1.000988,-1.379293,-1.426188,1.033613,0.642161,0.302497,-1.51663,-1.381237,-0.530875,0.854347,-1.416928,-1.515599,-1.47671,1.22255,-0.940098,-1.534049,-1.34679,-1.163346,1.030725,-0.69817,-1.125254,-1.067317,0.137042,0.954494,-0.871314,-0.804512,-1.233818,2.026441,-0.105012,-0.99739,-1.569488,0.759045,-1.347579,1.260903,-1.64768,-1.084729,1.066639,0.066122,1.108632,1.055481,-1.866423,-1.799862,-1.485633,-1.613055,-0.066649,0.710443,-1.524346,1.074609,-1.604794,1.875047,1.024183,-1.36737,-1.147479,-1.944803,1.801335,1.146642,-1.527636,-1.343931,0.779742,-0.573743,0.675952,1.678611,-0.646303,1.372136,1.471933,1.55007,1.830051,1.270664,1.106782,-1.014405,-0.766807,1.144757,0.683831,0.899632,-0.327325,-1.598799,0.527009,-1.160118,1.305817,1.185927,-2.010052,0.799409,-1.228623,1.273584,1.125404,0.501177,-0.100854,-0.73401,0.719091,1.419447,0.684724,-1.56758,-0.040309,1.658898,1.852609,1.305421,1.727469,2.184975,1.704357,1.812496,1.544707,2.048074,2.023585,0.891377,-1.380199,-1.703019,1.224526,-1.08984,0.798869
232.0,77.0,48.0,4.0,4.0,81030.0,81262.0,-0.685757,-0.583868,-0.871674,-0.912394,-1.39953,-0.753495,-0.658446,-0.609586,0.429169,-0.59998,-0.773217,-0.838615,-0.843939,-0.407588,-1.24798,-0.604288,-0.495679,-0.378911,0.088339,-1.440755,-0.803237,-0.79022,-0.386421,-0.514341,-1.464067,-0.364422,-0.433262,-0.690756,-0.824835,-0.972577,-0.488317,-0.43411,-0.625598,-0.715958,-1.286915,-0.400332,-0.452368,-0.442631,0.5858,0.089244,-0.555698,-0.472691,0.03945,0.519548,-0.654326,-0.645632,-0.599944,0.276409,0.5431,-0.754642,-0.676835,-0.511935,-0.151003,0.602062,-1.10367,-0.729372,-0.752067,-0.446383,0.154187,-1.647439,-0.71681,-1.238509,-0.546256,0.202965,-0.1024,-0.601228,-1.118185,-0.636012,-0.097161,-0.237907,-0.280547,-0.394545,-0.603422,0.424635,0.328044,-0.387735,-0.431959,-0.558992,0.469394,0.441625,-0.461637,-0.50909,-0.439744,0.683088,0.103711,-0.542325,-0.59253,-0.411423,0.755922,-0.154109,-0.607737,1.070652,-0.696947,0.339642,-0.728398,-0.59367,-0.941934,-0.431957,0.574256,0.239453,-0.63432,-0.870942,-0.445069,0.561011,0.348196,-0.492669,-1.377048,-0.533907,0.518703,0.214324,-0.674317,-1.296487,-0.588174,0.319011,0.227334,-0.319239,-0.105743,-0.024412,0.390876,0.547123,-0.268599,-0.270488,-0.725106,1.148904,-0.107658,-0.70815,-0.130843,-0.471154,-0.027887,-1.476574,-0.503019,-0.513408,0.04475,1.065853,0.422586,-0.011079,0.720413,-0.712507,0.53974,-0.15558,-0.234831,-1.094755,-0.544262,0.336934,0.212213,-0.469949,-1.107178,-0.347494,0.469718,0.2781,-0.309085,-1.078292,-0.311716,0.525576,0.438639,0.383764,-1.311998,0.585073,0.574237,0.504775,-0.424044,1.800104,1.19177,0.513986,0.339155,-0.320435,1.984314,0.971822,0.402169,-0.184696,-0.301684,2.063152,1.411424,0.907087,-1.090181,0.066619,1.439217,0.774087,-0.010684,0.478815,-0.610124,0.54958,-0.122626,-0.504826,-1.862265,-0.489225,-0.675653,0.713306,0.792868,0.258198,0.332225,-1.182352,-0.159054,0.603291,-0.835589,0.040261,-1.155867,-0.200614,0.6365,0.55755,0.749003,-1.174163,-0.464338,0.667329,0.497265,-0.362775,1.79162,0.238218,-0.773583,-0.204172,-0.516716,-0.090545,-0.63482,-1.266759,-1.246728,-0.621037,1.870685,1.365672,-0.396503,-0.883596,-0.273009,1.08373,1.264446,0.132993,0.315585,-0.796596,-0.627834,0.850016,-0.236378,0.377472,-0.70028,-0.871485,0.236741,0.21945,0.151459,-0.571089,-0.709696,0.013734,0.926572,0.015479,-0.554885,-0.674606,-0.365189,-0.51529,-0.869576,-0.583905,-0.654022,-0.504699,-0.625157,-0.760053,-0.175995,1.517701,1.13795,-0.509363,0.239881,-0.893327
99.0,74.7,47.0,2.0,3.0,81262.0,81361.0,-0.684172,-0.601707,-0.872089,-0.828719,-1.340442,-0.75983,-0.671263,-0.661828,0.475838,-0.486288,-0.791151,-0.842143,-0.878184,-0.333205,-1.248963,-0.601746,-0.516615,-0.417928,0.141767,-1.333308,-0.817518,-0.793054,-0.432617,-0.45671,-1.437607,-0.360967,-0.459107,-0.711771,-0.841116,-0.912942,-0.478853,-0.457442,-0.662709,-0.64112,-1.161599,-0.41312,-0.477865,-0.482163,0.644101,0.207295,-0.569622,-0.496342,0.009855,0.561313,-0.532019,-0.663258,-0.621534,0.247574,0.581741,-0.641896,-0.698147,-0.535651,-0.183461,0.630369,-1.004064,-0.741583,-0.776071,-0.49083,0.211619,-1.613769,-0.71842,-1.206764,-0.591895,0.233523,-0.025235,-0.600987,-1.090561,-0.677476,-0.023273,-0.154808,-0.29464,-0.422535,-0.6431,0.466266,0.371316,-0.39265,-0.461994,-0.591599,0.511519,0.487918,-0.472676,-0.531728,-0.482629,0.721828,0.191567,-0.559562,-0.620771,-0.435276,0.793186,-0.053825,-0.637603,1.107883,-0.591983,0.382242,-0.62942,-0.620932,-0.968446,-0.475972,0.623546,0.29513,-0.648171,-0.892634,-0.501227,0.617096,0.403,-0.484762,-1.301113,-0.602517,0.567199,0.282014,-0.63618,-1.186512,-0.654331,0.365555,0.283516,-0.350896,-0.138309,-0.010384,0.440368,0.584198,-0.279907,-0.312107,-0.720858,1.26376,0.052555,-0.683481,-0.162514,-0.527076,-0.102869,-1.447353,-0.525723,-0.511632,-0.034494,1.043765,0.471972,-0.020635,0.75838,-0.772081,0.576294,-0.07774,-0.289873,-1.0932,-0.617568,0.387847,0.261909,-0.483361,-1.113965,-0.435361,0.515875,0.334578,-0.335853,-0.928255,-0.43282,0.570594,0.488006,0.434505,-1.203817,0.643792,0.612373,0.546725,-0.473573,1.798812,1.181861,0.562562,0.397463,-0.360398,1.967203,0.978829,0.46683,-0.097218,-0.363876,2.058471,1.316102,0.890279,-1.092175,0.102651,1.403449,0.797597,-0.078442,0.502241,-0.643398,0.597644,-0.055435,-0.566536,-1.892813,-0.519008,-0.703061,0.686299,0.730694,0.264163,0.3244,-0.967751,-0.257068,0.647372,-0.726586,0.135227,-1.104207,-0.279128,0.681612,0.611328,0.802249,-1.099306,-0.529518,0.698537,0.545016,-0.422326,1.739211,0.147293,-0.813168,-0.157448,-0.56899,-0.153788,-0.693922,-1.277962,-1.1967,-0.668872,1.859072,1.293883,-0.46532,-0.817004,-0.342428,1.004182,1.21081,0.051399,0.366999,-0.836277,-0.667741,0.819912,-0.319543,0.41702,-0.726797,-0.896033,0.154011,0.116615,0.209341,-0.605015,-0.712303,-0.063653,0.873737,0.095708,-0.568372,-0.684009,-0.423644,-0.558671,-0.863891,-0.605007,-0.67367,-0.551159,-0.644414,-0.774074,-0.240742,1.539376,1.110497,-0.575141,0.295646,-0.939155
232.0,78.0,50.3,1.0,3.0,5278.0,5510.0,-0.840468,-1.147883,-0.504578,2.233058,-0.56353,-0.792082,-1.046975,-1.148559,1.320646,1.660906,-0.896733,-0.738899,-0.820021,1.904356,-0.684739,-0.98928,-1.330606,-1.562189,1.745904,1.523164,-0.884254,-0.829059,-1.584182,1.670119,-0.352834,-1.400868,-1.423252,-0.969206,-0.802396,-0.35247,-1.157489,-1.429933,-1.056098,1.536308,0.541064,-1.351188,-1.388643,-1.45167,1.357538,1.528409,-1.251005,-1.40089,-2.076896,1.162241,1.648918,-1.12065,-1.106727,-2.246944,1.101467,1.808727,-1.122817,-1.353998,-1.782022,0.996759,1.941612,-1.049943,-1.026985,-1.50762,1.399753,0.447564,-0.961654,0.315458,-1.426687,0.021401,1.768239,-1.139262,-0.068172,-1.299299,1.769774,1.898641,-1.595998,-1.418129,-1.280083,1.39213,1.612294,-1.389581,-1.353265,-1.303849,1.431067,1.378064,-1.328339,-1.187651,-1.400393,1.125755,1.681844,-1.243413,-1.109279,-1.413978,0.696213,1.843493,-1.284235,1.074462,0.98674,1.437158,2.143753,-1.338748,-0.269024,-1.525464,1.27163,1.646562,-1.26767,-0.76157,-1.525539,1.296204,1.552444,-1.252159,0.360747,-1.440779,1.172652,1.637529,-0.870379,1.113486,-1.383032,1.45944,1.614511,-1.609797,-1.466826,-0.828815,1.527943,1.283451,-1.589648,-1.483511,0.97581,-1.356046,1.40536,-0.813185,-1.376334,-1.264074,-1.807433,0.750681,-1.281817,-0.713773,-1.564792,-0.197789,1.409733,0.954514,1.268829,-0.87984,1.323546,2.025415,-1.580016,-0.062812,-1.438663,1.39498,1.311405,-1.233005,-0.661488,-1.621256,1.383699,1.363572,-1.500329,1.803243,-1.566184,1.301018,1.481757,-0.748014,1.815816,1.280776,1.309345,1.330357,-1.556066,-0.570008,0.052022,1.260518,1.61231,-1.499134,-1.105839,0.889336,1.526222,1.840563,-1.502465,-0.335993,-1.352139,-0.546024,0.576002,-1.688285,-1.811629,1.159998,-1.802445,1.460153,-1.37914,1.339521,2.135163,-1.434919,1.577686,-1.476902,-1.379991,0.601549,-0.526137,0.979056,-0.720271,1.9559,-1.72763,1.207546,1.40452,2.017938,-0.052891,-1.789467,1.279494,1.384319,1.024364,0.450096,-1.552884,1.190923,1.365883,-1.327962,-1.426355,-1.85216,-0.985613,2.020042,-1.190546,-1.544959,-1.094467,0.038229,1.709865,-1.085415,-0.526949,-1.520805,-1.637801,1.80651,-1.541438,-1.908119,-0.625664,-1.781575,1.583455,-0.987995,-1.299995,0.655544,-1.652258,1.499047,-1.213354,-1.018113,-2.116983,-1.609975,1.758449,-0.610317,-1.119117,-1.930563,-0.884962,1.635215,-0.92048,-0.920521,-1.613474,-1.3167,-0.313425,-1.090144,-1.043349,-1.423414,-0.95619,-0.78369,-1.582251,0.139843,-0.193852,-1.378674,1.629604,-0.106542
366.0,73.3,46.7,6.0,14.0,81361.0,81727.0,-0.690247,-0.629738,-0.873947,-0.702357,-1.256956,-0.770244,-0.691632,-0.721009,0.535357,-0.330713,-0.811289,-0.847036,-0.912662,-0.217356,-1.23372,-0.607783,-0.548883,-0.47126,0.219467,-1.170662,-0.831506,-0.798162,-0.489164,-0.34294,-1.3868,-0.377414,-0.497929,-0.739707,-0.853547,-0.846988,-0.483542,-0.493763,-0.711054,-0.542148,-1.004661,-0.440418,-0.516226,-0.536204,0.718011,0.341716,-0.591069,-0.531798,-0.043428,0.623,-0.369473,-0.682696,-0.656276,0.190036,0.640099,-0.488768,-0.719359,-0.568771,-0.235096,0.676957,-0.863875,-0.756566,-0.802158,-0.545167,0.298639,-1.549495,-0.728799,-1.165488,-0.643662,0.323665,0.074576,-0.615513,-1.061504,-0.724857,0.087429,-0.048114,-0.328936,-0.465638,-0.691034,0.519978,0.424624,-0.415877,-0.506536,-0.636188,0.564215,0.542977,-0.496341,-0.567823,-0.541593,0.769814,0.297087,-0.587828,-0.660724,-0.473914,0.846043,0.067116,-0.672516,1.105745,-0.455249,0.446441,-0.494732,-0.655299,-1.003906,-0.529988,0.685618,0.365946,-0.66831,-0.918247,-0.566872,0.682303,0.470623,-0.500731,-1.210138,-0.68045,0.632176,0.365965,-0.621733,-1.063864,-0.729488,0.429789,0.357757,-0.40048,-0.199916,-0.001256,0.501088,0.628727,-0.308749,-0.373778,-0.702932,1.346752,0.231329,-0.659701,-0.216451,-0.599984,-0.193256,-1.410232,-0.563577,-0.528051,-0.150147,1.01584,0.533819,-0.100681,0.78959,-0.836963,0.624774,0.027642,-0.366082,-1.089394,-0.697898,0.468341,0.325111,-0.520342,-1.118204,-0.534075,0.578731,0.407461,-0.386333,-0.755326,-0.567106,0.624382,0.547272,0.405383,-1.077756,0.710534,0.656331,0.59827,-0.549256,1.748032,1.159723,0.623902,0.469022,-0.417975,1.884797,0.974174,0.540711,0.01276,-0.439487,1.981968,1.169212,0.850434,-1.086504,0.127697,1.334029,0.816465,-0.167266,0.52972,-0.682534,0.64586,0.029329,-0.64559,-1.863698,-0.553988,-0.738265,0.647214,0.670507,0.290294,0.307251,-0.734898,-0.371328,0.703403,-0.593734,0.181335,-1.044637,-0.373067,0.728216,0.673108,0.830411,-1.014793,-0.605116,0.732416,0.602889,-0.500659,1.621173,0.033075,-0.853926,-0.087882,-0.637335,-0.247233,-0.761468,-1.277947,-1.115726,-0.723345,1.789309,1.17574,-0.577982,-0.722565,-0.424536,0.862511,1.121314,-0.061969,0.430425,-0.875757,-0.720108,0.777918,-0.418533,0.47069,-0.756278,-0.930301,0.047679,-0.01463,0.28312,-0.666613,-0.726851,-0.157069,0.800639,0.192733,-0.600645,-0.702758,-0.492018,-0.612109,-0.851796,-0.636849,-0.699525,-0.605834,-0.66767,-0.788199,-0.33051,1.525177,1.070311,-0.650497,0.367155,-0.997028
66.0,75.0,47.0,1.0,0.0,81727.0,81793.0,-0.702748,-0.666159,-0.877011,-0.540931,-1.153522,-0.784021,-0.718219,-0.785571,0.605254,-0.140999,-0.833123,-0.853043,-0.947053,-0.067392,-1.20488,-0.621025,-0.59047,-0.53626,0.317054,-0.962672,-0.84513,-0.805153,-0.553999,-0.182628,-1.315819,-0.410559,-0.547407,-0.773267,-0.862619,-0.776233,-0.500163,-0.54077,-0.7685,-0.423582,-0.822272,-0.479762,-0.565151,-0.602069,0.804511,0.488874,-0.618702,-0.576946,-0.116308,0.701028,-0.174234,-0.703505,-0.701854,0.108695,0.714652,-0.302747,-0.740311,-0.609571,-0.302524,0.738622,-0.690518,-0.773769,-0.829792,-0.607421,0.409965,-1.459866,-0.746509,-1.116494,-0.700186,0.463459,0.192717,-0.64241,-1.031477,-0.776852,0.228353,0.077656,-0.380037,-0.521168,-0.745555,0.583463,0.485982,-0.4544,-0.562979,-0.690544,0.625416,0.604995,-0.53049,-0.615,-0.613671,0.825226,0.416677,-0.62519,-0.710251,-0.52474,0.911653,0.204529,-0.711411,1.070328,-0.292771,0.528378,-0.330951,-0.695392,-1.046641,-0.592018,0.75799,0.448982,-0.693601,-0.946965,-0.639999,0.754687,0.548529,-0.53676,-1.107193,-0.765627,0.710557,0.462975,-0.627444,-0.931508,-0.811638,0.508456,0.446661,-0.464816,-0.285579,0.003653,0.570802,0.679194,-0.352184,-0.451901,-0.673586,1.402109,0.424327,-0.63687,-0.288775,-0.686655,-0.295928,-1.366734,-0.613931,-0.559722,-0.295638,0.983209,0.605696,-0.239686,0.814829,-0.905798,0.682941,0.15545,-0.459564,-1.083717,-0.783505,0.57319,0.399216,-0.576953,-1.120254,-0.641149,0.655192,0.493619,-0.456453,-0.564463,-0.711432,0.685143,0.614422,0.308957,-0.937611,0.78351,0.704849,0.657505,-0.646436,1.655816,1.127424,0.695531,0.551199,-0.489975,1.747845,0.959692,0.62178,0.140859,-0.525823,1.845349,0.979917,0.791435,-1.074395,0.143245,1.23672,0.831253,-0.273174,0.560401,-0.726304,0.693807,0.128257,-0.738662,-1.784361,-0.593075,-0.779773,0.598238,0.612497,0.333264,0.282357,-0.488528,-0.498387,0.769079,-0.441806,0.185737,-0.978869,-0.479278,0.775699,0.741147,0.837127,-0.922811,-0.688902,0.768274,0.668845,-0.594231,1.448602,-0.099902,-0.895342,0.00043,-0.718709,-0.365452,-0.835599,-1.268444,-1.009244,-0.782982,1.67094,1.019366,-0.726799,-0.605353,-0.516698,0.669465,1.002226,-0.201276,0.503487,-0.914742,-0.78258,0.726215,-0.53009,0.535859,-0.788022,-0.972505,-0.077739,-0.16882,0.369736,-0.751105,-0.751377,-0.263272,0.711007,0.303165,-0.648539,-0.729258,-0.568217,-0.673611,-0.83438,-0.677512,-0.730418,-0.667005,-0.694116,-0.802293,-0.4407,1.480753,1.019689,-0.733332,0.451389,-1.064611
234.0,72.9,44.3,5.0,12.0,81793.0,82027.0,-0.718563,-0.701531,-0.868873,-0.38075,-1.042538,-0.797281,-0.743243,-0.82976,0.669339,0.033779,-0.850783,-0.856189,-0.965503,0.079391,-1.166024,-0.638692,-0.631351,-0.591988,0.4144,-0.754795,-0.854453,-0.811197,-0.611378,-0.012354,-1.241426,-0.453472,-0.596514,-0.800658,-0.864112,-0.712815,-0.525476,-0.588038,-0.816227,-0.301156,-0.661454,-0.523323,-0.613614,-0.658971,0.882841,0.611193,-0.646614,-0.620401,-0.191556,0.777945,0.005367,-0.72156,-0.745308,0.017435,0.787268,-0.129409,-0.756799,-0.648317,-0.376539,0.805479,-0.526029,-0.788461,-0.854427,-0.667156,0.524331,-1.364677,-0.765893,-1.067459,-0.74756,0.598039,0.30367,-0.673625,-1.002428,-0.818167,0.358609,0.194588,-0.437119,-0.577269,-0.791729,0.643234,0.545381,-0.499927,-0.619421,-0.739001,0.681413,0.664039,-0.568195,-0.663107,-0.678714,0.876256,0.522074,-0.663669,-0.757404,-0.573875,0.975723,0.326299,-0.744187,1.025865,-0.142979,0.603441,-0.180453,-0.730703,-1.078603,-0.649234,0.823813,0.525502,-0.719756,-0.973374,-0.705712,0.818423,0.61842,-0.58267,-1.011188,-0.835242,0.775513,0.546898,-0.649456,-0.814089,-0.874793,0.58189,0.529485,-0.528453,-0.374999,-0.00094,0.634782,0.726203,-0.397288,-0.52937,-0.615399,1.414639,0.577811,-0.622796,-0.366614,-0.761388,-0.375423,-1.313016,-0.663348,-0.599296,-0.435729,0.961341,0.667027,-0.362061,0.830778,-0.963652,0.73648,0.269928,-0.550021,-1.088315,-0.853042,0.669181,0.469488,-0.637675,-1.119593,-0.727895,0.722143,0.577699,-0.531782,-0.394267,-0.82193,0.737797,0.672507,0.165548,-0.802269,0.842434,0.746687,0.710516,-0.734871,1.541176,1.089765,0.763609,0.625268,-0.561455,1.590483,0.946736,0.694527,0.255253,-0.604251,1.68621,0.803486,0.783954,-1.048345,0.123175,1.134168,0.843167,-0.365106,0.596516,-0.76284,0.738732,0.225546,-0.810608,-1.682148,-0.635005,-0.816212,0.55965,0.569302,0.394895,0.235305,-0.277914,-0.604481,0.822928,-0.311234,0.125876,-0.915202,-0.567476,0.813577,0.798635,0.818139,-0.840534,-0.757229,0.79805,0.727257,-0.683656,1.261763,-0.22037,-0.925433,0.091874,-0.794481,-0.479249,-0.896351,-1.247411,-0.896427,-0.839178,1.537596,0.871497,-0.803745,-0.482214,-0.599917,0.482704,0.8929,-0.324743,0.573987,-0.944018,-0.832957,0.710487,-0.623941,0.599498,-0.814914,-1.00498,-0.180607,-0.301365,0.45182,-0.840189,-0.780793,-0.354661,0.628979,0.404231,-0.704323,-0.75661,-0.633782,-0.727844,-0.812975,-0.720733,-0.758868,-0.719107,-0.717602,-0.811184,-0.548354,1.412951,0.97307,-0.798371,0.529758,-1.145313
399.0,74.3,48.4,9.0,7.0,82027.0,82426.0,-0.731054,-0.725542,-0.858035,-0.270387,-0.962167,-0.806225,-0.759848,-0.850907,0.711025,0.147894,-0.861077,-0.857039,-0.970881,0.179574,-1.134463,-0.652982,-0.659337,-0.62628,0.481708,-0.610874,-0.858914,-0.814944,-0.647656,0.110201,-1.188317,-0.487729,-0.630352,-0.816765,-0.861627,-0.672299,-0.547041,-0.620897,-0.844769,-0.214573,-0.560087,-0.55545,-0.646964,-0.694219,0.933298,0.684379,-0.666075,-0.649711,-0.24477,0.830701,0.122499,-0.732786,-0.774416,-0.050376,0.836662,-0.015245,-0.766147,-0.674198,-0.430859,0.854194,-0.416222,-0.79747,-0.870096,-0.707358,0.604951,-1.296171,-0.780095,-1.033479,-0.776123,0.688828,0.377178,-0.69725,-0.982764,-0.841824,0.443871,0.27147,-0.479429,-0.616389,-0.819835,0.682907,0.585612,-0.53471,-0.658511,-0.769823,0.71778,0.703552,-0.59596,-0.696857,-0.720497,0.909566,0.588482,-0.690839,-0.788959,-0.60712,1.019383,0.403373,-0.764046,0.990871,-0.045124,0.652237,-0.082386,-0.75294,-1.09574,-0.686627,0.866361,0.575473,-0.738272,-0.990592,-0.747783,0.858552,0.663105,-0.619052,-0.947918,-0.876233,0.814268,0.598946,-0.672269,-0.739699,-0.909717,0.63032,0.584025,-0.572202,-0.438674,-0.008532,0.676432,0.757155,-0.429303,-0.58272,-0.561711,1.403435,0.66577,-0.617113,-0.423083,-0.807605,-0.419721,-1.271066,-0.697139,-0.630373,-0.530248,0.951193,0.704609,-0.439095,0.837512,-0.998623,0.771414,0.343027,-0.611265,-1.09627,-0.893742,0.731551,0.516379,-0.681638,-1.117877,-0.778537,0.764098,0.634968,-0.586373,-0.285984,-0.882756,0.7705,0.708527,0.044415,-0.710761,0.876721,0.772563,0.744342,-0.792061,1.451368,1.061194,0.80911,0.672803,-0.61072,1.472021,0.938471,0.741046,0.328118,-0.654898,1.565538,0.687264,0.802688,-1.02383,0.09274,1.060708,0.850085,-0.42229,0.624052,-0.784786,0.768445,0.292166,-0.850629,-1.600738,-0.665365,-0.839096,0.537747,0.546263,0.446243,0.19243,-0.148643,-0.66823,0.854732,-0.230716,0.054583,-0.872082,-0.6202,0.835353,0.833554,0.793056,-0.788055,-0.797374,0.815848,0.76421,-0.743666,1.125737,-0.297998,-0.941016,0.156662,-0.84436,-0.556011,-0.932215,-1.22749,-0.81535,-0.876502,1.43829,0.773034,-0.823673,-0.394178,-0.653401,0.356273,0.821713,-0.402901,0.621625,-0.959786,-0.862233,0.716294,-0.680723,0.642863,-0.831287,-1.022955,-0.241384,-0.383116,0.506567,-0.904019,-0.803437,-0.411079,0.575697,0.469882,-0.746622,-0.775949,-0.674254,-0.76203,-0.796299,-0.751855,-0.777439,-0.750982,-0.732493,-0.814927,-0.621737,1.355139,0.94264,-0.835155,0.581312,-1.207297
232.0,74.0,53.4,5.0,9.0,82426.0,82658.0,-0.746293,-0.754835,-0.844814,-0.135744,-0.864114,-0.817136,-0.780106,-0.876706,0.761882,0.287115,-0.873635,-0.858076,-0.977442,0.301799,-1.09596,-0.670416,-0.69348,-0.668116,0.563824,-0.435291,-0.864356,-0.819514,-0.691916,0.259718,-1.123525,-0.529522,-0.671635,-0.836415,-0.858596,-0.62287,-0.573351,-0.660985,-0.87959,-0.108942,-0.436419,-0.594645,-0.687652,-0.737222,0.994855,0.773667,-0.689818,-0.685469,-0.309692,0.895064,0.265399,-0.746481,-0.809928,-0.133105,0.896922,0.124034,-0.777552,-0.705774,-0.497129,0.913626,-0.282258,-0.808461,-0.889213,-0.756404,0.703308,-1.212592,-0.797421,-0.992023,-0.810971,0.79959,0.466858,-0.726071,-0.958773,-0.870685,0.54789,0.365267,-0.531048,-0.664115,-0.854124,0.731308,0.634693,-0.577146,-0.706202,-0.807427,0.762148,0.751758,-0.629833,-0.738032,-0.771473,0.950203,0.669501,-0.723986,-0.827457,-0.647679,1.072648,0.497404,-0.788274,0.948177,0.074258,0.71177,0.037256,-0.780068,-1.116646,-0.732246,0.918269,0.636439,-0.760861,-1.011598,-0.79911,0.907509,0.71762,-0.663439,-0.870728,-0.926243,0.861549,0.662444,-0.7001,-0.648944,-0.952323,0.689405,0.650565,-0.625576,-0.516359,-0.017794,0.727246,0.794917,-0.468361,-0.647808,-0.496211,1.389767,0.77308,-0.61018,-0.491976,-0.86399,-0.473765,-1.219887,-0.738363,-0.668287,-0.645561,0.938811,0.750459,-0.533078,0.845727,-1.041288,0.814032,0.432208,-0.685983,-1.105975,-0.943396,0.807641,0.573585,-0.735274,-1.115783,-0.840321,0.815283,0.704836,-0.652973,-0.153879,-0.956965,0.810398,0.752473,-0.103367,-0.599121,0.918552,0.804131,0.785611,-0.861832,1.341802,1.026337,0.864622,0.730795,-0.670824,1.327496,0.928387,0.7978,0.417013,-0.716687,1.418318,0.545472,0.825544,-0.993922,0.055608,0.971087,0.858525,-0.492054,0.657646,-0.81156,0.804694,0.373443,-0.899456,-1.501417,-0.702403,-0.867015,0.511025,0.518156,0.508888,0.140123,0.009068,-0.746003,0.893534,-0.132484,-0.032394,-0.819476,-0.684523,0.861919,0.876154,0.762455,-0.724032,-0.846352,0.837562,0.809293,-0.816879,0.959785,-0.392704,-0.960028,0.235703,-0.905211,-0.64966,-0.97597,-1.203187,-0.716437,-0.922037,1.317138,0.652908,-0.847985,-0.286774,-0.718652,0.202027,0.734865,-0.498254,0.679744,-0.979024,-0.897951,0.723379,-0.749996,0.695768,-0.851261,-1.044885,-0.315532,-0.482853,0.573359,-0.981892,-0.831062,-0.479909,0.510693,0.549976,-0.798227,-0.799543,-0.72363,-0.803738,-0.775955,-0.789824,-0.800095,-0.78987,-0.750661,-0.819492,-0.711264,1.284608,0.905516,-0.880032,0.644208,-1.282917
166.0,77.4,50.2,4.0,9.0,82658.0,82824.0,-0.763083,-0.785111,-0.824077,0.006079,-0.772456,-0.827111,-0.798249,-0.890254,0.813979,0.4258,-0.884993,-0.853491,-0.973666,0.423673,-1.05147,-0.69131,-0.730294,-0.707486,0.649322,-0.241194,-0.869359,-0.819794,-0.73186,0.424714,-1.048727,-0.577975,-0.717127,-0.851249,-0.858048,-0.58527,-0.605332,-0.705667,-0.906305,-0.003165,-0.323671,-0.640415,-0.73243,-0.774798,1.044934,0.856085,-0.717564,-0.724421,-0.377604,0.954327,0.409269,-0.762965,-0.839995,-0.223261,0.956777,0.2711,-0.791523,-0.735078,-0.566714,0.976793,-0.133426,-0.819597,-0.901187,-0.803874,0.809828,-1.110111,-0.815658,-0.943078,-0.844735,0.898606,0.568614,-0.756533,-0.930789,-0.895275,0.647816,0.471494,-0.589462,-0.716292,-0.884841,0.78043,0.689513,-0.625334,-0.757481,-0.842695,0.805961,0.801541,-0.66908,-0.783245,-0.821158,0.983082,0.743844,-0.760812,-0.867336,-0.69114,1.11329,0.590035,-0.811502,0.91671,0.198917,0.776035,0.15848,-0.807226,-1.114942,-0.776135,0.969026,0.699567,-0.785361,-1.027996,-0.845413,0.955318,0.772812,-0.713682,-0.793875,-0.966334,0.907974,0.728846,-0.732299,-0.554924,-0.985099,0.751798,0.72199,-0.681806,-0.599383,-0.03176,0.779899,0.833474,-0.515873,-0.715121,-0.419487,1.297465,0.849271,-0.611377,-0.568566,-0.91651,-0.5429,-1.173902,-0.777967,-0.710205,-0.766639,0.924214,0.788977,-0.546359,0.848987,-1.078781,0.858337,0.515952,-0.762961,-1.112387,-0.982552,0.880629,0.636306,-0.794992,-1.110177,-0.892233,0.86376,0.77886,-0.726121,-0.032089,-1.005132,0.848867,0.797039,-0.276105,-0.481396,0.95519,0.834501,0.826762,-0.908079,1.229955,0.989871,0.915977,0.790553,-0.736748,1.174501,0.924693,0.852627,0.506301,-0.783661,1.26313,0.396636,0.841891,-0.94391,-0.019882,0.855915,0.865334,-0.573618,0.703594,-0.84417,0.83494,0.453089,-0.928512,-1.350375,-0.748446,-0.898511,0.492101,0.480926,0.595839,0.07206,0.136225,-0.819242,0.927131,-0.028707,-0.155296,-0.776908,-0.745961,0.885241,0.915513,0.715881,-0.665196,-0.890623,0.858504,0.854129,-0.893413,0.793193,-0.490617,-0.982304,0.329758,-0.964995,-0.736744,-1.013118,-1.168483,-0.599931,-0.971501,1.197076,0.523898,-0.83918,-0.152918,-0.792538,0.041925,0.641806,-0.597276,0.743326,-1.000774,-0.932577,0.74649,-0.817684,0.753253,-0.876836,-1.063233,-0.39105,-0.578453,0.646328,-1.072432,-0.86858,-0.555144,0.440331,0.634412,-0.862324,-0.827936,-0.775363,-0.844181,-0.751867,-0.833806,-0.82442,-0.828139,-0.767764,-0.8207,-0.805879,1.207628,0.861943,-0.923482,0.713085,-1.378199
232.0,73.1,45.6,6.0,9.0,82824.0,83056.0,-0.771953,-0.800858,-0.812357,0.080195,-0.726062,-0.832128,-0.807316,-0.895569,0.841013,0.497244,-0.890687,-0.85036,-0.970307,0.486474,-1.02771,-0.702558,-0.749643,-0.727452,0.693873,-0.138575,-0.871879,-0.819353,-0.751869,0.511912,-1.00879,-0.60387,-0.741161,-0.858242,-0.858105,-0.567495,-0.622598,-0.729336,-0.918974,0.051402,-0.267018,-0.664914,-0.75608,-0.793435,1.069192,0.89765,-0.732418,-0.744945,-0.413033,0.984192,0.483593,-0.771846,-0.854757,-0.270767,0.987587,0.348002,-0.799078,-0.74988,-0.60305,1.009877,-0.054648,-0.82536,-0.906386,-0.828138,0.865872,-1.054684,-0.825187,-0.916815,-0.861999,0.948064,0.622736,-0.772466,-0.915813,-0.907373,0.698787,0.52797,-0.620513,-0.743806,-0.900194,0.805859,0.718566,-0.650968,-0.784415,-0.860563,0.828479,0.827428,-0.690052,-0.807112,-0.846604,0.998978,0.781271,-0.780305,-0.888089,-0.713948,1.132526,0.637612,-0.823343,0.902015,0.26392,0.809822,0.221209,-0.821235,-1.110976,-0.798532,0.995044,0.732416,-0.798256,-1.035823,-0.868604,0.979815,0.801365,-0.74039,-0.75429,-0.985655,0.931798,0.763485,-0.749499,-0.505995,-1.000658,0.784424,0.759489,-0.711192,-0.642926,-0.039604,0.807302,0.853465,-0.541528,-0.750137,-0.378389,1.239134,0.884315,-0.613105,-0.609112,-0.943067,-0.580611,-1.150897,-0.798169,-0.732368,-0.829864,0.916384,0.807839,-0.542193,0.849991,-1.097409,0.881414,0.558395,-0.802965,-1.115244,-1.001311,0.917844,0.669402,-0.826619,-1.106806,-0.917655,0.88839,0.8176,-0.764735,0.029308,-1.026416,0.868509,0.820106,-0.368589,-0.419857,0.973376,0.849999,0.847967,-0.928717,1.171967,0.970847,0.941892,0.82161,-0.771538,1.094449,0.923661,0.880637,0.552399,-0.818905,1.182015,0.318922,0.849432,-0.915375,-0.064047,0.793035,0.868622,-0.61729,0.728974,-0.861782,0.849718,0.493938,-0.940797,-1.265426,-0.773418,-0.915242,0.483407,0.460483,0.643995,0.034811,0.197627,-0.856392,0.943745,0.025566,-0.223578,-0.756327,-0.777249,0.896825,0.935367,0.689683,-0.635563,-0.912811,0.869197,0.877216,-0.933333,0.707197,-0.541547,-0.994236,0.38031,-0.995678,-0.780755,-1.031373,-1.149167,-0.53745,-0.997544,1.135311,0.456157,-0.830119,-0.080281,-0.831818,-0.041436,0.59297,-0.648841,0.776861,-1.012334,-0.950284,0.760596,-0.852373,0.783523,-0.890789,-1.072206,-0.430179,-0.627188,0.6848,-1.120851,-0.889278,-0.594816,0.403316,0.678547,-0.897083,-0.843232,-0.802362,-0.864864,-0.738935,-0.857308,-0.837191,-0.847789,-0.776439,-0.820865,-0.855365,1.167051,0.838592,-0.945694,0.749419,-1.430018
99.0,70.7,44.0,0.0,2.0,83056.0,83155.0,-0.780044,-0.815224,-0.801666,0.147809,-0.683738,-0.836704,-0.815588,-0.900417,0.865676,0.562421,-0.895881,-0.847503,-0.967243,0.543765,-1.006034,-0.712818,-0.767295,-0.745666,0.734516,-0.044958,-0.874179,-0.818951,-0.770123,0.591462,-0.972356,-0.627494,-0.763086,-0.864621,-0.858157,-0.551279,-0.638349,-0.750929,-0.930533,0.101182,-0.215336,-0.687265,-0.777655,-0.810436,1.091322,0.935568,-0.74597,-0.763668,-0.445355,1.011437,0.551397,-0.779947,-0.868224,-0.314106,1.015695,0.418158,-0.80597,-0.763383,-0.636198,1.040059,0.01722,-0.830618,-0.911129,-0.850274,0.917,-1.004119,-0.83388,-0.892857,-0.877749,0.993183,0.67211,-0.787001,-0.902151,-0.91841,0.745287,0.579491,-0.648839,-0.768906,-0.914201,0.829058,0.74507,-0.674354,-0.808986,-0.876865,0.849021,0.851045,-0.709184,-0.828885,-0.869817,1.01348,0.815414,-0.798089,-0.907022,-0.734755,1.150075,0.681015,-0.834146,0.888609,0.323222,0.840645,0.278436,-0.834015,-1.107359,-0.818965,1.018779,0.762383,-0.81002,-1.042963,-0.889762,1.002163,0.827414,-0.764756,-0.718177,-1.003281,0.953532,0.795085,-0.765191,-0.461358,-1.014853,0.814189,0.793699,-0.738,-0.68265,-0.04676,0.832302,0.871703,-0.564932,-0.782081,-0.340897,1.185919,0.916284,-0.61468,-0.646102,-0.967293,-0.615015,-1.129911,-0.816598,-0.752587,-0.887543,0.90924,0.825047,-0.538393,0.850908,-1.114404,0.902467,0.597115,-0.839461,-1.117851,-1.018425,0.951795,0.699595,-0.855471,-1.103731,-0.940847,0.910858,0.852942,-0.799962,0.085319,-1.045834,0.886429,0.84115,-0.452961,-0.363716,0.989966,0.864137,0.867312,-0.947545,1.119066,0.953491,0.965535,0.849943,-0.803277,1.021418,0.922719,0.90619,0.594454,-0.851058,1.108015,0.248025,0.856312,-0.889343,-0.104338,0.735671,0.871622,-0.657131,0.752128,-0.87785,0.8632,0.531204,-0.952005,-1.187929,-0.7962,-0.930505,0.475475,0.441833,0.687928,0.00083,0.253643,-0.890282,0.958903,0.075078,-0.285869,-0.737551,-0.805793,0.907393,0.953479,0.665784,-0.60853,-0.933053,0.878953,0.898278,-0.969751,0.628744,-0.588009,-1.005122,0.426427,-1.023669,-0.820906,-1.048026,-1.131546,-0.48045,-1.021303,1.078964,0.394359,-0.821853,-0.014015,-0.867653,-0.117485,0.548418,-0.695882,0.807453,-1.022879,-0.966438,0.773464,-0.884019,0.811137,-0.903518,-1.080392,-0.465877,-0.671647,0.719897,-1.165023,-0.90816,-0.631008,0.369547,0.71881,-0.928793,-0.857187,-0.826994,-0.883733,-0.727137,-0.878748,-0.848843,-0.865715,-0.784353,-0.821015,-0.90051,1.130033,0.81729,-0.965957,0.782566,-1.477291
300.0,69.7,42.4,9.0,3.0,83155.0,83455.0,1.844434,1.665815,1.897292,-0.161075,1.049954,1.844451,1.733398,1.675851,-1.555058,-1.148684,1.751803,1.801311,1.688288,-0.978975,1.344604,1.830369,1.60295,1.515958,-1.223764,-0.351867,1.755506,1.81265,1.462583,-1.111878,1.26263,1.609034,1.54039,1.790351,1.799018,1.859072,1.757102,1.547166,1.653948,1.150369,1.389896,1.647764,1.547823,1.519711,-1.086914,-0.775993,1.669462,1.557552,1.335803,-1.470268,-0.964767,1.706232,1.679098,1.239986,-1.437519,-0.717293,1.701595,1.662219,1.482173,-1.446391,-0.388324,1.718043,1.670818,1.332773,-1.194992,1.075341,1.647058,1.639368,1.29251,-2.171789,-0.856284,1.553033,1.629194,1.344937,-1.2963,-0.713528,1.404478,1.534793,1.527975,-1.51449,-1.395384,1.578589,1.533412,1.602692,-1.435121,-1.519189,1.612021,1.627612,1.525364,-1.385522,-1.197633,1.570966,1.581296,1.672711,-1.590882,-0.89698,1.533166,-1.084639,1.045886,-1.375068,-0.316044,1.483827,1.773236,1.47523,-1.258779,-1.297649,1.560359,1.642386,1.307634,-1.303016,-1.3022,1.408603,1.459351,1.135605,-1.624911,-1.222941,1.442966,1.182799,1.058729,-1.49687,-1.180744,1.224281,1.552395,2.16016,-1.327073,-1.524461,1.489563,1.450625,1.675437,1.335365,0.303066,1.662598,1.58529,1.505979,0.38652,1.020093,1.541185,1.910089,0.753139,-1.744025,-1.425087,-0.760932,-1.327436,1.618318,-1.438896,-0.924211,1.037253,1.892093,1.166251,-1.165798,-1.653747,1.384376,1.386736,0.995181,-1.367957,-1.414213,1.020804,0.574543,0.326087,-1.506816,-1.373212,-0.556355,0.799054,-1.394644,-1.506708,-1.469495,1.193823,-0.964826,-1.556819,-1.363238,-1.158357,1.014811,-0.702959,-1.172581,-1.07862,0.115709,0.950546,-0.873746,-0.841,-1.269126,1.98974,-0.072817,-0.968673,-1.568795,0.776033,-1.324061,1.261663,-1.62823,-1.107366,1.065728,0.078422,1.118772,1.034163,-1.882009,-1.773449,-1.457017,-1.550608,-0.092934,0.704847,-1.519403,1.040126,-1.584409,1.81481,1.01842,-1.367338,-1.149142,-1.912169,1.750401,1.139545,-1.519023,-1.339628,0.766651,-0.58659,0.663972,1.643196,-0.654991,1.353816,1.451025,1.530302,1.797837,1.227331,1.093207,-1.017863,-0.774601,1.028469,0.651197,0.907204,-0.319297,-1.583041,0.524977,-1.158223,1.314781,1.173202,-2.028157,0.800527,-1.228891,1.290135,1.106237,0.471902,-0.110495,-0.748122,0.777854,1.402754,0.671035,-1.582583,-0.083208,1.655499,1.819246,1.284142,1.691772,2.133117,1.687008,1.784667,1.520679,2.002416,1.983105,0.895146,-1.391501,-1.708813,1.212435,-1.093168,0.814659
266.0,67.4,42.3,12.0,15.0,83455.0,83721.0,-0.791071,-0.834799,-0.787098,0.239943,-0.626065,-0.84294,-0.82686,-0.907024,0.899283,0.651234,-0.902958,-0.84361,-0.963067,0.621833,-0.976499,-0.7268,-0.791347,-0.770486,0.789898,0.082608,-0.877312,-0.818402,-0.794997,0.699858,-0.922709,-0.659684,-0.792963,-0.873313,-0.858227,-0.529183,-0.659813,-0.780352,-0.946282,0.169015,-0.144911,-0.717721,-0.807054,-0.833604,1.121477,0.987237,-0.764435,-0.78918,-0.489397,1.048563,0.64379,-0.790987,-0.886574,-0.373161,1.053996,0.513755,-0.815362,-0.781783,-0.681368,1.081186,0.11515,-0.837782,-0.917593,-0.880437,0.986669,-0.935216,-0.845725,-0.86021,-0.89921,1.054664,0.73939,-0.806807,-0.883534,-0.933448,0.80865,0.649697,-0.687439,-0.803108,-0.933286,0.86067,0.781186,-0.706221,-0.842467,-0.899077,0.877013,0.883226,-0.735255,-0.858554,-0.901449,1.03324,0.861939,-0.822321,-0.932821,-0.763107,1.173987,0.740159,-0.848866,0.870342,0.404029,0.882645,0.356415,-0.851429,-1.10243,-0.846806,1.051122,0.803218,-0.82605,-1.052693,-0.918591,1.032616,0.86291,-0.797957,-0.668967,-1.027299,0.983147,0.838144,-0.786573,-0.400533,-1.034196,0.854747,0.840315,-0.77453,-0.736778,-0.056511,0.866367,0.896554,-0.596824,-0.825609,-0.289808,1.113407,0.959847,-0.616828,-0.696505,-1.000306,-0.661894,-1.101313,-0.841711,-0.780138,-0.966139,0.899507,0.848495,-0.533214,0.852157,-1.137561,0.931154,0.649877,-0.88919,-1.121402,-1.041745,0.998057,0.740738,-0.894786,-1.099541,-0.97245,0.941475,0.9011,-0.847964,0.161641,-1.072292,0.910847,0.869824,-0.567928,-0.287216,1.012572,0.883403,0.893672,-0.9732,1.04698,0.929842,0.997751,0.88855,-0.846525,0.921904,0.921435,0.941009,0.651758,-0.89487,1.007181,0.151419,0.865686,-0.853872,-0.15924,0.657505,0.87571,-0.71142,0.783679,-0.899744,0.88157,0.581983,-0.967276,-1.082328,-0.827243,-0.951302,0.464667,0.416419,0.747792,-0.045475,0.329972,-0.936463,0.979556,0.142545,-0.370751,-0.711966,-0.844688,0.921793,0.97816,0.633217,-0.571693,-0.960634,0.892247,0.926977,-1.019376,0.521842,-0.65132,-1.019955,0.489268,-1.061812,-0.875617,-1.070719,-1.107534,-0.402779,-1.053678,1.002184,0.310149,-0.810589,0.076282,-0.916482,-0.221111,0.487709,-0.759982,0.84914,-1.037248,-0.988451,0.790998,-0.927141,0.848765,-0.920862,-1.091547,-0.514519,-0.73223,0.767722,-1.225213,-0.93389,-0.680324,0.323533,0.773675,-0.972002,-0.876202,-0.860557,-0.909445,-0.71106,-0.907964,-0.864719,-0.890142,-0.795137,-0.82122,-0.962027,1.079591,0.788263,-0.993569,0.827734,-1.541708
266.0,67.4,45.3,9.0,4.0,432.0,698.0,1.78514,1.619272,1.802986,-0.157554,1.091309,1.783662,1.680862,1.594981,-1.512277,-1.069822,1.697192,1.737113,1.61456,-0.939186,1.356679,1.776682,1.562549,1.463041,-1.190986,-0.302587,1.704663,1.740136,1.40033,-1.05177,1.288509,1.570972,1.497078,1.708821,1.743612,1.785205,1.713925,1.507332,1.578472,1.054459,1.314512,1.611394,1.511262,1.457657,-1.083127,-0.770048,1.636032,1.521929,1.272975,-1.43129,-0.896534,1.669777,1.625419,1.157907,-1.398115,-0.65789,1.660947,1.59707,1.414712,-1.402545,-0.334072,1.666529,1.60249,1.297766,-1.150118,1.109011,1.593477,1.541777,1.26892,-2.003222,-0.835353,1.498306,1.549302,1.319917,-1.243809,-0.706399,1.381347,1.486105,1.470702,-1.479322,-1.373236,1.548162,1.491902,1.523115,-1.403015,-1.483343,1.583891,1.584238,1.470379,-1.368042,-1.179952,1.556882,1.549887,1.606936,-1.550155,-0.884505,1.519333,-1.181676,0.801772,-1.341795,-0.311486,1.46464,1.635865,1.440043,-1.234174,-1.269277,1.517739,1.569362,1.285163,-1.272611,-1.27806,1.36718,1.333335,1.118939,-1.581563,-1.189903,1.376846,1.088205,1.045087,-1.460603,-1.164923,1.21545,1.497231,1.93913,-1.310194,-1.491837,1.455199,1.416523,1.465828,1.231619,0.256744,1.637787,1.532593,1.447974,0.395947,1.047659,1.531079,1.846811,0.74176,-1.705229,-1.41335,-0.732118,-1.343695,1.484406,-1.419966,-0.914774,1.033004,1.784624,1.155069,-1.138825,-1.609267,1.362612,1.338029,0.97955,-1.344149,-1.385524,1.01004,0.478336,0.363898,-1.477275,-1.352981,-0.542579,0.729223,-1.355756,-1.480705,-1.449889,1.172968,-1.00746,-1.57678,-1.385071,-1.150135,1.016104,-0.710269,-1.252306,-1.101761,0.045697,0.952934,-0.874706,-0.884073,-1.345152,1.879111,0.089293,-0.907346,-1.552258,0.797926,-1.292932,1.267457,-1.582069,-1.122508,1.06675,0.126691,1.141812,1.01577,-1.879632,-1.718569,-1.431063,-1.420182,-0.12587,0.689782,-1.504611,0.918513,-1.529366,1.699478,0.98939,-1.365098,-1.162182,-1.848332,1.653572,1.114022,-1.498738,-1.331464,0.76453,-0.620063,0.635322,1.549712,-0.683591,1.304413,1.391215,1.474773,1.715361,1.114873,1.07571,-1.033352,-0.788803,0.765215,0.55954,0.919665,-0.294696,-1.535449,0.516521,-1.15496,1.323446,1.162386,-1.982476,0.802846,-1.231181,1.312945,1.097951,0.438022,-0.111169,-0.778747,0.867054,1.370948,0.645016,-1.577373,-0.197588,1.615598,1.737943,1.232995,1.600131,1.997781,1.630561,1.712719,1.461858,1.884663,1.881494,0.906471,-1.400364,-1.699776,1.183993,-1.099224,0.830458
199.0,69.1,46.9,6.0,10.0,5510.0,5709.0,-0.840468,-1.147883,-0.504578,2.233058,-0.56353,-0.792082,-1.046975,-1.148559,1.320646,1.660906,-0.896733,-0.738899,-0.820021,1.904356,-0.684739,-0.98928,-1.330606,-1.562189,1.745904,1.523164,-0.884254,-0.829059,-1.584182,1.670119,-0.352834,-1.400868,-1.423252,-0.969206,-0.802396,-0.35247,-1.157489,-1.429933,-1.056098,1.536308,0.541064,-1.351188,-1.388643,-1.45167,1.357538,1.528409,-1.251005,-1.40089,-2.076896,1.162241,1.648918,-1.12065,-1.106727,-2.246944,1.101467,1.808727,-1.122817,-1.353998,-1.782022,0.996759,1.941612,-1.049943,-1.026985,-1.50762,1.399753,0.447564,-0.961654,0.315458,-1.426687,0.021401,1.768239,-1.139262,-0.068172,-1.299299,1.769774,1.898641,-1.595998,-1.418129,-1.280083,1.39213,1.612294,-1.389581,-1.353265,-1.303849,1.431067,1.378064,-1.328339,-1.187651,-1.400393,1.125755,1.681844,-1.243413,-1.109279,-1.413978,0.696213,1.843493,-1.284235,1.074462,0.98674,1.437158,2.143753,-1.338748,-0.269024,-1.525464,1.27163,1.646562,-1.26767,-0.76157,-1.525539,1.296204,1.552444,-1.252159,0.360747,-1.440779,1.172652,1.637529,-0.870379,1.113486,-1.383032,1.45944,1.614511,-1.609797,-1.466826,-0.828815,1.527943,1.283451,-1.589648,-1.483511,0.97581,-1.356046,1.40536,-0.813185,-1.376334,-1.264074,-1.807433,0.750681,-1.281817,-0.713773,-1.564792,-0.197789,1.409733,0.954514,1.268829,-0.87984,1.323546,2.025415,-1.580016,-0.062812,-1.438663,1.39498,1.311405,-1.233005,-0.661488,-1.621256,1.383699,1.363572,-1.500329,1.803243,-1.566184,1.301018,1.481757,-0.748014,1.815816,1.280776,1.309345,1.330357,-1.556066,-0.570008,0.052022,1.260518,1.61231,-1.499134,-1.105839,0.889336,1.526222,1.840563,-1.502465,-0.335993,-1.352139,-0.546024,0.576002,-1.688285,-1.811629,1.159998,-1.802445,1.460153,-1.37914,1.339521,2.135163,-1.434919,1.577686,-1.476902,-1.379991,0.601549,-0.526137,0.979056,-0.720271,1.9559,-1.72763,1.207546,1.40452,2.017938,-0.052891,-1.789467,1.279494,1.384319,1.024364,0.450096,-1.552884,1.190923,1.365883,-1.327962,-1.426355,-1.85216,-0.985613,2.020042,-1.190546,-1.544959,-1.094467,0.038229,1.709865,-1.085415,-0.526949,-1.520805,-1.637801,1.80651,-1.541438,-1.908119,-0.625664,-1.781575,1.583455,-0.987995,-1.299995,0.655544,-1.652258,1.499047,-1.213354,-1.018113,-2.116983,-1.609975,1.758449,-0.610317,-1.119117,-1.930563,-0.884962,1.635215,-0.92048,-0.920521,-1.613474,-1.3167,-0.313425,-1.090144,-1.043349,-1.423414,-0.95619,-0.78369,-1.582251,0.139843,-0.193852,-1.378674,1.629604,-0.106542
166.0,71.4,45.0,1.0,3.0,83721.0,83887.0,-0.799347,-0.852037,-0.77492,0.321481,-0.576343,-0.846912,-0.83594,-0.911096,0.927394,0.728785,-0.90803,-0.838436,-0.957577,0.691105,-0.947996,-0.738445,-0.813412,-0.793822,0.839269,0.19715,-0.879624,-0.815104,-0.818606,0.796214,-0.873555,-0.687203,-0.820589,-0.879961,-0.858855,-0.516137,-0.677788,-0.807292,-0.958057,0.222914,-0.087321,-0.744319,-0.833647,-0.854824,1.138674,1.029645,-0.781012,-0.812001,-0.533253,1.075165,0.724005,-0.802024,-0.897553,-0.433824,1.083748,0.599103,-0.825307,-0.795018,-0.723014,1.114268,0.210387,-0.84376,-0.918277,-0.906187,1.050719,-0.864462,-0.854977,-0.823469,-0.918731,1.100683,0.801812,-0.823102,-0.860085,-0.945869,0.865341,0.715507,-0.720831,-0.834087,-0.948577,0.8882,0.814268,-0.732411,-0.872755,-0.917551,0.900867,0.910537,-0.758196,-0.884199,-0.927516,1.044552,0.899359,-0.841205,-0.952367,-0.789343,1.182222,0.793013,-0.862287,0.87142,0.462121,0.919367,0.433325,-0.867696,-1.079108,-0.872025,1.077565,0.841916,-0.839701,-1.050919,-0.942191,1.057591,0.895456,-0.825051,-0.619652,-1.044942,1.009335,0.878471,-0.803554,-0.339814,-1.047858,0.891198,0.881919,-0.806537,-0.786466,-0.069791,0.897277,0.917841,-0.629197,-0.864403,-0.250276,1.001675,0.98608,-0.622282,-0.743478,-1.025488,-0.713267,-1.077713,-0.86081,-0.805983,-1.03411,0.882829,0.868238,-0.436067,0.858479,-1.154509,0.954081,0.698934,-0.933242,-1.110897,-1.05806,1.034814,0.783964,-0.927048,-1.086129,-0.997274,0.967521,0.945811,-0.888525,0.229828,-1.085935,0.932712,0.896399,-0.657977,-0.213528,1.02966,0.901552,0.917381,-0.976042,0.980298,0.907375,1.024478,0.922146,-0.882371,0.826911,0.923258,0.971034,0.701909,-0.934342,0.912457,0.066198,0.86953,-0.812465,-0.226154,0.57251,0.880797,-0.762536,0.813383,-0.920972,0.89199,0.628122,-0.97788,-0.966507,-0.856463,-0.970006,0.465362,0.383739,0.809906,-0.089265,0.393205,-0.972193,0.995555,0.213457,-0.443792,-0.691615,-0.877475,0.936111,0.998228,0.60932,-0.53925,-0.981626,0.905136,0.952248,-1.061354,0.425903,-0.710408,-1.032125,0.553216,-1.093305,-0.920234,-1.088082,-1.081862,-0.326172,-1.083939,0.935132,0.229363,-0.788595,0.164919,-0.960827,-0.31577,0.433068,-0.816371,0.887703,-1.050336,-1.004734,0.808533,-0.963126,0.884525,-0.938737,-1.09541,-0.563102,-0.784264,0.812661,-1.27623,-0.95686,-0.727951,0.283048,0.823199,-1.011783,-0.891803,-0.892323,-0.930114,-0.696505,-0.934401,-0.878873,-0.912044,-0.803484,-0.820422,-1.01357,1.032006,0.757126,-1.018823,0.870285,-1.593233
1796.0,70.3,46.0,9.0,14.0,83887.0,85683.0,-0.805198,-0.86522,-0.765825,0.383979,-0.538671,-0.849441,-0.842602,-0.913626,0.948397,0.787877,-0.911519,-0.833893,-0.952771,0.744261,-0.925361,-0.747129,-0.830584,-0.812167,0.87723,0.285494,-0.881243,-0.811638,-0.837234,0.870211,-0.834139,-0.707973,-0.842158,-0.884708,-0.859525,-0.508308,-0.691227,-0.828242,-0.966361,0.262182,-0.044758,-0.764589,-0.854223,-0.871329,1.14869,1.061044,-0.793796,-0.829573,-0.568494,1.093471,0.784971,-0.810907,-0.904213,-0.483121,1.10517,0.664769,-0.833474,-0.804146,-0.755493,1.138519,0.286242,-0.848222,-0.917122,-0.925608,1.100611,-0.806971,-0.861658,-0.792691,-0.933869,1.133159,0.850618,-0.835181,-0.839786,-0.955092,0.908999,0.767176,-0.74617,-0.858068,-0.959764,0.909152,0.839999,-0.751814,-0.896189,-0.931317,0.918844,0.931081,-0.775736,-0.903651,-0.946854,1.051163,0.926788,-0.854825,-0.966254,-0.809835,1.184223,0.833697,-0.872706,0.877996,0.502172,0.947364,0.494909,-0.880449,-1.05491,-0.891547,1.097107,0.872431,-0.849986,-1.046096,-0.959641,1.076077,0.92078,-0.845056,-0.57993,-1.057261,1.0294,0.91012,-0.815923,-0.290977,-1.057179,0.919323,0.913924,-0.830963,-0.825146,-0.08152,0.921224,0.933922,-0.655393,-0.894228,-0.221869,0.900175,1.00208,-0.627647,-0.780271,-1.043445,-0.75594,-1.060193,-0.874406,-0.82628,-1.085681,0.867357,0.883035,-0.330742,0.865064,-1.166318,0.970834,0.737324,-0.967021,-1.098295,-1.069124,1.061592,0.819369,-0.950934,-1.072614,-1.015253,0.987135,0.980778,-0.918975,0.282306,-1.093133,0.949558,0.917167,-0.723098,-0.155052,1.041786,0.91583,0.93568,-0.971598,0.928226,0.889642,1.04437,0.947706,-0.909036,0.751791,0.925641,0.993783,0.740161,-0.964829,0.838024,0.00097,0.870991,-0.777388,-0.283554,0.502089,0.885185,-0.802739,0.836744,-0.93786,0.898029,0.663887,-0.985036,-0.870274,-0.879441,-0.984442,0.469316,0.355292,0.860563,-0.123767,0.440231,-0.997867,1.007059,0.271546,-0.499084,-0.67678,-0.90206,0.947611,1.013019,0.592645,-0.514435,-0.996576,0.915391,0.971574,-1.092881,0.351922,-0.756719,-1.041133,0.605011,-1.116689,-0.953165,-1.100484,-1.060711,-0.26483,-1.107672,0.884038,0.165353,-0.767727,0.235769,-0.995193,-0.389308,0.390882,-0.85948,0.917818,-1.060491,-1.01615,0.822646,-0.989981,0.912756,-0.95328,-1.096368,-0.602185,-0.82362,0.847977,-1.314584,-0.974533,-0.765785,0.252096,0.861482,-1.042789,-0.903351,-0.91736,-0.945262,-0.68524,-0.954858,-0.889756,-0.928927,-0.809483,-0.819484,-1.052111,0.994552,0.731444,-1.038453,0.903759,-1.630899
3260.0,77.6,50.7,12.0,30.0,85683.0,88943.0,-0.80891,-0.873587,-0.760053,0.423641,-0.514764,-0.851045,-0.84683,-0.915232,0.961725,0.825378,-0.913734,-0.83101,-0.94972,0.777994,-0.910997,-0.752639,-0.841481,-0.823809,0.901321,0.341559,-0.88227,-0.809438,-0.849055,0.917171,-0.809125,-0.721154,-0.855847,-0.887721,-0.85995,-0.503339,-0.699755,-0.841537,-0.971631,0.287102,-0.017747,-0.777452,-0.867281,-0.881804,1.155047,1.08097,-0.801908,-0.840725,-0.590859,1.105088,0.823661,-0.816544,-0.90844,-0.514406,1.118766,0.706442,-0.838657,-0.809938,-0.776104,1.15391,0.334381,-0.851053,-0.916389,-0.937933,1.132274,-0.770485,-0.865898,-0.773159,-0.943477,1.153769,0.881591,-0.842847,-0.826904,-0.960945,0.936705,0.799966,-0.76225,-0.873287,-0.966863,0.922449,0.856328,-0.764128,-0.91106,-0.940053,0.930253,0.944118,-0.786867,-0.915996,-0.959125,1.055358,0.944195,-0.863469,-0.975066,-0.822839,1.185492,0.859515,-0.879317,0.88217,0.52759,0.965131,0.533992,-0.888542,-1.039554,-0.903936,1.109509,0.891796,-0.856513,-1.043036,-0.970715,1.087808,0.936851,-0.857751,-0.554722,-1.065079,1.042133,0.930206,-0.823772,-0.259984,-1.063094,0.937171,0.934235,-0.846464,-0.849692,-0.088964,0.936421,0.944127,-0.672017,-0.913156,-0.203842,0.835762,1.012234,-0.631052,-0.80362,-1.05484,-0.78302,-1.049074,-0.883035,-0.83916,-1.118408,0.857538,0.892426,-0.263901,0.869243,-1.173812,0.981465,0.761686,-0.988458,-1.090298,-1.076145,1.078586,0.841837,-0.966092,-1.064036,-1.026663,0.999582,1.002969,-0.938299,0.315609,-1.097701,0.960248,0.930347,-0.764425,-0.117942,1.04948,0.924891,0.947293,-0.968777,0.895179,0.878388,1.056994,0.963927,-0.925958,0.704119,0.927154,1.008221,0.764436,-0.984176,0.790787,-0.040425,0.871919,-0.755128,-0.319981,0.457398,0.887969,-0.828252,0.851569,-0.948578,0.901862,0.686584,-0.989578,-0.809204,-0.894024,-0.993603,0.471826,0.33724,0.89271,-0.145662,0.470075,-1.01416,1.014359,0.30841,-0.534174,-0.667366,-0.917663,0.954908,1.022405,0.582063,-0.498687,-1.006064,0.921899,0.983839,-1.112889,0.304973,-0.786108,-1.04685,0.637881,-1.131529,-0.974063,-1.108355,-1.047288,-0.225901,-1.122733,0.851613,0.124731,-0.754484,0.280731,-1.017003,-0.435977,0.36411,-0.886838,0.936929,-1.066935,-1.023394,0.831602,-1.007024,0.930671,-0.962509,-1.096976,-0.626988,-0.848596,0.870389,-1.338924,-0.985748,-0.789795,0.232453,0.885777,-1.062465,-0.91068,-0.933248,-0.954875,-0.678092,-0.967841,-0.896662,-0.93964,-0.81329,-0.818889,-1.076569,0.970782,0.715145,-1.050911,0.925002,-1.654803
1331.0,81.5,53.7,10.0,23.0,88943.0,90274.0,-0.811562,-0.879563,-0.75593,0.451972,-0.497687,-0.852191,-0.84985,-0.916379,0.971246,0.852165,-0.915316,-0.828951,-0.947541,0.80209,-0.900737,-0.756576,-0.849265,-0.832125,0.918528,0.381605,-0.883004,-0.807867,-0.8575,0.950713,-0.791258,-0.730569,-0.865624,-0.889873,-0.860254,-0.499791,-0.705846,-0.851033,-0.975395,0.304902,0.001547,-0.78664,-0.876608,-0.889285,1.159587,1.095203,-0.807703,-0.84869,-0.606834,1.113386,0.851297,-0.820571,-0.911459,-0.536752,1.128476,0.736208,-0.842359,-0.814076,-0.790827,1.164903,0.368765,-0.853075,-0.915865,-0.946737,1.154889,-0.744425,-0.868926,-0.759207,-0.950339,1.16849,0.903715,-0.848322,-0.817702,-0.965126,0.956496,0.823387,-0.773736,-0.884158,-0.971934,0.931946,0.867991,-0.772924,-0.921683,-0.946294,0.938402,0.953431,-0.794818,-0.924814,-0.967891,1.058355,0.956628,-0.869643,-0.981361,-0.832128,1.186399,0.877957,-0.88404,0.885151,0.545745,0.977822,0.561908,-0.894323,-1.028585,-0.912786,1.118367,0.905628,-0.861176,-1.04085,-0.978625,1.096187,0.948331,-0.866819,-0.536717,-1.070664,1.051229,0.944553,-0.829378,-0.237846,-1.067319,0.94992,0.948743,-0.857536,-0.867226,-0.094281,0.947276,0.951417,-0.683892,-0.926676,-0.190965,0.789753,1.019486,-0.633484,-0.820298,-1.06298,-0.802364,-1.041133,-0.889198,-0.848361,-1.141785,0.850524,0.899133,-0.216158,0.872229,-1.179165,0.989059,0.779088,-1.00377,-1.084585,-1.08116,1.090724,0.857886,-0.976919,-1.05791,-1.034813,1.008473,1.018819,-0.952102,0.339397,-1.100964,0.967884,0.939761,-0.793944,-0.091435,1.054977,0.931362,0.955588,-0.966762,0.871575,0.870349,1.066011,0.975514,-0.938045,0.670067,0.928234,1.018533,0.781776,-0.997996,0.757046,-0.069993,0.872581,-0.739228,-0.346001,0.425476,0.889959,-0.846476,0.862159,-0.956233,0.904599,0.702796,-0.992821,-0.765582,-0.90444,-1.000147,0.473618,0.324345,0.915672,-0.161302,0.491392,-1.025798,1.019573,0.334742,-0.559238,-0.660642,-0.928807,0.960121,1.02911,0.574505,-0.487438,-1.01284,0.926547,0.992599,-1.127181,0.271438,-0.8071,-1.050933,0.661359,-1.142129,-0.988991,-1.113977,-1.0377,-0.198094,-1.13349,0.828452,0.095716,-0.745024,0.312847,-1.032581,-0.469311,0.344987,-0.906379,0.95058,-1.071539,-1.028569,0.837999,-1.019197,0.943468,-0.969101,-1.09741,-0.644704,-0.866436,0.886398,-1.356309,-0.993759,-0.806944,0.218423,0.90313,-1.07652,-0.915914,-0.944597,-0.961741,-0.672985,-0.977114,-0.901595,-0.947293,-0.816009,-0.818463,-1.09404,0.953804,0.703503,-1.059809,0.940176,-1.671877
565.0,83.3,56.0,5.0,13.0,90274.0,90839.0,-0.818473,-0.895137,-0.745185,0.525802,-0.453184,-0.855178,-0.85772,-0.919367,0.996057,0.921972,-0.919438,-0.823585,-0.941863,0.864884,-0.873998,-0.766834,-0.86955,-0.853796,0.963372,0.485968,-0.884916,-0.803772,-0.879505,1.038127,-0.744695,-0.755105,-0.891105,-0.895481,-0.861045,-0.490542,-0.721721,-0.875782,-0.985205,0.351291,0.051828,-0.810585,-0.900914,-0.908783,1.17142,1.132294,-0.822805,-0.869449,-0.648465,1.13501,0.923317,-0.831064,-0.919328,-0.594988,1.153783,0.81378,-0.852007,-0.824859,-0.829194,1.193551,0.458374,-0.858346,-0.914501,-0.96968,1.213828,-0.676509,-0.876819,-0.722849,-0.968222,1.206854,0.96137,-0.862591,-0.793722,-0.976022,1.00807,0.884424,-0.803669,-0.912487,-0.98515,0.956698,0.898387,-0.795846,-0.949365,-0.962555,0.95964,0.9777,-0.815539,-0.947793,-0.990735,1.066165,0.989031,-0.885734,-0.997766,-0.856334,1.188763,0.926017,-0.896348,0.89292,0.593058,1.010896,0.634659,-0.909389,-1.0,-0.935848,1.141452,0.941675,-0.873326,-1.035153,-0.99924,1.118024,0.978246,-0.89045,-0.489792,-1.085217,1.074932,0.981941,-0.84399,-0.180153,-1.078329,0.983145,0.986552,-0.88639,-0.912919,-0.108137,0.975565,0.970414,-0.714838,-0.961909,-0.157408,0.669849,1.038387,-0.639822,-0.863762,-1.084193,-0.852774,-1.020436,-0.90526,-0.872338,-1.202706,0.832247,0.916613,-0.091736,0.880008,-1.193115,1.00885,0.824439,-1.043674,-1.069698,-1.09423,1.122358,0.89971,-1.005135,-1.041944,-1.056052,1.031643,1.060127,-0.988073,0.40139,-1.109468,0.987784,0.964295,-0.870873,-0.022356,1.069301,0.948229,0.977206,-0.961512,0.81006,0.849401,1.089509,1.005708,-0.969546,0.581327,0.93105,1.045408,0.826963,-1.034011,0.669117,-0.147049,0.874308,-0.697791,-0.413808,0.342286,0.895142,-0.893968,0.889755,-0.976184,0.911734,0.745046,-1.001275,-0.651901,-0.931585,-1.0172,0.478289,0.29074,0.975513,-0.202059,0.546945,-1.056126,1.033162,0.403364,-0.624556,-0.643117,-0.957851,0.973705,1.046583,0.554807,-0.458123,-1.030501,0.938661,1.01543,-1.164425,0.184043,-0.861807,-1.061575,0.722546,-1.169753,-1.027893,-1.128627,-1.012713,-0.12563,-1.161526,0.768093,0.0201,-0.720373,0.396542,-1.073179,-0.556183,0.295151,-0.957304,0.986156,-1.083535,-1.042054,0.85467,-1.050922,0.976817,-0.986281,-1.098542,-0.690874,-0.912928,0.928117,-1.401617,-1.014637,-0.851638,0.181859,0.948355,-1.113148,-0.929556,-0.974173,-0.979636,-0.659678,-1.001281,-0.914451,-0.967237,-0.823096,-0.817355,-1.139569,0.909558,0.673164,-1.082998,0.97972,-1.716372
2562.0,78.1,51.5,22.0,27.0,90839.0,93401.0,-0.828694,-0.917767,-0.732426,0.630861,-0.394209,-0.859426,-0.869646,-0.927575,1.030741,1.020242,-0.925392,-0.816907,-0.936499,0.95436,-0.836449,-0.782206,-0.899007,-0.886956,1.026179,0.63243,-0.887887,-0.798847,-0.913541,1.15728,-0.678631,-0.792317,-0.928098,-0.903465,-0.863026,-0.480062,-0.745917,-0.91167,-0.999267,0.412747,0.12102,-0.845785,-0.935629,-0.937611,1.184896,1.184336,-0.845338,-0.899135,-0.710418,1.162843,1.024231,-0.8472,-0.928703,-0.679923,1.187362,0.923436,-0.866976,-0.840505,-0.884381,1.230413,0.58745,-0.866546,-0.913115,-1.003353,1.293202,-0.577995,-0.88922,-0.671445,-0.995282,1.249393,1.043447,-0.884908,-0.760342,-0.992914,1.078746,0.971536,-0.848229,-0.953299,-1.003146,0.991314,0.942204,-0.83022,-0.988872,-0.984035,0.989769,1.011755,-0.846284,-0.979871,-1.021939,1.075535,1.035954,-0.909308,-1.01981,-0.89047,1.187571,0.995059,-0.915001,0.912505,0.65922,1.057574,0.739339,-0.932014,-0.953016,-0.968992,1.172796,0.993985,-0.891962,-1.025228,-1.029002,1.147824,1.021561,-0.92569,-0.425927,-1.105888,1.10663,1.036097,-0.867732,-0.100178,-1.094335,1.029789,1.040685,-0.929373,-0.977937,-0.130243,1.015897,0.997242,-0.762621,-1.011994,-0.105583,0.485029,1.062196,-0.652794,-0.926543,-1.111845,-0.923227,-0.985322,-0.928812,-0.905936,-1.285999,0.80082,0.943408,0.105879,0.895536,-1.210191,1.036604,0.892834,-1.099375,-1.043192,-1.112602,1.166499,0.961235,-1.045311,-1.017167,-1.086507,1.064203,1.118018,-1.04037,0.487282,-1.121145,1.016481,1.000084,-0.980029,0.074447,1.089759,0.973054,1.008169,-0.957534,0.718558,0.817367,1.120757,1.048062,-1.01744,0.450751,0.937496,1.083233,0.890606,-1.086739,0.54167,-0.252662,0.874949,-0.637542,-0.518036,0.218956,0.903666,-0.961998,0.929269,-1.004605,0.923079,0.805228,-1.016135,-0.48455,-0.971556,-1.042128,0.485541,0.240671,1.062062,-0.260385,0.625658,-1.097277,1.051343,0.504967,-0.702673,-0.620152,-0.999467,0.994579,1.07116,0.532706,-0.417213,-1.054686,0.956393,1.047815,-1.215746,0.058261,-0.941372,-1.076499,0.812471,-1.206919,-1.082422,-1.148397,-0.974712,-0.019075,-1.200423,0.679564,-0.089481,-0.678622,0.517113,-1.130289,-0.677984,0.222942,-1.028335,1.036892,-1.100229,-1.06076,0.870116,-1.095844,1.024634,-1.011085,-1.098302,-0.761229,-0.977534,0.988194,-1.459964,-1.042784,-0.917193,0.131964,1.01223,-1.160334,-0.947913,-1.01677,-1.003516,-0.640804,-1.034172,-0.932561,-0.99588,-0.832497,-0.815746,-1.199995,0.845571,0.627174,-1.115766,1.03614,-1.761967
699.0,74.0,48.2,4.0,17.0,93401.0,94100.0,-0.836469,-0.934015,-0.730237,0.700865,-0.365771,-0.86225,-0.879405,-0.942915,1.052303,1.083065,-0.929578,-0.814852,-0.939703,1.014281,-0.812677,-0.794383,-0.920109,-0.914844,1.06552,0.724921,-0.890486,-0.797815,-0.943013,1.223612,-0.635095,-0.822847,-0.954581,-0.908797,-0.866479,-0.479769,-0.766045,-0.93726,-1.008894,0.442336,0.161244,-0.872054,-0.959079,-0.959525,1.185487,1.217168,-0.862955,-0.919281,-0.758464,1.174056,1.087556,-0.860958,-0.930405,-0.741676,1.203666,0.994685,-0.880045,-0.851685,-0.922627,1.245234,0.677359,-0.873757,-0.913576,-1.028351,1.334874,-0.507687,-0.900404,-0.638028,-1.017336,1.247659,1.098225,-0.904801,-0.73995,-1.007633,1.11907,1.030221,-0.882824,-0.981738,-1.01312,1.01287,0.972809,-0.857511,-1.015482,-0.994202,1.009617,1.033248,-0.869913,-0.999697,-1.039484,1.077427,1.069253,-0.926711,-1.031257,-0.912439,1.175407,1.042693,-0.930272,0.946845,0.700399,1.087716,0.811977,-0.950051,-0.905967,-0.991892,1.189923,1.031371,-0.907742,-1.014078,-1.049902,1.164503,1.05228,-0.953194,-0.390625,-1.119568,1.122684,1.07456,-0.890917,-0.052181,-1.105846,1.059288,1.077586,-0.962812,-1.021255,-0.150935,1.042965,1.01461,-0.803814,-1.045241,-0.060886,0.326443,1.070357,-0.671302,-0.970701,-1.12395,-0.96698,-0.947793,-0.946242,-0.927026,-1.333022,0.766358,0.966054,0.288871,0.917006,-1.214648,1.054082,0.948044,-1.13379,-1.01225,-1.12428,1.193736,1.007246,-1.072146,-0.995524,-1.107378,1.084873,1.154375,-1.077992,0.538716,-1.12787,1.036549,1.026122,-1.051984,0.135219,1.10358,0.991653,1.029306,-0.963603,0.647686,0.790471,1.136113,1.074753,-1.057013,0.353013,0.947879,1.107397,0.931369,-1.125566,0.450949,-0.312961,0.870846,-0.594189,-0.606798,0.124418,0.912209,-1.008449,0.956206,-1.023623,0.933617,0.845485,-1.033099,-0.359103,-1.001544,-1.060389,0.491884,0.201693,1.123217,-0.300069,0.67726,-1.11969,1.060572,0.582538,-0.71772,-0.609771,-1.027916,1.012337,1.086824,0.532775,-0.39196,-1.06844,0.969441,1.069141,-1.245758,-0.029097,-0.998672,-1.085899,0.879525,-1.226335,-1.116694,-1.158879,-0.943287,0.060507,-1.223856,0.613987,-0.167442,-0.634153,0.601128,-1.166695,-0.75461,0.171594,-1.072085,1.070983,-1.110413,-1.072019,0.859754,-1.125225,1.0574,-1.028506,-1.093526,-0.819729,-1.016712,1.029997,-1.483554,-1.057646,-0.965757,0.104046,1.0536,-1.179461,-0.957512,-1.046429,-1.015478,-0.628383,-1.052352,-0.944167,-1.015628,-0.837054,-0.814593,-1.229377,0.800375,0.589495,-1.137027,1.074109,-1.748125
65.0,72.0,47.0,3.0,3.0,94100.0,94165.0,-0.8409,-0.943275,-0.728989,0.74076,-0.349564,-0.863859,-0.884968,-0.951658,1.064591,1.118868,-0.931963,-0.813681,-0.941528,1.048429,-0.79913,-0.801323,-0.932135,-0.930738,1.087939,0.777631,-0.891968,-0.797227,-0.959809,1.261413,-0.610285,-0.840246,-0.969674,-0.911835,-0.868447,-0.479602,-0.777516,-0.951844,-1.01438,0.459198,0.184168,-0.887025,-0.972443,-0.972014,1.185824,1.235879,-0.872995,-0.930762,-0.785845,1.180446,1.123644,-0.868799,-0.931375,-0.776868,1.212957,1.035289,-0.887493,-0.858057,-0.944424,1.253681,0.728597,-0.877866,-0.913839,-1.042597,1.358623,-0.467619,-0.906778,-0.618984,-1.029904,1.246671,1.129442,-0.916138,-0.728329,-1.016021,1.14205,1.063665,-0.902539,-0.997946,-1.018804,1.025155,0.99025,-0.873063,-1.030647,-0.999996,1.020929,1.045497,-0.883378,-1.010996,-1.049482,1.078506,1.08823,-0.936628,-1.03778,-0.924959,1.168475,1.06984,-0.938975,0.966415,0.723866,1.104894,0.853373,-0.96033,-0.879154,-1.004943,1.199684,1.052677,-0.916735,-1.007723,-1.061812,1.174008,1.069787,-0.968868,-0.370507,-1.127364,1.131832,1.09648,-0.90413,-0.024828,-1.112406,1.076099,1.098616,-0.981869,-1.045942,-0.162727,1.058391,1.024507,-0.82729,-1.064188,-0.035413,0.236066,1.075008,-0.68185,-0.995866,-1.130848,-0.991915,-0.926406,-0.956175,-0.939045,-1.359821,0.746718,0.978961,0.393157,0.929241,-1.217187,1.064042,0.979508,-1.153404,-0.994616,-1.130935,1.209258,1.033467,-1.087439,-0.98319,-1.119272,1.096653,1.175095,-1.099432,0.568028,-1.131703,1.047986,1.040961,-1.09299,0.169852,1.111457,1.002252,1.041352,-0.967061,0.607296,0.775143,1.144864,1.089964,-1.079566,0.297312,0.953796,1.121167,0.9546,-1.147693,0.399248,-0.347325,0.868508,-0.569482,-0.657382,0.070542,0.917077,-1.034921,0.971557,-1.034461,0.939623,0.868427,-1.042767,-0.287611,-1.018634,-1.070796,0.495498,0.17948,1.158069,-0.322684,0.706668,-1.132463,1.065832,0.626746,-0.726295,-0.603855,-1.044129,1.022457,1.095751,0.532814,-0.377568,-1.076278,0.976877,1.081294,-1.262862,-0.078882,-1.031328,-1.091255,0.917739,-1.2374,-1.136225,-1.164852,-0.925378,0.10586,-1.237211,0.576616,-0.211871,-0.60881,0.649008,-1.187443,-0.798278,0.142331,-1.097018,1.090411,-1.116216,-1.078435,0.853848,-1.141969,1.076073,-1.038434,-1.090804,-0.853068,-1.039039,1.053821,-1.496998,-1.066115,-0.993433,0.088135,1.077176,-1.190361,-0.962981,-1.063332,-1.022296,-0.621305,-1.062712,-0.950781,-1.026881,-0.839651,-0.813936,-1.246122,0.774618,0.568023,-1.149143,1.095747,-1.740237
964.0,70.2,46.7,7.0,17.0,94165.0,95129.0,-0.848107,-0.958336,-0.72696,0.805646,-0.323205,-0.866476,-0.894014,-0.965876,1.084575,1.177098,-0.935843,-0.811776,-0.944498,1.103968,-0.777096,-0.81261,-0.951694,-0.956588,1.124403,0.863359,-0.894378,-0.79627,-0.987126,1.322894,-0.569932,-0.868545,-0.99422,-0.916777,-0.871648,-0.47933,-0.796172,-0.975562,-1.023303,0.486623,0.221451,-0.911373,-0.994179,-0.992325,1.186373,1.266311,-0.889324,-0.949436,-0.830379,1.190839,1.182338,-0.88155,-0.932953,-0.834105,1.228069,1.101328,-0.899607,-0.868419,-0.979873,1.267418,0.811933,-0.88455,-0.914266,-1.065766,1.397249,-0.402451,-0.917145,-0.58801,-1.050344,1.245064,1.180215,-0.934577,-0.709429,-1.029664,1.179426,1.118059,-0.934604,-1.024306,-1.028049,1.045135,1.018617,-0.898358,-1.055312,-1.009419,1.039327,1.065419,-0.90528,-1.029372,-1.065743,1.08026,1.119094,-0.952759,-1.04839,-0.945322,1.157201,1.113991,-0.953129,0.998244,0.762034,1.132833,0.9207,-0.977049,-0.835545,-1.026169,1.215558,1.087329,-0.931361,-0.997388,-1.081184,1.189468,1.098261,-0.994362,-0.337787,-1.140044,1.146712,1.132132,-0.925619,0.019659,-1.123075,1.103441,1.132818,-1.012864,-1.086092,-0.181906,1.083479,1.040605,-0.865471,-1.095004,0.006016,0.089075,1.082573,-0.699005,-1.036796,-1.142068,-1.032469,-0.891621,-0.972331,-0.958593,-1.403406,0.714776,0.999952,0.562769,0.949141,-1.221318,1.080242,1.030682,-1.185303,-0.965936,-1.141759,1.234502,1.076113,-1.112311,-0.963129,-1.138617,1.115811,1.208794,-1.134303,0.615702,-1.137936,1.066587,1.065095,-1.159684,0.22618,1.124268,1.019491,1.060944,-0.972686,0.541606,0.750214,1.159098,1.114704,-1.116246,0.20672,0.963419,1.143564,0.992383,-1.183681,0.31516,-0.403215,0.864705,-0.529299,-0.739653,-0.017083,0.924995,-1.077975,0.996525,-1.052089,0.949391,0.90574,-1.058491,-0.171336,-1.046429,-1.087722,0.501377,0.143352,1.214752,-0.359467,0.754497,-1.153238,1.074386,0.698645,-0.740242,-0.594232,-1.070498,1.038917,1.11027,0.532879,-0.354161,-1.089026,0.98897,1.10106,-1.290679,-0.159853,-1.084438,-1.099968,0.97989,-1.255397,-1.16799,-1.174568,-0.896251,0.179623,-1.25893,0.515834,-0.284131,-0.567592,0.72688,-1.221187,-0.869301,0.094738,-1.137569,1.122008,-1.125656,-1.088871,0.844244,-1.169201,1.106442,-1.054581,-1.086378,-0.907291,-1.075353,1.092567,-1.518863,-1.07989,-1.038447,0.062258,1.115522,-1.20809,-0.971878,-1.090822,-1.033383,-0.609793,-1.079563,-0.961538,-1.045185,-0.843876,-0.812867,-1.273356,0.732726,0.533099,-1.16885,1.130939,-1.727407
166.0,76.6,49.8,2.0,7.0,95129.0,95295.0,1.821163,1.647548,1.86028,-0.159693,1.066185,1.820593,1.712779,1.644112,-1.538267,-1.117733,1.73037,1.776115,1.659352,-0.963359,1.349343,1.809298,1.587094,1.495189,-1.210899,-0.332526,1.735552,1.784191,1.43815,-1.088287,1.272787,1.594096,1.523391,1.758353,1.777273,1.830081,1.740156,1.531532,1.624325,1.112727,1.36031,1.63349,1.533474,1.495357,-1.085428,-0.77366,1.656341,1.543571,1.311145,-1.45497,-0.937987,1.691924,1.658031,1.207772,-1.422054,-0.693979,1.685642,1.636649,1.455696,-1.429182,-0.367032,1.697825,1.644001,1.319034,-1.177381,1.088556,1.626029,1.601066,1.283252,-2.105631,-0.848069,1.531555,1.597838,1.335117,-1.275699,-0.71073,1.395399,1.515684,1.505497,-1.500687,-1.386692,1.566647,1.51712,1.57146,-1.42252,-1.505121,1.600981,1.610589,1.503784,-1.378662,-1.190694,1.565438,1.568969,1.646896,-1.574898,-0.892084,1.527737,-1.122723,0.950078,-1.36201,-0.314255,1.476297,1.719321,1.46142,-1.249122,-1.286514,1.543632,1.613726,1.298815,-1.291083,-1.292726,1.392346,1.409893,1.129064,-1.607898,-1.209975,1.417016,1.145673,1.053375,-1.482636,-1.174535,1.220815,1.530745,2.073411,-1.320448,-1.511657,1.476076,1.437241,1.593171,1.294648,0.284886,1.652861,1.564608,1.483213,0.39022,1.030912,1.537218,1.885254,0.748673,-1.728798,-1.42048,-0.749623,-1.333817,1.565761,-1.431467,-0.920507,1.035585,1.849914,1.161863,-1.155212,-1.63629,1.375834,1.36762,0.989046,-1.358613,-1.402954,1.01658,0.536784,0.340927,-1.495222,-1.365272,-0.550948,0.771647,-1.379382,-1.496503,-1.4618,1.185638,-0.981558,-1.564653,-1.371807,-1.15513,1.015318,-0.705828,-1.203871,-1.087702,0.088232,0.951483,-0.874123,-0.857905,-1.298964,1.946321,-0.009193,-0.944604,-1.562304,0.784625,-1.311844,1.263937,-1.610113,-1.113309,1.066129,0.097367,1.127815,1.026944,-1.881076,-1.75191,-1.446831,-1.499419,-0.10586,0.698935,-1.513598,0.992396,-1.562806,1.769545,1.007026,-1.366459,-1.15426,-1.887115,1.712398,1.129528,-1.511062,-1.336424,0.765818,-0.599727,0.652727,1.606506,-0.666216,1.334426,1.427551,1.508509,1.765467,1.183194,1.08634,-1.023942,-0.780175,0.925149,0.615224,0.912095,-0.309642,-1.564363,0.521659,-1.156942,1.318182,1.168957,-2.010228,0.801437,-1.22979,1.299087,1.102985,0.458605,-0.110759,-0.760141,0.812863,1.390271,0.660823,-1.580538,-0.128099,1.639839,1.787337,1.264068,1.655805,2.080001,1.664854,1.75643,1.497593,1.956201,1.943225,0.899591,-1.394979,-1.705266,1.201272,-1.095545,0.82086
565.0,73.6,48.3,13.0,13.0,5709.0,6274.0,-0.840468,-1.147883,-0.504578,2.233058,-0.56353,-0.792082,-1.046975,-1.148559,1.320646,1.660906,-0.896733,-0.738899,-0.820021,1.904356,-0.684739,-0.98928,-1.330606,-1.562189,1.745904,1.523164,-0.884254,-0.829059,-1.584182,1.670119,-0.352834,-1.400868,-1.423252,-0.969206,-0.802396,-0.35247,-1.157489,-1.429933,-1.056098,1.536308,0.541064,-1.351188,-1.388643,-1.45167,1.357538,1.528409,-1.251005,-1.40089,-2.076896,1.162241,1.648918,-1.12065,-1.106727,-2.246944,1.101467,1.808727,-1.122817,-1.353998,-1.782022,0.996759,1.941612,-1.049943,-1.026985,-1.50762,1.399753,0.447564,-0.961654,0.315458,-1.426687,0.021401,1.768239,-1.139262,-0.068172,-1.299299,1.769774,1.898641,-1.595998,-1.418129,-1.280083,1.39213,1.612294,-1.389581,-1.353265,-1.303849,1.431067,1.378064,-1.328339,-1.187651,-1.400393,1.125755,1.681844,-1.243413,-1.109279,-1.413978,0.696213,1.843493,-1.284235,1.074462,0.98674,1.437158,2.143753,-1.338748,-0.269024,-1.525464,1.27163,1.646562,-1.26767,-0.76157,-1.525539,1.296204,1.552444,-1.252159,0.360747,-1.440779,1.172652,1.637529,-0.870379,1.113486,-1.383032,1.45944,1.614511,-1.609797,-1.466826,-0.828815,1.527943,1.283451,-1.589648,-1.483511,0.97581,-1.356046,1.40536,-0.813185,-1.376334,-1.264074,-1.807433,0.750681,-1.281817,-0.713773,-1.564792,-0.197789,1.409733,0.954514,1.268829,-0.87984,1.323546,2.025415,-1.580016,-0.062812,-1.438663,1.39498,1.311405,-1.233005,-0.661488,-1.621256,1.383699,1.363572,-1.500329,1.803243,-1.566184,1.301018,1.481757,-0.748014,1.815816,1.280776,1.309345,1.330357,-1.556066,-0.570008,0.052022,1.260518,1.61231,-1.499134,-1.105839,0.889336,1.526222,1.840563,-1.502465,-0.335993,-1.352139,-0.546024,0.576002,-1.688285,-1.811629,1.159998,-1.802445,1.460153,-1.37914,1.339521,2.135163,-1.434919,1.577686,-1.476902,-1.379991,0.601549,-0.526137,0.979056,-0.720271,1.9559,-1.72763,1.207546,1.40452,2.017938,-0.052891,-1.789467,1.279494,1.384319,1.024364,0.450096,-1.552884,1.190923,1.365883,-1.327962,-1.426355,-1.85216,-0.985613,2.020042,-1.190546,-1.544959,-1.094467,0.038229,1.709865,-1.085415,-0.526949,-1.520805,-1.637801,1.80651,-1.541438,-1.908119,-0.625664,-1.781575,1.583455,-0.987995,-1.299995,0.655544,-1.652258,1.499047,-1.213354,-1.018113,-2.116983,-1.609975,1.758449,-0.610317,-1.119117,-1.930563,-0.884962,1.635215,-0.92048,-0.920521,-1.613474,-1.3167,-0.313425,-1.090144,-1.043349,-1.423414,-0.95619,-0.78369,-1.582251,0.139843,-0.193852,-1.378674,1.629604,-0.106542
200.0,72.0,45.8,8.0,19.0,95295.0,95495.0,-0.8605,-0.983985,-0.724046,0.915139,-0.280547,-0.870995,-0.909654,-0.990628,1.117979,1.274893,-0.942486,-0.809076,-0.949901,1.197541,-0.740219,-0.832029,-0.984991,-1.000599,1.18569,1.006913,-0.898656,-0.795355,-1.033605,1.424876,-0.502319,-0.917176,-1.035807,-0.925309,-0.876991,-0.478841,-0.828376,-1.015816,-1.038442,0.532312,0.284145,-0.952908,-1.03102,-1.026888,1.187033,1.317444,-0.917235,-0.981288,-0.906134,1.207837,1.28078,-0.903363,-0.935716,-0.930596,1.252755,1.212229,-0.920369,-0.886808,-1.039714,1.289374,0.952296,-0.896327,-0.915693,-1.105043,1.460596,-0.292643,-0.935322,-0.536348,-1.085106,1.239675,1.265594,-0.966575,-0.678046,-1.053103,1.242028,1.209673,-0.989523,-1.068909,-1.043878,1.078742,1.066605,-0.941675,-1.096835,-1.025293,1.070337,1.098926,-0.942656,-1.060276,-1.09307,1.083036,1.171441,-0.980203,-1.066157,-0.97953,1.137502,1.188563,-0.977273,1.051802,0.828061,1.179665,1.033755,-1.005778,-0.762679,-1.062078,1.241615,1.145735,-0.956872,-0.980186,-1.114056,1.215058,1.146267,-1.038446,-0.283771,-1.161616,1.171261,1.192232,-0.963502,0.093657,-1.141478,1.149381,1.190471,-1.065879,-1.153745,-0.215511,1.125724,1.067694,-0.930685,-1.146877,0.075775,-0.159511,1.095486,-0.728911,-1.105966,-1.160652,-1.101212,-0.830051,-0.999827,-0.990706,-1.475228,0.659643,1.035854,0.850276,0.983078,-1.227719,1.107603,1.117083,-1.239277,-0.916913,-1.160253,1.276371,1.147544,-1.154876,-0.92931,-1.171615,1.147877,1.264934,-1.193877,0.695274,-1.149165,1.097862,1.105834,-1.273829,0.320561,1.145561,1.04856,1.093894,-0.983988,0.43013,0.707607,1.182632,1.156446,-1.178967,0.05365,0.979364,1.181177,1.056352,-1.244636,0.173763,-0.497499,0.855816,-0.460861,-0.880312,-0.165198,0.938426,-1.151034,1.039247,-1.081665,0.966639,0.968869,-1.085809,0.024929,-1.093623,-1.115896,0.511128,0.082153,1.30918,-0.422563,0.835908,-1.188685,1.088631,0.819125,-0.762032,-0.578048,-1.115887,1.066921,1.134799,0.53343,-0.314803,-1.111318,1.009484,1.134308,-1.337523,-0.296531,-1.174163,-1.114591,1.084831,-1.285413,-1.22147,-1.190808,-0.846551,0.304435,-1.295324,0.412927,-0.406491,-0.500787,0.858266,-1.277869,-0.988728,0.014173,-1.206196,1.175265,-1.141332,-1.10651,0.825909,-1.215185,1.157689,-1.081683,-1.078671,-0.999348,-1.136031,1.158083,-1.554001,-1.102543,-1.11462,0.018597,1.180222,-1.237104,-0.986577,-1.137255,-1.052094,-0.59022,-1.107578,-0.979553,-1.076169,-0.851099,-0.811084,-1.318759,0.662243,0.473983,-1.201788,1.190114,-1.702364
299.0,68.5,43.1,6.0,17.0,95495.0,95794.0,-0.873376,-1.006681,-0.730205,0.995708,-0.278764,-0.875971,-0.927252,-1.021185,1.137341,1.339262,-0.948945,-0.815439,-0.960261,1.263964,-0.718041,-0.852364,-1.014228,-1.03933,1.226795,1.094504,-0.905252,-0.806063,-1.074003,1.471218,-0.460365,-0.967253,-1.069095,-0.93474,-0.879974,-0.477975,-0.863788,-1.049139,-1.050907,0.556333,0.326694,-0.990735,-1.060783,-1.056985,1.183208,1.351506,-0.943562,-1.010274,-0.971728,1.21157,1.343407,-0.924199,-0.939384,-1.000033,1.257684,1.285099,-0.940868,-0.914996,-1.084071,1.285629,1.051314,-0.913103,-0.928208,-1.13685,1.477416,-0.214456,-0.9598,-0.50819,-1.115056,1.192205,1.323582,-1.004489,-0.663251,-1.077137,1.280488,1.274244,-1.043078,-1.103685,-1.059244,1.101689,1.103863,-0.983829,-1.125807,-1.036512,1.092587,1.121776,-0.976969,-1.081302,-1.111334,1.082064,1.214245,-1.004059,-1.077001,-1.002202,1.112038,1.244531,-0.999238,1.08874,0.902977,1.209025,1.107869,-1.03533,-0.720816,-1.089967,1.24889,1.187591,-0.989126,-0.971396,-1.14122,1.2258,1.180904,-1.088195,-0.263512,-1.180333,1.180217,1.235479,-1.017692,0.130661,-1.161505,1.179952,1.231871,-1.116458,-1.201899,-0.260426,1.155324,1.086411,-0.99143,-1.182974,0.124649,-0.351252,1.107401,-0.76647,-1.158536,-1.168661,-1.156808,-0.738074,-1.023855,-1.000132,-1.500015,0.599063,1.070091,1.082811,1.013838,-1.223188,1.128127,1.181417,-1.281356,-0.870662,-1.177585,1.295298,1.191417,-1.195832,-0.904961,-1.201632,1.167182,1.294432,-1.249586,0.739588,-1.168968,1.11903,1.136038,-1.38383,0.379104,1.15596,1.069593,1.116353,-1.021732,0.337932,0.667479,1.192093,1.187067,-1.238502,-0.06222,0.986304,1.205904,1.106846,-1.293158,0.07784,-0.56641,0.809099,-0.400274,-1.013511,-0.278238,0.949439,-1.211395,1.080275,-1.100659,0.991774,1.017974,-1.118663,0.170222,-1.133048,-1.130316,0.515551,0.033317,1.358774,-0.485687,0.907197,-1.221117,1.096014,0.893969,-0.74971,-0.566999,-1.163787,1.091237,1.153329,0.541041,-0.288138,-1.140406,1.026321,1.157046,-1.370403,-0.397769,-1.241824,-1.12407,1.163069,-1.301753,-1.25882,-1.200247,-0.801052,0.401772,-1.317928,0.331697,-0.50341,-0.496321,0.95459,-1.315345,-1.069735,-0.049221,-1.259931,1.213418,-1.148765,-1.119964,0.777847,-1.249526,1.195359,-1.099247,-1.069145,-1.07615,-1.170938,1.208437,-1.551276,-1.109587,-1.174158,-0.013421,1.227739,-1.243796,-0.992303,-1.172129,-1.065864,-0.573438,-1.121371,-0.99057,-1.100558,-0.857957,-0.810107,-1.343175,0.61376,0.427493,-1.220896,1.230231,-1.628793
665.0,68.1,44.5,18.0,9.0,95794.0,96459.0,-0.8841,-1.025581,-0.735334,1.062803,-0.277279,-0.880116,-0.941907,-1.046632,1.153466,1.392868,-0.954323,-0.820738,-0.968889,1.31928,-0.699572,-0.869298,-1.038576,-1.071585,1.261026,1.167448,-0.910745,-0.81498,-1.107646,1.509811,-0.425427,-1.008955,-1.096817,-0.942593,-0.882458,-0.477254,-0.893278,-1.07689,-1.061287,0.576337,0.362127,-1.022237,-1.085569,-1.082049,1.180022,1.379871,-0.965487,-1.034413,-1.026353,1.214678,1.395561,-0.94155,-0.942439,-1.057859,1.26179,1.345783,-0.957938,-0.938471,-1.12101,1.282511,1.133774,-0.927074,-0.938629,-1.163339,1.491423,-0.149344,-0.980185,-0.48474,-1.139997,1.152673,1.371874,-1.036063,-0.65093,-1.097152,1.312517,1.328017,-1.087678,-1.132645,-1.072041,1.120799,1.134891,-1.018934,-1.149933,-1.045855,1.111116,1.140804,-1.005545,-1.098811,-1.126543,1.081255,1.249891,-1.023927,-1.086032,-1.021082,1.090833,1.29114,-1.017529,1.119501,0.965366,1.233475,1.16959,-1.05994,-0.685953,-1.113192,1.254949,1.222447,-1.015987,-0.964075,-1.163842,1.234746,1.209749,-1.129624,-0.24664,-1.195921,1.187675,1.271495,-1.06282,0.161478,-1.178183,1.20541,1.266348,-1.15858,-1.242,-0.297831,1.179974,1.101998,-1.042017,-1.213035,0.16535,-0.51093,1.117324,-0.797749,-1.202316,-1.175331,-1.203107,-0.661479,-1.043865,-1.007982,-1.520657,0.548614,1.098602,1.276461,1.039455,-1.219415,1.145219,1.234992,-1.316399,-0.832145,-1.192019,1.31106,1.227953,-1.22994,-0.884684,-1.22663,1.183259,1.318998,-1.29598,0.776491,-1.18546,1.136658,1.161191,-1.475437,0.427857,1.16462,1.087109,1.135057,-1.053165,0.261151,0.634061,1.199972,1.212567,-1.288081,-0.158713,0.992084,1.226497,1.148896,-1.333566,-0.002043,-0.623797,0.770194,-0.349818,-1.124437,-0.372376,0.95861,-1.261662,1.114442,-1.116478,1.012706,1.058869,-1.146024,0.291218,-1.165881,-1.142324,0.519235,-0.007352,1.400076,-0.538255,0.966565,-1.248126,1.102162,0.956297,-0.739449,-0.557798,-1.203678,1.111487,1.16876,0.547379,-0.265932,-1.16463,1.040342,1.175982,-1.397784,-0.482077,-1.298171,-1.131965,1.228224,-1.315361,-1.289923,-1.208108,-0.763162,0.482833,-1.336752,0.264051,-0.584121,-0.492601,1.034806,-1.346554,-1.137195,-0.102014,-1.30468,1.24519,-1.154955,-1.131169,0.737823,-1.278124,1.22673,-1.113874,-1.061213,-1.140109,-1.200008,1.25037,-1.549007,-1.115453,-1.223739,-0.040085,1.267309,-1.249368,-0.997071,-1.201172,-1.077331,-0.559463,-1.132857,-0.999744,-1.120869,-0.863668,-0.809294,-1.363509,0.573383,0.388778,-1.236809,1.263639,-1.567524
199.0,73.3,48.7,3.0,5.0,96459.0,96658.0,-0.90297,-1.060246,-0.743523,1.188189,-0.275511,-0.886951,-0.968932,-1.092135,1.18315,1.491332,-0.963636,-0.830389,-0.983295,1.421954,-0.665883,-0.900025,-1.083704,-1.130791,1.324704,1.301778,-0.920363,-0.831597,-1.169504,1.580507,-0.361515,-1.085342,-1.147898,-0.956537,-0.886137,-0.474531,-0.947157,-1.128212,-1.079693,0.616275,0.429144,-1.080031,-1.131297,-1.127614,1.175128,1.432325,-1.006022,-1.079393,-1.127141,1.220484,1.491452,-0.973293,-0.948324,-1.164825,1.268958,1.457263,-0.989127,-0.982519,-1.189348,1.276067,1.2859,-0.952411,-0.958219,-1.212315,1.515964,-0.029353,-1.016699,-0.44018,-1.185887,1.075588,1.460727,-1.093262,-0.627204,-1.13398,1.371506,1.427487,-1.169892,-1.185934,-1.095957,1.156541,1.192732,-1.083392,-1.194116,-1.063118,1.14593,1.176176,-1.058074,-1.130577,-1.154144,1.080462,1.316703,-1.060368,-1.102497,-1.055337,1.051956,1.378084,-1.051461,1.175416,1.081323,1.278549,1.283402,-1.105197,-0.621178,-1.156382,1.265573,1.286906,-1.065068,-0.950297,-1.206065,1.25082,1.263082,-1.204211,-0.214907,-1.22465,1.200406,1.337999,-1.143157,0.219521,-1.208876,1.252067,1.330029,-1.236258,-1.315467,-0.367582,1.225755,1.130896,-1.135209,-1.268471,0.242281,-0.803517,1.136671,-0.853887,-1.282745,-1.187535,-1.289683,-0.515393,-1.080562,-1.020499,-1.556391,0.454792,1.15199,1.63482,1.087598,-1.211177,1.176653,1.334175,-1.380084,-0.759584,-1.218556,1.339789,1.294168,-1.290812,-0.847433,-1.273337,1.21293,1.363409,-1.380272,0.845576,-1.215978,1.169015,1.20788,-1.636676,0.519628,1.180488,1.119506,1.169606,-1.113149,0.118409,0.571418,1.213583,1.260064,-1.37825,-0.336984,1.00204,1.264661,1.227537,-1.407213,-0.14765,-0.729934,0.694749,-0.255126,-1.326187,-0.548143,0.975882,-1.355063,1.178208,-1.145478,1.052325,1.137076,-1.197284,0.515158,-1.2265,-1.164383,0.525804,-0.084274,1.474488,-0.634596,1.077544,-1.298874,1.113099,1.070834,-0.709093,-0.539523,-1.278157,1.148605,1.197542,0.561332,-0.223727,-1.210238,1.066312,1.210963,-1.447338,-0.63869,-1.402236,-1.146641,1.349252,-1.339566,-1.34758,-1.222061,-0.691728,0.63391,-1.370308,0.138252,-0.733449,-0.490227,1.182674,-1.403742,-1.26215,-0.199195,-1.387791,1.303929,-1.165577,-1.15199,0.664468,-1.331206,1.284821,-1.140643,-1.046546,-1.259634,-1.254127,1.328462,-1.540625,-1.125837,-1.31616,-0.091139,1.340676,-1.258459,-1.005669,-1.25524,-1.099113,-0.533141,-1.15344,-1.016495,-1.158719,-0.874547,-0.80776,-1.401551,0.498773,0.317108,-1.266134,1.32553,-1.451243
66.0,71.5,47.0,3.0,3.0,96658.0,96724.0,-0.904047,-1.081331,-0.732641,1.294787,-0.286903,-0.881115,-0.987268,-1.104563,1.202635,1.553138,-0.962107,-0.83536,-0.973568,1.500306,-0.647811,-0.914369,-1.117309,-1.167423,1.375087,1.390583,-0.92027,-0.845134,-1.209144,1.622389,-0.324817,-1.130507,-1.182059,-0.959015,-0.876942,-0.454633,-0.977202,-1.164956,-1.082628,0.68293,0.496352,-1.11541,-1.162608,-1.150042,1.184517,1.469822,-1.034892,-1.115963,-1.196263,1.225393,1.552829,-0.991538,-0.955596,-1.241732,1.268612,1.527418,-1.006534,-1.022255,-1.238564,1.262719,1.389986,-0.964085,-0.976324,-1.247248,1.515903,0.051059,-1.027514,-0.392866,-1.2157,0.968997,1.518453,-1.118774,-0.598068,-1.157925,1.410572,1.499018,-1.225296,-1.220594,-1.116317,1.187302,1.240077,-1.123542,-1.220117,-1.07528,1.177905,1.203838,-1.091587,-1.145344,-1.167095,1.088984,1.376035,-1.082573,-1.111217,-1.071303,1.028508,1.449975,-1.077108,1.202854,1.171801,1.308961,1.36058,-1.134275,-0.570928,-1.190372,1.265663,1.333021,-1.092524,-0.937327,-1.241294,1.256247,1.301096,-1.231352,-0.18532,-1.243951,1.195792,1.384297,-1.16032,0.274679,-1.228897,1.279959,1.37459,-1.289029,-1.359072,-0.424973,1.261045,1.152514,-1.19724,-1.306112,0.318816,-0.977864,1.1634,-0.872015,-1.333396,-1.194588,-1.363962,-0.353502,-1.102834,-1.0036,-1.550419,0.380868,1.19875,1.894337,1.132022,-1.188989,1.196888,1.406501,-1.411178,-0.69045,-1.235519,1.354938,1.324061,-1.305868,-0.823992,-1.312933,1.23337,1.38202,-1.421139,0.905848,-1.238081,1.189037,1.243537,-1.6464,0.606119,1.189942,1.142752,1.193825,-1.180058,0.006568,0.515705,1.210924,1.298426,-1.423133,-0.462271,0.999695,1.293028,1.295132,-1.445947,-0.224405,-0.80602,0.595537,-0.169497,-1.426753,-0.695607,0.992258,-1.427586,1.231336,-1.162964,1.092443,1.226412,-1.242525,0.677711,-1.2686,-1.178248,0.527352,-0.161454,1.502315,-0.692231,1.172336,-1.345526,1.11534,1.143393,-0.540236,-0.510162,-1.340614,1.170915,1.221303,0.600189,-0.178798,-1.253366,1.085426,1.235527,-1.468794,-0.759808,-1.474904,-1.158136,1.442782,-1.344465,-1.390598,-1.2245,-0.622999,0.757159,-1.378084,0.039207,-0.84117,-0.546772,1.282303,-1.437856,-1.354132,-0.262927,-1.451861,1.345723,-1.162511,-1.168189,0.620554,-1.371701,1.327378,-1.156163,-1.036083,-1.361263,-1.297518,1.391371,-1.480521,-1.127253,-1.391721,-0.150205,1.395606,-1.249255,-1.008979,-1.29858,-1.122132,-0.508125,-1.159646,-1.025695,-1.189541,-0.886442,-0.806292,-1.434458,0.446135,0.264896,-1.285795,1.371224,-1.329566
199.0,73.2,46.3,13.0,10.0,96724.0,96923.0,-0.904449,-1.089198,-0.728581,1.334561,-0.291153,-0.878937,-0.994109,-1.109199,1.209906,1.576199,-0.961537,-0.837215,-0.969939,1.52954,-0.641069,-0.919721,-1.129848,-1.181091,1.393886,1.423718,-0.920235,-0.850185,-1.223934,1.638016,-0.311124,-1.147358,-1.194805,-0.95994,-0.873511,-0.447209,-0.988413,-1.178666,-1.083724,0.7078,0.521428,-1.12861,-1.174291,-1.158411,1.188021,1.483813,-1.045664,-1.129608,-1.222054,1.227225,1.57573,-0.998346,-0.958309,-1.270427,1.268483,1.553594,-1.013029,-1.037081,-1.256927,1.257739,1.428822,-0.968441,-0.983079,-1.260281,1.515881,0.081062,-1.031549,-0.375212,-1.226823,0.929226,1.539992,-1.128293,-0.587197,-1.166859,1.425148,1.525708,-1.245968,-1.233527,-1.123914,1.198779,1.257743,-1.138523,-1.229818,-1.079818,1.189836,1.214159,-1.104091,-1.150854,-1.171927,1.092164,1.398173,-1.090858,-1.11447,-1.077261,1.019759,1.476799,-1.086678,1.213091,1.20556,1.320308,1.389377,-1.145124,-0.552179,-1.203055,1.265697,1.350227,-1.102768,-0.932488,-1.254438,1.258272,1.315279,-1.241479,-0.174281,-1.251153,1.194071,1.401572,-1.166723,0.295259,-1.236368,1.290366,1.391216,-1.308719,-1.375342,-0.446386,1.274212,1.16058,-1.220385,-1.320157,0.347373,-1.042916,1.173373,-0.878779,-1.352295,-1.19722,-1.391677,-0.293098,-1.111144,-0.997295,-1.54819,0.353285,1.216196,1.991166,1.148598,-1.180711,1.204438,1.433487,-1.422779,-0.664655,-1.241848,1.36059,1.335214,-1.311486,-0.815245,-1.327707,1.240997,1.388964,-1.436387,0.928336,-1.246327,1.196508,1.256841,-1.650028,0.63839,1.19347,1.151425,1.202861,-1.205022,-0.035161,0.494918,1.209932,1.31274,-1.439879,-0.509018,0.998821,1.303613,1.320353,-1.4604,-0.253044,-0.834409,0.558519,-0.137547,-1.464275,-0.750627,0.998369,-1.454645,1.251158,-1.169488,1.107412,1.259745,-1.259406,0.738362,-1.284308,-1.183421,0.527929,-0.19025,1.512698,-0.713735,1.207704,-1.362933,1.116176,1.170466,-0.477232,-0.499207,-1.363918,1.179239,1.230169,0.614687,-0.162034,-1.269458,1.092558,1.244692,-1.476799,-0.804999,-1.502018,-1.162426,1.47768,-1.346293,-1.406649,-1.225411,-0.597355,0.803145,-1.380985,0.002251,-0.881362,-0.56787,1.319476,-1.450585,-1.388453,-0.286707,-1.475766,1.361317,-1.161367,-1.174233,0.604168,-1.38681,1.343257,-1.161954,-1.032179,-1.399183,-1.313707,1.414844,-1.458095,-1.127781,-1.419914,-0.172244,1.416101,-1.245821,-1.010214,-1.314751,-1.130721,-0.498791,-1.161961,-1.029127,-1.201041,-0.89088,-0.805744,-1.446736,0.426495,0.245415,-1.29313,1.388272,-1.284166
369.0,69.7,45.4,8.0,12.0,96923.0,97292.0,-0.905033,-1.100641,-0.722675,1.392413,-0.297336,-0.87577,-1.00406,-1.115944,1.220481,1.609742,-0.960707,-0.839913,-0.96466,1.572062,-0.631261,-0.927506,-1.148086,-1.200971,1.42123,1.471914,-0.920184,-0.857531,-1.245447,1.660746,-0.291207,-1.17187,-1.213345,-0.961285,-0.86852,-0.43641,-1.004719,-1.198607,-1.085317,0.743974,0.557903,-1.147811,-1.191285,-1.170583,1.193116,1.504163,-1.061332,-1.149455,-1.259568,1.229889,1.60904,-1.008248,-0.962255,-1.312166,1.268295,1.591668,-1.022476,-1.058646,-1.283637,1.250494,1.485311,-0.974777,-0.992905,-1.279239,1.515848,0.124703,-1.037419,-0.349535,-1.243003,0.871377,1.571321,-1.142138,-0.571384,-1.179854,1.44635,1.564529,-1.276036,-1.252337,-1.134964,1.215473,1.283438,-1.160313,-1.243928,-1.086419,1.20719,1.229172,-1.12228,-1.158868,-1.178955,1.096789,1.430373,-1.102908,-1.119203,-1.085926,1.007033,1.515816,-1.100597,1.227982,1.254664,1.336813,1.431263,-1.160905,-0.524907,-1.221502,1.265746,1.375255,-1.117668,-0.925449,-1.273557,1.261217,1.33591,-1.256209,-0.158223,-1.261628,1.191566,1.426699,-1.176038,0.325194,-1.247234,1.305504,1.4154,-1.337359,-1.399007,-0.477533,1.293364,1.172313,-1.254051,-1.340586,0.38891,-1.137537,1.187879,-0.888617,-1.379784,-1.201047,-1.431989,-0.205237,-1.123231,-0.988123,-1.544949,0.313166,1.241573,2.13201,1.172707,-1.168669,1.215419,1.47274,-1.439654,-0.627135,-1.251054,1.368811,1.351438,-1.319657,-0.802524,-1.349196,1.25209,1.399064,-1.458566,0.961046,-1.258322,1.207374,1.276192,-1.655306,0.685329,1.198601,1.16404,1.216005,-1.241334,-0.095859,0.464682,1.20849,1.33356,-1.464238,-0.577013,0.997549,1.319008,1.357038,-1.481421,-0.2947,-0.875702,0.504676,-0.091075,-1.518854,-0.830658,1.007256,-1.494004,1.279991,-1.178978,1.129185,1.308229,-1.283959,0.826581,-1.307156,-1.190945,0.528769,-0.232137,1.5278,-0.745015,1.259149,-1.388252,1.117392,1.209845,-0.385591,-0.483272,-1.397814,1.191346,1.243064,0.635776,-0.137651,-1.292864,1.102932,1.258024,-1.488443,-0.870731,-1.541456,-1.168664,1.528439,-1.348951,-1.429995,-1.226735,-0.560054,0.870033,-1.385205,-0.051503,-0.939824,-0.598558,1.373546,-1.469099,-1.438373,-0.321295,-1.510538,1.383999,-1.159704,-1.183024,0.580335,-1.408787,1.366353,-1.170378,-1.026501,-1.454338,-1.337256,1.448986,-1.425476,-1.128549,-1.460922,-0.2043,1.445912,-1.240827,-1.01201,-1.338272,-1.143214,-0.485214,-1.165329,-1.03412,-1.217769,-0.897336,-0.804947,-1.464595,0.397928,0.217079,-1.3038,1.413071,-1.218131
266.0,70.9,46.5,12.0,9.0,97292.0,97558.0,-0.905573,-1.11121,-0.71722,1.445846,-0.303046,-0.872844,-1.013251,-1.122173,1.230248,1.640723,-0.959941,-0.842404,-0.959784,1.611336,-0.622203,-0.934696,-1.164931,-1.219334,1.446485,1.516428,-0.920138,-0.864317,-1.265317,1.68174,-0.272812,-1.194509,-1.230468,-0.962527,-0.863911,-0.426436,-1.019779,-1.217025,-1.086788,0.777385,0.591592,-1.165545,-1.20698,-1.181825,1.197823,1.522958,-1.075804,-1.167786,-1.294216,1.23235,1.639806,-1.017394,-0.9659,-1.350716,1.268121,1.626834,-1.031201,-1.078564,-1.308307,1.243803,1.537485,-0.980629,-1.00198,-1.296749,1.515817,0.16501,-1.04284,-0.325818,-1.257946,0.817948,1.600257,-1.154927,-0.55678,-1.191856,1.465933,1.600384,-1.303808,-1.269711,-1.14517,1.230892,1.30717,-1.180439,-1.256961,-1.092515,1.223218,1.243038,-1.139078,-1.16627,-1.185447,1.101061,1.460113,-1.114039,-1.123573,-1.09393,0.99528,1.551852,-1.113453,1.241735,1.300016,1.352057,1.469949,-1.17548,-0.499719,-1.23854,1.265791,1.39837,-1.131431,-0.918947,-1.291216,1.263937,1.354965,-1.269813,-0.143393,-1.271303,1.189254,1.449907,-1.184641,0.352842,-1.25727,1.319485,1.437736,-1.363811,-1.420864,-0.5063,1.311053,1.183149,-1.285144,-1.359454,0.427273,-1.22493,1.201277,-0.897703,-1.405174,-1.204583,-1.469222,-0.124088,-1.134395,-0.979652,-1.541955,0.276111,1.265012,2.262094,1.194975,-1.157548,1.225562,1.508994,-1.45524,-0.59248,-1.259557,1.376404,1.366422,-1.327204,-0.790774,-1.369044,1.262336,1.408393,-1.479051,0.991257,-1.269401,1.21741,1.294066,-1.66018,0.728683,1.20334,1.175692,1.228145,-1.274873,-0.15192,0.436756,1.207157,1.352789,-1.486736,-0.639813,0.996373,1.333228,1.390921,-1.500837,-0.333174,-0.913841,0.454945,-0.048152,-1.569263,-0.904575,1.015465,-1.530357,1.306622,-1.187743,1.149295,1.353009,-1.306636,0.908061,-1.328259,-1.197895,0.529545,-0.270823,1.541749,-0.773905,1.306664,-1.411637,1.118515,1.246215,-0.30095,-0.468555,-1.429121,1.202529,1.254975,0.655253,-0.11513,-1.314482,1.112513,1.270336,-1.499198,-0.931442,-1.577881,-1.174427,1.575322,-1.351407,-1.451558,-1.227958,-0.525603,0.931812,-1.389102,-0.10115,-0.99382,-0.626901,1.423485,-1.486199,-1.48448,-0.353241,-1.542653,1.404948,-1.158167,-1.191144,0.558323,-1.429086,1.387685,-1.178158,-1.021257,-1.505281,-1.359005,1.48052,-1.395348,-1.129259,-1.498798,-0.233907,1.473446,-1.236213,-1.013669,-1.359997,-1.154752,-0.472675,-1.168439,-1.038731,-1.233219,-0.903299,-0.80421,-1.48109,0.371543,0.190908,-1.313656,1.435975,-1.157139
532.0,68.1,45.2,10.0,8.0,97558.0,98090.0,-0.902907,-1.1148,-0.710219,1.480461,-0.30807,-0.868635,-1.016716,-1.123417,1.235306,1.651257,-0.956936,-0.840843,-0.954461,1.631838,-0.619858,-0.93715,-1.173549,-1.232084,1.461339,1.533963,-0.918039,-0.865895,-1.278988,1.68777,-0.268269,-1.205758,-1.239716,-0.963179,-0.859212,-0.41934,-1.02729,-1.227321,-1.086404,0.808756,0.606852,-1.174758,-1.215206,-1.190808,1.20361,1.529889,-1.083631,-1.177558,-1.321262,1.231959,1.651348,-1.021681,-0.968599,-1.38067,1.264514,1.642059,-1.034596,-1.08955,-1.325743,1.235201,1.56239,-0.9827,-1.006474,-1.308331,1.511727,0.183365,-1.041628,-0.305185,-1.267347,0.781905,1.61289,-1.158177,-0.543284,-1.199555,1.479053,1.617926,-1.319415,-1.278347,-1.151884,1.240555,1.320823,-1.19163,-1.262629,-1.099138,1.233327,1.250575,-1.148426,-1.168247,-1.191914,1.104168,1.475212,-1.120206,-1.124143,-1.103533,0.987541,1.570906,-1.1215,1.240305,1.308678,1.357858,1.495221,-1.182048,-0.481135,-1.250016,1.265574,1.410929,-1.137159,-0.914074,-1.30244,1.265771,1.365168,-1.271393,-0.132273,-1.278705,1.187161,1.460068,-1.178461,0.374914,-1.264429,1.326257,1.448305,-1.377687,-1.427698,-0.518578,1.321301,1.189113,-1.302124,-1.367559,0.444096,-1.255916,1.208896,-0.897942,-1.41346,-1.207168,-1.491356,-0.07534,-1.141006,-0.971605,-1.538879,0.253976,1.276972,2.290401,1.205883,-1.146909,1.228994,1.529949,-1.461661,-0.565967,-1.265967,1.381178,1.370716,-1.323258,-0.785056,-1.382141,1.268989,1.410419,-1.483129,1.018121,-1.278257,1.222309,1.304232,-1.634909,0.767562,1.205607,1.182365,1.234435,-1.293875,-0.178451,0.416916,1.207153,1.364618,-1.495636,-0.668974,0.990898,1.3425,1.412091,-1.507793,-0.343286,-0.93826,0.417829,-0.02128,-1.586478,-0.944649,1.019838,-1.549462,1.320465,-1.193742,1.163691,1.38784,-1.317855,0.952174,-1.33836,-1.203284,0.5294,-0.289467,1.536435,-0.783106,1.338183,-1.427039,1.12036,1.26368,-0.213038,-0.452723,-1.447724,1.207395,1.262116,0.671932,-0.096134,-1.329265,1.117363,1.276136,-1.497162,-0.959555,-1.596966,-1.170989,1.599817,-1.347224,-1.459047,-1.224933,-0.499016,0.969325,-1.385545,-0.125112,-1.024253,-0.657113,1.446602,-1.492202,-1.505634,-0.370188,-1.558709,1.414995,-1.153127,-1.194536,0.551515,-1.440909,1.396335,-1.181351,-1.016467,-1.532861,-1.372642,1.49713,-1.364939,-1.125137,-1.519957,-0.257414,1.484599,-1.227074,-1.011057,-1.37262,-1.162582,-0.465334,-1.166465,-1.039521,-1.242187,-0.906935,-0.803693,-1.488151,0.360543,0.172977,-1.318452,1.447609,-1.096018
100.0,56.3,45.7,22.0,4.0,98090.0,98190.0,-0.899605,-1.118498,-0.702005,1.519329,-0.313848,-0.863673,-1.020351,-1.12453,1.240857,1.662112,-0.953307,-0.838766,-0.948264,1.654356,-0.617586,-0.93968,-1.182991,-1.246488,1.477864,1.5525,-0.915472,-0.86738,-1.29442,1.693769,-0.263919,-1.21804,-1.249911,-0.963895,-0.853762,-0.411307,-1.035494,-1.238714,-1.085836,0.844975,0.623317,-1.184871,-1.224246,-1.201067,1.210387,1.537137,-1.092263,-1.188317,-1.3521,1.231317,1.663452,-1.026328,-0.971665,-1.414812,1.260106,1.658384,-1.038177,-1.101691,-1.34547,1.225106,1.589447,-0.98485,-1.011379,-1.321361,1.506719,0.203183,-1.039785,-0.281479,-1.277875,0.741288,1.626452,-1.161312,-0.527718,-1.208193,1.49383,1.637043,-1.336696,-1.287776,-1.159433,1.251373,1.335978,-1.204009,-1.268709,-1.106849,1.24465,1.25889,-1.158766,-1.170179,-1.199406,1.107693,1.491742,-1.127024,-1.124553,-1.114767,0.978839,1.591862,-1.130508,1.237645,1.316291,1.363955,1.52362,-1.189128,-0.460037,-1.262946,1.265304,1.424785,-1.143266,-0.908534,-1.315021,1.267837,1.376406,-1.272429,-0.119633,-1.287132,1.18475,1.470981,-1.170323,0.400121,-1.272535,1.333629,1.459773,-1.392935,-1.434624,-0.531716,1.332684,1.195702,-1.320866,-1.37624,0.462167,-1.288093,1.217344,-0.897633,-1.421932,-1.210102,-1.516008,-0.020991,-1.148366,-0.962309,-1.535309,0.229311,1.290074,2.316476,1.217772,-1.134613,1.232527,1.553222,-1.468495,-0.535782,-1.273257,1.386522,1.374987,-1.317927,-0.778829,-1.396871,1.276461,1.412283,-1.486769,1.04903,-1.288371,1.227647,1.315504,-1.603631,0.812318,1.208071,1.189768,1.241338,-1.314934,-0.207243,0.39446,1.207237,1.377836,-1.505051,-0.700541,0.98427,1.352917,1.435782,-1.51503,-0.353128,-0.96565,0.375653,0.0088,-1.604231,-0.98885,1.024651,-1.570462,1.335662,-1.200511,1.179996,1.427544,-1.330097,1.000821,-1.349338,-1.209425,0.529171,-0.309746,1.529004,-0.792466,1.373651,-1.44436,1.122546,1.282669,-0.110949,-0.434303,-1.46844,1.212616,1.270076,0.691074,-0.074355,-1.345942,1.122671,1.282425,-1.493958,-0.989976,-1.617934,-1.166397,1.626722,-1.341939,-1.466794,-1.221148,-0.468726,1.01119,-1.380929,-0.151182,-1.057962,-0.692247,1.471617,-1.498426,-1.528497,-0.388835,-1.576253,1.425916,-1.147056,-1.198153,0.544632,-1.454049,1.405521,-1.184749,-1.010946,-1.563276,-1.387909,1.515392,-1.329683,-1.120041,-1.543372,-0.284251,1.49644,-1.216184,-1.007748,-1.386645,-1.17141,-0.457171,-1.163841,-1.040183,-1.252152,-0.910994,-0.803108,-1.49571,0.348814,0.152744,-1.323676,1.460347,-1.025182
399.0,75.9,50.5,3.0,8.0,6274.0,6673.0,-0.840468,-1.147883,-0.504578,2.233058,-0.56353,-0.792082,-1.046975,-1.148559,1.320646,1.660906,-0.896733,-0.738899,-0.820021,1.904356,-0.684739,-0.98928,-1.330606,-1.562189,1.745904,1.523164,-0.884254,-0.829059,-1.584182,1.670119,-0.352834,-1.400868,-1.423252,-0.969206,-0.802396,-0.35247,-1.157489,-1.429933,-1.056098,1.536308,0.541064,-1.351188,-1.388643,-1.45167,1.357538,1.528409,-1.251005,-1.40089,-2.076896,1.162241,1.648918,-1.12065,-1.106727,-2.246944,1.101467,1.808727,-1.122817,-1.353998,-1.782022,0.996759,1.941612,-1.049943,-1.026985,-1.50762,1.399753,0.447564,-0.961654,0.315458,-1.426687,0.021401,1.768239,-1.139262,-0.068172,-1.299299,1.769774,1.898641,-1.595998,-1.418129,-1.280083,1.39213,1.612294,-1.389581,-1.353265,-1.303849,1.431067,1.378064,-1.328339,-1.187651,-1.400393,1.125755,1.681844,-1.243413,-1.109279,-1.413978,0.696213,1.843493,-1.284235,1.074462,0.98674,1.437158,2.143753,-1.338748,-0.269024,-1.525464,1.27163,1.646562,-1.26767,-0.76157,-1.525539,1.296204,1.552444,-1.252159,0.360747,-1.440779,1.172652,1.637529,-0.870379,1.113486,-1.383032,1.45944,1.614511,-1.609797,-1.466826,-0.828815,1.527943,1.283451,-1.589648,-1.483511,0.97581,-1.356046,1.40536,-0.813185,-1.376334,-1.264074,-1.807433,0.750681,-1.281817,-0.713773,-1.564792,-0.197789,1.409733,0.954514,1.268829,-0.87984,1.323546,2.025415,-1.580016,-0.062812,-1.438663,1.39498,1.311405,-1.233005,-0.661488,-1.621256,1.383699,1.363572,-1.500329,1.803243,-1.566184,1.301018,1.481757,-0.748014,1.815816,1.280776,1.309345,1.330357,-1.556066,-0.570008,0.052022,1.260518,1.61231,-1.499134,-1.105839,0.889336,1.526222,1.840563,-1.502465,-0.335993,-1.352139,-0.546024,0.576002,-1.688285,-1.811629,1.159998,-1.802445,1.460153,-1.37914,1.339521,2.135163,-1.434919,1.577686,-1.476902,-1.379991,0.601549,-0.526137,0.979056,-0.720271,1.9559,-1.72763,1.207546,1.40452,2.017938,-0.052891,-1.789467,1.279494,1.384319,1.024364,0.450096,-1.552884,1.190923,1.365883,-1.327962,-1.426355,-1.85216,-0.985613,2.020042,-1.190546,-1.544959,-1.094467,0.038229,1.709865,-1.085415,-0.526949,-1.520805,-1.637801,1.80651,-1.541438,-1.908119,-0.625664,-1.781575,1.583455,-0.987995,-1.299995,0.655544,-1.652258,1.499047,-1.213354,-1.018113,-2.116983,-1.609975,1.758449,-0.610317,-1.119117,-1.930563,-0.884962,1.635215,-0.92048,-0.920521,-1.613474,-1.3167,-0.313425,-1.090144,-1.043349,-1.423414,-0.95619,-0.78369,-1.582251,0.139843,-0.193852,-1.378674,1.629604,-0.106542
133.0,69.5,46.0,6.0,9.0,98190.0,98323.0,1.8021,1.632585,1.82996,-0.158561,1.07948,1.801049,1.695888,1.618111,-1.524513,-1.092378,1.712812,1.755475,1.635648,-0.950566,1.353225,1.792038,1.574105,1.478176,-1.200361,-0.316682,1.719205,1.760877,1.418136,-1.068962,1.281107,1.581859,1.509466,1.73214,1.759459,1.806332,1.726275,1.518725,1.60006,1.081891,1.336074,1.621796,1.521719,1.475406,-1.08421,-0.771748,1.645593,1.532118,1.290945,-1.442438,-0.91605,1.680204,1.640773,1.181383,-1.409385,-0.67488,1.672573,1.615704,1.434007,-1.415085,-0.349589,1.681263,1.622033,1.307779,-1.162953,1.099381,1.608802,1.56969,1.275667,-2.051436,-0.84134,1.51396,1.572152,1.327073,-1.258823,-0.708438,1.387963,1.500031,1.487083,-1.48938,-1.379571,1.556864,1.503774,1.545875,-1.412198,-1.493596,1.591937,1.596644,1.486106,-1.373042,-1.185009,1.56091,1.558871,1.625749,-1.561804,-0.888073,1.52329,-1.153921,0.871594,-1.351312,-0.31279,1.470128,1.675156,1.450107,-1.241212,-1.277392,1.529929,1.590248,1.29159,-1.281308,-1.284964,1.379028,1.369378,1.123706,-1.593962,-1.199353,1.395757,1.115261,1.048989,-1.470976,-1.169448,1.217976,1.513009,2.002349,-1.315022,-1.501168,1.465028,1.426277,1.52578,1.261293,0.269993,1.644884,1.547665,1.464564,0.393251,1.039774,1.533969,1.86491,0.745014,-1.716325,-1.416707,-0.740359,-1.339045,1.522708,-1.425381,-0.917473,1.034219,1.815363,1.158267,-1.14654,-1.621989,1.368837,1.351961,0.984021,-1.350958,-1.39373,1.013119,0.505853,0.353083,-1.485725,-1.358768,-0.546519,0.749196,-1.366879,-1.488142,-1.455497,1.178933,-0.995265,-1.57107,-1.378827,-1.152487,1.015734,-0.708179,-1.229503,-1.095142,0.065722,0.952251,-0.874431,-0.871753,-1.323407,1.910753,0.042926,-0.924887,-1.556988,0.791664,-1.301836,1.2658,-1.595272,-1.118177,1.066457,0.112885,1.135222,1.021031,-1.880312,-1.734266,-1.438487,-1.457486,-0.11645,0.694091,-1.508842,0.953297,-1.545109,1.732466,0.997693,-1.365739,-1.158453,-1.866591,1.681267,1.121322,-1.50454,-1.333799,0.765137,-0.610489,0.643517,1.57645,-0.675411,1.318543,1.408322,1.490656,1.738951,1.147038,1.080715,-1.028922,-0.784741,0.840512,0.585756,0.916101,-0.301733,-1.549062,0.51894,-1.155893,1.320967,1.165479,-1.995541,0.802183,-1.230526,1.306421,1.100321,0.447713,-0.110976,-0.769987,0.841541,1.380045,0.652458,-1.578863,-0.164873,1.627011,1.761198,1.247624,1.626342,2.03649,1.646706,1.733298,1.478682,1.918343,1.910557,0.903232,-1.397829,-1.702361,1.192128,-1.097492,0.825939
131.0,70.0,47.3,6.0,9.0,98323.0,98454.0,-0.896659,-1.121799,-0.694676,1.554008,-0.319003,-0.859245,-1.023595,-1.125522,1.24581,1.671798,-0.950068,-0.836913,-0.942734,1.674447,-0.615558,-0.941938,-1.191416,-1.259341,1.492609,1.56904,-0.913182,-0.868705,-1.308189,1.699121,-0.260039,-1.228999,-1.259008,-0.964534,-0.848899,-0.404139,-1.042813,-1.24888,-1.085329,0.877292,0.638008,-1.193895,-1.232311,-1.210221,1.216434,1.543603,-1.099964,-1.197917,-1.379615,1.230744,1.674252,-1.030474,-0.9744,-1.445276,1.256173,1.67295,-1.041373,-1.112524,-1.363071,1.216099,1.613589,-0.986768,-1.015755,-1.332986,1.50225,0.220866,-1.038141,-0.260327,-1.287269,0.705047,1.638552,-1.16411,-0.51383,-1.2159,1.507014,1.654101,-1.352115,-1.296189,-1.166169,1.261025,1.349501,-1.215053,-1.274135,-1.113728,1.254753,1.26631,-1.167992,-1.171902,-1.206091,1.110837,1.50649,-1.133108,-1.124918,-1.124791,0.971074,1.610561,-1.138545,1.235271,1.323083,1.369396,1.548958,-1.195446,-0.441212,-1.274483,1.265063,1.437148,-1.148715,-0.903592,-1.326247,1.269681,1.386433,-1.273353,-0.108355,-1.294652,1.182599,1.480718,-1.163062,0.422613,-1.279768,1.340205,1.470006,-1.406541,-1.440803,-0.543438,1.342841,1.201581,-1.337589,-1.383985,0.47829,-1.316804,1.224881,-0.897357,-1.42949,-1.212719,-1.538003,0.027501,-1.154933,-0.954013,-1.532123,0.207304,1.301764,2.339741,1.228379,-1.123642,1.23568,1.573987,-1.474593,-0.508848,-1.279761,1.391291,1.378797,-1.313169,-0.773273,-1.410015,1.283128,1.413946,-1.490017,1.076608,-1.297396,1.23241,1.325562,-1.575724,0.852252,1.210269,1.196373,1.247497,-1.333724,-0.232933,0.374423,1.207311,1.389629,-1.513452,-0.728708,0.978355,1.362212,1.45692,-1.521488,-0.36191,-0.990089,0.338021,0.035638,-1.620072,-1.028289,1.028946,-1.589199,1.349222,-1.20655,1.194544,1.46297,-1.34102,1.044227,-1.359132,-1.214904,0.528967,-0.32784,1.522373,-0.800818,1.405297,-1.459814,1.124497,1.299612,-0.01986,-0.417868,-1.486925,1.217275,1.277179,0.708154,-0.054923,-1.360823,1.127407,1.288037,-1.491099,-1.01712,-1.636643,-1.1623,1.650728,-1.337223,-1.473707,-1.217771,-0.441699,1.048545,-1.376811,-0.174443,-1.08804,-0.723595,1.493937,-1.503979,-1.548897,-0.405472,-1.591907,1.43566,-1.141639,-1.20138,0.53849,-1.465774,1.413717,-1.187781,-1.00602,-1.590414,-1.40153,1.531686,-1.298225,-1.115494,-1.564264,-0.308196,1.507005,-1.206468,-1.004796,-1.39916,-1.179287,-0.449888,-1.1615,-1.040774,-1.261043,-0.914616,-0.802586,-1.502455,0.338348,0.13469,-1.328338,1.471712,-0.961979
99.0,70.3,46.7,4.0,3.0,98454.0,98553.0,-0.889277,-1.130067,-0.676311,1.640904,-0.331919,-0.848151,-1.031724,-1.128009,1.258221,1.696066,-0.941953,-0.832269,-0.928878,1.724788,-0.610477,-0.947596,-1.212526,-1.291544,1.529554,1.610482,-0.907443,-0.872025,-1.34269,1.712531,-0.250315,-1.256458,-1.281802,-0.966136,-0.836713,-0.38618,-1.061155,-1.274353,-1.084059,0.958265,0.674818,-1.216505,-1.25252,-1.233158,1.231586,1.559806,-1.119261,-1.22197,-1.448559,1.229308,1.701313,-1.040863,-0.981254,-1.521608,1.24632,1.709448,-1.04938,-1.139666,-1.407173,1.193531,1.674081,-0.991574,-1.02672,-1.362116,1.491054,0.265174,-1.034022,-0.207328,-1.310805,0.61424,1.668872,-1.171121,-0.47903,-1.23521,1.54005,1.696841,-1.390751,-1.317269,-1.183048,1.285209,1.383383,-1.242727,-1.28773,-1.130966,1.280068,1.284901,-1.191108,-1.176222,-1.222841,1.118717,1.543444,-1.148352,-1.125833,-1.149907,0.951619,1.657414,-1.158683,1.229322,1.340102,1.383028,1.612449,-1.211277,-0.394042,-1.303392,1.26446,1.468125,-1.162368,-0.891207,-1.354374,1.2743,1.411558,-1.27567,-0.080096,-1.313493,1.177209,1.505116,-1.144868,0.47897,-1.297891,1.356685,1.495647,-1.440631,-1.456287,-0.572809,1.368291,1.216312,-1.379492,-1.403393,0.51869,-1.388743,1.243767,-0.896667,-1.44843,-1.219277,-1.593116,0.149007,-1.171387,-0.933228,-1.524141,0.152162,1.331054,2.398036,1.254959,-1.096152,1.243579,1.626017,-1.489872,-0.441363,-1.296059,1.40324,1.388344,-1.301249,-0.759352,-1.442947,1.299834,1.418113,-1.498155,1.145711,-1.320009,1.244343,1.350762,-1.505797,0.952314,1.215777,1.212924,1.262929,-1.380806,-0.297304,0.324218,1.207498,1.419181,-1.534501,-0.799283,0.963535,1.385503,1.509886,-1.537668,-0.383915,-1.051325,0.243728,0.102885,-1.659764,-1.127108,1.039706,-1.636147,1.383197,-1.221683,1.230996,1.551737,-1.368389,1.152988,-1.383675,-1.228634,0.528455,-0.373178,1.505759,-0.821746,1.48459,-1.498536,1.129384,1.342066,0.208379,-0.376687,-1.533242,1.228947,1.294975,0.750951,-0.006231,-1.398109,1.139273,1.302099,-1.483935,-1.085133,-1.683522,-1.152034,1.71088,-1.325406,-1.491028,-1.209308,-0.37398,1.142143,-1.366492,-0.232728,-1.163403,-0.802142,1.549863,-1.517892,-1.600012,-0.44716,-1.63113,1.460076,-1.128065,-1.209467,0.523101,-1.495152,1.434253,-1.195377,-0.993677,-1.658414,-1.435662,1.572513,-1.219402,-1.1041,-1.616612,-0.368194,1.533478,-1.182122,-0.997399,-1.430517,-1.199024,-0.431639,-1.155633,-1.042255,-1.28332,-0.923692,-0.801277,-1.519354,0.312124,0.089454,-1.340017,1.500188,-0.803611
365.0,71.9,46.7,11.0,18.0,98553.0,98918.0,-0.88172,-1.13722,-0.657082,1.72611,-0.343153,-0.837282,-1.0387,-1.129961,1.269988,1.716787,-0.933865,-0.826145,-0.914869,1.771294,-0.606734,-0.952862,-1.232558,-1.324,1.564709,1.647194,-0.901907,-0.87366,-1.377315,1.721968,-0.243073,-1.282434,-1.303771,-0.967477,-0.825315,-0.368552,-1.078465,-1.298868,-1.08225,1.038014,0.706867,-1.23812,-1.272212,-1.25678,1.247498,1.574487,-1.137938,-1.245676,-1.519597,1.226881,1.725793,-1.051211,-0.989527,-1.600478,1.235105,1.74387,-1.057521,-1.166838,-1.452263,1.169841,1.731015,-0.99668,-1.03575,-1.39009,1.478477,0.306884,-1.029135,-0.151714,-1.33341,0.525408,1.697032,-1.176405,-0.441104,-1.25328,1.572559,1.737535,-1.427643,-1.33698,-1.199097,1.307968,1.416433,-1.269157,-1.300391,-1.148864,1.304551,1.302529,-1.213314,-1.179986,-1.240665,1.125858,1.578023,-1.163251,-1.126205,-1.177084,0.930436,1.701873,-1.1784,1.216742,1.34523,1.39508,1.678017,-1.227183,-0.351649,-1.332163,1.263805,1.497844,-1.176097,-0.878263,-1.381762,1.278622,1.435697,-1.277168,-0.047657,-1.332399,1.172351,1.528477,-1.123621,0.539302,-1.315303,1.372419,1.519954,-1.472752,-1.469192,-0.602143,1.392978,1.230036,-1.41952,-1.421157,0.558463,-1.449226,1.262527,-0.893818,-1.464094,-1.22565,-1.645632,0.263148,-1.187225,-0.911023,-1.517312,0.098643,1.357422,2.417223,1.27788,-1.068462,1.250667,1.676932,-1.504551,-0.375986,-1.313149,1.413101,1.395045,-1.289865,-0.745867,-1.474973,1.315691,1.42021,-1.504726,1.217255,-1.344088,1.255563,1.374824,-1.430528,1.0554,1.221833,1.228713,1.277264,-1.424132,-0.35648,0.275262,1.208285,1.448349,-1.552392,-0.864537,0.949205,1.408036,1.561444,-1.550053,-0.40102,-1.109746,0.147016,0.169381,-1.695401,-1.225017,1.051403,-1.681051,1.413957,-1.2378,1.264868,1.640401,-1.392443,1.249779,-1.406062,-1.242192,0.529327,-0.415169,1.48063,-0.835785,1.561417,-1.536297,1.135123,1.379215,0.441398,-0.334962,-1.577576,1.23977,1.311719,0.793552,0.04424,-1.433041,1.149921,1.315001,-1.473835,-1.148846,-1.727134,-1.14047,1.767927,-1.312671,-1.506528,-1.199916,-0.308345,1.232354,-1.351824,-0.28754,-1.234492,-0.886106,1.602332,-1.529499,-1.649221,-0.48633,-1.667825,1.483216,-1.113003,-1.21705,0.513989,-1.523061,1.452317,-1.201923,-0.982611,-1.723488,-1.468547,1.610543,-1.139746,-1.093751,-1.666399,-0.430133,1.556915,-1.155972,-0.989423,-1.460519,-1.218478,-0.413977,-1.149121,-1.043424,-1.304866,-0.932213,-0.799813,-1.534083,0.287352,0.045096,-1.351328,1.526831,-0.653627
532.0,70.2,45.1,9.0,7.0,98918.0,99450.0,-0.878837,-1.138091,-0.64914,1.753303,-0.344625,-0.833827,-1.039459,-1.129868,1.27315,1.718855,-0.931092,-0.82187,-0.909772,1.781917,-0.607369,-0.954127,-1.237966,-1.335656,1.574347,1.653116,-0.900278,-0.871789,-1.389541,1.719494,-0.244146,-1.289323,-1.31022,-0.967568,-0.822489,-0.3629,-1.082994,-1.30601,-1.08084,1.063984,0.711118,-1.244199,-1.278316,-1.26599,1.254136,1.577391,-1.143537,-1.253421,-1.547345,1.224599,1.73057,-1.054751,-0.994462,-1.631593,1.229233,1.75284,-1.060547,-1.176332,-1.469378,1.159976,1.74567,-0.998889,-1.036087,-1.398148,1.472103,0.31763,-1.026323,-0.12858,-1.339923,0.497364,1.703701,-1.175743,-0.42338,-1.25777,1.583105,1.748728,-1.437952,-1.341854,-1.20348,1.31382,1.426726,-1.27655,-1.303445,-1.156046,1.311863,1.307266,-1.21972,-1.180492,-1.248422,1.127273,1.586613,-1.167936,-1.125547,-1.189524,0.920565,1.713875,-1.184649,1.202759,1.329793,1.396983,1.703836,-1.232825,-0.34382,-1.341973,1.263502,1.506359,-1.180983,-0.872952,-1.390219,1.279693,1.442668,-1.276505,-0.030317,-1.339071,1.17143,1.535103,-1.111806,0.566049,-1.320331,1.376811,1.526478,-1.481074,-1.469945,-0.612294,1.400461,1.233352,-1.430732,-1.424955,0.571391,-1.453677,1.268871,-0.8897,-1.464799,-1.227598,-1.660142,0.292189,-1.191842,-0.901239,-1.516607,0.082374,1.362361,2.367255,1.280553,-1.05854,1.251958,1.69303,-1.508788,-0.356297,-1.32024,1.413508,1.393255,-1.286682,-0.741806,-1.484802,1.319979,1.41794,-1.504742,1.245681,-1.354588,1.258432,1.381545,-1.396605,1.095645,1.224733,1.233104,1.280662,-1.433764,-0.369541,0.260039,1.209428,1.457943,-1.55404,-0.879532,0.944929,1.41478,1.577342,-1.548864,-0.399874,-1.125992,0.109867,0.191424,-1.701927,-1.257758,1.056829,-1.693712,1.420001,-1.24483,1.272915,1.6711,-1.396009,1.266113,-1.410727,-1.24666,0.531633,-0.424927,1.459553,-0.830692,1.584571,-1.54804,1.138352,1.384458,0.529386,-0.319658,-1.59013,1.242305,1.316021,0.80809,0.064375,-1.441784,1.15186,1.317808,-1.46607,-1.164782,-1.737573,-1.134565,1.783277,-1.306908,-1.509284,-1.195303,-0.288529,1.258833,-1.340424,-0.301581,-1.253034,-0.923163,1.615577,-1.530197,-1.663579,-0.496308,-1.676931,1.48942,-1.105608,-1.218957,0.519911,-1.530642,1.455023,-1.202679,-0.980611,-1.741891,-1.478182,1.619721,-1.110829,-1.091663,-1.680012,-0.454492,1.560672,-1.144262,-0.985809,-1.468995,-1.224835,-0.408684,-1.145921,-1.04338,-1.311301,-0.934374,-0.799079,-1.536064,0.280836,0.030936,-1.35473,1.533443,-0.613591
99.0,70.0,45.0,6.0,1.0,99450.0,99549.0,-0.873872,-1.139591,-0.635457,1.800155,-0.347162,-0.827874,-1.040766,-1.129706,1.278599,1.72242,-0.926313,-0.814505,-0.90099,1.800221,-0.608462,-0.956306,-1.247283,-1.35574,1.590951,1.663319,-0.897469,-0.868564,-1.410605,1.715232,-0.245995,-1.301191,-1.321332,-0.967724,-0.81762,-0.353162,-1.090797,-1.318316,-1.078411,1.108728,0.718442,-1.254671,-1.288832,-1.281857,1.265572,1.582395,-1.153184,-1.266764,-1.595153,1.220669,1.7388,-1.06085,-1.002965,-1.685203,1.219115,1.768293,-1.065761,-1.19269,-1.498867,1.142979,1.770918,-1.002696,-1.036669,-1.412032,1.461121,0.336146,-1.021479,-0.088721,-1.351146,0.449046,1.715192,-1.174602,-0.392844,-1.265505,1.601275,1.768014,-1.455715,-1.350251,-1.211031,1.323902,1.44446,-1.289287,-1.308706,-1.16842,1.32446,1.315428,-1.230757,-1.181365,-1.261786,1.129712,1.601413,-1.176006,-1.124414,-1.210956,0.903558,1.734552,-1.195415,1.178668,1.303195,1.400261,1.748322,-1.242548,-0.330331,-1.358876,1.262979,1.521031,-1.1894,-0.863799,-1.40479,1.28154,1.454679,-1.275363,-0.000442,-1.350566,1.169843,1.546519,-1.091451,0.612132,-1.328994,1.38438,1.537718,-1.495413,-1.471243,-0.629784,1.413354,1.239065,-1.450048,-1.4315,0.593666,-1.461345,1.279802,-0.882606,-1.466015,-1.230955,-1.685141,0.342225,-1.199797,-0.884383,-1.515391,0.054345,1.370871,2.281164,1.28516,-1.041444,1.254183,1.720765,-1.516088,-0.322373,-1.332459,1.41421,1.390169,-1.281198,-0.734811,-1.501736,1.327366,1.41403,-1.504768,1.294658,-1.372679,1.263376,1.393126,-1.338158,1.164983,1.229729,1.24067,1.286517,-1.450361,-0.392046,0.233812,1.211397,1.474472,-1.55688,-0.905367,0.937562,1.426398,1.604734,-1.546817,-0.397901,-1.153983,0.045862,0.229403,-1.71317,-1.31417,1.066176,-1.715525,1.430414,-1.256944,1.28678,1.723991,-1.402153,1.294257,-1.418765,-1.254357,0.535607,-0.441741,1.42324,-0.821917,1.624465,-1.568272,1.143915,1.39349,0.680984,-0.293291,-1.611759,1.246671,1.323431,0.833137,0.099067,-1.456847,1.155201,1.322646,-1.452691,-1.19224,-1.75556,-1.124393,1.809725,-1.29698,-1.514033,-1.187355,-0.254388,1.304455,-1.32078,-0.325771,-1.28498,-0.987011,1.638399,-1.531399,-1.688318,-0.513502,-1.69262,1.500107,-1.092866,-1.222244,0.530114,-1.543705,1.459684,-1.203982,-0.977164,-1.773597,-1.494783,1.635535,-1.061006,-1.088066,-1.703465,-0.496462,1.567144,-1.124087,-0.979582,-1.483598,-1.235789,-0.399564,-1.140408,-1.043303,-1.322388,-0.938097,-0.797814,-1.539477,0.269609,0.006539,-1.360592,1.544835,-0.54461
332.0,74.3,48.0,9.0,16.0,99549.0,99881.0,-0.865562,-1.142102,-0.612559,1.878557,-0.351406,-0.817912,-1.042953,-1.129436,1.287716,1.728384,-0.918317,-0.80218,-0.886295,1.830849,-0.610292,-0.959952,-1.262873,-1.389347,1.618737,1.680391,-0.89277,-0.863169,-1.445854,1.708101,-0.24909,-1.321051,-1.339926,-0.967986,-0.809472,-0.336867,-1.103855,-1.338907,-1.074345,1.183602,0.730698,-1.272196,-1.306429,-1.30841,1.284709,1.590768,-1.169328,-1.289092,-1.675152,1.214092,1.752573,-1.071056,-1.017193,-1.774911,1.202184,1.794153,-1.074485,-1.220064,-1.548213,1.114537,1.813169,-1.009067,-1.037642,-1.435264,1.442745,0.367131,-1.013372,-0.022023,-1.369925,0.368193,1.73442,-1.172693,-0.341746,-1.278449,1.631679,1.800286,-1.485438,-1.364302,-1.223668,1.340774,1.474136,-1.310601,-1.31751,-1.189126,1.34554,1.329086,-1.249227,-1.182825,-1.28415,1.133792,1.626178,-1.189511,-1.122517,-1.24682,0.875098,1.769154,-1.213431,1.138354,1.258687,1.405748,1.822762,-1.258817,-0.307758,-1.387161,1.262105,1.545582,-1.203486,-0.848484,-1.429173,1.284629,1.474778,-1.273452,0.04955,-1.369803,1.167188,1.565621,-1.057389,0.689246,-1.343491,1.397045,1.556528,-1.519408,-1.473415,-0.65905,1.434929,1.248624,-1.482372,-1.442451,0.630941,-1.474176,1.298094,-0.870733,-1.468048,-1.236572,-1.726974,0.425954,-1.21311,-0.856176,-1.513358,0.007442,1.385111,2.137101,1.292868,-1.012837,1.257905,1.767176,-1.528304,-0.265606,-1.352905,1.415383,1.385007,-1.272021,-0.723104,-1.530073,1.339729,1.407486,-1.504813,1.376614,-1.402951,1.271648,1.412505,-1.240355,1.281011,1.23809,1.25333,1.296313,-1.478133,-0.429704,0.189924,1.214692,1.502132,-1.561633,-0.948598,0.925234,1.445841,1.65057,-1.543391,-0.394598,-1.200822,-0.061242,0.292956,-1.731985,-1.408568,1.081817,-1.752026,1.447839,-1.277215,1.309981,1.812498,-1.412434,1.341352,-1.432215,-1.267238,0.542257,-0.469876,1.362474,-0.807234,1.691221,-1.602129,1.153225,1.408604,0.934664,-0.249168,-1.647952,1.253977,1.335832,0.875051,0.15712,-1.482053,1.160793,1.330742,-1.430302,-1.238188,-1.785658,-1.10737,1.853982,-1.280367,-1.521979,-1.174054,-0.197258,1.380797,-1.28791,-0.366252,-1.338437,-1.09385,1.676588,-1.53341,-1.729715,-0.542272,-1.718873,1.517992,-1.071544,-1.227743,0.547188,-1.565565,1.467484,-1.206162,-0.971397,-1.826653,-1.522564,1.661997,-0.977634,-1.082047,-1.742712,-0.566692,1.577975,-1.090326,-0.969162,-1.508034,-1.254118,-0.384302,-1.131182,-1.043175,-1.340941,-0.944327,-0.795696,-1.545189,0.250824,-0.034287,-1.370401,1.563899,-0.42918
233.0,80.4,53.6,11.0,7.0,99881.0,100114.0,-0.851757,-1.144927,-0.567455,2.029298,-0.391264,-0.802385,-1.044733,-1.129106,1.304591,1.72331,-0.905656,-0.775261,-0.855366,1.877061,-0.623309,-0.969629,-1.291252,-1.460151,1.674715,1.681408,-0.886318,-0.849239,-1.508887,1.690738,-0.267723,-1.358075,-1.375713,-0.969956,-0.800812,-0.314683,-1.128215,-1.377148,-1.070058,1.33137,0.71929,-1.306437,-1.340101,-1.367576,1.319043,1.595596,-1.202829,-1.3335,-1.844748,1.196956,1.758751,-1.09201,-1.051473,-1.964288,1.163293,1.832484,-1.093497,-1.275795,-1.64585,1.061625,1.886959,-1.02421,-1.035735,-1.471991,1.4156,0.416903,-0.99317,0.115728,-1.399338,0.202762,1.759405,-1.162717,-0.23249,-1.295288,1.684343,1.851281,-1.538431,-1.388458,-1.250638,1.369721,1.531946,-1.348576,-1.332443,-1.238919,1.382988,1.35438,-1.284456,-1.184697,-1.334814,1.133791,1.667566,-1.215009,-1.117154,-1.321532,0.802026,1.826144,-1.246854,1.077901,1.12451,1.414738,1.971331,-1.291735,-0.278484,-1.443789,1.261568,1.590756,-1.230866,-0.815838,-1.473825,1.288703,1.510314,-1.266457,0.164865,-1.404157,1.162763,1.598462,-0.98181,0.855,-1.365697,1.420127,1.58624,-1.562481,-1.474253,-0.733794,1.475526,1.265387,-1.536597,-1.461222,0.725337,-1.450214,1.340909,-0.843887,-1.451548,-1.25181,-1.785457,0.584572,-1.240835,-0.797095,-1.528023,-0.082213,1.408276,1.721434,1.29839,-0.945877,1.273641,1.867212,-1.547906,-0.169711,-1.393596,1.408339,1.366369,-1.25439,-0.701645,-1.578378,1.360076,1.391813,-1.500934,1.544729,-1.46928,1.286144,1.446327,-1.035164,1.506418,1.254981,1.277848,1.313351,-1.525187,-0.498046,0.115181,1.22743,1.552228,-1.552217,-1.02536,0.900541,1.480965,1.734478,-1.529302,-0.378499,-1.287842,-0.273256,0.415569,-1.732096,-1.590797,1.113787,-1.798288,1.467393,-1.319279,1.338765,1.971474,-1.421072,1.43591,-1.452457,-1.303673,0.558974,-0.513217,1.211465,-0.768139,1.797902,-1.663941,1.174044,1.409572,1.418853,-0.168493,-1.715914,1.266679,1.357777,0.950319,0.273088,-1.524289,1.172074,1.346063,-1.384523,-1.324852,-1.829194,-1.059351,1.931346,-1.243518,-1.534508,-1.143034,-0.090357,1.525333,-1.207349,-0.442177,-1.43055,-1.325086,1.741334,-1.534092,-1.807459,-0.589231,-1.757917,1.549531,-1.031197,-1.24636,0.594574,-1.606036,1.480877,-1.208264,-0.976639,-1.934971,-1.572916,1.706839,-0.816835,-1.085547,-1.820406,-0.70789,1.598291,-1.019632,-0.950231,-1.554767,-1.28511,-0.353494,-1.112145,-1.044016,-1.377123,-0.952716,-0.790437,-1.558557,0.208548,-0.110317,-1.380446,1.596982,-0.2468
332.0,73.1,52.4,20.0,8.0,100114.0,100446.0,-0.84321,-1.146167,-0.530367,2.150327,-0.462672,-0.793795,-1.045112,-1.133317,1.316374,1.70005,-0.898435,-0.752308,-0.830843,1.901096,-0.647415,-0.979965,-1.313589,-1.520983,1.719736,1.633659,-0.883689,-0.836271,-1.555326,1.675902,-0.301225,-1.385713,-1.404277,-0.971397,-0.799723,-0.315671,-1.146655,-1.40753,-1.066287,1.452753,0.659538,-1.33382,-1.367738,-1.41938,1.343833,1.578473,-1.231395,-1.371398,-1.98815,1.17877,1.72911,-1.109461,-1.08386,-2.129291,1.127374,1.8418,-1.110498,-1.322471,-1.726323,1.021354,1.93313,-1.038742,-1.031262,-1.495063,1.401832,0.444677,-0.974091,0.233292,-1.417416,0.07511,1.768947,-1.149869,-0.136493,-1.301302,1.727354,1.882839,-1.576134,-1.406,-1.27186,1.387807,1.579164,-1.375528,-1.343741,-1.282541,1.411207,1.371964,-1.311798,-1.185903,-1.378053,1.128737,1.688986,-1.233945,-1.111993,-1.382035,0.734134,1.854726,-1.271457,1.05379,1.006111,1.423573,2.086613,-1.319405,-0.267536,-1.491327,1.264,1.625018,-1.252927,-0.786048,-1.506835,1.291636,1.536243,-1.258382,0.274314,-1.428471,1.163001,1.622029,-0.914865,1.002999,-1.378357,1.439921,1.604771,-1.593375,-1.471638,-0.800195,1.507207,1.277154,-1.572349,-1.474656,0.837779,-1.397003,1.379934,-0.821887,-1.41808,-1.264058,-1.810628,0.700262,-1.26476,-0.746869,-1.551304,-0.152737,1.418516,1.28444,1.290756,-0.892529,1.296187,1.957123,-1.563261,-0.103275,-1.424647,1.397949,1.341185,-1.24078,-0.68239,-1.609626,1.374126,1.376378,-1.497189,1.691023,-1.527531,1.29615,1.469773,-0.861089,1.689406,1.269538,1.297243,1.324948,-1.553084,-0.546707,0.067568,1.243839,1.589475,-1.527988,-1.07919,0.885201,1.507732,1.798462,-1.513133,-0.356915,-1.344655,-0.442971,0.513018,-1.707403,-1.73178,1.140909,-1.812537,1.469824,-1.355008,1.346833,2.083122,-1.423836,1.516591,-1.465718,-1.343784,0.578454,-0.53343,1.069692,-0.733312,1.877551,-1.707809,1.193164,1.397208,1.793876,-0.104009,-1.765754,1.275353,1.373913,1.002408,0.372492,-1.549301,1.18215,1.358065,-1.347802,-1.390276,-1.85023,-1.012458,1.986723,-1.211184,-1.541985,-1.114385,-0.009274,1.638047,-1.132531,-0.498394,-1.492478,-1.521564,1.784755,-1.53473,-1.868128,-0.617467,-1.778053,1.57174,-1.001579,-1.270961,0.638021,-1.636004,1.490973,-1.209576,-0.99527,-2.03244,-1.605213,1.73833,-0.689916,-1.101028,-1.884855,-0.820785,1.616482,-0.959661,-0.934582,-1.591199,-1.305942,-0.328494,-1.097141,-1.044747,-1.405808,-0.956213,-0.785798,-1.571531,0.169477,-0.166081,-1.381436,1.61938,-0.14038
332.0,65.9,43.5,6.0,14.0,100446.0,100778.0,-0.841928,-1.14697,-0.518307,2.189016,-0.509838,-0.792994,-1.045983,-1.140445,1.318372,1.681744,-0.897639,-0.746037,-0.825782,1.902621,-0.66487,-0.984321,-1.321547,-1.540253,1.731974,1.581986,-0.883953,-0.832899,-1.56882,1.673198,-0.32536,-1.3928,-1.41315,-0.970372,-0.800973,-0.33288,-1.151721,-1.418007,-1.061522,1.491827,0.604134,-1.341942,-1.377514,-1.43448,1.350242,1.55506,-1.240566,-1.38519,-2.029652,1.17104,1.691608,-1.114693,-1.094553,-2.184311,1.115258,1.826333,-1.116259,-1.337215,-1.752371,1.009852,1.937096,-1.04398,-1.029261,-1.500935,1.40086,0.446027,-0.968275,0.271717,-1.421751,0.049993,1.768616,-1.144909,-0.104543,-1.300365,1.747192,1.890229,-1.585423,-1.411672,-1.275705,1.389829,1.594657,-1.3821,-1.348195,-1.292506,1.420494,1.374816,-1.319533,-1.186721,-1.3885,1.127342,1.685646,-1.238373,-1.110724,-1.396973,0.7164,1.849473,-1.277433,1.063458,0.997052,1.429926,2.113334,-1.328451,-0.268232,-1.507291,1.267568,1.635093,-1.259822,-0.774601,-1.515582,1.293772,1.543819,-1.255472,0.314734,-1.434227,1.167514,1.629277,-0.894061,1.054668,-1.380543,1.449049,1.609326,-1.601055,-1.469388,-0.813579,1.516904,1.280099,-1.580439,-1.478797,0.902329,-1.37785,1.391824,-0.817817,-1.398557,-1.264065,-1.809134,0.72384,-1.272737,-0.731392,-1.557611,-0.173805,1.414409,1.130151,1.280502,-0.886595,1.308982,1.989059,-1.571097,-0.084352,-1.431202,1.396561,1.327259,-1.237144,-0.672615,-1.615065,1.378603,1.370389,-1.498657,1.743503,-1.545607,1.298427,1.475377,-0.80821,1.748522,1.274793,1.302903,1.327478,-1.554479,-0.557604,0.060298,1.251639,1.600153,-1.514495,-1.091652,0.887135,1.516379,1.818151,-1.508144,-0.347131,-1.348155,-0.491164,0.542473,-1.698462,-1.769121,1.149836,-1.807818,1.465302,-1.366293,1.343413,2.107459,-1.429019,1.545162,-1.470948,-1.360716,0.589254,-0.530019,1.027306,-0.727213,1.914191,-1.717078,1.19989,1.400627,1.898658,-0.080103,-1.776843,1.277289,1.378779,1.012676,0.408783,-1.550977,1.186253,1.361721,-1.338524,-1.407149,-1.851133,-0.999904,2.002305,-1.201532,-1.543376,-1.105071,0.012941,1.671633,-1.110497,-0.511748,-1.505725,-1.575922,1.794929,-1.537867,-1.88683,-0.6213,-1.7797,1.577219,-0.995227,-1.284539,0.646216,-1.643605,1.494749,-1.211343,-1.005953,-2.071976,-1.60744,1.747739,-0.652692,-1.109488,-1.90623,-0.850797,1.625242,-0.941338,-0.928006,-1.601616,-1.310973,-0.321447,-1.093869,-1.044093,-1.414041,-0.956202,-0.784812,-1.576544,0.155619,-0.179068,-1.380144,1.624161,-0.124556
100.0,78.3,52.0,1.0,9.0,6673.0,6773.0,-0.840468,-1.147883,-0.504578,2.233058,-0.56353,-0.792082,-1.046975,-1.148559,1.320646,1.660906,-0.896733,-0.738899,-0.820021,1.904356,-0.684739,-0.98928,-1.330606,-1.562189,1.745904,1.523164,-0.884254,-0.829059,-1.584182,1.670119,-0.352834,-1.400868,-1.423252,-0.969206,-0.802396,-0.35247,-1.157489,-1.429933,-1.056098,1.536308,0.541064,-1.351188,-1.388643,-1.45167,1.357538,1.528409,-1.251005,-1.40089,-2.076896,1.162241,1.648918,-1.12065,-1.106727,-2.246944,1.101467,1.808727,-1.122817,-1.353998,-1.782022,0.996759,1.941612,-1.049943,-1.026985,-1.50762,1.399753,0.447564,-0.961654,0.315458,-1.426687,0.021401,1.768239,-1.139262,-0.068172,-1.299299,1.769774,1.898641,-1.595998,-1.418129,-1.280083,1.39213,1.612294,-1.389581,-1.353265,-1.303849,1.431067,1.378064,-1.328339,-1.187651,-1.400393,1.125755,1.681844,-1.243413,-1.109279,-1.413978,0.696213,1.843493,-1.284235,1.074462,0.98674,1.437158,2.143753,-1.338748,-0.269024,-1.525464,1.27163,1.646562,-1.26767,-0.76157,-1.525539,1.296204,1.552444,-1.252159,0.360747,-1.440779,1.172652,1.637529,-0.870379,1.113486,-1.383032,1.45944,1.614511,-1.609797,-1.466826,-0.828815,1.527943,1.283451,-1.589648,-1.483511,0.97581,-1.356046,1.40536,-0.813185,-1.376334,-1.264074,-1.807433,0.750681,-1.281817,-0.713773,-1.564792,-0.197789,1.409733,0.954514,1.268829,-0.87984,1.323546,2.025415,-1.580016,-0.062812,-1.438663,1.39498,1.311405,-1.233005,-0.661488,-1.621256,1.383699,1.363572,-1.500329,1.803243,-1.566184,1.301018,1.481757,-0.748014,1.815816,1.280776,1.309345,1.330357,-1.556066,-0.570008,0.052022,1.260518,1.61231,-1.499134,-1.105839,0.889336,1.526222,1.840563,-1.502465,-0.335993,-1.352139,-0.546024,0.576002,-1.688285,-1.811629,1.159998,-1.802445,1.460153,-1.37914,1.339521,2.135163,-1.434919,1.577686,-1.476902,-1.379991,0.601549,-0.526137,0.979056,-0.720271,1.9559,-1.72763,1.207546,1.40452,2.017938,-0.052891,-1.789467,1.279494,1.384319,1.024364,0.450096,-1.552884,1.190923,1.365883,-1.327962,-1.426355,-1.85216,-0.985613,2.020042,-1.190546,-1.544959,-1.094467,0.038229,1.709865,-1.085415,-0.526949,-1.520805,-1.637801,1.80651,-1.541438,-1.908119,-0.625664,-1.781575,1.583455,-0.987995,-1.299995,0.655544,-1.652258,1.499047,-1.213354,-1.018113,-2.116983,-1.609975,1.758449,-0.610317,-1.119117,-1.930563,-0.884962,1.635215,-0.92048,-0.920521,-1.613474,-1.3167,-0.313425,-1.090144,-1.043349,-1.423414,-0.95619,-0.78369,-1.582251,0.139843,-0.193852,-1.378674,1.629604,-0.106542
332.0,65.6,42.6,5.0,3.0,100778.0,101110.0,-0.840935,-1.147591,-0.508972,2.218961,-0.546343,-0.792374,-1.046657,-1.145962,1.319918,1.667576,-0.897023,-0.741184,-0.821865,1.903801,-0.678379,-0.987693,-1.327706,-1.555167,1.741445,1.541993,-0.884157,-0.830288,-1.579265,1.671105,-0.34404,-1.398285,-1.420018,-0.969579,-0.80194,-0.346199,-1.155643,-1.426116,-1.057834,1.52207,0.561252,-1.348228,-1.385081,-1.446168,1.355203,1.53694,-1.247664,-1.395865,-2.061773,1.165058,1.662583,-1.118743,-1.10283,-2.226896,1.105882,1.814362,-1.120718,-1.348626,-1.772531,1.00095,1.940167,-1.048034,-1.027713,-1.50548,1.400107,0.447072,-0.963774,0.301457,-1.425107,0.030553,1.76836,-1.141069,-0.079814,-1.299641,1.762545,1.895948,-1.592613,-1.416062,-1.278682,1.391393,1.606648,-1.387187,-1.351642,-1.300218,1.427682,1.377024,-1.32552,-1.187353,-1.396586,1.126263,1.683061,-1.2418,-1.109741,-1.408535,0.702675,1.845407,-1.282058,1.07094,0.990041,1.434843,2.134016,-1.335452,-0.26877,-1.519647,1.27033,1.642891,-1.265158,-0.765741,-1.522352,1.295425,1.549683,-1.25322,0.346018,-1.438681,1.171007,1.634888,-0.877959,1.094659,-1.382235,1.456114,1.612851,-1.606999,-1.467646,-0.823938,1.52441,1.282378,-1.5867,-1.482002,0.952289,-1.363025,1.401027,-0.814668,-1.383447,-1.264071,-1.807977,0.742089,-1.278911,-0.719413,-1.562493,-0.190112,1.41123,1.010735,1.272565,-0.882002,1.318884,2.013777,-1.577161,-0.069707,-1.436275,1.395486,1.31648,-1.23433,-0.66505,-1.619274,1.382068,1.365754,-1.499794,1.78412,-1.559597,1.300188,1.479715,-0.767282,1.794276,1.278861,1.307283,1.329436,-1.555558,-0.566038,0.054671,1.257676,1.608419,-1.504051,-1.101298,0.888632,1.523071,1.833389,-1.504283,-0.339558,-1.350864,-0.528464,0.56527,-1.691543,-1.798023,1.156745,-1.804165,1.461801,-1.375028,1.340767,2.126295,-1.43303,1.567276,-1.474996,-1.373821,0.597614,-0.52738,0.994501,-0.722493,1.942549,-1.724253,1.205096,1.403274,1.979757,-0.061602,-1.785426,1.278788,1.382546,1.020623,0.436872,-1.552274,1.189428,1.364551,-1.331343,-1.420207,-1.851831,-0.990188,2.014365,-1.194062,-1.544452,-1.097861,0.030134,1.697627,-1.093443,-0.522083,-1.515978,-1.617994,1.802803,-1.540295,-1.901304,-0.624267,-1.780975,1.581459,-0.99031,-1.295048,0.652558,-1.649488,1.497671,-1.21271,-1.01422,-2.102576,-1.609163,1.755021,-0.623881,-1.116035,-1.922774,-0.874026,1.632023,-0.927156,-0.922917,-1.609678,-1.314867,-0.315993,-1.091337,-1.043587,-1.420414,-0.956194,-0.784049,-1.580424,0.144893,-0.18912,-1.379144,1.627861,-0.112309
400.0,71.0,46.8,12.0,11.0,6773.0,7173.0,1.738343,1.582539,1.728556,-0.154776,1.123948,1.735685,1.639398,1.531154,-1.478511,-1.00758,1.654091,1.686446,1.55637,-0.907782,1.366208,1.734309,1.530663,1.421276,-1.165117,-0.263693,1.664536,1.682905,1.351196,-1.004329,1.308935,1.540932,1.462893,1.644473,1.699883,1.726905,1.679849,1.475892,1.518903,0.978762,1.255016,1.582688,1.482406,1.40868,-1.080138,-0.765355,1.609647,1.493814,1.223388,-1.400526,-0.842682,1.641005,1.583053,1.093126,-1.367015,-0.611006,1.628866,1.545651,1.361468,-1.367939,-0.291254,1.625873,1.548562,1.270136,-1.114702,1.135585,1.551189,1.464753,1.250303,-1.870181,-0.818833,1.455113,1.486247,1.300169,-1.20238,-0.700772,1.363091,1.447678,1.4255,-1.451566,-1.355756,1.524148,1.459139,1.460309,-1.377675,-1.455053,1.56169,1.550006,1.426982,-1.354246,-1.165997,1.545766,1.525098,1.555024,-1.518011,-0.87466,1.508416,-1.258263,0.609105,-1.315535,-0.307888,1.449497,1.527446,1.412271,-1.214755,-1.246884,1.4841,1.511727,1.267428,-1.248614,-1.259007,1.334488,1.233876,1.105785,-1.547351,-1.163828,1.32466,1.013546,1.034319,-1.43198,-1.152436,1.208479,1.453693,1.764682,-1.296873,-1.466088,1.428077,1.389609,1.300394,1.149738,0.220184,1.618205,1.491001,1.402193,0.403387,1.069415,1.523102,1.79687,0.732779,-1.674609,-1.404086,-0.709376,-1.356528,1.378716,-1.405026,-0.907326,1.029651,1.699805,1.146243,-1.117538,-1.574162,1.345436,1.299588,0.967214,-1.325358,-1.362881,1.001544,0.402405,0.39374,-1.45396,-1.337014,-0.531706,0.674109,-1.325063,-1.460181,-1.434415,1.156508,-1.041108,-1.592534,-1.402303,-1.143646,1.017125,-0.716039,-1.315228,-1.120025,-0.009559,0.954819,-0.875463,-0.918067,-1.405155,1.791797,0.217238,-0.858943,-1.539206,0.815206,-1.268364,1.27203,-1.545636,-1.134459,1.067556,0.164788,1.159997,1.001253,-1.877756,-1.675256,-1.410579,-1.317243,-0.151865,0.677892,-1.492937,0.822529,-1.485923,1.608453,0.966479,-1.363331,-1.172474,-1.797949,1.577149,1.093878,-1.482729,-1.32502,0.762857,-0.646482,0.612711,1.475929,-0.706164,1.265422,1.34401,1.430947,1.650268,1.026115,1.061901,-1.045576,-0.800012,0.557443,0.4872,0.9295,-0.275281,-1.497888,0.509848,-1.152386,1.330284,1.153849,-1.946422,0.804675,-1.232989,1.330948,1.091411,0.411283,-0.111701,-0.802917,0.937456,1.345846,0.624481,-1.57326,-0.287862,1.584107,1.673776,1.192627,1.527804,1.890967,1.586009,1.655934,1.415434,1.791727,1.801297,0.91541,-1.407359,-1.692644,1.161546,-1.104004,0.842927
299.0,66.0,45.0,10.0,12.0,7173.0,7472.0,-0.840468,-1.147883,-0.504578,2.233058,-0.56353,-0.792082,-1.046975,-1.148559,1.320646,1.660906,-0.896733,-0.738899,-0.820021,1.904356,-0.684739,-0.98928,-1.330606,-1.562189,1.745904,1.523164,-0.884254,-0.829059,-1.584182,1.670119,-0.352834,-1.400868,-1.423252,-0.969206,-0.802396,-0.35247,-1.157489,-1.429933,-1.056098,1.536308,0.541064,-1.351188,-1.388643,-1.45167,1.357538,1.528409,-1.251005,-1.40089,-2.076896,1.162241,1.648918,-1.12065,-1.106727,-2.246944,1.101467,1.808727,-1.122817,-1.353998,-1.782022,0.996759,1.941612,-1.049943,-1.026985,-1.50762,1.399753,0.447564,-0.961654,0.315458,-1.426687,0.021401,1.768239,-1.139262,-0.068172,-1.299299,1.769774,1.898641,-1.595998,-1.418129,-1.280083,1.39213,1.612294,-1.389581,-1.353265,-1.303849,1.431067,1.378064,-1.328339,-1.187651,-1.400393,1.125755,1.681844,-1.243413,-1.109279,-1.413978,0.696213,1.843493,-1.284235,1.074462,0.98674,1.437158,2.143753,-1.338748,-0.269024,-1.525464,1.27163,1.646562,-1.26767,-0.76157,-1.525539,1.296204,1.552444,-1.252159,0.360747,-1.440779,1.172652,1.637529,-0.870379,1.113486,-1.383032,1.45944,1.614511,-1.609797,-1.466826,-0.828815,1.527943,1.283451,-1.589648,-1.483511,0.97581,-1.356046,1.40536,-0.813185,-1.376334,-1.264074,-1.807433,0.750681,-1.281817,-0.713773,-1.564792,-0.197789,1.409733,0.954514,1.268829,-0.87984,1.323546,2.025415,-1.580016,-0.062812,-1.438663,1.39498,1.311405,-1.233005,-0.661488,-1.621256,1.383699,1.363572,-1.500329,1.803243,-1.566184,1.301018,1.481757,-0.748014,1.815816,1.280776,1.309345,1.330357,-1.556066,-0.570008,0.052022,1.260518,1.61231,-1.499134,-1.105839,0.889336,1.526222,1.840563,-1.502465,-0.335993,-1.352139,-0.546024,0.576002,-1.688285,-1.811629,1.159998,-1.802445,1.460153,-1.37914,1.339521,2.135163,-1.434919,1.577686,-1.476902,-1.379991,0.601549,-0.526137,0.979056,-0.720271,1.9559,-1.72763,1.207546,1.40452,2.017938,-0.052891,-1.789467,1.279494,1.384319,1.024364,0.450096,-1.552884,1.190923,1.365883,-1.327962,-1.426355,-1.85216,-0.985613,2.020042,-1.190546,-1.544959,-1.094467,0.038229,1.709865,-1.085415,-0.526949,-1.520805,-1.637801,1.80651,-1.541438,-1.908119,-0.625664,-1.781575,1.583455,-0.987995,-1.299995,0.655544,-1.652258,1.499047,-1.213354,-1.018113,-2.116983,-1.609975,1.758449,-0.610317,-1.119117,-1.930563,-0.884962,1.635215,-0.92048,-0.920521,-1.613474,-1.3167,-0.313425,-1.090144,-1.043349,-1.423414,-0.95619,-0.78369,-1.582251,0.139843,-0.193852,-1.378674,1.629604,-0.106542
66.0,51.0,41.0,2.0,5.0,7472.0,7538.0,-0.840468,-1.147883,-0.504578,2.233058,-0.56353,-0.792082,-1.046975,-1.148559,1.320646,1.660906,-0.896733,-0.738899,-0.820021,1.904356,-0.684739,-0.98928,-1.330606,-1.562189,1.745904,1.523164,-0.884254,-0.829059,-1.584182,1.670119,-0.352834,-1.400868,-1.423252,-0.969206,-0.802396,-0.35247,-1.157489,-1.429933,-1.056098,1.536308,0.541064,-1.351188,-1.388643,-1.45167,1.357538,1.528409,-1.251005,-1.40089,-2.076896,1.162241,1.648918,-1.12065,-1.106727,-2.246944,1.101467,1.808727,-1.122817,-1.353998,-1.782022,0.996759,1.941612,-1.049943,-1.026985,-1.50762,1.399753,0.447564,-0.961654,0.315458,-1.426687,0.021401,1.768239,-1.139262,-0.068172,-1.299299,1.769774,1.898641,-1.595998,-1.418129,-1.280083,1.39213,1.612294,-1.389581,-1.353265,-1.303849,1.431067,1.378064,-1.328339,-1.187651,-1.400393,1.125755,1.681844,-1.243413,-1.109279,-1.413978,0.696213,1.843493,-1.284235,1.074462,0.98674,1.437158,2.143753,-1.338748,-0.269024,-1.525464,1.27163,1.646562,-1.26767,-0.76157,-1.525539,1.296204,1.552444,-1.252159,0.360747,-1.440779,1.172652,1.637529,-0.870379,1.113486,-1.383032,1.45944,1.614511,-1.609797,-1.466826,-0.828815,1.527943,1.283451,-1.589648,-1.483511,0.97581,-1.356046,1.40536,-0.813185,-1.376334,-1.264074,-1.807433,0.750681,-1.281817,-0.713773,-1.564792,-0.197789,1.409733,0.954514,1.268829,-0.87984,1.323546,2.025415,-1.580016,-0.062812,-1.438663,1.39498,1.311405,-1.233005,-0.661488,-1.621256,1.383699,1.363572,-1.500329,1.803243,-1.566184,1.301018,1.481757,-0.748014,1.815816,1.280776,1.309345,1.330357,-1.556066,-0.570008,0.052022,1.260518,1.61231,-1.499134,-1.105839,0.889336,1.526222,1.840563,-1.502465,-0.335993,-1.352139,-0.546024,0.576002,-1.688285,-1.811629,1.159998,-1.802445,1.460153,-1.37914,1.339521,2.135163,-1.434919,1.577686,-1.476902,-1.379991,0.601549,-0.526137,0.979056,-0.720271,1.9559,-1.72763,1.207546,1.40452,2.017938,-0.052891,-1.789467,1.279494,1.384319,1.024364,0.450096,-1.552884,1.190923,1.365883,-1.327962,-1.426355,-1.85216,-0.985613,2.020042,-1.190546,-1.544959,-1.094467,0.038229,1.709865,-1.085415,-0.526949,-1.520805,-1.637801,1.80651,-1.541438,-1.908119,-0.625664,-1.781575,1.583455,-0.987995,-1.299995,0.655544,-1.652258,1.499047,-1.213354,-1.018113,-2.116983,-1.609975,1.758449,-0.610317,-1.119117,-1.930563,-0.884962,1.635215,-0.92048,-0.920521,-1.613474,-1.3167,-0.313425,-1.090144,-1.043349,-1.423414,-0.95619,-0.78369,-1.582251,0.139843,-0.193852,-1.378674,1.629604,-0.106542
166.0,53.8,41.0,12.0,17.0,7538.0,7704.0,-0.840468,-1.147883,-0.504578,2.233058,-0.56353,-0.792082,-1.046975,-1.148559,1.320646,1.660906,-0.896733,-0.738899,-0.820021,1.904356,-0.684739,-0.98928,-1.330606,-1.562189,1.745904,1.523164,-0.884254,-0.829059,-1.584182,1.670119,-0.352834,-1.400868,-1.423252,-0.969206,-0.802396,-0.35247,-1.157489,-1.429933,-1.056098,1.536308,0.541064,-1.351188,-1.388643,-1.45167,1.357538,1.528409,-1.251005,-1.40089,-2.076896,1.162241,1.648918,-1.12065,-1.106727,-2.246944,1.101467,1.808727,-1.122817,-1.353998,-1.782022,0.996759,1.941612,-1.049943,-1.026985,-1.50762,1.399753,0.447564,-0.961654,0.315458,-1.426687,0.021401,1.768239,-1.139262,-0.068172,-1.299299,1.769774,1.898641,-1.595998,-1.418129,-1.280083,1.39213,1.612294,-1.389581,-1.353265,-1.303849,1.431067,1.378064,-1.328339,-1.187651,-1.400393,1.125755,1.681844,-1.243413,-1.109279,-1.413978,0.696213,1.843493,-1.284235,1.074462,0.98674,1.437158,2.143753,-1.338748,-0.269024,-1.525464,1.27163,1.646562,-1.26767,-0.76157,-1.525539,1.296204,1.552444,-1.252159,0.360747,-1.440779,1.172652,1.637529,-0.870379,1.113486,-1.383032,1.45944,1.614511,-1.609797,-1.466826,-0.828815,1.527943,1.283451,-1.589648,-1.483511,0.97581,-1.356046,1.40536,-0.813185,-1.376334,-1.264074,-1.807433,0.750681,-1.281817,-0.713773,-1.564792,-0.197789,1.409733,0.954514,1.268829,-0.87984,1.323546,2.025415,-1.580016,-0.062812,-1.438663,1.39498,1.311405,-1.233005,-0.661488,-1.621256,1.383699,1.363572,-1.500329,1.803243,-1.566184,1.301018,1.481757,-0.748014,1.815816,1.280776,1.309345,1.330357,-1.556066,-0.570008,0.052022,1.260518,1.61231,-1.499134,-1.105839,0.889336,1.526222,1.840563,-1.502465,-0.335993,-1.352139,-0.546024,0.576002,-1.688285,-1.811629,1.159998,-1.802445,1.460153,-1.37914,1.339521,2.135163,-1.434919,1.577686,-1.476902,-1.379991,0.601549,-0.526137,0.979056,-0.720271,1.9559,-1.72763,1.207546,1.40452,2.017938,-0.052891,-1.789467,1.279494,1.384319,1.024364,0.450096,-1.552884,1.190923,1.365883,-1.327962,-1.426355,-1.85216,-0.985613,2.020042,-1.190546,-1.544959,-1.094467,0.038229,1.709865,-1.085415,-0.526949,-1.520805,-1.637801,1.80651,-1.541438,-1.908119,-0.625664,-1.781575,1.583455,-0.987995,-1.299995,0.655544,-1.652258,1.499047,-1.213354,-1.018113,-2.116983,-1.609975,1.758449,-0.610317,-1.119117,-1.930563,-0.884962,1.635215,-0.92048,-0.920521,-1.613474,-1.3167,-0.313425,-1.090144,-1.043349,-1.423414,-0.95619,-0.78369,-1.582251,0.139843,-0.193852,-1.378674,1.629604,-0.106542
398.0,57.2,41.2,25.0,38.0,7704.0,8102.0,-0.840468,-1.147883,-0.504578,2.233058,-0.56353,-0.792082,-1.046975,-1.148559,1.320646,1.660906,-0.896733,-0.738899,-0.820021,1.904356,-0.684739,-0.98928,-1.330606,-1.562189,1.745904,1.523164,-0.884254,-0.829059,-1.584182,1.670119,-0.352834,-1.400868,-1.423252,-0.969206,-0.802396,-0.35247,-1.157489,-1.429933,-1.056098,1.536308,0.541064,-1.351188,-1.388643,-1.45167,1.357538,1.528409,-1.251005,-1.40089,-2.076896,1.162241,1.648918,-1.12065,-1.106727,-2.246944,1.101467,1.808727,-1.122817,-1.353998,-1.782022,0.996759,1.941612,-1.049943,-1.026985,-1.50762,1.399753,0.447564,-0.961654,0.315458,-1.426687,0.021401,1.768239,-1.139262,-0.068172,-1.299299,1.769774,1.898641,-1.595998,-1.418129,-1.280083,1.39213,1.612294,-1.389581,-1.353265,-1.303849,1.431067,1.378064,-1.328339,-1.187651,-1.400393,1.125755,1.681844,-1.243413,-1.109279,-1.413978,0.696213,1.843493,-1.284235,1.074462,0.98674,1.437158,2.143753,-1.338748,-0.269024,-1.525464,1.27163,1.646562,-1.26767,-0.76157,-1.525539,1.296204,1.552444,-1.252159,0.360747,-1.440779,1.172652,1.637529,-0.870379,1.113486,-1.383032,1.45944,1.614511,-1.609797,-1.466826,-0.828815,1.527943,1.283451,-1.589648,-1.483511,0.97581,-1.356046,1.40536,-0.813185,-1.376334,-1.264074,-1.807433,0.750681,-1.281817,-0.713773,-1.564792,-0.197789,1.409733,0.954514,1.268829,-0.87984,1.323546,2.025415,-1.580016,-0.062812,-1.438663,1.39498,1.311405,-1.233005,-0.661488,-1.621256,1.383699,1.363572,-1.500329,1.803243,-1.566184,1.301018,1.481757,-0.748014,1.815816,1.280776,1.309345,1.330357,-1.556066,-0.570008,0.052022,1.260518,1.61231,-1.499134,-1.105839,0.889336,1.526222,1.840563,-1.502465,-0.335993,-1.352139,-0.546024,0.576002,-1.688285,-1.811629,1.159998,-1.802445,1.460153,-1.37914,1.339521,2.135163,-1.434919,1.577686,-1.476902,-1.379991,0.601549,-0.526137,0.979056,-0.720271,1.9559,-1.72763,1.207546,1.40452,2.017938,-0.052891,-1.789467,1.279494,1.384319,1.024364,0.450096,-1.552884,1.190923,1.365883,-1.327962,-1.426355,-1.85216,-0.985613,2.020042,-1.190546,-1.544959,-1.094467,0.038229,1.709865,-1.085415,-0.526949,-1.520805,-1.637801,1.80651,-1.541438,-1.908119,-0.625664,-1.781575,1.583455,-0.987995,-1.299995,0.655544,-1.652258,1.499047,-1.213354,-1.018113,-2.116983,-1.609975,1.758449,-0.610317,-1.119117,-1.930563,-0.884962,1.635215,-0.92048,-0.920521,-1.613474,-1.3167,-0.313425,-1.090144,-1.043349,-1.423414,-0.95619,-0.78369,-1.582251,0.139843,-0.193852,-1.378674,1.629604,-0.106542
100.0,65.7,45.0,10.0,7.0,8102.0,8202.0,-0.840468,-1.147883,-0.504578,2.233058,-0.56353,-0.792082,-1.046975,-1.148559,1.320646,1.660906,-0.896733,-0.738899,-0.820021,1.904356,-0.684739,-0.98928,-1.330606,-1.562189,1.745904,1.523164,-0.884254,-0.829059,-1.584182,1.670119,-0.352834,-1.400868,-1.423252,-0.969206,-0.802396,-0.35247,-1.157489,-1.429933,-1.056098,1.536308,0.541064,-1.351188,-1.388643,-1.45167,1.357538,1.528409,-1.251005,-1.40089,-2.076896,1.162241,1.648918,-1.12065,-1.106727,-2.246944,1.101467,1.808727,-1.122817,-1.353998,-1.782022,0.996759,1.941612,-1.049943,-1.026985,-1.50762,1.399753,0.447564,-0.961654,0.315458,-1.426687,0.021401,1.768239,-1.139262,-0.068172,-1.299299,1.769774,1.898641,-1.595998,-1.418129,-1.280083,1.39213,1.612294,-1.389581,-1.353265,-1.303849,1.431067,1.378064,-1.328339,-1.187651,-1.400393,1.125755,1.681844,-1.243413,-1.109279,-1.413978,0.696213,1.843493,-1.284235,1.074462,0.98674,1.437158,2.143753,-1.338748,-0.269024,-1.525464,1.27163,1.646562,-1.26767,-0.76157,-1.525539,1.296204,1.552444,-1.252159,0.360747,-1.440779,1.172652,1.637529,-0.870379,1.113486,-1.383032,1.45944,1.614511,-1.609797,-1.466826,-0.828815,1.527943,1.283451,-1.589648,-1.483511,0.97581,-1.356046,1.40536,-0.813185,-1.376334,-1.264074,-1.807433,0.750681,-1.281817,-0.713773,-1.564792,-0.197789,1.409733,0.954514,1.268829,-0.87984,1.323546,2.025415,-1.580016,-0.062812,-1.438663,1.39498,1.311405,-1.233005,-0.661488,-1.621256,1.383699,1.363572,-1.500329,1.803243,-1.566184,1.301018,1.481757,-0.748014,1.815816,1.280776,1.309345,1.330357,-1.556066,-0.570008,0.052022,1.260518,1.61231,-1.499134,-1.105839,0.889336,1.526222,1.840563,-1.502465,-0.335993,-1.352139,-0.546024,0.576002,-1.688285,-1.811629,1.159998,-1.802445,1.460153,-1.37914,1.339521,2.135163,-1.434919,1.577686,-1.476902,-1.379991,0.601549,-0.526137,0.979056,-0.720271,1.9559,-1.72763,1.207546,1.40452,2.017938,-0.052891,-1.789467,1.279494,1.384319,1.024364,0.450096,-1.552884,1.190923,1.365883,-1.327962,-1.426355,-1.85216,-0.985613,2.020042,-1.190546,-1.544959,-1.094467,0.038229,1.709865,-1.085415,-0.526949,-1.520805,-1.637801,1.80651,-1.541438,-1.908119,-0.625664,-1.781575,1.583455,-0.987995,-1.299995,0.655544,-1.652258,1.499047,-1.213354,-1.018113,-2.116983,-1.609975,1.758449,-0.610317,-1.119117,-1.930563,-0.884962,1.635215,-0.92048,-0.920521,-1.613474,-1.3167,-0.313425,-1.090144,-1.043349,-1.423414,-0.95619,-0.78369,-1.582251,0.139843,-0.193852,-1.378674,1.629604,-0.106542
365.0,72.6,47.0,10.0,26.0,698.0,1063.0,-0.840468,-1.147883,-0.504578,2.233058,-0.56353,-0.792082,-1.046975,-1.148559,1.320646,1.660906,-0.896733,-0.738899,-0.820021,1.904356,-0.684739,-0.98928,-1.330606,-1.562189,1.745904,1.523164,-0.884254,-0.829059,-1.584182,1.670119,-0.352834,-1.400868,-1.423252,-0.969206,-0.802396,-0.35247,-1.157489,-1.429933,-1.056098,1.536308,0.541064,-1.351188,-1.388643,-1.45167,1.357538,1.528409,-1.251005,-1.40089,-2.076896,1.162241,1.648918,-1.12065,-1.106727,-2.246944,1.101467,1.808727,-1.122817,-1.353998,-1.782022,0.996759,1.941612,-1.049943,-1.026985,-1.50762,1.399753,0.447564,-0.961654,0.315458,-1.426687,0.021401,1.768239,-1.139262,-0.068172,-1.299299,1.769774,1.898641,-1.595998,-1.418129,-1.280083,1.39213,1.612294,-1.389581,-1.353265,-1.303849,1.431067,1.378064,-1.328339,-1.187651,-1.400393,1.125755,1.681844,-1.243413,-1.109279,-1.413978,0.696213,1.843493,-1.284235,1.074462,0.98674,1.437158,2.143753,-1.338748,-0.269024,-1.525464,1.27163,1.646562,-1.26767,-0.76157,-1.525539,1.296204,1.552444,-1.252159,0.360747,-1.440779,1.172652,1.637529,-0.870379,1.113486,-1.383032,1.45944,1.614511,-1.609797,-1.466826,-0.828815,1.527943,1.283451,-1.589648,-1.483511,0.97581,-1.356046,1.40536,-0.813185,-1.376334,-1.264074,-1.807433,0.750681,-1.281817,-0.713773,-1.564792,-0.197789,1.409733,0.954514,1.268829,-0.87984,1.323546,2.025415,-1.580016,-0.062812,-1.438663,1.39498,1.311405,-1.233005,-0.661488,-1.621256,1.383699,1.363572,-1.500329,1.803243,-1.566184,1.301018,1.481757,-0.748014,1.815816,1.280776,1.309345,1.330357,-1.556066,-0.570008,0.052022,1.260518,1.61231,-1.499134,-1.105839,0.889336,1.526222,1.840563,-1.502465,-0.335993,-1.352139,-0.546024,0.576002,-1.688285,-1.811629,1.159998,-1.802445,1.460153,-1.37914,1.339521,2.135163,-1.434919,1.577686,-1.476902,-1.379991,0.601549,-0.526137,0.979056,-0.720271,1.9559,-1.72763,1.207546,1.40452,2.017938,-0.052891,-1.789467,1.279494,1.384319,1.024364,0.450096,-1.552884,1.190923,1.365883,-1.327962,-1.426355,-1.85216,-0.985613,2.020042,-1.190546,-1.544959,-1.094467,0.038229,1.709865,-1.085415,-0.526949,-1.520805,-1.637801,1.80651,-1.541438,-1.908119,-0.625664,-1.781575,1.583455,-0.987995,-1.299995,0.655544,-1.652258,1.499047,-1.213354,-1.018113,-2.116983,-1.609975,1.758449,-0.610317,-1.119117,-1.930563,-0.884962,1.635215,-0.92048,-0.920521,-1.613474,-1.3167,-0.313425,-1.090144,-1.043349,-1.423414,-0.95619,-0.78369,-1.582251,0.139843,-0.193852,-1.378674,1.629604,-0.106542
66.0,66.5,45.0,0.0,15.0,8202.0,8268.0,-0.840468,-1.147883,-0.504578,2.233058,-0.56353,-0.792082,-1.046975,-1.148559,1.320646,1.660906,-0.896733,-0.738899,-0.820021,1.904356,-0.684739,-0.98928,-1.330606,-1.562189,1.745904,1.523164,-0.884254,-0.829059,-1.584182,1.670119,-0.352834,-1.400868,-1.423252,-0.969206,-0.802396,-0.35247,-1.157489,-1.429933,-1.056098,1.536308,0.541064,-1.351188,-1.388643,-1.45167,1.357538,1.528409,-1.251005,-1.40089,-2.076896,1.162241,1.648918,-1.12065,-1.106727,-2.246944,1.101467,1.808727,-1.122817,-1.353998,-1.782022,0.996759,1.941612,-1.049943,-1.026985,-1.50762,1.399753,0.447564,-0.961654,0.315458,-1.426687,0.021401,1.768239,-1.139262,-0.068172,-1.299299,1.769774,1.898641,-1.595998,-1.418129,-1.280083,1.39213,1.612294,-1.389581,-1.353265,-1.303849,1.431067,1.378064,-1.328339,-1.187651,-1.400393,1.125755,1.681844,-1.243413,-1.109279,-1.413978,0.696213,1.843493,-1.284235,1.074462,0.98674,1.437158,2.143753,-1.338748,-0.269024,-1.525464,1.27163,1.646562,-1.26767,-0.76157,-1.525539,1.296204,1.552444,-1.252159,0.360747,-1.440779,1.172652,1.637529,-0.870379,1.113486,-1.383032,1.45944,1.614511,-1.609797,-1.466826,-0.828815,1.527943,1.283451,-1.589648,-1.483511,0.97581,-1.356046,1.40536,-0.813185,-1.376334,-1.264074,-1.807433,0.750681,-1.281817,-0.713773,-1.564792,-0.197789,1.409733,0.954514,1.268829,-0.87984,1.323546,2.025415,-1.580016,-0.062812,-1.438663,1.39498,1.311405,-1.233005,-0.661488,-1.621256,1.383699,1.363572,-1.500329,1.803243,-1.566184,1.301018,1.481757,-0.748014,1.815816,1.280776,1.309345,1.330357,-1.556066,-0.570008,0.052022,1.260518,1.61231,-1.499134,-1.105839,0.889336,1.526222,1.840563,-1.502465,-0.335993,-1.352139,-0.546024,0.576002,-1.688285,-1.811629,1.159998,-1.802445,1.460153,-1.37914,1.339521,2.135163,-1.434919,1.577686,-1.476902,-1.379991,0.601549,-0.526137,0.979056,-0.720271,1.9559,-1.72763,1.207546,1.40452,2.017938,-0.052891,-1.789467,1.279494,1.384319,1.024364,0.450096,-1.552884,1.190923,1.365883,-1.327962,-1.426355,-1.85216,-0.985613,2.020042,-1.190546,-1.544959,-1.094467,0.038229,1.709865,-1.085415,-0.526949,-1.520805,-1.637801,1.80651,-1.541438,-1.908119,-0.625664,-1.781575,1.583455,-0.987995,-1.299995,0.655544,-1.652258,1.499047,-1.213354,-1.018113,-2.116983,-1.609975,1.758449,-0.610317,-1.119117,-1.930563,-0.884962,1.635215,-0.92048,-0.920521,-1.613474,-1.3167,-0.313425,-1.090144,-1.043349,-1.423414,-0.95619,-0.78369,-1.582251,0.139843,-0.193852,-1.378674,1.629604,-0.106542
299.0,69.3,51.0,9.0,14.0,8268.0,8567.0,-0.840468,-1.147883,-0.504578,2.233058,-0.56353,-0.792082,-1.046975,-1.148559,1.320646,1.660906,-0.896733,-0.738899,-0.820021,1.904356,-0.684739,-0.98928,-1.330606,-1.562189,1.745904,1.523164,-0.884254,-0.829059,-1.584182,1.670119,-0.352834,-1.400868,-1.423252,-0.969206,-0.802396,-0.35247,-1.157489,-1.429933,-1.056098,1.536308,0.541064,-1.351188,-1.388643,-1.45167,1.357538,1.528409,-1.251005,-1.40089,-2.076896,1.162241,1.648918,-1.12065,-1.106727,-2.246944,1.101467,1.808727,-1.122817,-1.353998,-1.782022,0.996759,1.941612,-1.049943,-1.026985,-1.50762,1.399753,0.447564,-0.961654,0.315458,-1.426687,0.021401,1.768239,-1.139262,-0.068172,-1.299299,1.769774,1.898641,-1.595998,-1.418129,-1.280083,1.39213,1.612294,-1.389581,-1.353265,-1.303849,1.431067,1.378064,-1.328339,-1.187651,-1.400393,1.125755,1.681844,-1.243413,-1.109279,-1.413978,0.696213,1.843493,-1.284235,1.074462,0.98674,1.437158,2.143753,-1.338748,-0.269024,-1.525464,1.27163,1.646562,-1.26767,-0.76157,-1.525539,1.296204,1.552444,-1.252159,0.360747,-1.440779,1.172652,1.637529,-0.870379,1.113486,-1.383032,1.45944,1.614511,-1.609797,-1.466826,-0.828815,1.527943,1.283451,-1.589648,-1.483511,0.97581,-1.356046,1.40536,-0.813185,-1.376334,-1.264074,-1.807433,0.750681,-1.281817,-0.713773,-1.564792,-0.197789,1.409733,0.954514,1.268829,-0.87984,1.323546,2.025415,-1.580016,-0.062812,-1.438663,1.39498,1.311405,-1.233005,-0.661488,-1.621256,1.383699,1.363572,-1.500329,1.803243,-1.566184,1.301018,1.481757,-0.748014,1.815816,1.280776,1.309345,1.330357,-1.556066,-0.570008,0.052022,1.260518,1.61231,-1.499134,-1.105839,0.889336,1.526222,1.840563,-1.502465,-0.335993,-1.352139,-0.546024,0.576002,-1.688285,-1.811629,1.159998,-1.802445,1.460153,-1.37914,1.339521,2.135163,-1.434919,1.577686,-1.476902,-1.379991,0.601549,-0.526137,0.979056,-0.720271,1.9559,-1.72763,1.207546,1.40452,2.017938,-0.052891,-1.789467,1.279494,1.384319,1.024364,0.450096,-1.552884,1.190923,1.365883,-1.327962,-1.426355,-1.85216,-0.985613,2.020042,-1.190546,-1.544959,-1.094467,0.038229,1.709865,-1.085415,-0.526949,-1.520805,-1.637801,1.80651,-1.541438,-1.908119,-0.625664,-1.781575,1.583455,-0.987995,-1.299995,0.655544,-1.652258,1.499047,-1.213354,-1.018113,-2.116983,-1.609975,1.758449,-0.610317,-1.119117,-1.930563,-0.884962,1.635215,-0.92048,-0.920521,-1.613474,-1.3167,-0.313425,-1.090144,-1.043349,-1.423414,-0.95619,-0.78369,-1.582251,0.139843,-0.193852,-1.378674,1.629604,-0.106542
199.0,68.0,46.8,11.0,8.0,8567.0,8766.0,-0.840468,-1.147883,-0.504578,2.233058,-0.56353,-0.792082,-1.046975,-1.148559,1.320646,1.660906,-0.896733,-0.738899,-0.820021,1.904356,-0.684739,-0.98928,-1.330606,-1.562189,1.745904,1.523164,-0.884254,-0.829059,-1.584182,1.670119,-0.352834,-1.400868,-1.423252,-0.969206,-0.802396,-0.35247,-1.157489,-1.429933,-1.056098,1.536308,0.541064,-1.351188,-1.388643,-1.45167,1.357538,1.528409,-1.251005,-1.40089,-2.076896,1.162241,1.648918,-1.12065,-1.106727,-2.246944,1.101467,1.808727,-1.122817,-1.353998,-1.782022,0.996759,1.941612,-1.049943,-1.026985,-1.50762,1.399753,0.447564,-0.961654,0.315458,-1.426687,0.021401,1.768239,-1.139262,-0.068172,-1.299299,1.769774,1.898641,-1.595998,-1.418129,-1.280083,1.39213,1.612294,-1.389581,-1.353265,-1.303849,1.431067,1.378064,-1.328339,-1.187651,-1.400393,1.125755,1.681844,-1.243413,-1.109279,-1.413978,0.696213,1.843493,-1.284235,1.074462,0.98674,1.437158,2.143753,-1.338748,-0.269024,-1.525464,1.27163,1.646562,-1.26767,-0.76157,-1.525539,1.296204,1.552444,-1.252159,0.360747,-1.440779,1.172652,1.637529,-0.870379,1.113486,-1.383032,1.45944,1.614511,-1.609797,-1.466826,-0.828815,1.527943,1.283451,-1.589648,-1.483511,0.97581,-1.356046,1.40536,-0.813185,-1.376334,-1.264074,-1.807433,0.750681,-1.281817,-0.713773,-1.564792,-0.197789,1.409733,0.954514,1.268829,-0.87984,1.323546,2.025415,-1.580016,-0.062812,-1.438663,1.39498,1.311405,-1.233005,-0.661488,-1.621256,1.383699,1.363572,-1.500329,1.803243,-1.566184,1.301018,1.481757,-0.748014,1.815816,1.280776,1.309345,1.330357,-1.556066,-0.570008,0.052022,1.260518,1.61231,-1.499134,-1.105839,0.889336,1.526222,1.840563,-1.502465,-0.335993,-1.352139,-0.546024,0.576002,-1.688285,-1.811629,1.159998,-1.802445,1.460153,-1.37914,1.339521,2.135163,-1.434919,1.577686,-1.476902,-1.379991,0.601549,-0.526137,0.979056,-0.720271,1.9559,-1.72763,1.207546,1.40452,2.017938,-0.052891,-1.789467,1.279494,1.384319,1.024364,0.450096,-1.552884,1.190923,1.365883,-1.327962,-1.426355,-1.85216,-0.985613,2.020042,-1.190546,-1.544959,-1.094467,0.038229,1.709865,-1.085415,-0.526949,-1.520805,-1.637801,1.80651,-1.541438,-1.908119,-0.625664,-1.781575,1.583455,-0.987995,-1.299995,0.655544,-1.652258,1.499047,-1.213354,-1.018113,-2.116983,-1.609975,1.758449,-0.610317,-1.119117,-1.930563,-0.884962,1.635215,-0.92048,-0.920521,-1.613474,-1.3167,-0.313425,-1.090144,-1.043349,-1.423414,-0.95619,-0.78369,-1.582251,0.139843,-0.193852,-1.378674,1.629604,-0.106542
232.0,69.1,48.1,39.0,12.0,8766.0,8998.0,-0.840468,-1.147883,-0.504578,2.233058,-0.56353,-0.792082,-1.046975,-1.148559,1.320646,1.660906,-0.896733,-0.738899,-0.820021,1.904356,-0.684739,-0.98928,-1.330606,-1.562189,1.745904,1.523164,-0.884254,-0.829059,-1.584182,1.670119,-0.352834,-1.400868,-1.423252,-0.969206,-0.802396,-0.35247,-1.157489,-1.429933,-1.056098,1.536308,0.541064,-1.351188,-1.388643,-1.45167,1.357538,1.528409,-1.251005,-1.40089,-2.076896,1.162241,1.648918,-1.12065,-1.106727,-2.246944,1.101467,1.808727,-1.122817,-1.353998,-1.782022,0.996759,1.941612,-1.049943,-1.026985,-1.50762,1.399753,0.447564,-0.961654,0.315458,-1.426687,0.021401,1.768239,-1.139262,-0.068172,-1.299299,1.769774,1.898641,-1.595998,-1.418129,-1.280083,1.39213,1.612294,-1.389581,-1.353265,-1.303849,1.431067,1.378064,-1.328339,-1.187651,-1.400393,1.125755,1.681844,-1.243413,-1.109279,-1.413978,0.696213,1.843493,-1.284235,1.074462,0.98674,1.437158,2.143753,-1.338748,-0.269024,-1.525464,1.27163,1.646562,-1.26767,-0.76157,-1.525539,1.296204,1.552444,-1.252159,0.360747,-1.440779,1.172652,1.637529,-0.870379,1.113486,-1.383032,1.45944,1.614511,-1.609797,-1.466826,-0.828815,1.527943,1.283451,-1.589648,-1.483511,0.97581,-1.356046,1.40536,-0.813185,-1.376334,-1.264074,-1.807433,0.750681,-1.281817,-0.713773,-1.564792,-0.197789,1.409733,0.954514,1.268829,-0.87984,1.323546,2.025415,-1.580016,-0.062812,-1.438663,1.39498,1.311405,-1.233005,-0.661488,-1.621256,1.383699,1.363572,-1.500329,1.803243,-1.566184,1.301018,1.481757,-0.748014,1.815816,1.280776,1.309345,1.330357,-1.556066,-0.570008,0.052022,1.260518,1.61231,-1.499134,-1.105839,0.889336,1.526222,1.840563,-1.502465,-0.335993,-1.352139,-0.546024,0.576002,-1.688285,-1.811629,1.159998,-1.802445,1.460153,-1.37914,1.339521,2.135163,-1.434919,1.577686,-1.476902,-1.379991,0.601549,-0.526137,0.979056,-0.720271,1.9559,-1.72763,1.207546,1.40452,2.017938,-0.052891,-1.789467,1.279494,1.384319,1.024364,0.450096,-1.552884,1.190923,1.365883,-1.327962,-1.426355,-1.85216,-0.985613,2.020042,-1.190546,-1.544959,-1.094467,0.038229,1.709865,-1.085415,-0.526949,-1.520805,-1.637801,1.80651,-1.541438,-1.908119,-0.625664,-1.781575,1.583455,-0.987995,-1.299995,0.655544,-1.652258,1.499047,-1.213354,-1.018113,-2.116983,-1.609975,1.758449,-0.610317,-1.119117,-1.930563,-0.884962,1.635215,-0.92048,-0.920521,-1.613474,-1.3167,-0.313425,-1.090144,-1.043349,-1.423414,-0.95619,-0.78369,-1.582251,0.139843,-0.193852,-1.378674,1.629604,-0.106542
99.0,68.7,49.3,18.0,18.0,8998.0,9097.0,-0.840468,-1.147883,-0.504578,2.233058,-0.56353,-0.792082,-1.046975,-1.148559,1.320646,1.660906,-0.896733,-0.738899,-0.820021,1.904356,-0.684739,-0.98928,-1.330606,-1.562189,1.745904,1.523164,-0.884254,-0.829059,-1.584182,1.670119,-0.352834,-1.400868,-1.423252,-0.969206,-0.802396,-0.35247,-1.157489,-1.429933,-1.056098,1.536308,0.541064,-1.351188,-1.388643,-1.45167,1.357538,1.528409,-1.251005,-1.40089,-2.076896,1.162241,1.648918,-1.12065,-1.106727,-2.246944,1.101467,1.808727,-1.122817,-1.353998,-1.782022,0.996759,1.941612,-1.049943,-1.026985,-1.50762,1.399753,0.447564,-0.961654,0.315458,-1.426687,0.021401,1.768239,-1.139262,-0.068172,-1.299299,1.769774,1.898641,-1.595998,-1.418129,-1.280083,1.39213,1.612294,-1.389581,-1.353265,-1.303849,1.431067,1.378064,-1.328339,-1.187651,-1.400393,1.125755,1.681844,-1.243413,-1.109279,-1.413978,0.696213,1.843493,-1.284235,1.074462,0.98674,1.437158,2.143753,-1.338748,-0.269024,-1.525464,1.27163,1.646562,-1.26767,-0.76157,-1.525539,1.296204,1.552444,-1.252159,0.360747,-1.440779,1.172652,1.637529,-0.870379,1.113486,-1.383032,1.45944,1.614511,-1.609797,-1.466826,-0.828815,1.527943,1.283451,-1.589648,-1.483511,0.97581,-1.356046,1.40536,-0.813185,-1.376334,-1.264074,-1.807433,0.750681,-1.281817,-0.713773,-1.564792,-0.197789,1.409733,0.954514,1.268829,-0.87984,1.323546,2.025415,-1.580016,-0.062812,-1.438663,1.39498,1.311405,-1.233005,-0.661488,-1.621256,1.383699,1.363572,-1.500329,1.803243,-1.566184,1.301018,1.481757,-0.748014,1.815816,1.280776,1.309345,1.330357,-1.556066,-0.570008,0.052022,1.260518,1.61231,-1.499134,-1.105839,0.889336,1.526222,1.840563,-1.502465,-0.335993,-1.352139,-0.546024,0.576002,-1.688285,-1.811629,1.159998,-1.802445,1.460153,-1.37914,1.339521,2.135163,-1.434919,1.577686,-1.476902,-1.379991,0.601549,-0.526137,0.979056,-0.720271,1.9559,-1.72763,1.207546,1.40452,2.017938,-0.052891,-1.789467,1.279494,1.384319,1.024364,0.450096,-1.552884,1.190923,1.365883,-1.327962,-1.426355,-1.85216,-0.985613,2.020042,-1.190546,-1.544959,-1.094467,0.038229,1.709865,-1.085415,-0.526949,-1.520805,-1.637801,1.80651,-1.541438,-1.908119,-0.625664,-1.781575,1.583455,-0.987995,-1.299995,0.655544,-1.652258,1.499047,-1.213354,-1.018113,-2.116983,-1.609975,1.758449,-0.610317,-1.119117,-1.930563,-0.884962,1.635215,-0.92048,-0.920521,-1.613474,-1.3167,-0.313425,-1.090144,-1.043349,-1.423414,-0.95619,-0.78369,-1.582251,0.139843,-0.193852,-1.378674,1.629604,-0.106542
99.0,62.3,47.0,10.0,121.0,9097.0,9196.0,1.690827,1.546943,1.665794,-0.154331,1.150175,1.687468,1.598971,1.476317,-1.449587,-0.958445,1.61148,1.638386,1.507292,-0.881268,1.371347,1.691053,1.499673,1.387151,-1.142093,-0.233895,1.624631,1.630259,1.309522,-0.962034,1.322254,1.510529,1.432534,1.590084,1.660511,1.671756,1.644483,1.447146,1.472131,0.920559,1.201695,1.553134,1.454862,1.371688,-1.077123,-0.765248,1.581889,1.466355,1.1874,-1.373751,-0.801307,1.612313,1.544093,1.047687,-1.338971,-0.577756,1.596429,1.498812,1.317362,-1.338803,-0.258912,1.586714,1.502911,1.245395,-1.085132,1.154874,1.513888,1.409094,1.235184,-1.747229,-0.805978,1.420053,1.442665,1.284299,-1.16415,-0.696532,1.346344,1.41481,1.38829,-1.427283,-1.340528,1.500458,1.429802,1.411254,-1.356596,-1.430594,1.53913,1.518595,1.392274,-1.343256,-1.154465,1.531557,1.500512,1.511719,-1.488654,-0.868552,1.494939,-1.317336,0.469531,-1.293009,-0.310421,1.43232,1.442274,1.386365,-1.198651,-1.228228,1.453272,1.467121,1.251636,-1.229471,-1.243145,1.307892,1.174057,1.09499,-1.512675,-1.142229,1.286844,0.967467,1.027122,-1.405156,-1.142316,1.203726,1.416777,1.624403,-1.284904,-1.443805,1.406325,1.365616,1.17101,1.060696,0.183151,1.600442,1.454131,1.364767,0.404743,1.077544,1.513881,1.749465,0.734133,-1.642804,-1.39852,-0.713381,-1.365492,1.30083,-1.39062,-0.902939,1.027092,1.625932,1.137421,-1.102768,-1.540705,1.327763,1.274353,0.957414,-1.308766,-1.34275,0.997066,0.353166,0.418059,-1.432079,-1.32176,-0.509381,0.636939,-1.300825,-1.440897,-1.419668,1.142552,-1.067737,-1.599756,-1.410936,-1.139149,1.019664,-0.723682,-1.364829,-1.13485,-0.063234,0.956414,-0.877821,-0.944649,-1.459852,1.706284,0.32031,-0.822348,-1.525018,0.82482,-1.254052,1.274231,-1.51282,-1.13201,1.071733,0.195676,1.171788,0.993747,-1.861022,-1.630182,-1.391,-1.232738,-0.174786,0.669723,-1.479233,0.734692,-1.448269,1.534757,0.946031,-1.360999,-1.183018,-1.759148,1.5119,1.076562,-1.468219,-1.319484,0.759593,-0.67078,0.590331,1.409518,-0.728504,1.227773,1.29984,1.390028,1.589579,0.944759,1.045642,-1.057683,-0.811148,0.369389,0.41745,0.933262,-0.252173,-1.467381,0.506276,-1.150262,1.330629,1.150997,-1.901136,0.807667,-1.231688,1.339269,1.090645,0.397173,-0.103947,-0.821752,0.980873,1.32397,0.609276,-1.556551,-0.365869,1.545852,1.615484,1.15762,1.464231,1.794437,1.542343,1.603816,1.37429,1.707763,1.728581,0.916819,-1.41095,-1.680269,1.142989,-1.108068,0.838999
166.0,71.4,49.8,5.0,18.0,9196.0,9362.0,-0.840468,-1.147883,-0.504578,2.233058,-0.56353,-0.792082,-1.046975,-1.148559,1.320646,1.660906,-0.896733,-0.738899,-0.820021,1.904356,-0.684739,-0.98928,-1.330606,-1.562189,1.745904,1.523164,-0.884254,-0.829059,-1.584182,1.670119,-0.352834,-1.400868,-1.423252,-0.969206,-0.802396,-0.35247,-1.157489,-1.429933,-1.056098,1.536308,0.541064,-1.351188,-1.388643,-1.45167,1.357538,1.528409,-1.251005,-1.40089,-2.076896,1.162241,1.648918,-1.12065,-1.106727,-2.246944,1.101467,1.808727,-1.122817,-1.353998,-1.782022,0.996759,1.941612,-1.049943,-1.026985,-1.50762,1.399753,0.447564,-0.961654,0.315458,-1.426687,0.021401,1.768239,-1.139262,-0.068172,-1.299299,1.769774,1.898641,-1.595998,-1.418129,-1.280083,1.39213,1.612294,-1.389581,-1.353265,-1.303849,1.431067,1.378064,-1.328339,-1.187651,-1.400393,1.125755,1.681844,-1.243413,-1.109279,-1.413978,0.696213,1.843493,-1.284235,1.074462,0.98674,1.437158,2.143753,-1.338748,-0.269024,-1.525464,1.27163,1.646562,-1.26767,-0.76157,-1.525539,1.296204,1.552444,-1.252159,0.360747,-1.440779,1.172652,1.637529,-0.870379,1.113486,-1.383032,1.45944,1.614511,-1.609797,-1.466826,-0.828815,1.527943,1.283451,-1.589648,-1.483511,0.97581,-1.356046,1.40536,-0.813185,-1.376334,-1.264074,-1.807433,0.750681,-1.281817,-0.713773,-1.564792,-0.197789,1.409733,0.954514,1.268829,-0.87984,1.323546,2.025415,-1.580016,-0.062812,-1.438663,1.39498,1.311405,-1.233005,-0.661488,-1.621256,1.383699,1.363572,-1.500329,1.803243,-1.566184,1.301018,1.481757,-0.748014,1.815816,1.280776,1.309345,1.330357,-1.556066,-0.570008,0.052022,1.260518,1.61231,-1.499134,-1.105839,0.889336,1.526222,1.840563,-1.502465,-0.335993,-1.352139,-0.546024,0.576002,-1.688285,-1.811629,1.159998,-1.802445,1.460153,-1.37914,1.339521,2.135163,-1.434919,1.577686,-1.476902,-1.379991,0.601549,-0.526137,0.979056,-0.720271,1.9559,-1.72763,1.207546,1.40452,2.017938,-0.052891,-1.789467,1.279494,1.384319,1.024364,0.450096,-1.552884,1.190923,1.365883,-1.327962,-1.426355,-1.85216,-0.985613,2.020042,-1.190546,-1.544959,-1.094467,0.038229,1.709865,-1.085415,-0.526949,-1.520805,-1.637801,1.80651,-1.541438,-1.908119,-0.625664,-1.781575,1.583455,-0.987995,-1.299995,0.655544,-1.652258,1.499047,-1.213354,-1.018113,-2.116983,-1.609975,1.758449,-0.610317,-1.119117,-1.930563,-0.884962,1.635215,-0.92048,-0.920521,-1.613474,-1.3167,-0.313425,-1.090144,-1.043349,-1.423414,-0.95619,-0.78369,-1.582251,0.139843,-0.193852,-1.378674,1.629604,-0.106542
65.0,68.5,46.0,2.0,10.0,9362.0,9427.0,-0.840468,-1.147883,-0.504578,2.233058,-0.56353,-0.792082,-1.046975,-1.148559,1.320646,1.660906,-0.896733,-0.738899,-0.820021,1.904356,-0.684739,-0.98928,-1.330606,-1.562189,1.745904,1.523164,-0.884254,-0.829059,-1.584182,1.670119,-0.352834,-1.400868,-1.423252,-0.969206,-0.802396,-0.35247,-1.157489,-1.429933,-1.056098,1.536308,0.541064,-1.351188,-1.388643,-1.45167,1.357538,1.528409,-1.251005,-1.40089,-2.076896,1.162241,1.648918,-1.12065,-1.106727,-2.246944,1.101467,1.808727,-1.122817,-1.353998,-1.782022,0.996759,1.941612,-1.049943,-1.026985,-1.50762,1.399753,0.447564,-0.961654,0.315458,-1.426687,0.021401,1.768239,-1.139262,-0.068172,-1.299299,1.769774,1.898641,-1.595998,-1.418129,-1.280083,1.39213,1.612294,-1.389581,-1.353265,-1.303849,1.431067,1.378064,-1.328339,-1.187651,-1.400393,1.125755,1.681844,-1.243413,-1.109279,-1.413978,0.696213,1.843493,-1.284235,1.074462,0.98674,1.437158,2.143753,-1.338748,-0.269024,-1.525464,1.27163,1.646562,-1.26767,-0.76157,-1.525539,1.296204,1.552444,-1.252159,0.360747,-1.440779,1.172652,1.637529,-0.870379,1.113486,-1.383032,1.45944,1.614511,-1.609797,-1.466826,-0.828815,1.527943,1.283451,-1.589648,-1.483511,0.97581,-1.356046,1.40536,-0.813185,-1.376334,-1.264074,-1.807433,0.750681,-1.281817,-0.713773,-1.564792,-0.197789,1.409733,0.954514,1.268829,-0.87984,1.323546,2.025415,-1.580016,-0.062812,-1.438663,1.39498,1.311405,-1.233005,-0.661488,-1.621256,1.383699,1.363572,-1.500329,1.803243,-1.566184,1.301018,1.481757,-0.748014,1.815816,1.280776,1.309345,1.330357,-1.556066,-0.570008,0.052022,1.260518,1.61231,-1.499134,-1.105839,0.889336,1.526222,1.840563,-1.502465,-0.335993,-1.352139,-0.546024,0.576002,-1.688285,-1.811629,1.159998,-1.802445,1.460153,-1.37914,1.339521,2.135163,-1.434919,1.577686,-1.476902,-1.379991,0.601549,-0.526137,0.979056,-0.720271,1.9559,-1.72763,1.207546,1.40452,2.017938,-0.052891,-1.789467,1.279494,1.384319,1.024364,0.450096,-1.552884,1.190923,1.365883,-1.327962,-1.426355,-1.85216,-0.985613,2.020042,-1.190546,-1.544959,-1.094467,0.038229,1.709865,-1.085415,-0.526949,-1.520805,-1.637801,1.80651,-1.541438,-1.908119,-0.625664,-1.781575,1.583455,-0.987995,-1.299995,0.655544,-1.652258,1.499047,-1.213354,-1.018113,-2.116983,-1.609975,1.758449,-0.610317,-1.119117,-1.930563,-0.884962,1.635215,-0.92048,-0.920521,-1.613474,-1.3167,-0.313425,-1.090144,-1.043349,-1.423414,-0.95619,-0.78369,-1.582251,0.139843,-0.193852,-1.378674,1.629604,-0.106542
67.0,69.5,47.0,2.0,7.0,9427.0,9494.0,-0.840468,-1.147883,-0.504578,2.233058,-0.56353,-0.792082,-1.046975,-1.148559,1.320646,1.660906,-0.896733,-0.738899,-0.820021,1.904356,-0.684739,-0.98928,-1.330606,-1.562189,1.745904,1.523164,-0.884254,-0.829059,-1.584182,1.670119,-0.352834,-1.400868,-1.423252,-0.969206,-0.802396,-0.35247,-1.157489,-1.429933,-1.056098,1.536308,0.541064,-1.351188,-1.388643,-1.45167,1.357538,1.528409,-1.251005,-1.40089,-2.076896,1.162241,1.648918,-1.12065,-1.106727,-2.246944,1.101467,1.808727,-1.122817,-1.353998,-1.782022,0.996759,1.941612,-1.049943,-1.026985,-1.50762,1.399753,0.447564,-0.961654,0.315458,-1.426687,0.021401,1.768239,-1.139262,-0.068172,-1.299299,1.769774,1.898641,-1.595998,-1.418129,-1.280083,1.39213,1.612294,-1.389581,-1.353265,-1.303849,1.431067,1.378064,-1.328339,-1.187651,-1.400393,1.125755,1.681844,-1.243413,-1.109279,-1.413978,0.696213,1.843493,-1.284235,1.074462,0.98674,1.437158,2.143753,-1.338748,-0.269024,-1.525464,1.27163,1.646562,-1.26767,-0.76157,-1.525539,1.296204,1.552444,-1.252159,0.360747,-1.440779,1.172652,1.637529,-0.870379,1.113486,-1.383032,1.45944,1.614511,-1.609797,-1.466826,-0.828815,1.527943,1.283451,-1.589648,-1.483511,0.97581,-1.356046,1.40536,-0.813185,-1.376334,-1.264074,-1.807433,0.750681,-1.281817,-0.713773,-1.564792,-0.197789,1.409733,0.954514,1.268829,-0.87984,1.323546,2.025415,-1.580016,-0.062812,-1.438663,1.39498,1.311405,-1.233005,-0.661488,-1.621256,1.383699,1.363572,-1.500329,1.803243,-1.566184,1.301018,1.481757,-0.748014,1.815816,1.280776,1.309345,1.330357,-1.556066,-0.570008,0.052022,1.260518,1.61231,-1.499134,-1.105839,0.889336,1.526222,1.840563,-1.502465,-0.335993,-1.352139,-0.546024,0.576002,-1.688285,-1.811629,1.159998,-1.802445,1.460153,-1.37914,1.339521,2.135163,-1.434919,1.577686,-1.476902,-1.379991,0.601549,-0.526137,0.979056,-0.720271,1.9559,-1.72763,1.207546,1.40452,2.017938,-0.052891,-1.789467,1.279494,1.384319,1.024364,0.450096,-1.552884,1.190923,1.365883,-1.327962,-1.426355,-1.85216,-0.985613,2.020042,-1.190546,-1.544959,-1.094467,0.038229,1.709865,-1.085415,-0.526949,-1.520805,-1.637801,1.80651,-1.541438,-1.908119,-0.625664,-1.781575,1.583455,-0.987995,-1.299995,0.655544,-1.652258,1.499047,-1.213354,-1.018113,-2.116983,-1.609975,1.758449,-0.610317,-1.119117,-1.930563,-0.884962,1.635215,-0.92048,-0.920521,-1.613474,-1.3167,-0.313425,-1.090144,-1.043349,-1.423414,-0.95619,-0.78369,-1.582251,0.139843,-0.193852,-1.378674,1.629604,-0.106542
166.0,55.0,44.2,7.0,12.0,9494.0,9660.0,-0.840468,-1.147883,-0.504578,2.233058,-0.56353,-0.792082,-1.046975,-1.148559,1.320646,1.660906,-0.896733,-0.738899,-0.820021,1.904356,-0.684739,-0.98928,-1.330606,-1.562189,1.745904,1.523164,-0.884254,-0.829059,-1.584182,1.670119,-0.352834,-1.400868,-1.423252,-0.969206,-0.802396,-0.35247,-1.157489,-1.429933,-1.056098,1.536308,0.541064,-1.351188,-1.388643,-1.45167,1.357538,1.528409,-1.251005,-1.40089,-2.076896,1.162241,1.648918,-1.12065,-1.106727,-2.246944,1.101467,1.808727,-1.122817,-1.353998,-1.782022,0.996759,1.941612,-1.049943,-1.026985,-1.50762,1.399753,0.447564,-0.961654,0.315458,-1.426687,0.021401,1.768239,-1.139262,-0.068172,-1.299299,1.769774,1.898641,-1.595998,-1.418129,-1.280083,1.39213,1.612294,-1.389581,-1.353265,-1.303849,1.431067,1.378064,-1.328339,-1.187651,-1.400393,1.125755,1.681844,-1.243413,-1.109279,-1.413978,0.696213,1.843493,-1.284235,1.074462,0.98674,1.437158,2.143753,-1.338748,-0.269024,-1.525464,1.27163,1.646562,-1.26767,-0.76157,-1.525539,1.296204,1.552444,-1.252159,0.360747,-1.440779,1.172652,1.637529,-0.870379,1.113486,-1.383032,1.45944,1.614511,-1.609797,-1.466826,-0.828815,1.527943,1.283451,-1.589648,-1.483511,0.97581,-1.356046,1.40536,-0.813185,-1.376334,-1.264074,-1.807433,0.750681,-1.281817,-0.713773,-1.564792,-0.197789,1.409733,0.954514,1.268829,-0.87984,1.323546,2.025415,-1.580016,-0.062812,-1.438663,1.39498,1.311405,-1.233005,-0.661488,-1.621256,1.383699,1.363572,-1.500329,1.803243,-1.566184,1.301018,1.481757,-0.748014,1.815816,1.280776,1.309345,1.330357,-1.556066,-0.570008,0.052022,1.260518,1.61231,-1.499134,-1.105839,0.889336,1.526222,1.840563,-1.502465,-0.335993,-1.352139,-0.546024,0.576002,-1.688285,-1.811629,1.159998,-1.802445,1.460153,-1.37914,1.339521,2.135163,-1.434919,1.577686,-1.476902,-1.379991,0.601549,-0.526137,0.979056,-0.720271,1.9559,-1.72763,1.207546,1.40452,2.017938,-0.052891,-1.789467,1.279494,1.384319,1.024364,0.450096,-1.552884,1.190923,1.365883,-1.327962,-1.426355,-1.85216,-0.985613,2.020042,-1.190546,-1.544959,-1.094467,0.038229,1.709865,-1.085415,-0.526949,-1.520805,-1.637801,1.80651,-1.541438,-1.908119,-0.625664,-1.781575,1.583455,-0.987995,-1.299995,0.655544,-1.652258,1.499047,-1.213354,-1.018113,-2.116983,-1.609975,1.758449,-0.610317,-1.119117,-1.930563,-0.884962,1.635215,-0.92048,-0.920521,-1.613474,-1.3167,-0.313425,-1.090144,-1.043349,-1.423414,-0.95619,-0.78369,-1.582251,0.139843,-0.193852,-1.378674,1.629604,-0.106542
100.0,69.7,46.7,2.0,6.0,1063.0,1163.0,-0.840468,-1.147883,-0.504578,2.233058,-0.56353,-0.792082,-1.046975,-1.148559,1.320646,1.660906,-0.896733,-0.738899,-0.820021,1.904356,-0.684739,-0.98928,-1.330606,-1.562189,1.745904,1.523164,-0.884254,-0.829059,-1.584182,1.670119,-0.352834,-1.400868,-1.423252,-0.969206,-0.802396,-0.35247,-1.157489,-1.429933,-1.056098,1.536308,0.541064,-1.351188,-1.388643,-1.45167,1.357538,1.528409,-1.251005,-1.40089,-2.076896,1.162241,1.648918,-1.12065,-1.106727,-2.246944,1.101467,1.808727,-1.122817,-1.353998,-1.782022,0.996759,1.941612,-1.049943,-1.026985,-1.50762,1.399753,0.447564,-0.961654,0.315458,-1.426687,0.021401,1.768239,-1.139262,-0.068172,-1.299299,1.769774,1.898641,-1.595998,-1.418129,-1.280083,1.39213,1.612294,-1.389581,-1.353265,-1.303849,1.431067,1.378064,-1.328339,-1.187651,-1.400393,1.125755,1.681844,-1.243413,-1.109279,-1.413978,0.696213,1.843493,-1.284235,1.074462,0.98674,1.437158,2.143753,-1.338748,-0.269024,-1.525464,1.27163,1.646562,-1.26767,-0.76157,-1.525539,1.296204,1.552444,-1.252159,0.360747,-1.440779,1.172652,1.637529,-0.870379,1.113486,-1.383032,1.45944,1.614511,-1.609797,-1.466826,-0.828815,1.527943,1.283451,-1.589648,-1.483511,0.97581,-1.356046,1.40536,-0.813185,-1.376334,-1.264074,-1.807433,0.750681,-1.281817,-0.713773,-1.564792,-0.197789,1.409733,0.954514,1.268829,-0.87984,1.323546,2.025415,-1.580016,-0.062812,-1.438663,1.39498,1.311405,-1.233005,-0.661488,-1.621256,1.383699,1.363572,-1.500329,1.803243,-1.566184,1.301018,1.481757,-0.748014,1.815816,1.280776,1.309345,1.330357,-1.556066,-0.570008,0.052022,1.260518,1.61231,-1.499134,-1.105839,0.889336,1.526222,1.840563,-1.502465,-0.335993,-1.352139,-0.546024,0.576002,-1.688285,-1.811629,1.159998,-1.802445,1.460153,-1.37914,1.339521,2.135163,-1.434919,1.577686,-1.476902,-1.379991,0.601549,-0.526137,0.979056,-0.720271,1.9559,-1.72763,1.207546,1.40452,2.017938,-0.052891,-1.789467,1.279494,1.384319,1.024364,0.450096,-1.552884,1.190923,1.365883,-1.327962,-1.426355,-1.85216,-0.985613,2.020042,-1.190546,-1.544959,-1.094467,0.038229,1.709865,-1.085415,-0.526949,-1.520805,-1.637801,1.80651,-1.541438,-1.908119,-0.625664,-1.781575,1.583455,-0.987995,-1.299995,0.655544,-1.652258,1.499047,-1.213354,-1.018113,-2.116983,-1.609975,1.758449,-0.610317,-1.119117,-1.930563,-0.884962,1.635215,-0.92048,-0.920521,-1.613474,-1.3167,-0.313425,-1.090144,-1.043349,-1.423414,-0.95619,-0.78369,-1.582251,0.139843,-0.193852,-1.378674,1.629604,-0.106542
166.0,85.8,58.0,7.0,22.0,9660.0,9826.0,-0.840468,-1.147883,-0.504578,2.233058,-0.56353,-0.792082,-1.046975,-1.148559,1.320646,1.660906,-0.896733,-0.738899,-0.820021,1.904356,-0.684739,-0.98928,-1.330606,-1.562189,1.745904,1.523164,-0.884254,-0.829059,-1.584182,1.670119,-0.352834,-1.400868,-1.423252,-0.969206,-0.802396,-0.35247,-1.157489,-1.429933,-1.056098,1.536308,0.541064,-1.351188,-1.388643,-1.45167,1.357538,1.528409,-1.251005,-1.40089,-2.076896,1.162241,1.648918,-1.12065,-1.106727,-2.246944,1.101467,1.808727,-1.122817,-1.353998,-1.782022,0.996759,1.941612,-1.049943,-1.026985,-1.50762,1.399753,0.447564,-0.961654,0.315458,-1.426687,0.021401,1.768239,-1.139262,-0.068172,-1.299299,1.769774,1.898641,-1.595998,-1.418129,-1.280083,1.39213,1.612294,-1.389581,-1.353265,-1.303849,1.431067,1.378064,-1.328339,-1.187651,-1.400393,1.125755,1.681844,-1.243413,-1.109279,-1.413978,0.696213,1.843493,-1.284235,1.074462,0.98674,1.437158,2.143753,-1.338748,-0.269024,-1.525464,1.27163,1.646562,-1.26767,-0.76157,-1.525539,1.296204,1.552444,-1.252159,0.360747,-1.440779,1.172652,1.637529,-0.870379,1.113486,-1.383032,1.45944,1.614511,-1.609797,-1.466826,-0.828815,1.527943,1.283451,-1.589648,-1.483511,0.97581,-1.356046,1.40536,-0.813185,-1.376334,-1.264074,-1.807433,0.750681,-1.281817,-0.713773,-1.564792,-0.197789,1.409733,0.954514,1.268829,-0.87984,1.323546,2.025415,-1.580016,-0.062812,-1.438663,1.39498,1.311405,-1.233005,-0.661488,-1.621256,1.383699,1.363572,-1.500329,1.803243,-1.566184,1.301018,1.481757,-0.748014,1.815816,1.280776,1.309345,1.330357,-1.556066,-0.570008,0.052022,1.260518,1.61231,-1.499134,-1.105839,0.889336,1.526222,1.840563,-1.502465,-0.335993,-1.352139,-0.546024,0.576002,-1.688285,-1.811629,1.159998,-1.802445,1.460153,-1.37914,1.339521,2.135163,-1.434919,1.577686,-1.476902,-1.379991,0.601549,-0.526137,0.979056,-0.720271,1.9559,-1.72763,1.207546,1.40452,2.017938,-0.052891,-1.789467,1.279494,1.384319,1.024364,0.450096,-1.552884,1.190923,1.365883,-1.327962,-1.426355,-1.85216,-0.985613,2.020042,-1.190546,-1.544959,-1.094467,0.038229,1.709865,-1.085415,-0.526949,-1.520805,-1.637801,1.80651,-1.541438,-1.908119,-0.625664,-1.781575,1.583455,-0.987995,-1.299995,0.655544,-1.652258,1.499047,-1.213354,-1.018113,-2.116983,-1.609975,1.758449,-0.610317,-1.119117,-1.930563,-0.884962,1.635215,-0.92048,-0.920521,-1.613474,-1.3167,-0.313425,-1.090144,-1.043349,-1.423414,-0.95619,-0.78369,-1.582251,0.139843,-0.193852,-1.378674,1.629604,-0.106542
100.0,83.7,57.7,1.0,2.0,9826.0,9926.0,-0.840468,-1.147883,-0.504578,2.233058,-0.56353,-0.792082,-1.046975,-1.148559,1.320646,1.660906,-0.896733,-0.738899,-0.820021,1.904356,-0.684739,-0.98928,-1.330606,-1.562189,1.745904,1.523164,-0.884254,-0.829059,-1.584182,1.670119,-0.352834,-1.400868,-1.423252,-0.969206,-0.802396,-0.35247,-1.157489,-1.429933,-1.056098,1.536308,0.541064,-1.351188,-1.388643,-1.45167,1.357538,1.528409,-1.251005,-1.40089,-2.076896,1.162241,1.648918,-1.12065,-1.106727,-2.246944,1.101467,1.808727,-1.122817,-1.353998,-1.782022,0.996759,1.941612,-1.049943,-1.026985,-1.50762,1.399753,0.447564,-0.961654,0.315458,-1.426687,0.021401,1.768239,-1.139262,-0.068172,-1.299299,1.769774,1.898641,-1.595998,-1.418129,-1.280083,1.39213,1.612294,-1.389581,-1.353265,-1.303849,1.431067,1.378064,-1.328339,-1.187651,-1.400393,1.125755,1.681844,-1.243413,-1.109279,-1.413978,0.696213,1.843493,-1.284235,1.074462,0.98674,1.437158,2.143753,-1.338748,-0.269024,-1.525464,1.27163,1.646562,-1.26767,-0.76157,-1.525539,1.296204,1.552444,-1.252159,0.360747,-1.440779,1.172652,1.637529,-0.870379,1.113486,-1.383032,1.45944,1.614511,-1.609797,-1.466826,-0.828815,1.527943,1.283451,-1.589648,-1.483511,0.97581,-1.356046,1.40536,-0.813185,-1.376334,-1.264074,-1.807433,0.750681,-1.281817,-0.713773,-1.564792,-0.197789,1.409733,0.954514,1.268829,-0.87984,1.323546,2.025415,-1.580016,-0.062812,-1.438663,1.39498,1.311405,-1.233005,-0.661488,-1.621256,1.383699,1.363572,-1.500329,1.803243,-1.566184,1.301018,1.481757,-0.748014,1.815816,1.280776,1.309345,1.330357,-1.556066,-0.570008,0.052022,1.260518,1.61231,-1.499134,-1.105839,0.889336,1.526222,1.840563,-1.502465,-0.335993,-1.352139,-0.546024,0.576002,-1.688285,-1.811629,1.159998,-1.802445,1.460153,-1.37914,1.339521,2.135163,-1.434919,1.577686,-1.476902,-1.379991,0.601549,-0.526137,0.979056,-0.720271,1.9559,-1.72763,1.207546,1.40452,2.017938,-0.052891,-1.789467,1.279494,1.384319,1.024364,0.450096,-1.552884,1.190923,1.365883,-1.327962,-1.426355,-1.85216,-0.985613,2.020042,-1.190546,-1.544959,-1.094467,0.038229,1.709865,-1.085415,-0.526949,-1.520805,-1.637801,1.80651,-1.541438,-1.908119,-0.625664,-1.781575,1.583455,-0.987995,-1.299995,0.655544,-1.652258,1.499047,-1.213354,-1.018113,-2.116983,-1.609975,1.758449,-0.610317,-1.119117,-1.930563,-0.884962,1.635215,-0.92048,-0.920521,-1.613474,-1.3167,-0.313425,-1.090144,-1.043349,-1.423414,-0.95619,-0.78369,-1.582251,0.139843,-0.193852,-1.378674,1.629604,-0.106542
498.0,81.1,53.1,5.0,13.0,9926.0,10424.0,-0.840468,-1.147883,-0.504578,2.233058,-0.56353,-0.792082,-1.046975,-1.148559,1.320646,1.660906,-0.896733,-0.738899,-0.820021,1.904356,-0.684739,-0.98928,-1.330606,-1.562189,1.745904,1.523164,-0.884254,-0.829059,-1.584182,1.670119,-0.352834,-1.400868,-1.423252,-0.969206,-0.802396,-0.35247,-1.157489,-1.429933,-1.056098,1.536308,0.541064,-1.351188,-1.388643,-1.45167,1.357538,1.528409,-1.251005,-1.40089,-2.076896,1.162241,1.648918,-1.12065,-1.106727,-2.246944,1.101467,1.808727,-1.122817,-1.353998,-1.782022,0.996759,1.941612,-1.049943,-1.026985,-1.50762,1.399753,0.447564,-0.961654,0.315458,-1.426687,0.021401,1.768239,-1.139262,-0.068172,-1.299299,1.769774,1.898641,-1.595998,-1.418129,-1.280083,1.39213,1.612294,-1.389581,-1.353265,-1.303849,1.431067,1.378064,-1.328339,-1.187651,-1.400393,1.125755,1.681844,-1.243413,-1.109279,-1.413978,0.696213,1.843493,-1.284235,1.074462,0.98674,1.437158,2.143753,-1.338748,-0.269024,-1.525464,1.27163,1.646562,-1.26767,-0.76157,-1.525539,1.296204,1.552444,-1.252159,0.360747,-1.440779,1.172652,1.637529,-0.870379,1.113486,-1.383032,1.45944,1.614511,-1.609797,-1.466826,-0.828815,1.527943,1.283451,-1.589648,-1.483511,0.97581,-1.356046,1.40536,-0.813185,-1.376334,-1.264074,-1.807433,0.750681,-1.281817,-0.713773,-1.564792,-0.197789,1.409733,0.954514,1.268829,-0.87984,1.323546,2.025415,-1.580016,-0.062812,-1.438663,1.39498,1.311405,-1.233005,-0.661488,-1.621256,1.383699,1.363572,-1.500329,1.803243,-1.566184,1.301018,1.481757,-0.748014,1.815816,1.280776,1.309345,1.330357,-1.556066,-0.570008,0.052022,1.260518,1.61231,-1.499134,-1.105839,0.889336,1.526222,1.840563,-1.502465,-0.335993,-1.352139,-0.546024,0.576002,-1.688285,-1.811629,1.159998,-1.802445,1.460153,-1.37914,1.339521,2.135163,-1.434919,1.577686,-1.476902,-1.379991,0.601549,-0.526137,0.979056,-0.720271,1.9559,-1.72763,1.207546,1.40452,2.017938,-0.052891,-1.789467,1.279494,1.384319,1.024364,0.450096,-1.552884,1.190923,1.365883,-1.327962,-1.426355,-1.85216,-0.985613,2.020042,-1.190546,-1.544959,-1.094467,0.038229,1.709865,-1.085415,-0.526949,-1.520805,-1.637801,1.80651,-1.541438,-1.908119,-0.625664,-1.781575,1.583455,-0.987995,-1.299995,0.655544,-1.652258,1.499047,-1.213354,-1.018113,-2.116983,-1.609975,1.758449,-0.610317,-1.119117,-1.930563,-0.884962,1.635215,-0.92048,-0.920521,-1.613474,-1.3167,-0.313425,-1.090144,-1.043349,-1.423414,-0.95619,-0.78369,-1.582251,0.139843,-0.193852,-1.378674,1.629604,-0.106542
266.0,82.9,56.5,3.0,4.0,10424.0,10690.0,-0.840468,-1.147883,-0.504578,2.233058,-0.56353,-0.792082,-1.046975,-1.148559,1.320646,1.660906,-0.896733,-0.738899,-0.820021,1.904356,-0.684739,-0.98928,-1.330606,-1.562189,1.745904,1.523164,-0.884254,-0.829059,-1.584182,1.670119,-0.352834,-1.400868,-1.423252,-0.969206,-0.802396,-0.35247,-1.157489,-1.429933,-1.056098,1.536308,0.541064,-1.351188,-1.388643,-1.45167,1.357538,1.528409,-1.251005,-1.40089,-2.076896,1.162241,1.648918,-1.12065,-1.106727,-2.246944,1.101467,1.808727,-1.122817,-1.353998,-1.782022,0.996759,1.941612,-1.049943,-1.026985,-1.50762,1.399753,0.447564,-0.961654,0.315458,-1.426687,0.021401,1.768239,-1.139262,-0.068172,-1.299299,1.769774,1.898641,-1.595998,-1.418129,-1.280083,1.39213,1.612294,-1.389581,-1.353265,-1.303849,1.431067,1.378064,-1.328339,-1.187651,-1.400393,1.125755,1.681844,-1.243413,-1.109279,-1.413978,0.696213,1.843493,-1.284235,1.074462,0.98674,1.437158,2.143753,-1.338748,-0.269024,-1.525464,1.27163,1.646562,-1.26767,-0.76157,-1.525539,1.296204,1.552444,-1.252159,0.360747,-1.440779,1.172652,1.637529,-0.870379,1.113486,-1.383032,1.45944,1.614511,-1.609797,-1.466826,-0.828815,1.527943,1.283451,-1.589648,-1.483511,0.97581,-1.356046,1.40536,-0.813185,-1.376334,-1.264074,-1.807433,0.750681,-1.281817,-0.713773,-1.564792,-0.197789,1.409733,0.954514,1.268829,-0.87984,1.323546,2.025415,-1.580016,-0.062812,-1.438663,1.39498,1.311405,-1.233005,-0.661488,-1.621256,1.383699,1.363572,-1.500329,1.803243,-1.566184,1.301018,1.481757,-0.748014,1.815816,1.280776,1.309345,1.330357,-1.556066,-0.570008,0.052022,1.260518,1.61231,-1.499134,-1.105839,0.889336,1.526222,1.840563,-1.502465,-0.335993,-1.352139,-0.546024,0.576002,-1.688285,-1.811629,1.159998,-1.802445,1.460153,-1.37914,1.339521,2.135163,-1.434919,1.577686,-1.476902,-1.379991,0.601549,-0.526137,0.979056,-0.720271,1.9559,-1.72763,1.207546,1.40452,2.017938,-0.052891,-1.789467,1.279494,1.384319,1.024364,0.450096,-1.552884,1.190923,1.365883,-1.327962,-1.426355,-1.85216,-0.985613,2.020042,-1.190546,-1.544959,-1.094467,0.038229,1.709865,-1.085415,-0.526949,-1.520805,-1.637801,1.80651,-1.541438,-1.908119,-0.625664,-1.781575,1.583455,-0.987995,-1.299995,0.655544,-1.652258,1.499047,-1.213354,-1.018113,-2.116983,-1.609975,1.758449,-0.610317,-1.119117,-1.930563,-0.884962,1.635215,-0.92048,-0.920521,-1.613474,-1.3167,-0.313425,-1.090144,-1.043349,-1.423414,-0.95619,-0.78369,-1.582251,0.139843,-0.193852,-1.378674,1.629604,-0.106542
998.0,80.9,56.4,9.0,29.0,10690.0,11688.0,-0.840468,-1.147883,-0.504578,2.233058,-0.56353,-0.792082,-1.046975,-1.148559,1.320646,1.660906,-0.896733,-0.738899,-0.820021,1.904356,-0.684739,-0.98928,-1.330606,-1.562189,1.745904,1.523164,-0.884254,-0.829059,-1.584182,1.670119,-0.352834,-1.400868,-1.423252,-0.969206,-0.802396,-0.35247,-1.157489,-1.429933,-1.056098,1.536308,0.541064,-1.351188,-1.388643,-1.45167,1.357538,1.528409,-1.251005,-1.40089,-2.076896,1.162241,1.648918,-1.12065,-1.106727,-2.246944,1.101467,1.808727,-1.122817,-1.353998,-1.782022,0.996759,1.941612,-1.049943,-1.026985,-1.50762,1.399753,0.447564,-0.961654,0.315458,-1.426687,0.021401,1.768239,-1.139262,-0.068172,-1.299299,1.769774,1.898641,-1.595998,-1.418129,-1.280083,1.39213,1.612294,-1.389581,-1.353265,-1.303849,1.431067,1.378064,-1.328339,-1.187651,-1.400393,1.125755,1.681844,-1.243413,-1.109279,-1.413978,0.696213,1.843493,-1.284235,1.074462,0.98674,1.437158,2.143753,-1.338748,-0.269024,-1.525464,1.27163,1.646562,-1.26767,-0.76157,-1.525539,1.296204,1.552444,-1.252159,0.360747,-1.440779,1.172652,1.637529,-0.870379,1.113486,-1.383032,1.45944,1.614511,-1.609797,-1.466826,-0.828815,1.527943,1.283451,-1.589648,-1.483511,0.97581,-1.356046,1.40536,-0.813185,-1.376334,-1.264074,-1.807433,0.750681,-1.281817,-0.713773,-1.564792,-0.197789,1.409733,0.954514,1.268829,-0.87984,1.323546,2.025415,-1.580016,-0.062812,-1.438663,1.39498,1.311405,-1.233005,-0.661488,-1.621256,1.383699,1.363572,-1.500329,1.803243,-1.566184,1.301018,1.481757,-0.748014,1.815816,1.280776,1.309345,1.330357,-1.556066,-0.570008,0.052022,1.260518,1.61231,-1.499134,-1.105839,0.889336,1.526222,1.840563,-1.502465,-0.335993,-1.352139,-0.546024,0.576002,-1.688285,-1.811629,1.159998,-1.802445,1.460153,-1.37914,1.339521,2.135163,-1.434919,1.577686,-1.476902,-1.379991,0.601549,-0.526137,0.979056,-0.720271,1.9559,-1.72763,1.207546,1.40452,2.017938,-0.052891,-1.789467,1.279494,1.384319,1.024364,0.450096,-1.552884,1.190923,1.365883,-1.327962,-1.426355,-1.85216,-0.985613,2.020042,-1.190546,-1.544959,-1.094467,0.038229,1.709865,-1.085415,-0.526949,-1.520805,-1.637801,1.80651,-1.541438,-1.908119,-0.625664,-1.781575,1.583455,-0.987995,-1.299995,0.655544,-1.652258,1.499047,-1.213354,-1.018113,-2.116983,-1.609975,1.758449,-0.610317,-1.119117,-1.930563,-0.884962,1.635215,-0.92048,-0.920521,-1.613474,-1.3167,-0.313425,-1.090144,-1.043349,-1.423414,-0.95619,-0.78369,-1.582251,0.139843,-0.193852,-1.378674,1.629604,-0.106542
599.0,84.3,61.9,4.0,4.0,11688.0,12287.0,-0.840468,-1.147883,-0.504578,2.233058,-0.56353,-0.792082,-1.046975,-1.148559,1.320646,1.660906,-0.896733,-0.738899,-0.820021,1.904356,-0.684739,-0.98928,-1.330606,-1.562189,1.745904,1.523164,-0.884254,-0.829059,-1.584182,1.670119,-0.352834,-1.400868,-1.423252,-0.969206,-0.802396,-0.35247,-1.157489,-1.429933,-1.056098,1.536308,0.541064,-1.351188,-1.388643,-1.45167,1.357538,1.528409,-1.251005,-1.40089,-2.076896,1.162241,1.648918,-1.12065,-1.106727,-2.246944,1.101467,1.808727,-1.122817,-1.353998,-1.782022,0.996759,1.941612,-1.049943,-1.026985,-1.50762,1.399753,0.447564,-0.961654,0.315458,-1.426687,0.021401,1.768239,-1.139262,-0.068172,-1.299299,1.769774,1.898641,-1.595998,-1.418129,-1.280083,1.39213,1.612294,-1.389581,-1.353265,-1.303849,1.431067,1.378064,-1.328339,-1.187651,-1.400393,1.125755,1.681844,-1.243413,-1.109279,-1.413978,0.696213,1.843493,-1.284235,1.074462,0.98674,1.437158,2.143753,-1.338748,-0.269024,-1.525464,1.27163,1.646562,-1.26767,-0.76157,-1.525539,1.296204,1.552444,-1.252159,0.360747,-1.440779,1.172652,1.637529,-0.870379,1.113486,-1.383032,1.45944,1.614511,-1.609797,-1.466826,-0.828815,1.527943,1.283451,-1.589648,-1.483511,0.97581,-1.356046,1.40536,-0.813185,-1.376334,-1.264074,-1.807433,0.750681,-1.281817,-0.713773,-1.564792,-0.197789,1.409733,0.954514,1.268829,-0.87984,1.323546,2.025415,-1.580016,-0.062812,-1.438663,1.39498,1.311405,-1.233005,-0.661488,-1.621256,1.383699,1.363572,-1.500329,1.803243,-1.566184,1.301018,1.481757,-0.748014,1.815816,1.280776,1.309345,1.330357,-1.556066,-0.570008,0.052022,1.260518,1.61231,-1.499134,-1.105839,0.889336,1.526222,1.840563,-1.502465,-0.335993,-1.352139,-0.546024,0.576002,-1.688285,-1.811629,1.159998,-1.802445,1.460153,-1.37914,1.339521,2.135163,-1.434919,1.577686,-1.476902,-1.379991,0.601549,-0.526137,0.979056,-0.720271,1.9559,-1.72763,1.207546,1.40452,2.017938,-0.052891,-1.789467,1.279494,1.384319,1.024364,0.450096,-1.552884,1.190923,1.365883,-1.327962,-1.426355,-1.85216,-0.985613,2.020042,-1.190546,-1.544959,-1.094467,0.038229,1.709865,-1.085415,-0.526949,-1.520805,-1.637801,1.80651,-1.541438,-1.908119,-0.625664,-1.781575,1.583455,-0.987995,-1.299995,0.655544,-1.652258,1.499047,-1.213354,-1.018113,-2.116983,-1.609975,1.758449,-0.610317,-1.119117,-1.930563,-0.884962,1.635215,-0.92048,-0.920521,-1.613474,-1.3167,-0.313425,-1.090144,-1.043349,-1.423414,-0.95619,-0.78369,-1.582251,0.139843,-0.193852,-1.378674,1.629604,-0.106542
399.0,83.3,61.3,6.0,6.0,12287.0,12686.0,1.613198,1.490586,1.576788,-0.156112,1.185722,1.609217,1.534692,1.397258,-1.407993,-0.893019,1.543083,1.563446,1.437678,-0.843624,1.374951,1.62014,1.450507,1.340146,-1.107902,-0.195452,1.560323,1.550021,1.250112,-0.899138,1.33618,1.460961,1.38753,1.51279,1.601498,1.585928,1.585898,1.403536,1.410199,0.845173,1.122067,1.504417,1.411716,1.324703,-1.072216,-0.769989,1.535517,1.422642,1.143768,-1.334717,-0.747762,1.565991,1.484724,0.994927,-1.296886,-0.538593,1.543581,1.427959,1.255819,-1.297538,-0.217833,1.524981,1.437943,1.208473,-1.043572,1.178266,1.458901,1.341973,1.214482,-1.559168,-0.789115,1.372063,1.393048,1.262786,-1.105741,-0.691163,1.320876,1.367606,1.336672,-1.39173,-1.318311,1.462486,1.386022,1.346651,-1.327069,-1.395142,1.502253,1.470813,1.345449,-1.328486,-1.138411,1.505255,1.460961,1.450901,-1.444157,-0.862679,1.470397,-1.394109,0.300695,-1.260579,-0.32109,1.402354,1.329433,1.346461,-1.176156,-1.202058,1.40642,1.408938,1.228176,-1.203713,-1.220907,1.271409,1.1198,1.080057,-1.456087,-1.112093,1.241085,0.923577,1.019307,-1.363699,-1.128484,1.198413,1.364165,1.434135,-1.266996,-1.411479,1.3769,1.329939,1.000383,0.90899,0.122741,1.573659,1.399553,1.31319,0.400413,1.076079,1.497631,1.675506,0.747407,-1.590087,-1.393481,-0.748539,-1.375842,1.204658,-1.36789,-0.899125,1.023807,1.518178,1.123156,-1.085866,-1.488353,1.298645,1.247698,0.94428,-1.284288,-1.312879,0.994129,0.30214,0.451471,-1.398222,-1.297851,-0.460988,0.596057,-1.26854,-1.411032,-1.396593,1.12266,-1.103283,-1.602292,-1.415678,-1.134011,1.0254,-0.738053,-1.430774,-1.15514,-0.148357,0.958684,-0.88335,-0.979696,-1.542635,1.569894,0.460363,-0.775817,-1.500851,0.832151,-1.241899,1.275248,-1.463617,-1.11261,1.082102,0.237908,1.184006,0.989125,-1.818023,-1.555387,-1.360302,-1.115813,-0.208566,0.660497,-1.454891,0.601346,-1.393569,1.434132,0.915598,-1.356623,-1.200342,-1.708807,1.418339,1.051584,-1.446356,-1.311503,0.752608,-0.707807,0.55438,1.310003,-0.76439,1.168314,1.231648,1.32696,1.496135,0.821099,1.016716,-1.077139,-0.829082,0.086349,0.307405,0.932833,-0.210839,-1.425599,0.503826,-1.147309,1.324223,1.152477,-1.817986,0.813753,-1.22625,1.342347,1.095595,0.387891,-0.08252,-0.846496,1.02217,1.292045,0.590397,-1.516018,-0.478893,1.476725,1.527496,1.106745,1.370788,1.649322,1.472662,1.524518,1.313402,1.581569,1.618979,0.911025,-1.413108,-1.65463,1.117144,-1.113873,0.815064
898.0,84.6,60.7,4.0,16.0,12686.0,13584.0,-0.840468,-1.147883,-0.504578,2.233058,-0.56353,-0.792082,-1.046975,-1.148559,1.320646,1.660906,-0.896733,-0.738899,-0.820021,1.904356,-0.684739,-0.98928,-1.330606,-1.562189,1.745904,1.523164,-0.884254,-0.829059,-1.584182,1.670119,-0.352834,-1.400868,-1.423252,-0.969206,-0.802396,-0.35247,-1.157489,-1.429933,-1.056098,1.536308,0.541064,-1.351188,-1.388643,-1.45167,1.357538,1.528409,-1.251005,-1.40089,-2.076896,1.162241,1.648918,-1.12065,-1.106727,-2.246944,1.101467,1.808727,-1.122817,-1.353998,-1.782022,0.996759,1.941612,-1.049943,-1.026985,-1.50762,1.399753,0.447564,-0.961654,0.315458,-1.426687,0.021401,1.768239,-1.139262,-0.068172,-1.299299,1.769774,1.898641,-1.595998,-1.418129,-1.280083,1.39213,1.612294,-1.389581,-1.353265,-1.303849,1.431067,1.378064,-1.328339,-1.187651,-1.400393,1.125755,1.681844,-1.243413,-1.109279,-1.413978,0.696213,1.843493,-1.284235,1.074462,0.98674,1.437158,2.143753,-1.338748,-0.269024,-1.525464,1.27163,1.646562,-1.26767,-0.76157,-1.525539,1.296204,1.552444,-1.252159,0.360747,-1.440779,1.172652,1.637529,-0.870379,1.113486,-1.383032,1.45944,1.614511,-1.609797,-1.466826,-0.828815,1.527943,1.283451,-1.589648,-1.483511,0.97581,-1.356046,1.40536,-0.813185,-1.376334,-1.264074,-1.807433,0.750681,-1.281817,-0.713773,-1.564792,-0.197789,1.409733,0.954514,1.268829,-0.87984,1.323546,2.025415,-1.580016,-0.062812,-1.438663,1.39498,1.311405,-1.233005,-0.661488,-1.621256,1.383699,1.363572,-1.500329,1.803243,-1.566184,1.301018,1.481757,-0.748014,1.815816,1.280776,1.309345,1.330357,-1.556066,-0.570008,0.052022,1.260518,1.61231,-1.499134,-1.105839,0.889336,1.526222,1.840563,-1.502465,-0.335993,-1.352139,-0.546024,0.576002,-1.688285,-1.811629,1.159998,-1.802445,1.460153,-1.37914,1.339521,2.135163,-1.434919,1.577686,-1.476902,-1.379991,0.601549,-0.526137,0.979056,-0.720271,1.9559,-1.72763,1.207546,1.40452,2.017938,-0.052891,-1.789467,1.279494,1.384319,1.024364,0.450096,-1.552884,1.190923,1.365883,-1.327962,-1.426355,-1.85216,-0.985613,2.020042,-1.190546,-1.544959,-1.094467,0.038229,1.709865,-1.085415,-0.526949,-1.520805,-1.637801,1.80651,-1.541438,-1.908119,-0.625664,-1.781575,1.583455,-0.987995,-1.299995,0.655544,-1.652258,1.499047,-1.213354,-1.018113,-2.116983,-1.609975,1.758449,-0.610317,-1.119117,-1.930563,-0.884962,1.635215,-0.92048,-0.920521,-1.613474,-1.3167,-0.313425,-1.090144,-1.043349,-1.423414,-0.95619,-0.78369,-1.582251,0.139843,-0.193852,-1.378674,1.629604,-0.106542
598.0,83.9,61.8,6.0,10.0,13584.0,14182.0,-0.840468,-1.147883,-0.504578,2.233058,-0.56353,-0.792082,-1.046975,-1.148559,1.320646,1.660906,-0.896733,-0.738899,-0.820021,1.904356,-0.684739,-0.98928,-1.330606,-1.562189,1.745904,1.523164,-0.884254,-0.829059,-1.584182,1.670119,-0.352834,-1.400868,-1.423252,-0.969206,-0.802396,-0.35247,-1.157489,-1.429933,-1.056098,1.536308,0.541064,-1.351188,-1.388643,-1.45167,1.357538,1.528409,-1.251005,-1.40089,-2.076896,1.162241,1.648918,-1.12065,-1.106727,-2.246944,1.101467,1.808727,-1.122817,-1.353998,-1.782022,0.996759,1.941612,-1.049943,-1.026985,-1.50762,1.399753,0.447564,-0.961654,0.315458,-1.426687,0.021401,1.768239,-1.139262,-0.068172,-1.299299,1.769774,1.898641,-1.595998,-1.418129,-1.280083,1.39213,1.612294,-1.389581,-1.353265,-1.303849,1.431067,1.378064,-1.328339,-1.187651,-1.400393,1.125755,1.681844,-1.243413,-1.109279,-1.413978,0.696213,1.843493,-1.284235,1.074462,0.98674,1.437158,2.143753,-1.338748,-0.269024,-1.525464,1.27163,1.646562,-1.26767,-0.76157,-1.525539,1.296204,1.552444,-1.252159,0.360747,-1.440779,1.172652,1.637529,-0.870379,1.113486,-1.383032,1.45944,1.614511,-1.609797,-1.466826,-0.828815,1.527943,1.283451,-1.589648,-1.483511,0.97581,-1.356046,1.40536,-0.813185,-1.376334,-1.264074,-1.807433,0.750681,-1.281817,-0.713773,-1.564792,-0.197789,1.409733,0.954514,1.268829,-0.87984,1.323546,2.025415,-1.580016,-0.062812,-1.438663,1.39498,1.311405,-1.233005,-0.661488,-1.621256,1.383699,1.363572,-1.500329,1.803243,-1.566184,1.301018,1.481757,-0.748014,1.815816,1.280776,1.309345,1.330357,-1.556066,-0.570008,0.052022,1.260518,1.61231,-1.499134,-1.105839,0.889336,1.526222,1.840563,-1.502465,-0.335993,-1.352139,-0.546024,0.576002,-1.688285,-1.811629,1.159998,-1.802445,1.460153,-1.37914,1.339521,2.135163,-1.434919,1.577686,-1.476902,-1.379991,0.601549,-0.526137,0.979056,-0.720271,1.9559,-1.72763,1.207546,1.40452,2.017938,-0.052891,-1.789467,1.279494,1.384319,1.024364,0.450096,-1.552884,1.190923,1.365883,-1.327962,-1.426355,-1.85216,-0.985613,2.020042,-1.190546,-1.544959,-1.094467,0.038229,1.709865,-1.085415,-0.526949,-1.520805,-1.637801,1.80651,-1.541438,-1.908119,-0.625664,-1.781575,1.583455,-0.987995,-1.299995,0.655544,-1.652258,1.499047,-1.213354,-1.018113,-2.116983,-1.609975,1.758449,-0.610317,-1.119117,-1.930563,-0.884962,1.635215,-0.92048,-0.920521,-1.613474,-1.3167,-0.313425,-1.090144,-1.043349,-1.423414,-0.95619,-0.78369,-1.582251,0.139843,-0.193852,-1.378674,1.629604,-0.106542
333.0,82.9,58.7,7.0,11.0,14182.0,14515.0,-0.840468,-1.147883,-0.504578,2.233058,-0.56353,-0.792082,-1.046975,-1.148559,1.320646,1.660906,-0.896733,-0.738899,-0.820021,1.904356,-0.684739,-0.98928,-1.330606,-1.562189,1.745904,1.523164,-0.884254,-0.829059,-1.584182,1.670119,-0.352834,-1.400868,-1.423252,-0.969206,-0.802396,-0.35247,-1.157489,-1.429933,-1.056098,1.536308,0.541064,-1.351188,-1.388643,-1.45167,1.357538,1.528409,-1.251005,-1.40089,-2.076896,1.162241,1.648918,-1.12065,-1.106727,-2.246944,1.101467,1.808727,-1.122817,-1.353998,-1.782022,0.996759,1.941612,-1.049943,-1.026985,-1.50762,1.399753,0.447564,-0.961654,0.315458,-1.426687,0.021401,1.768239,-1.139262,-0.068172,-1.299299,1.769774,1.898641,-1.595998,-1.418129,-1.280083,1.39213,1.612294,-1.389581,-1.353265,-1.303849,1.431067,1.378064,-1.328339,-1.187651,-1.400393,1.125755,1.681844,-1.243413,-1.109279,-1.413978,0.696213,1.843493,-1.284235,1.074462,0.98674,1.437158,2.143753,-1.338748,-0.269024,-1.525464,1.27163,1.646562,-1.26767,-0.76157,-1.525539,1.296204,1.552444,-1.252159,0.360747,-1.440779,1.172652,1.637529,-0.870379,1.113486,-1.383032,1.45944,1.614511,-1.609797,-1.466826,-0.828815,1.527943,1.283451,-1.589648,-1.483511,0.97581,-1.356046,1.40536,-0.813185,-1.376334,-1.264074,-1.807433,0.750681,-1.281817,-0.713773,-1.564792,-0.197789,1.409733,0.954514,1.268829,-0.87984,1.323546,2.025415,-1.580016,-0.062812,-1.438663,1.39498,1.311405,-1.233005,-0.661488,-1.621256,1.383699,1.363572,-1.500329,1.803243,-1.566184,1.301018,1.481757,-0.748014,1.815816,1.280776,1.309345,1.330357,-1.556066,-0.570008,0.052022,1.260518,1.61231,-1.499134,-1.105839,0.889336,1.526222,1.840563,-1.502465,-0.335993,-1.352139,-0.546024,0.576002,-1.688285,-1.811629,1.159998,-1.802445,1.460153,-1.37914,1.339521,2.135163,-1.434919,1.577686,-1.476902,-1.379991,0.601549,-0.526137,0.979056,-0.720271,1.9559,-1.72763,1.207546,1.40452,2.017938,-0.052891,-1.789467,1.279494,1.384319,1.024364,0.450096,-1.552884,1.190923,1.365883,-1.327962,-1.426355,-1.85216,-0.985613,2.020042,-1.190546,-1.544959,-1.094467,0.038229,1.709865,-1.085415,-0.526949,-1.520805,-1.637801,1.80651,-1.541438,-1.908119,-0.625664,-1.781575,1.583455,-0.987995,-1.299995,0.655544,-1.652258,1.499047,-1.213354,-1.018113,-2.116983,-1.609975,1.758449,-0.610317,-1.119117,-1.930563,-0.884962,1.635215,-0.92048,-0.920521,-1.613474,-1.3167,-0.313425,-1.090144,-1.043349,-1.423414,-0.95619,-0.78369,-1.582251,0.139843,-0.193852,-1.378674,1.629604,-0.106542
332.0,71.5,48.1,6.0,7.0,1163.0,1495.0,-0.840468,-1.147883,-0.504578,2.233058,-0.56353,-0.792082,-1.046975,-1.148559,1.320646,1.660906,-0.896733,-0.738899,-0.820021,1.904356,-0.684739,-0.98928,-1.330606,-1.562189,1.745904,1.523164,-0.884254,-0.829059,-1.584182,1.670119,-0.352834,-1.400868,-1.423252,-0.969206,-0.802396,-0.35247,-1.157489,-1.429933,-1.056098,1.536308,0.541064,-1.351188,-1.388643,-1.45167,1.357538,1.528409,-1.251005,-1.40089,-2.076896,1.162241,1.648918,-1.12065,-1.106727,-2.246944,1.101467,1.808727,-1.122817,-1.353998,-1.782022,0.996759,1.941612,-1.049943,-1.026985,-1.50762,1.399753,0.447564,-0.961654,0.315458,-1.426687,0.021401,1.768239,-1.139262,-0.068172,-1.299299,1.769774,1.898641,-1.595998,-1.418129,-1.280083,1.39213,1.612294,-1.389581,-1.353265,-1.303849,1.431067,1.378064,-1.328339,-1.187651,-1.400393,1.125755,1.681844,-1.243413,-1.109279,-1.413978,0.696213,1.843493,-1.284235,1.074462,0.98674,1.437158,2.143753,-1.338748,-0.269024,-1.525464,1.27163,1.646562,-1.26767,-0.76157,-1.525539,1.296204,1.552444,-1.252159,0.360747,-1.440779,1.172652,1.637529,-0.870379,1.113486,-1.383032,1.45944,1.614511,-1.609797,-1.466826,-0.828815,1.527943,1.283451,-1.589648,-1.483511,0.97581,-1.356046,1.40536,-0.813185,-1.376334,-1.264074,-1.807433,0.750681,-1.281817,-0.713773,-1.564792,-0.197789,1.409733,0.954514,1.268829,-0.87984,1.323546,2.025415,-1.580016,-0.062812,-1.438663,1.39498,1.311405,-1.233005,-0.661488,-1.621256,1.383699,1.363572,-1.500329,1.803243,-1.566184,1.301018,1.481757,-0.748014,1.815816,1.280776,1.309345,1.330357,-1.556066,-0.570008,0.052022,1.260518,1.61231,-1.499134,-1.105839,0.889336,1.526222,1.840563,-1.502465,-0.335993,-1.352139,-0.546024,0.576002,-1.688285,-1.811629,1.159998,-1.802445,1.460153,-1.37914,1.339521,2.135163,-1.434919,1.577686,-1.476902,-1.379991,0.601549,-0.526137,0.979056,-0.720271,1.9559,-1.72763,1.207546,1.40452,2.017938,-0.052891,-1.789467,1.279494,1.384319,1.024364,0.450096,-1.552884,1.190923,1.365883,-1.327962,-1.426355,-1.85216,-0.985613,2.020042,-1.190546,-1.544959,-1.094467,0.038229,1.709865,-1.085415,-0.526949,-1.520805,-1.637801,1.80651,-1.541438,-1.908119,-0.625664,-1.781575,1.583455,-0.987995,-1.299995,0.655544,-1.652258,1.499047,-1.213354,-1.018113,-2.116983,-1.609975,1.758449,-0.610317,-1.119117,-1.930563,-0.884962,1.635215,-0.92048,-0.920521,-1.613474,-1.3167,-0.313425,-1.090144,-1.043349,-1.423414,-0.95619,-0.78369,-1.582251,0.139843,-0.193852,-1.378674,1.629604,-0.106542
465.0,81.1,57.1,18.0,8.0,14515.0,14980.0,-0.840468,-1.147883,-0.504578,2.233058,-0.56353,-0.792082,-1.046975,-1.148559,1.320646,1.660906,-0.896733,-0.738899,-0.820021,1.904356,-0.684739,-0.98928,-1.330606,-1.562189,1.745904,1.523164,-0.884254,-0.829059,-1.584182,1.670119,-0.352834,-1.400868,-1.423252,-0.969206,-0.802396,-0.35247,-1.157489,-1.429933,-1.056098,1.536308,0.541064,-1.351188,-1.388643,-1.45167,1.357538,1.528409,-1.251005,-1.40089,-2.076896,1.162241,1.648918,-1.12065,-1.106727,-2.246944,1.101467,1.808727,-1.122817,-1.353998,-1.782022,0.996759,1.941612,-1.049943,-1.026985,-1.50762,1.399753,0.447564,-0.961654,0.315458,-1.426687,0.021401,1.768239,-1.139262,-0.068172,-1.299299,1.769774,1.898641,-1.595998,-1.418129,-1.280083,1.39213,1.612294,-1.389581,-1.353265,-1.303849,1.431067,1.378064,-1.328339,-1.187651,-1.400393,1.125755,1.681844,-1.243413,-1.109279,-1.413978,0.696213,1.843493,-1.284235,1.074462,0.98674,1.437158,2.143753,-1.338748,-0.269024,-1.525464,1.27163,1.646562,-1.26767,-0.76157,-1.525539,1.296204,1.552444,-1.252159,0.360747,-1.440779,1.172652,1.637529,-0.870379,1.113486,-1.383032,1.45944,1.614511,-1.609797,-1.466826,-0.828815,1.527943,1.283451,-1.589648,-1.483511,0.97581,-1.356046,1.40536,-0.813185,-1.376334,-1.264074,-1.807433,0.750681,-1.281817,-0.713773,-1.564792,-0.197789,1.409733,0.954514,1.268829,-0.87984,1.323546,2.025415,-1.580016,-0.062812,-1.438663,1.39498,1.311405,-1.233005,-0.661488,-1.621256,1.383699,1.363572,-1.500329,1.803243,-1.566184,1.301018,1.481757,-0.748014,1.815816,1.280776,1.309345,1.330357,-1.556066,-0.570008,0.052022,1.260518,1.61231,-1.499134,-1.105839,0.889336,1.526222,1.840563,-1.502465,-0.335993,-1.352139,-0.546024,0.576002,-1.688285,-1.811629,1.159998,-1.802445,1.460153,-1.37914,1.339521,2.135163,-1.434919,1.577686,-1.476902,-1.379991,0.601549,-0.526137,0.979056,-0.720271,1.9559,-1.72763,1.207546,1.40452,2.017938,-0.052891,-1.789467,1.279494,1.384319,1.024364,0.450096,-1.552884,1.190923,1.365883,-1.327962,-1.426355,-1.85216,-0.985613,2.020042,-1.190546,-1.544959,-1.094467,0.038229,1.709865,-1.085415,-0.526949,-1.520805,-1.637801,1.80651,-1.541438,-1.908119,-0.625664,-1.781575,1.583455,-0.987995,-1.299995,0.655544,-1.652258,1.499047,-1.213354,-1.018113,-2.116983,-1.609975,1.758449,-0.610317,-1.119117,-1.930563,-0.884962,1.635215,-0.92048,-0.920521,-1.613474,-1.3167,-0.313425,-1.090144,-1.043349,-1.423414,-0.95619,-0.78369,-1.582251,0.139843,-0.193852,-1.378674,1.629604,-0.106542
199.0,81.8,58.3,3.0,5.0,14980.0,15179.0,-0.840468,-1.147883,-0.504578,2.233058,-0.56353,-0.792082,-1.046975,-1.148559,1.320646,1.660906,-0.896733,-0.738899,-0.820021,1.904356,-0.684739,-0.98928,-1.330606,-1.562189,1.745904,1.523164,-0.884254,-0.829059,-1.584182,1.670119,-0.352834,-1.400868,-1.423252,-0.969206,-0.802396,-0.35247,-1.157489,-1.429933,-1.056098,1.536308,0.541064,-1.351188,-1.388643,-1.45167,1.357538,1.528409,-1.251005,-1.40089,-2.076896,1.162241,1.648918,-1.12065,-1.106727,-2.246944,1.101467,1.808727,-1.122817,-1.353998,-1.782022,0.996759,1.941612,-1.049943,-1.026985,-1.50762,1.399753,0.447564,-0.961654,0.315458,-1.426687,0.021401,1.768239,-1.139262,-0.068172,-1.299299,1.769774,1.898641,-1.595998,-1.418129,-1.280083,1.39213,1.612294,-1.389581,-1.353265,-1.303849,1.431067,1.378064,-1.328339,-1.187651,-1.400393,1.125755,1.681844,-1.243413,-1.109279,-1.413978,0.696213,1.843493,-1.284235,1.074462,0.98674,1.437158,2.143753,-1.338748,-0.269024,-1.525464,1.27163,1.646562,-1.26767,-0.76157,-1.525539,1.296204,1.552444,-1.252159,0.360747,-1.440779,1.172652,1.637529,-0.870379,1.113486,-1.383032,1.45944,1.614511,-1.609797,-1.466826,-0.828815,1.527943,1.283451,-1.589648,-1.483511,0.97581,-1.356046,1.40536,-0.813185,-1.376334,-1.264074,-1.807433,0.750681,-1.281817,-0.713773,-1.564792,-0.197789,1.409733,0.954514,1.268829,-0.87984,1.323546,2.025415,-1.580016,-0.062812,-1.438663,1.39498,1.311405,-1.233005,-0.661488,-1.621256,1.383699,1.363572,-1.500329,1.803243,-1.566184,1.301018,1.481757,-0.748014,1.815816,1.280776,1.309345,1.330357,-1.556066,-0.570008,0.052022,1.260518,1.61231,-1.499134,-1.105839,0.889336,1.526222,1.840563,-1.502465,-0.335993,-1.352139,-0.546024,0.576002,-1.688285,-1.811629,1.159998,-1.802445,1.460153,-1.37914,1.339521,2.135163,-1.434919,1.577686,-1.476902,-1.379991,0.601549,-0.526137,0.979056,-0.720271,1.9559,-1.72763,1.207546,1.40452,2.017938,-0.052891,-1.789467,1.279494,1.384319,1.024364,0.450096,-1.552884,1.190923,1.365883,-1.327962,-1.426355,-1.85216,-0.985613,2.020042,-1.190546,-1.544959,-1.094467,0.038229,1.709865,-1.085415,-0.526949,-1.520805,-1.637801,1.80651,-1.541438,-1.908119,-0.625664,-1.781575,1.583455,-0.987995,-1.299995,0.655544,-1.652258,1.499047,-1.213354,-1.018113,-2.116983,-1.609975,1.758449,-0.610317,-1.119117,-1.930563,-0.884962,1.635215,-0.92048,-0.920521,-1.613474,-1.3167,-0.313425,-1.090144,-1.043349,-1.423414,-0.95619,-0.78369,-1.582251,0.139843,-0.193852,-1.378674,1.629604,-0.106542
532.0,82.6,60.8,6.0,8.0,15179.0,15711.0,-0.840468,-1.147883,-0.504578,2.233058,-0.56353,-0.792082,-1.046975,-1.148559,1.320646,1.660906,-0.896733,-0.738899,-0.820021,1.904356,-0.684739,-0.98928,-1.330606,-1.562189,1.745904,1.523164,-0.884254,-0.829059,-1.584182,1.670119,-0.352834,-1.400868,-1.423252,-0.969206,-0.802396,-0.35247,-1.157489,-1.429933,-1.056098,1.536308,0.541064,-1.351188,-1.388643,-1.45167,1.357538,1.528409,-1.251005,-1.40089,-2.076896,1.162241,1.648918,-1.12065,-1.106727,-2.246944,1.101467,1.808727,-1.122817,-1.353998,-1.782022,0.996759,1.941612,-1.049943,-1.026985,-1.50762,1.399753,0.447564,-0.961654,0.315458,-1.426687,0.021401,1.768239,-1.139262,-0.068172,-1.299299,1.769774,1.898641,-1.595998,-1.418129,-1.280083,1.39213,1.612294,-1.389581,-1.353265,-1.303849,1.431067,1.378064,-1.328339,-1.187651,-1.400393,1.125755,1.681844,-1.243413,-1.109279,-1.413978,0.696213,1.843493,-1.284235,1.074462,0.98674,1.437158,2.143753,-1.338748,-0.269024,-1.525464,1.27163,1.646562,-1.26767,-0.76157,-1.525539,1.296204,1.552444,-1.252159,0.360747,-1.440779,1.172652,1.637529,-0.870379,1.113486,-1.383032,1.45944,1.614511,-1.609797,-1.466826,-0.828815,1.527943,1.283451,-1.589648,-1.483511,0.97581,-1.356046,1.40536,-0.813185,-1.376334,-1.264074,-1.807433,0.750681,-1.281817,-0.713773,-1.564792,-0.197789,1.409733,0.954514,1.268829,-0.87984,1.323546,2.025415,-1.580016,-0.062812,-1.438663,1.39498,1.311405,-1.233005,-0.661488,-1.621256,1.383699,1.363572,-1.500329,1.803243,-1.566184,1.301018,1.481757,-0.748014,1.815816,1.280776,1.309345,1.330357,-1.556066,-0.570008,0.052022,1.260518,1.61231,-1.499134,-1.105839,0.889336,1.526222,1.840563,-1.502465,-0.335993,-1.352139,-0.546024,0.576002,-1.688285,-1.811629,1.159998,-1.802445,1.460153,-1.37914,1.339521,2.135163,-1.434919,1.577686,-1.476902,-1.379991,0.601549,-0.526137,0.979056,-0.720271,1.9559,-1.72763,1.207546,1.40452,2.017938,-0.052891,-1.789467,1.279494,1.384319,1.024364,0.450096,-1.552884,1.190923,1.365883,-1.327962,-1.426355,-1.85216,-0.985613,2.020042,-1.190546,-1.544959,-1.094467,0.038229,1.709865,-1.085415,-0.526949,-1.520805,-1.637801,1.80651,-1.541438,-1.908119,-0.625664,-1.781575,1.583455,-0.987995,-1.299995,0.655544,-1.652258,1.499047,-1.213354,-1.018113,-2.116983,-1.609975,1.758449,-0.610317,-1.119117,-1.930563,-0.884962,1.635215,-0.92048,-0.920521,-1.613474,-1.3167,-0.313425,-1.090144,-1.043349,-1.423414,-0.95619,-0.78369,-1.582251,0.139843,-0.193852,-1.378674,1.629604,-0.106542
466.0,81.6,59.1,6.0,6.0,15711.0,16177.0,-0.840468,-1.147883,-0.504578,2.233058,-0.56353,-0.792082,-1.046975,-1.148559,1.320646,1.660906,-0.896733,-0.738899,-0.820021,1.904356,-0.684739,-0.98928,-1.330606,-1.562189,1.745904,1.523164,-0.884254,-0.829059,-1.584182,1.670119,-0.352834,-1.400868,-1.423252,-0.969206,-0.802396,-0.35247,-1.157489,-1.429933,-1.056098,1.536308,0.541064,-1.351188,-1.388643,-1.45167,1.357538,1.528409,-1.251005,-1.40089,-2.076896,1.162241,1.648918,-1.12065,-1.106727,-2.246944,1.101467,1.808727,-1.122817,-1.353998,-1.782022,0.996759,1.941612,-1.049943,-1.026985,-1.50762,1.399753,0.447564,-0.961654,0.315458,-1.426687,0.021401,1.768239,-1.139262,-0.068172,-1.299299,1.769774,1.898641,-1.595998,-1.418129,-1.280083,1.39213,1.612294,-1.389581,-1.353265,-1.303849,1.431067,1.378064,-1.328339,-1.187651,-1.400393,1.125755,1.681844,-1.243413,-1.109279,-1.413978,0.696213,1.843493,-1.284235,1.074462,0.98674,1.437158,2.143753,-1.338748,-0.269024,-1.525464,1.27163,1.646562,-1.26767,-0.76157,-1.525539,1.296204,1.552444,-1.252159,0.360747,-1.440779,1.172652,1.637529,-0.870379,1.113486,-1.383032,1.45944,1.614511,-1.609797,-1.466826,-0.828815,1.527943,1.283451,-1.589648,-1.483511,0.97581,-1.356046,1.40536,-0.813185,-1.376334,-1.264074,-1.807433,0.750681,-1.281817,-0.713773,-1.564792,-0.197789,1.409733,0.954514,1.268829,-0.87984,1.323546,2.025415,-1.580016,-0.062812,-1.438663,1.39498,1.311405,-1.233005,-0.661488,-1.621256,1.383699,1.363572,-1.500329,1.803243,-1.566184,1.301018,1.481757,-0.748014,1.815816,1.280776,1.309345,1.330357,-1.556066,-0.570008,0.052022,1.260518,1.61231,-1.499134,-1.105839,0.889336,1.526222,1.840563,-1.502465,-0.335993,-1.352139,-0.546024,0.576002,-1.688285,-1.811629,1.159998,-1.802445,1.460153,-1.37914,1.339521,2.135163,-1.434919,1.577686,-1.476902,-1.379991,0.601549,-0.526137,0.979056,-0.720271,1.9559,-1.72763,1.207546,1.40452,2.017938,-0.052891,-1.789467,1.279494,1.384319,1.024364,0.450096,-1.552884,1.190923,1.365883,-1.327962,-1.426355,-1.85216,-0.985613,2.020042,-1.190546,-1.544959,-1.094467,0.038229,1.709865,-1.085415,-0.526949,-1.520805,-1.637801,1.80651,-1.541438,-1.908119,-0.625664,-1.781575,1.583455,-0.987995,-1.299995,0.655544,-1.652258,1.499047,-1.213354,-1.018113,-2.116983,-1.609975,1.758449,-0.610317,-1.119117,-1.930563,-0.884962,1.635215,-0.92048,-0.920521,-1.613474,-1.3167,-0.313425,-1.090144,-1.043349,-1.423414,-0.95619,-0.78369,-1.582251,0.139843,-0.193852,-1.378674,1.629604,-0.106542
199.0,84.0,63.3,1.0,1.0,16177.0,16376.0,-0.840468,-1.147883,-0.504578,2.233058,-0.56353,-0.792082,-1.046975,-1.148559,1.320646,1.660906,-0.896733,-0.738899,-0.820021,1.904356,-0.684739,-0.98928,-1.330606,-1.562189,1.745904,1.523164,-0.884254,-0.829059,-1.584182,1.670119,-0.352834,-1.400868,-1.423252,-0.969206,-0.802396,-0.35247,-1.157489,-1.429933,-1.056098,1.536308,0.541064,-1.351188,-1.388643,-1.45167,1.357538,1.528409,-1.251005,-1.40089,-2.076896,1.162241,1.648918,-1.12065,-1.106727,-2.246944,1.101467,1.808727,-1.122817,-1.353998,-1.782022,0.996759,1.941612,-1.049943,-1.026985,-1.50762,1.399753,0.447564,-0.961654,0.315458,-1.426687,0.021401,1.768239,-1.139262,-0.068172,-1.299299,1.769774,1.898641,-1.595998,-1.418129,-1.280083,1.39213,1.612294,-1.389581,-1.353265,-1.303849,1.431067,1.378064,-1.328339,-1.187651,-1.400393,1.125755,1.681844,-1.243413,-1.109279,-1.413978,0.696213,1.843493,-1.284235,1.074462,0.98674,1.437158,2.143753,-1.338748,-0.269024,-1.525464,1.27163,1.646562,-1.26767,-0.76157,-1.525539,1.296204,1.552444,-1.252159,0.360747,-1.440779,1.172652,1.637529,-0.870379,1.113486,-1.383032,1.45944,1.614511,-1.609797,-1.466826,-0.828815,1.527943,1.283451,-1.589648,-1.483511,0.97581,-1.356046,1.40536,-0.813185,-1.376334,-1.264074,-1.807433,0.750681,-1.281817,-0.713773,-1.564792,-0.197789,1.409733,0.954514,1.268829,-0.87984,1.323546,2.025415,-1.580016,-0.062812,-1.438663,1.39498,1.311405,-1.233005,-0.661488,-1.621256,1.383699,1.363572,-1.500329,1.803243,-1.566184,1.301018,1.481757,-0.748014,1.815816,1.280776,1.309345,1.330357,-1.556066,-0.570008,0.052022,1.260518,1.61231,-1.499134,-1.105839,0.889336,1.526222,1.840563,-1.502465,-0.335993,-1.352139,-0.546024,0.576002,-1.688285,-1.811629,1.159998,-1.802445,1.460153,-1.37914,1.339521,2.135163,-1.434919,1.577686,-1.476902,-1.379991,0.601549,-0.526137,0.979056,-0.720271,1.9559,-1.72763,1.207546,1.40452,2.017938,-0.052891,-1.789467,1.279494,1.384319,1.024364,0.450096,-1.552884,1.190923,1.365883,-1.327962,-1.426355,-1.85216,-0.985613,2.020042,-1.190546,-1.544959,-1.094467,0.038229,1.709865,-1.085415,-0.526949,-1.520805,-1.637801,1.80651,-1.541438,-1.908119,-0.625664,-1.781575,1.583455,-0.987995,-1.299995,0.655544,-1.652258,1.499047,-1.213354,-1.018113,-2.116983,-1.609975,1.758449,-0.610317,-1.119117,-1.930563,-0.884962,1.635215,-0.92048,-0.920521,-1.613474,-1.3167,-0.313425,-1.090144,-1.043349,-1.423414,-0.95619,-0.78369,-1.582251,0.139843,-0.193852,-1.378674,1.629604,-0.106542
299.0,81.2,62.3,2.0,10.0,16376.0,16675.0,-0.840468,-1.147883,-0.504578,2.233058,-0.56353,-0.792082,-1.046975,-1.148559,1.320646,1.660906,-0.896733,-0.738899,-0.820021,1.904356,-0.684739,-0.98928,-1.330606,-1.562189,1.745904,1.523164,-0.884254,-0.829059,-1.584182,1.670119,-0.352834,-1.400868,-1.423252,-0.969206,-0.802396,-0.35247,-1.157489,-1.429933,-1.056098,1.536308,0.541064,-1.351188,-1.388643,-1.45167,1.357538,1.528409,-1.251005,-1.40089,-2.076896,1.162241,1.648918,-1.12065,-1.106727,-2.246944,1.101467,1.808727,-1.122817,-1.353998,-1.782022,0.996759,1.941612,-1.049943,-1.026985,-1.50762,1.399753,0.447564,-0.961654,0.315458,-1.426687,0.021401,1.768239,-1.139262,-0.068172,-1.299299,1.769774,1.898641,-1.595998,-1.418129,-1.280083,1.39213,1.612294,-1.389581,-1.353265,-1.303849,1.431067,1.378064,-1.328339,-1.187651,-1.400393,1.125755,1.681844,-1.243413,-1.109279,-1.413978,0.696213,1.843493,-1.284235,1.074462,0.98674,1.437158,2.143753,-1.338748,-0.269024,-1.525464,1.27163,1.646562,-1.26767,-0.76157,-1.525539,1.296204,1.552444,-1.252159,0.360747,-1.440779,1.172652,1.637529,-0.870379,1.113486,-1.383032,1.45944,1.614511,-1.609797,-1.466826,-0.828815,1.527943,1.283451,-1.589648,-1.483511,0.97581,-1.356046,1.40536,-0.813185,-1.376334,-1.264074,-1.807433,0.750681,-1.281817,-0.713773,-1.564792,-0.197789,1.409733,0.954514,1.268829,-0.87984,1.323546,2.025415,-1.580016,-0.062812,-1.438663,1.39498,1.311405,-1.233005,-0.661488,-1.621256,1.383699,1.363572,-1.500329,1.803243,-1.566184,1.301018,1.481757,-0.748014,1.815816,1.280776,1.309345,1.330357,-1.556066,-0.570008,0.052022,1.260518,1.61231,-1.499134,-1.105839,0.889336,1.526222,1.840563,-1.502465,-0.335993,-1.352139,-0.546024,0.576002,-1.688285,-1.811629,1.159998,-1.802445,1.460153,-1.37914,1.339521,2.135163,-1.434919,1.577686,-1.476902,-1.379991,0.601549,-0.526137,0.979056,-0.720271,1.9559,-1.72763,1.207546,1.40452,2.017938,-0.052891,-1.789467,1.279494,1.384319,1.024364,0.450096,-1.552884,1.190923,1.365883,-1.327962,-1.426355,-1.85216,-0.985613,2.020042,-1.190546,-1.544959,-1.094467,0.038229,1.709865,-1.085415,-0.526949,-1.520805,-1.637801,1.80651,-1.541438,-1.908119,-0.625664,-1.781575,1.583455,-0.987995,-1.299995,0.655544,-1.652258,1.499047,-1.213354,-1.018113,-2.116983,-1.609975,1.758449,-0.610317,-1.119117,-1.930563,-0.884962,1.635215,-0.92048,-0.920521,-1.613474,-1.3167,-0.313425,-1.090144,-1.043349,-1.423414,-0.95619,-0.78369,-1.582251,0.139843,-0.193852,-1.378674,1.629604,-0.106542
765.0,79.9,59.3,6.0,12.0,16675.0,17440.0,-0.840468,-1.147883,-0.504578,2.233058,-0.56353,-0.792082,-1.046975,-1.148559,1.320646,1.660906,-0.896733,-0.738899,-0.820021,1.904356,-0.684739,-0.98928,-1.330606,-1.562189,1.745904,1.523164,-0.884254,-0.829059,-1.584182,1.670119,-0.352834,-1.400868,-1.423252,-0.969206,-0.802396,-0.35247,-1.157489,-1.429933,-1.056098,1.536308,0.541064,-1.351188,-1.388643,-1.45167,1.357538,1.528409,-1.251005,-1.40089,-2.076896,1.162241,1.648918,-1.12065,-1.106727,-2.246944,1.101467,1.808727,-1.122817,-1.353998,-1.782022,0.996759,1.941612,-1.049943,-1.026985,-1.50762,1.399753,0.447564,-0.961654,0.315458,-1.426687,0.021401,1.768239,-1.139262,-0.068172,-1.299299,1.769774,1.898641,-1.595998,-1.418129,-1.280083,1.39213,1.612294,-1.389581,-1.353265,-1.303849,1.431067,1.378064,-1.328339,-1.187651,-1.400393,1.125755,1.681844,-1.243413,-1.109279,-1.413978,0.696213,1.843493,-1.284235,1.074462,0.98674,1.437158,2.143753,-1.338748,-0.269024,-1.525464,1.27163,1.646562,-1.26767,-0.76157,-1.525539,1.296204,1.552444,-1.252159,0.360747,-1.440779,1.172652,1.637529,-0.870379,1.113486,-1.383032,1.45944,1.614511,-1.609797,-1.466826,-0.828815,1.527943,1.283451,-1.589648,-1.483511,0.97581,-1.356046,1.40536,-0.813185,-1.376334,-1.264074,-1.807433,0.750681,-1.281817,-0.713773,-1.564792,-0.197789,1.409733,0.954514,1.268829,-0.87984,1.323546,2.025415,-1.580016,-0.062812,-1.438663,1.39498,1.311405,-1.233005,-0.661488,-1.621256,1.383699,1.363572,-1.500329,1.803243,-1.566184,1.301018,1.481757,-0.748014,1.815816,1.280776,1.309345,1.330357,-1.556066,-0.570008,0.052022,1.260518,1.61231,-1.499134,-1.105839,0.889336,1.526222,1.840563,-1.502465,-0.335993,-1.352139,-0.546024,0.576002,-1.688285,-1.811629,1.159998,-1.802445,1.460153,-1.37914,1.339521,2.135163,-1.434919,1.577686,-1.476902,-1.379991,0.601549,-0.526137,0.979056,-0.720271,1.9559,-1.72763,1.207546,1.40452,2.017938,-0.052891,-1.789467,1.279494,1.384319,1.024364,0.450096,-1.552884,1.190923,1.365883,-1.327962,-1.426355,-1.85216,-0.985613,2.020042,-1.190546,-1.544959,-1.094467,0.038229,1.709865,-1.085415,-0.526949,-1.520805,-1.637801,1.80651,-1.541438,-1.908119,-0.625664,-1.781575,1.583455,-0.987995,-1.299995,0.655544,-1.652258,1.499047,-1.213354,-1.018113,-2.116983,-1.609975,1.758449,-0.610317,-1.119117,-1.930563,-0.884962,1.635215,-0.92048,-0.920521,-1.613474,-1.3167,-0.313425,-1.090144,-1.043349,-1.423414,-0.95619,-0.78369,-1.582251,0.139843,-0.193852,-1.378674,1.629604,-0.106542
332.0,82.0,59.0,4.0,4.0,17440.0,17772.0,1.556731,1.449592,1.512045,-0.157408,1.211578,1.552298,1.487936,1.339751,-1.377737,-0.845429,1.493331,1.508935,1.387041,-0.816242,1.377573,1.568558,1.414744,1.305954,-1.083031,-0.167488,1.513545,1.491655,1.206896,-0.853388,1.346309,1.424905,1.354793,1.456566,1.558572,1.523497,1.543284,1.371815,1.36515,0.790338,1.064145,1.468981,1.380331,1.290526,-1.068646,-0.773438,1.501786,1.390845,1.11203,-1.306324,-0.708813,1.532296,1.441539,0.956549,-1.266274,-0.510106,1.50514,1.37642,1.211053,-1.267522,-0.187952,1.480076,1.390686,1.181616,-1.01334,1.19528,1.418903,1.293148,1.199424,-1.422373,-0.776849,1.337155,1.356957,1.247138,-1.063254,-0.687257,1.302351,1.33327,1.299125,-1.365868,-1.302151,1.434866,1.354176,1.299659,-1.305591,-1.369354,1.475429,1.436056,1.311389,-1.317743,-1.126732,1.486124,1.432191,1.406663,-1.41179,-0.858408,1.452546,-1.449953,0.177884,-1.236989,-0.328851,1.380557,1.247353,1.317435,-1.159793,-1.183022,1.372339,1.366616,1.211112,-1.184976,-1.204732,1.244872,1.080334,1.069195,-1.414925,-1.090172,1.207799,0.891652,1.013623,-1.333544,-1.118423,1.194549,1.325895,1.295734,-1.25397,-1.387965,1.355496,1.303989,0.87627,0.798639,0.0788,1.554178,1.359853,1.275673,0.397264,1.075013,1.485811,1.621708,0.757062,-1.55174,-1.389815,-0.774112,-1.383371,1.134702,-1.351357,-0.896351,1.021417,1.439798,1.112779,-1.073572,-1.450273,1.277465,1.228309,0.934727,-1.266482,-1.291151,0.991993,0.265024,0.475775,-1.373595,-1.28046,-0.425787,0.56632,-1.245057,-1.389308,-1.379809,1.108191,-1.129139,-1.604136,-1.419128,-1.130273,1.029573,-0.748506,-1.478742,-1.169899,-0.210275,0.960335,-0.887372,-1.005189,-1.602852,1.470684,0.562237,-0.74197,-1.483271,0.837483,-1.233059,1.275987,-1.427826,-1.098498,1.089645,0.268628,1.192894,0.985763,-1.786746,-1.500981,-1.337973,-1.030762,-0.233137,0.653787,-1.437184,0.504351,-1.35378,1.360938,0.89346,-1.35344,-1.212943,-1.67219,1.350283,1.033415,-1.430454,-1.305698,0.747528,-0.734741,0.52823,1.237616,-0.790493,1.125064,1.182046,1.281084,1.428165,0.73115,0.995675,-1.091291,-0.842127,-0.119532,0.227359,0.932522,-0.180773,-1.395207,0.502043,-1.145162,1.319563,1.153554,-1.757503,0.81818,-1.222294,1.344586,1.099196,0.381139,-0.066934,-0.864495,1.052208,1.268823,0.576664,-1.486534,-0.561106,1.426441,1.463494,1.069738,1.302818,1.543767,1.421976,1.466837,1.269112,1.489776,1.539256,0.90681,-1.414677,-1.63598,1.098345,-1.118096,0.797654
199.0,81.3,60.5,6.0,6.0,17772.0,17971.0,-0.840468,-1.147883,-0.504578,2.233058,-0.56353,-0.792082,-1.046975,-1.148559,1.320646,1.660906,-0.896733,-0.738899,-0.820021,1.904356,-0.684739,-0.98928,-1.330606,-1.562189,1.745904,1.523164,-0.884254,-0.829059,-1.584182,1.670119,-0.352834,-1.400868,-1.423252,-0.969206,-0.802396,-0.35247,-1.157489,-1.429933,-1.056098,1.536308,0.541064,-1.351188,-1.388643,-1.45167,1.357538,1.528409,-1.251005,-1.40089,-2.076896,1.162241,1.648918,-1.12065,-1.106727,-2.246944,1.101467,1.808727,-1.122817,-1.353998,-1.782022,0.996759,1.941612,-1.049943,-1.026985,-1.50762,1.399753,0.447564,-0.961654,0.315458,-1.426687,0.021401,1.768239,-1.139262,-0.068172,-1.299299,1.769774,1.898641,-1.595998,-1.418129,-1.280083,1.39213,1.612294,-1.389581,-1.353265,-1.303849,1.431067,1.378064,-1.328339,-1.187651,-1.400393,1.125755,1.681844,-1.243413,-1.109279,-1.413978,0.696213,1.843493,-1.284235,1.074462,0.98674,1.437158,2.143753,-1.338748,-0.269024,-1.525464,1.27163,1.646562,-1.26767,-0.76157,-1.525539,1.296204,1.552444,-1.252159,0.360747,-1.440779,1.172652,1.637529,-0.870379,1.113486,-1.383032,1.45944,1.614511,-1.609797,-1.466826,-0.828815,1.527943,1.283451,-1.589648,-1.483511,0.97581,-1.356046,1.40536,-0.813185,-1.376334,-1.264074,-1.807433,0.750681,-1.281817,-0.713773,-1.564792,-0.197789,1.409733,0.954514,1.268829,-0.87984,1.323546,2.025415,-1.580016,-0.062812,-1.438663,1.39498,1.311405,-1.233005,-0.661488,-1.621256,1.383699,1.363572,-1.500329,1.803243,-1.566184,1.301018,1.481757,-0.748014,1.815816,1.280776,1.309345,1.330357,-1.556066,-0.570008,0.052022,1.260518,1.61231,-1.499134,-1.105839,0.889336,1.526222,1.840563,-1.502465,-0.335993,-1.352139,-0.546024,0.576002,-1.688285,-1.811629,1.159998,-1.802445,1.460153,-1.37914,1.339521,2.135163,-1.434919,1.577686,-1.476902,-1.379991,0.601549,-0.526137,0.979056,-0.720271,1.9559,-1.72763,1.207546,1.40452,2.017938,-0.052891,-1.789467,1.279494,1.384319,1.024364,0.450096,-1.552884,1.190923,1.365883,-1.327962,-1.426355,-1.85216,-0.985613,2.020042,-1.190546,-1.544959,-1.094467,0.038229,1.709865,-1.085415,-0.526949,-1.520805,-1.637801,1.80651,-1.541438,-1.908119,-0.625664,-1.781575,1.583455,-0.987995,-1.299995,0.655544,-1.652258,1.499047,-1.213354,-1.018113,-2.116983,-1.609975,1.758449,-0.610317,-1.119117,-1.930563,-0.884962,1.635215,-0.92048,-0.920521,-1.613474,-1.3167,-0.313425,-1.090144,-1.043349,-1.423414,-0.95619,-0.78369,-1.582251,0.139843,-0.193852,-1.378674,1.629604,-0.106542
399.0,83.7,63.3,6.0,4.0,17971.0,18370.0,-0.840468,-1.147883,-0.504578,2.233058,-0.56353,-0.792082,-1.046975,-1.148559,1.320646,1.660906,-0.896733,-0.738899,-0.820021,1.904356,-0.684739,-0.98928,-1.330606,-1.562189,1.745904,1.523164,-0.884254,-0.829059,-1.584182,1.670119,-0.352834,-1.400868,-1.423252,-0.969206,-0.802396,-0.35247,-1.157489,-1.429933,-1.056098,1.536308,0.541064,-1.351188,-1.388643,-1.45167,1.357538,1.528409,-1.251005,-1.40089,-2.076896,1.162241,1.648918,-1.12065,-1.106727,-2.246944,1.101467,1.808727,-1.122817,-1.353998,-1.782022,0.996759,1.941612,-1.049943,-1.026985,-1.50762,1.399753,0.447564,-0.961654,0.315458,-1.426687,0.021401,1.768239,-1.139262,-0.068172,-1.299299,1.769774,1.898641,-1.595998,-1.418129,-1.280083,1.39213,1.612294,-1.389581,-1.353265,-1.303849,1.431067,1.378064,-1.328339,-1.187651,-1.400393,1.125755,1.681844,-1.243413,-1.109279,-1.413978,0.696213,1.843493,-1.284235,1.074462,0.98674,1.437158,2.143753,-1.338748,-0.269024,-1.525464,1.27163,1.646562,-1.26767,-0.76157,-1.525539,1.296204,1.552444,-1.252159,0.360747,-1.440779,1.172652,1.637529,-0.870379,1.113486,-1.383032,1.45944,1.614511,-1.609797,-1.466826,-0.828815,1.527943,1.283451,-1.589648,-1.483511,0.97581,-1.356046,1.40536,-0.813185,-1.376334,-1.264074,-1.807433,0.750681,-1.281817,-0.713773,-1.564792,-0.197789,1.409733,0.954514,1.268829,-0.87984,1.323546,2.025415,-1.580016,-0.062812,-1.438663,1.39498,1.311405,-1.233005,-0.661488,-1.621256,1.383699,1.363572,-1.500329,1.803243,-1.566184,1.301018,1.481757,-0.748014,1.815816,1.280776,1.309345,1.330357,-1.556066,-0.570008,0.052022,1.260518,1.61231,-1.499134,-1.105839,0.889336,1.526222,1.840563,-1.502465,-0.335993,-1.352139,-0.546024,0.576002,-1.688285,-1.811629,1.159998,-1.802445,1.460153,-1.37914,1.339521,2.135163,-1.434919,1.577686,-1.476902,-1.379991,0.601549,-0.526137,0.979056,-0.720271,1.9559,-1.72763,1.207546,1.40452,2.017938,-0.052891,-1.789467,1.279494,1.384319,1.024364,0.450096,-1.552884,1.190923,1.365883,-1.327962,-1.426355,-1.85216,-0.985613,2.020042,-1.190546,-1.544959,-1.094467,0.038229,1.709865,-1.085415,-0.526949,-1.520805,-1.637801,1.80651,-1.541438,-1.908119,-0.625664,-1.781575,1.583455,-0.987995,-1.299995,0.655544,-1.652258,1.499047,-1.213354,-1.018113,-2.116983,-1.609975,1.758449,-0.610317,-1.119117,-1.930563,-0.884962,1.635215,-0.92048,-0.920521,-1.613474,-1.3167,-0.313425,-1.090144,-1.043349,-1.423414,-0.95619,-0.78369,-1.582251,0.139843,-0.193852,-1.378674,1.629604,-0.106542
433.0,65.5,46.0,4.0,7.0,1495.0,1928.0,-0.840468,-1.147883,-0.504578,2.233058,-0.56353,-0.792082,-1.046975,-1.148559,1.320646,1.660906,-0.896733,-0.738899,-0.820021,1.904356,-0.684739,-0.98928,-1.330606,-1.562189,1.745904,1.523164,-0.884254,-0.829059,-1.584182,1.670119,-0.352834,-1.400868,-1.423252,-0.969206,-0.802396,-0.35247,-1.157489,-1.429933,-1.056098,1.536308,0.541064,-1.351188,-1.388643,-1.45167,1.357538,1.528409,-1.251005,-1.40089,-2.076896,1.162241,1.648918,-1.12065,-1.106727,-2.246944,1.101467,1.808727,-1.122817,-1.353998,-1.782022,0.996759,1.941612,-1.049943,-1.026985,-1.50762,1.399753,0.447564,-0.961654,0.315458,-1.426687,0.021401,1.768239,-1.139262,-0.068172,-1.299299,1.769774,1.898641,-1.595998,-1.418129,-1.280083,1.39213,1.612294,-1.389581,-1.353265,-1.303849,1.431067,1.378064,-1.328339,-1.187651,-1.400393,1.125755,1.681844,-1.243413,-1.109279,-1.413978,0.696213,1.843493,-1.284235,1.074462,0.98674,1.437158,2.143753,-1.338748,-0.269024,-1.525464,1.27163,1.646562,-1.26767,-0.76157,-1.525539,1.296204,1.552444,-1.252159,0.360747,-1.440779,1.172652,1.637529,-0.870379,1.113486,-1.383032,1.45944,1.614511,-1.609797,-1.466826,-0.828815,1.527943,1.283451,-1.589648,-1.483511,0.97581,-1.356046,1.40536,-0.813185,-1.376334,-1.264074,-1.807433,0.750681,-1.281817,-0.713773,-1.564792,-0.197789,1.409733,0.954514,1.268829,-0.87984,1.323546,2.025415,-1.580016,-0.062812,-1.438663,1.39498,1.311405,-1.233005,-0.661488,-1.621256,1.383699,1.363572,-1.500329,1.803243,-1.566184,1.301018,1.481757,-0.748014,1.815816,1.280776,1.309345,1.330357,-1.556066,-0.570008,0.052022,1.260518,1.61231,-1.499134,-1.105839,0.889336,1.526222,1.840563,-1.502465,-0.335993,-1.352139,-0.546024,0.576002,-1.688285,-1.811629,1.159998,-1.802445,1.460153,-1.37914,1.339521,2.135163,-1.434919,1.577686,-1.476902,-1.379991,0.601549,-0.526137,0.979056,-0.720271,1.9559,-1.72763,1.207546,1.40452,2.017938,-0.052891,-1.789467,1.279494,1.384319,1.024364,0.450096,-1.552884,1.190923,1.365883,-1.327962,-1.426355,-1.85216,-0.985613,2.020042,-1.190546,-1.544959,-1.094467,0.038229,1.709865,-1.085415,-0.526949,-1.520805,-1.637801,1.80651,-1.541438,-1.908119,-0.625664,-1.781575,1.583455,-0.987995,-1.299995,0.655544,-1.652258,1.499047,-1.213354,-1.018113,-2.116983,-1.609975,1.758449,-0.610317,-1.119117,-1.930563,-0.884962,1.635215,-0.92048,-0.920521,-1.613474,-1.3167,-0.313425,-1.090144,-1.043349,-1.423414,-0.95619,-0.78369,-1.582251,0.139843,-0.193852,-1.378674,1.629604,-0.106542
266.0,83.0,59.6,5.0,5.0,18370.0,18636.0,-0.840468,-1.147883,-0.504578,2.233058,-0.56353,-0.792082,-1.046975,-1.148559,1.320646,1.660906,-0.896733,-0.738899,-0.820021,1.904356,-0.684739,-0.98928,-1.330606,-1.562189,1.745904,1.523164,-0.884254,-0.829059,-1.584182,1.670119,-0.352834,-1.400868,-1.423252,-0.969206,-0.802396,-0.35247,-1.157489,-1.429933,-1.056098,1.536308,0.541064,-1.351188,-1.388643,-1.45167,1.357538,1.528409,-1.251005,-1.40089,-2.076896,1.162241,1.648918,-1.12065,-1.106727,-2.246944,1.101467,1.808727,-1.122817,-1.353998,-1.782022,0.996759,1.941612,-1.049943,-1.026985,-1.50762,1.399753,0.447564,-0.961654,0.315458,-1.426687,0.021401,1.768239,-1.139262,-0.068172,-1.299299,1.769774,1.898641,-1.595998,-1.418129,-1.280083,1.39213,1.612294,-1.389581,-1.353265,-1.303849,1.431067,1.378064,-1.328339,-1.187651,-1.400393,1.125755,1.681844,-1.243413,-1.109279,-1.413978,0.696213,1.843493,-1.284235,1.074462,0.98674,1.437158,2.143753,-1.338748,-0.269024,-1.525464,1.27163,1.646562,-1.26767,-0.76157,-1.525539,1.296204,1.552444,-1.252159,0.360747,-1.440779,1.172652,1.637529,-0.870379,1.113486,-1.383032,1.45944,1.614511,-1.609797,-1.466826,-0.828815,1.527943,1.283451,-1.589648,-1.483511,0.97581,-1.356046,1.40536,-0.813185,-1.376334,-1.264074,-1.807433,0.750681,-1.281817,-0.713773,-1.564792,-0.197789,1.409733,0.954514,1.268829,-0.87984,1.323546,2.025415,-1.580016,-0.062812,-1.438663,1.39498,1.311405,-1.233005,-0.661488,-1.621256,1.383699,1.363572,-1.500329,1.803243,-1.566184,1.301018,1.481757,-0.748014,1.815816,1.280776,1.309345,1.330357,-1.556066,-0.570008,0.052022,1.260518,1.61231,-1.499134,-1.105839,0.889336,1.526222,1.840563,-1.502465,-0.335993,-1.352139,-0.546024,0.576002,-1.688285,-1.811629,1.159998,-1.802445,1.460153,-1.37914,1.339521,2.135163,-1.434919,1.577686,-1.476902,-1.379991,0.601549,-0.526137,0.979056,-0.720271,1.9559,-1.72763,1.207546,1.40452,2.017938,-0.052891,-1.789467,1.279494,1.384319,1.024364,0.450096,-1.552884,1.190923,1.365883,-1.327962,-1.426355,-1.85216,-0.985613,2.020042,-1.190546,-1.544959,-1.094467,0.038229,1.709865,-1.085415,-0.526949,-1.520805,-1.637801,1.80651,-1.541438,-1.908119,-0.625664,-1.781575,1.583455,-0.987995,-1.299995,0.655544,-1.652258,1.499047,-1.213354,-1.018113,-2.116983,-1.609975,1.758449,-0.610317,-1.119117,-1.930563,-0.884962,1.635215,-0.92048,-0.920521,-1.613474,-1.3167,-0.313425,-1.090144,-1.043349,-1.423414,-0.95619,-0.78369,-1.582251,0.139843,-0.193852,-1.378674,1.629604,-0.106542
465.0,84.2,63.1,6.0,21.0,18636.0,19101.0,-0.840468,-1.147883,-0.504578,2.233058,-0.56353,-0.792082,-1.046975,-1.148559,1.320646,1.660906,-0.896733,-0.738899,-0.820021,1.904356,-0.684739,-0.98928,-1.330606,-1.562189,1.745904,1.523164,-0.884254,-0.829059,-1.584182,1.670119,-0.352834,-1.400868,-1.423252,-0.969206,-0.802396,-0.35247,-1.157489,-1.429933,-1.056098,1.536308,0.541064,-1.351188,-1.388643,-1.45167,1.357538,1.528409,-1.251005,-1.40089,-2.076896,1.162241,1.648918,-1.12065,-1.106727,-2.246944,1.101467,1.808727,-1.122817,-1.353998,-1.782022,0.996759,1.941612,-1.049943,-1.026985,-1.50762,1.399753,0.447564,-0.961654,0.315458,-1.426687,0.021401,1.768239,-1.139262,-0.068172,-1.299299,1.769774,1.898641,-1.595998,-1.418129,-1.280083,1.39213,1.612294,-1.389581,-1.353265,-1.303849,1.431067,1.378064,-1.328339,-1.187651,-1.400393,1.125755,1.681844,-1.243413,-1.109279,-1.413978,0.696213,1.843493,-1.284235,1.074462,0.98674,1.437158,2.143753,-1.338748,-0.269024,-1.525464,1.27163,1.646562,-1.26767,-0.76157,-1.525539,1.296204,1.552444,-1.252159,0.360747,-1.440779,1.172652,1.637529,-0.870379,1.113486,-1.383032,1.45944,1.614511,-1.609797,-1.466826,-0.828815,1.527943,1.283451,-1.589648,-1.483511,0.97581,-1.356046,1.40536,-0.813185,-1.376334,-1.264074,-1.807433,0.750681,-1.281817,-0.713773,-1.564792,-0.197789,1.409733,0.954514,1.268829,-0.87984,1.323546,2.025415,-1.580016,-0.062812,-1.438663,1.39498,1.311405,-1.233005,-0.661488,-1.621256,1.383699,1.363572,-1.500329,1.803243,-1.566184,1.301018,1.481757,-0.748014,1.815816,1.280776,1.309345,1.330357,-1.556066,-0.570008,0.052022,1.260518,1.61231,-1.499134,-1.105839,0.889336,1.526222,1.840563,-1.502465,-0.335993,-1.352139,-0.546024,0.576002,-1.688285,-1.811629,1.159998,-1.802445,1.460153,-1.37914,1.339521,2.135163,-1.434919,1.577686,-1.476902,-1.379991,0.601549,-0.526137,0.979056,-0.720271,1.9559,-1.72763,1.207546,1.40452,2.017938,-0.052891,-1.789467,1.279494,1.384319,1.024364,0.450096,-1.552884,1.190923,1.365883,-1.327962,-1.426355,-1.85216,-0.985613,2.020042,-1.190546,-1.544959,-1.094467,0.038229,1.709865,-1.085415,-0.526949,-1.520805,-1.637801,1.80651,-1.541438,-1.908119,-0.625664,-1.781575,1.583455,-0.987995,-1.299995,0.655544,-1.652258,1.499047,-1.213354,-1.018113,-2.116983,-1.609975,1.758449,-0.610317,-1.119117,-1.930563,-0.884962,1.635215,-0.92048,-0.920521,-1.613474,-1.3167,-0.313425,-1.090144,-1.043349,-1.423414,-0.95619,-0.78369,-1.582251,0.139843,-0.193852,-1.378674,1.629604,-0.106542
432.0,79.8,58.9,9.0,5.0,19101.0,19533.0,-0.840468,-1.147883,-0.504578,2.233058,-0.56353,-0.792082,-1.046975,-1.148559,1.320646,1.660906,-0.896733,-0.738899,-0.820021,1.904356,-0.684739,-0.98928,-1.330606,-1.562189,1.745904,1.523164,-0.884254,-0.829059,-1.584182,1.670119,-0.352834,-1.400868,-1.423252,-0.969206,-0.802396,-0.35247,-1.157489,-1.429933,-1.056098,1.536308,0.541064,-1.351188,-1.388643,-1.45167,1.357538,1.528409,-1.251005,-1.40089,-2.076896,1.162241,1.648918,-1.12065,-1.106727,-2.246944,1.101467,1.808727,-1.122817,-1.353998,-1.782022,0.996759,1.941612,-1.049943,-1.026985,-1.50762,1.399753,0.447564,-0.961654,0.315458,-1.426687,0.021401,1.768239,-1.139262,-0.068172,-1.299299,1.769774,1.898641,-1.595998,-1.418129,-1.280083,1.39213,1.612294,-1.389581,-1.353265,-1.303849,1.431067,1.378064,-1.328339,-1.187651,-1.400393,1.125755,1.681844,-1.243413,-1.109279,-1.413978,0.696213,1.843493,-1.284235,1.074462,0.98674,1.437158,2.143753,-1.338748,-0.269024,-1.525464,1.27163,1.646562,-1.26767,-0.76157,-1.525539,1.296204,1.552444,-1.252159,0.360747,-1.440779,1.172652,1.637529,-0.870379,1.113486,-1.383032,1.45944,1.614511,-1.609797,-1.466826,-0.828815,1.527943,1.283451,-1.589648,-1.483511,0.97581,-1.356046,1.40536,-0.813185,-1.376334,-1.264074,-1.807433,0.750681,-1.281817,-0.713773,-1.564792,-0.197789,1.409733,0.954514,1.268829,-0.87984,1.323546,2.025415,-1.580016,-0.062812,-1.438663,1.39498,1.311405,-1.233005,-0.661488,-1.621256,1.383699,1.363572,-1.500329,1.803243,-1.566184,1.301018,1.481757,-0.748014,1.815816,1.280776,1.309345,1.330357,-1.556066,-0.570008,0.052022,1.260518,1.61231,-1.499134,-1.105839,0.889336,1.526222,1.840563,-1.502465,-0.335993,-1.352139,-0.546024,0.576002,-1.688285,-1.811629,1.159998,-1.802445,1.460153,-1.37914,1.339521,2.135163,-1.434919,1.577686,-1.476902,-1.379991,0.601549,-0.526137,0.979056,-0.720271,1.9559,-1.72763,1.207546,1.40452,2.017938,-0.052891,-1.789467,1.279494,1.384319,1.024364,0.450096,-1.552884,1.190923,1.365883,-1.327962,-1.426355,-1.85216,-0.985613,2.020042,-1.190546,-1.544959,-1.094467,0.038229,1.709865,-1.085415,-0.526949,-1.520805,-1.637801,1.80651,-1.541438,-1.908119,-0.625664,-1.781575,1.583455,-0.987995,-1.299995,0.655544,-1.652258,1.499047,-1.213354,-1.018113,-2.116983,-1.609975,1.758449,-0.610317,-1.119117,-1.930563,-0.884962,1.635215,-0.92048,-0.920521,-1.613474,-1.3167,-0.313425,-1.090144,-1.043349,-1.423414,-0.95619,-0.78369,-1.582251,0.139843,-0.193852,-1.378674,1.629604,-0.106542
598.0,80.9,56.3,6.0,11.0,19533.0,20131.0,-0.840468,-1.147883,-0.504578,2.233058,-0.56353,-0.792082,-1.046975,-1.148559,1.320646,1.660906,-0.896733,-0.738899,-0.820021,1.904356,-0.684739,-0.98928,-1.330606,-1.562189,1.745904,1.523164,-0.884254,-0.829059,-1.584182,1.670119,-0.352834,-1.400868,-1.423252,-0.969206,-0.802396,-0.35247,-1.157489,-1.429933,-1.056098,1.536308,0.541064,-1.351188,-1.388643,-1.45167,1.357538,1.528409,-1.251005,-1.40089,-2.076896,1.162241,1.648918,-1.12065,-1.106727,-2.246944,1.101467,1.808727,-1.122817,-1.353998,-1.782022,0.996759,1.941612,-1.049943,-1.026985,-1.50762,1.399753,0.447564,-0.961654,0.315458,-1.426687,0.021401,1.768239,-1.139262,-0.068172,-1.299299,1.769774,1.898641,-1.595998,-1.418129,-1.280083,1.39213,1.612294,-1.389581,-1.353265,-1.303849,1.431067,1.378064,-1.328339,-1.187651,-1.400393,1.125755,1.681844,-1.243413,-1.109279,-1.413978,0.696213,1.843493,-1.284235,1.074462,0.98674,1.437158,2.143753,-1.338748,-0.269024,-1.525464,1.27163,1.646562,-1.26767,-0.76157,-1.525539,1.296204,1.552444,-1.252159,0.360747,-1.440779,1.172652,1.637529,-0.870379,1.113486,-1.383032,1.45944,1.614511,-1.609797,-1.466826,-0.828815,1.527943,1.283451,-1.589648,-1.483511,0.97581,-1.356046,1.40536,-0.813185,-1.376334,-1.264074,-1.807433,0.750681,-1.281817,-0.713773,-1.564792,-0.197789,1.409733,0.954514,1.268829,-0.87984,1.323546,2.025415,-1.580016,-0.062812,-1.438663,1.39498,1.311405,-1.233005,-0.661488,-1.621256,1.383699,1.363572,-1.500329,1.803243,-1.566184,1.301018,1.481757,-0.748014,1.815816,1.280776,1.309345,1.330357,-1.556066,-0.570008,0.052022,1.260518,1.61231,-1.499134,-1.105839,0.889336,1.526222,1.840563,-1.502465,-0.335993,-1.352139,-0.546024,0.576002,-1.688285,-1.811629,1.159998,-1.802445,1.460153,-1.37914,1.339521,2.135163,-1.434919,1.577686,-1.476902,-1.379991,0.601549,-0.526137,0.979056,-0.720271,1.9559,-1.72763,1.207546,1.40452,2.017938,-0.052891,-1.789467,1.279494,1.384319,1.024364,0.450096,-1.552884,1.190923,1.365883,-1.327962,-1.426355,-1.85216,-0.985613,2.020042,-1.190546,-1.544959,-1.094467,0.038229,1.709865,-1.085415,-0.526949,-1.520805,-1.637801,1.80651,-1.541438,-1.908119,-0.625664,-1.781575,1.583455,-0.987995,-1.299995,0.655544,-1.652258,1.499047,-1.213354,-1.018113,-2.116983,-1.609975,1.758449,-0.610317,-1.119117,-1.930563,-0.884962,1.635215,-0.92048,-0.920521,-1.613474,-1.3167,-0.313425,-1.090144,-1.043349,-1.423414,-0.95619,-0.78369,-1.582251,0.139843,-0.193852,-1.378674,1.629604,-0.106542
334.0,83.5,59.0,9.0,13.0,20131.0,20465.0,-0.840468,-1.147883,-0.504578,2.233058,-0.56353,-0.792082,-1.046975,-1.148559,1.320646,1.660906,-0.896733,-0.738899,-0.820021,1.904356,-0.684739,-0.98928,-1.330606,-1.562189,1.745904,1.523164,-0.884254,-0.829059,-1.584182,1.670119,-0.352834,-1.400868,-1.423252,-0.969206,-0.802396,-0.35247,-1.157489,-1.429933,-1.056098,1.536308,0.541064,-1.351188,-1.388643,-1.45167,1.357538,1.528409,-1.251005,-1.40089,-2.076896,1.162241,1.648918,-1.12065,-1.106727,-2.246944,1.101467,1.808727,-1.122817,-1.353998,-1.782022,0.996759,1.941612,-1.049943,-1.026985,-1.50762,1.399753,0.447564,-0.961654,0.315458,-1.426687,0.021401,1.768239,-1.139262,-0.068172,-1.299299,1.769774,1.898641,-1.595998,-1.418129,-1.280083,1.39213,1.612294,-1.389581,-1.353265,-1.303849,1.431067,1.378064,-1.328339,-1.187651,-1.400393,1.125755,1.681844,-1.243413,-1.109279,-1.413978,0.696213,1.843493,-1.284235,1.074462,0.98674,1.437158,2.143753,-1.338748,-0.269024,-1.525464,1.27163,1.646562,-1.26767,-0.76157,-1.525539,1.296204,1.552444,-1.252159,0.360747,-1.440779,1.172652,1.637529,-0.870379,1.113486,-1.383032,1.45944,1.614511,-1.609797,-1.466826,-0.828815,1.527943,1.283451,-1.589648,-1.483511,0.97581,-1.356046,1.40536,-0.813185,-1.376334,-1.264074,-1.807433,0.750681,-1.281817,-0.713773,-1.564792,-0.197789,1.409733,0.954514,1.268829,-0.87984,1.323546,2.025415,-1.580016,-0.062812,-1.438663,1.39498,1.311405,-1.233005,-0.661488,-1.621256,1.383699,1.363572,-1.500329,1.803243,-1.566184,1.301018,1.481757,-0.748014,1.815816,1.280776,1.309345,1.330357,-1.556066,-0.570008,0.052022,1.260518,1.61231,-1.499134,-1.105839,0.889336,1.526222,1.840563,-1.502465,-0.335993,-1.352139,-0.546024,0.576002,-1.688285,-1.811629,1.159998,-1.802445,1.460153,-1.37914,1.339521,2.135163,-1.434919,1.577686,-1.476902,-1.379991,0.601549,-0.526137,0.979056,-0.720271,1.9559,-1.72763,1.207546,1.40452,2.017938,-0.052891,-1.789467,1.279494,1.384319,1.024364,0.450096,-1.552884,1.190923,1.365883,-1.327962,-1.426355,-1.85216,-0.985613,2.020042,-1.190546,-1.544959,-1.094467,0.038229,1.709865,-1.085415,-0.526949,-1.520805,-1.637801,1.80651,-1.541438,-1.908119,-0.625664,-1.781575,1.583455,-0.987995,-1.299995,0.655544,-1.652258,1.499047,-1.213354,-1.018113,-2.116983,-1.609975,1.758449,-0.610317,-1.119117,-1.930563,-0.884962,1.635215,-0.92048,-0.920521,-1.613474,-1.3167,-0.313425,-1.090144,-1.043349,-1.423414,-0.95619,-0.78369,-1.582251,0.139843,-0.193852,-1.378674,1.629604,-0.106542
266.0,85.4,60.5,5.0,3.0,20465.0,20731.0,-0.840468,-1.147883,-0.504578,2.233058,-0.56353,-0.792082,-1.046975,-1.148559,1.320646,1.660906,-0.896733,-0.738899,-0.820021,1.904356,-0.684739,-0.98928,-1.330606,-1.562189,1.745904,1.523164,-0.884254,-0.829059,-1.584182,1.670119,-0.352834,-1.400868,-1.423252,-0.969206,-0.802396,-0.35247,-1.157489,-1.429933,-1.056098,1.536308,0.541064,-1.351188,-1.388643,-1.45167,1.357538,1.528409,-1.251005,-1.40089,-2.076896,1.162241,1.648918,-1.12065,-1.106727,-2.246944,1.101467,1.808727,-1.122817,-1.353998,-1.782022,0.996759,1.941612,-1.049943,-1.026985,-1.50762,1.399753,0.447564,-0.961654,0.315458,-1.426687,0.021401,1.768239,-1.139262,-0.068172,-1.299299,1.769774,1.898641,-1.595998,-1.418129,-1.280083,1.39213,1.612294,-1.389581,-1.353265,-1.303849,1.431067,1.378064,-1.328339,-1.187651,-1.400393,1.125755,1.681844,-1.243413,-1.109279,-1.413978,0.696213,1.843493,-1.284235,1.074462,0.98674,1.437158,2.143753,-1.338748,-0.269024,-1.525464,1.27163,1.646562,-1.26767,-0.76157,-1.525539,1.296204,1.552444,-1.252159,0.360747,-1.440779,1.172652,1.637529,-0.870379,1.113486,-1.383032,1.45944,1.614511,-1.609797,-1.466826,-0.828815,1.527943,1.283451,-1.589648,-1.483511,0.97581,-1.356046,1.40536,-0.813185,-1.376334,-1.264074,-1.807433,0.750681,-1.281817,-0.713773,-1.564792,-0.197789,1.409733,0.954514,1.268829,-0.87984,1.323546,2.025415,-1.580016,-0.062812,-1.438663,1.39498,1.311405,-1.233005,-0.661488,-1.621256,1.383699,1.363572,-1.500329,1.803243,-1.566184,1.301018,1.481757,-0.748014,1.815816,1.280776,1.309345,1.330357,-1.556066,-0.570008,0.052022,1.260518,1.61231,-1.499134,-1.105839,0.889336,1.526222,1.840563,-1.502465,-0.335993,-1.352139,-0.546024,0.576002,-1.688285,-1.811629,1.159998,-1.802445,1.460153,-1.37914,1.339521,2.135163,-1.434919,1.577686,-1.476902,-1.379991,0.601549,-0.526137,0.979056,-0.720271,1.9559,-1.72763,1.207546,1.40452,2.017938,-0.052891,-1.789467,1.279494,1.384319,1.024364,0.450096,-1.552884,1.190923,1.365883,-1.327962,-1.426355,-1.85216,-0.985613,2.020042,-1.190546,-1.544959,-1.094467,0.038229,1.709865,-1.085415,-0.526949,-1.520805,-1.637801,1.80651,-1.541438,-1.908119,-0.625664,-1.781575,1.583455,-0.987995,-1.299995,0.655544,-1.652258,1.499047,-1.213354,-1.018113,-2.116983,-1.609975,1.758449,-0.610317,-1.119117,-1.930563,-0.884962,1.635215,-0.92048,-0.920521,-1.613474,-1.3167,-0.313425,-1.090144,-1.043349,-1.423414,-0.95619,-0.78369,-1.582251,0.139843,-0.193852,-1.378674,1.629604,-0.106542
466.0,82.1,57.4,4.0,6.0,20731.0,21197.0,-0.840468,-1.147883,-0.504578,2.233058,-0.56353,-0.792082,-1.046975,-1.148559,1.320646,1.660906,-0.896733,-0.738899,-0.820021,1.904356,-0.684739,-0.98928,-1.330606,-1.562189,1.745904,1.523164,-0.884254,-0.829059,-1.584182,1.670119,-0.352834,-1.400868,-1.423252,-0.969206,-0.802396,-0.35247,-1.157489,-1.429933,-1.056098,1.536308,0.541064,-1.351188,-1.388643,-1.45167,1.357538,1.528409,-1.251005,-1.40089,-2.076896,1.162241,1.648918,-1.12065,-1.106727,-2.246944,1.101467,1.808727,-1.122817,-1.353998,-1.782022,0.996759,1.941612,-1.049943,-1.026985,-1.50762,1.399753,0.447564,-0.961654,0.315458,-1.426687,0.021401,1.768239,-1.139262,-0.068172,-1.299299,1.769774,1.898641,-1.595998,-1.418129,-1.280083,1.39213,1.612294,-1.389581,-1.353265,-1.303849,1.431067,1.378064,-1.328339,-1.187651,-1.400393,1.125755,1.681844,-1.243413,-1.109279,-1.413978,0.696213,1.843493,-1.284235,1.074462,0.98674,1.437158,2.143753,-1.338748,-0.269024,-1.525464,1.27163,1.646562,-1.26767,-0.76157,-1.525539,1.296204,1.552444,-1.252159,0.360747,-1.440779,1.172652,1.637529,-0.870379,1.113486,-1.383032,1.45944,1.614511,-1.609797,-1.466826,-0.828815,1.527943,1.283451,-1.589648,-1.483511,0.97581,-1.356046,1.40536,-0.813185,-1.376334,-1.264074,-1.807433,0.750681,-1.281817,-0.713773,-1.564792,-0.197789,1.409733,0.954514,1.268829,-0.87984,1.323546,2.025415,-1.580016,-0.062812,-1.438663,1.39498,1.311405,-1.233005,-0.661488,-1.621256,1.383699,1.363572,-1.500329,1.803243,-1.566184,1.301018,1.481757,-0.748014,1.815816,1.280776,1.309345,1.330357,-1.556066,-0.570008,0.052022,1.260518,1.61231,-1.499134,-1.105839,0.889336,1.526222,1.840563,-1.502465,-0.335993,-1.352139,-0.546024,0.576002,-1.688285,-1.811629,1.159998,-1.802445,1.460153,-1.37914,1.339521,2.135163,-1.434919,1.577686,-1.476902,-1.379991,0.601549,-0.526137,0.979056,-0.720271,1.9559,-1.72763,1.207546,1.40452,2.017938,-0.052891,-1.789467,1.279494,1.384319,1.024364,0.450096,-1.552884,1.190923,1.365883,-1.327962,-1.426355,-1.85216,-0.985613,2.020042,-1.190546,-1.544959,-1.094467,0.038229,1.709865,-1.085415,-0.526949,-1.520805,-1.637801,1.80651,-1.541438,-1.908119,-0.625664,-1.781575,1.583455,-0.987995,-1.299995,0.655544,-1.652258,1.499047,-1.213354,-1.018113,-2.116983,-1.609975,1.758449,-0.610317,-1.119117,-1.930563,-0.884962,1.635215,-0.92048,-0.920521,-1.613474,-1.3167,-0.313425,-1.090144,-1.043349,-1.423414,-0.95619,-0.78369,-1.582251,0.139843,-0.193852,-1.378674,1.629604,-0.106542
299.0,84.7,63.1,5.0,4.0,21197.0,21496.0,-0.840468,-1.147883,-0.504578,2.233058,-0.56353,-0.792082,-1.046975,-1.148559,1.320646,1.660906,-0.896733,-0.738899,-0.820021,1.904356,-0.684739,-0.98928,-1.330606,-1.562189,1.745904,1.523164,-0.884254,-0.829059,-1.584182,1.670119,-0.352834,-1.400868,-1.423252,-0.969206,-0.802396,-0.35247,-1.157489,-1.429933,-1.056098,1.536308,0.541064,-1.351188,-1.388643,-1.45167,1.357538,1.528409,-1.251005,-1.40089,-2.076896,1.162241,1.648918,-1.12065,-1.106727,-2.246944,1.101467,1.808727,-1.122817,-1.353998,-1.782022,0.996759,1.941612,-1.049943,-1.026985,-1.50762,1.399753,0.447564,-0.961654,0.315458,-1.426687,0.021401,1.768239,-1.139262,-0.068172,-1.299299,1.769774,1.898641,-1.595998,-1.418129,-1.280083,1.39213,1.612294,-1.389581,-1.353265,-1.303849,1.431067,1.378064,-1.328339,-1.187651,-1.400393,1.125755,1.681844,-1.243413,-1.109279,-1.413978,0.696213,1.843493,-1.284235,1.074462,0.98674,1.437158,2.143753,-1.338748,-0.269024,-1.525464,1.27163,1.646562,-1.26767,-0.76157,-1.525539,1.296204,1.552444,-1.252159,0.360747,-1.440779,1.172652,1.637529,-0.870379,1.113486,-1.383032,1.45944,1.614511,-1.609797,-1.466826,-0.828815,1.527943,1.283451,-1.589648,-1.483511,0.97581,-1.356046,1.40536,-0.813185,-1.376334,-1.264074,-1.807433,0.750681,-1.281817,-0.713773,-1.564792,-0.197789,1.409733,0.954514,1.268829,-0.87984,1.323546,2.025415,-1.580016,-0.062812,-1.438663,1.39498,1.311405,-1.233005,-0.661488,-1.621256,1.383699,1.363572,-1.500329,1.803243,-1.566184,1.301018,1.481757,-0.748014,1.815816,1.280776,1.309345,1.330357,-1.556066,-0.570008,0.052022,1.260518,1.61231,-1.499134,-1.105839,0.889336,1.526222,1.840563,-1.502465,-0.335993,-1.352139,-0.546024,0.576002,-1.688285,-1.811629,1.159998,-1.802445,1.460153,-1.37914,1.339521,2.135163,-1.434919,1.577686,-1.476902,-1.379991,0.601549,-0.526137,0.979056,-0.720271,1.9559,-1.72763,1.207546,1.40452,2.017938,-0.052891,-1.789467,1.279494,1.384319,1.024364,0.450096,-1.552884,1.190923,1.365883,-1.327962,-1.426355,-1.85216,-0.985613,2.020042,-1.190546,-1.544959,-1.094467,0.038229,1.709865,-1.085415,-0.526949,-1.520805,-1.637801,1.80651,-1.541438,-1.908119,-0.625664,-1.781575,1.583455,-0.987995,-1.299995,0.655544,-1.652258,1.499047,-1.213354,-1.018113,-2.116983,-1.609975,1.758449,-0.610317,-1.119117,-1.930563,-0.884962,1.635215,-0.92048,-0.920521,-1.613474,-1.3167,-0.313425,-1.090144,-1.043349,-1.423414,-0.95619,-0.78369,-1.582251,0.139843,-0.193852,-1.378674,1.629604,-0.106542
100.0,83.3,58.3,1.0,5.0,21496.0,21596.0,1.462885,1.381337,1.401166,-0.166142,1.268265,1.456754,1.410017,1.2464,-1.324047,-0.759252,1.410056,1.419829,1.306423,-0.76838,1.379909,1.481236,1.354472,1.248535,-1.040362,-0.108433,1.434126,1.399102,1.142442,-0.776854,1.362262,1.368435,1.300084,1.364558,1.482422,1.423502,1.472095,1.317219,1.291374,0.68878,0.967651,1.40939,1.326865,1.238703,-1.064497,-0.776869,1.443146,1.33804,1.065079,-1.258307,-0.634058,1.472311,1.373847,0.908219,-1.218112,-0.456719,1.438645,1.300203,1.14211,-1.220296,-0.132731,1.405032,1.321344,1.14267,-0.964935,1.219675,1.354526,1.231365,1.178606,-1.179337,-0.760388,1.285941,1.313128,1.224587,-0.984112,-0.68287,1.274137,1.275147,1.241206,-1.316781,-1.270326,1.389825,1.299483,1.228611,-1.268109,-1.321002,1.427921,1.374678,1.257898,-1.298379,-1.102614,1.449841,1.380858,1.334898,-1.354702,-0.846795,1.418512,-1.501254,0.021538,-1.201058,-0.333995,1.343618,1.150972,1.267912,-1.13496,-1.148532,1.317741,1.310039,1.182182,-1.155698,-1.175289,1.209245,1.050605,1.05749,-1.341274,-1.052952,1.166705,0.868518,1.013975,-1.277209,-1.099268,1.189969,1.255475,1.05938,-1.227804,-1.344064,1.32046,1.25656,0.704881,0.625698,0.004264,1.522437,1.2861,1.215338,0.404314,1.069203,1.460606,1.517011,0.775194,-1.480626,-1.374401,-0.786615,-1.391622,1.055223,-1.319482,-0.889503,1.02208,1.311786,1.099181,-1.057025,-1.376476,1.244456,1.216289,0.922183,-1.235718,-1.249823,0.993897,0.239319,0.52752,-1.328154,-1.246652,-0.328954,0.535598,-1.209042,-1.348821,-1.344866,1.094977,-1.170179,-1.597505,-1.412613,-1.121953,1.039912,-0.77729,-1.540473,-1.187802,-0.31896,0.964263,-0.901892,-1.023916,-1.681101,1.295842,0.729987,-0.677584,-1.44566,0.847278,-1.219812,1.274507,-1.358055,-1.067124,1.099801,0.328362,1.204505,0.989884,-1.705981,-1.388292,-1.298904,-0.877211,-0.261339,0.650665,-1.398488,0.345412,-1.266373,1.254323,0.862235,-1.340228,-1.227521,-1.595494,1.247073,1.009054,-1.397756,-1.290095,0.750357,-0.771234,0.486792,1.11685,-0.835658,1.06146,1.100585,1.205664,1.310467,0.578596,0.965461,-1.111726,-0.850846,-0.423989,0.092148,0.932903,-0.111811,-1.333197,0.507563,-1.139271,1.30778,1.161161,-1.634928,0.828454,-1.208698,1.340444,1.113137,0.388249,-0.030792,-0.890202,1.101551,1.233557,0.566526,-1.41732,-0.685392,1.343224,1.361456,1.017093,1.198443,1.372152,1.338041,1.372794,1.200551,1.342804,1.40777,0.89899,-1.405817,-1.584001,1.071409,-1.122904,0.777922
264.0,83.4,56.6,6.0,5.0,21596.0,21860.0,-0.840468,-1.147883,-0.504578,2.233058,-0.56353,-0.792082,-1.046975,-1.148559,1.320646,1.660906,-0.896733,-0.738899,-0.820021,1.904356,-0.684739,-0.98928,-1.330606,-1.562189,1.745904,1.523164,-0.884254,-0.829059,-1.584182,1.670119,-0.352834,-1.400868,-1.423252,-0.969206,-0.802396,-0.35247,-1.157489,-1.429933,-1.056098,1.536308,0.541064,-1.351188,-1.388643,-1.45167,1.357538,1.528409,-1.251005,-1.40089,-2.076896,1.162241,1.648918,-1.12065,-1.106727,-2.246944,1.101467,1.808727,-1.122817,-1.353998,-1.782022,0.996759,1.941612,-1.049943,-1.026985,-1.50762,1.399753,0.447564,-0.961654,0.315458,-1.426687,0.021401,1.768239,-1.139262,-0.068172,-1.299299,1.769774,1.898641,-1.595998,-1.418129,-1.280083,1.39213,1.612294,-1.389581,-1.353265,-1.303849,1.431067,1.378064,-1.328339,-1.187651,-1.400393,1.125755,1.681844,-1.243413,-1.109279,-1.413978,0.696213,1.843493,-1.284235,1.074462,0.98674,1.437158,2.143753,-1.338748,-0.269024,-1.525464,1.27163,1.646562,-1.26767,-0.76157,-1.525539,1.296204,1.552444,-1.252159,0.360747,-1.440779,1.172652,1.637529,-0.870379,1.113486,-1.383032,1.45944,1.614511,-1.609797,-1.466826,-0.828815,1.527943,1.283451,-1.589648,-1.483511,0.97581,-1.356046,1.40536,-0.813185,-1.376334,-1.264074,-1.807433,0.750681,-1.281817,-0.713773,-1.564792,-0.197789,1.409733,0.954514,1.268829,-0.87984,1.323546,2.025415,-1.580016,-0.062812,-1.438663,1.39498,1.311405,-1.233005,-0.661488,-1.621256,1.383699,1.363572,-1.500329,1.803243,-1.566184,1.301018,1.481757,-0.748014,1.815816,1.280776,1.309345,1.330357,-1.556066,-0.570008,0.052022,1.260518,1.61231,-1.499134,-1.105839,0.889336,1.526222,1.840563,-1.502465,-0.335993,-1.352139,-0.546024,0.576002,-1.688285,-1.811629,1.159998,-1.802445,1.460153,-1.37914,1.339521,2.135163,-1.434919,1.577686,-1.476902,-1.379991,0.601549,-0.526137,0.979056,-0.720271,1.9559,-1.72763,1.207546,1.40452,2.017938,-0.052891,-1.789467,1.279494,1.384319,1.024364,0.450096,-1.552884,1.190923,1.365883,-1.327962,-1.426355,-1.85216,-0.985613,2.020042,-1.190546,-1.544959,-1.094467,0.038229,1.709865,-1.085415,-0.526949,-1.520805,-1.637801,1.80651,-1.541438,-1.908119,-0.625664,-1.781575,1.583455,-0.987995,-1.299995,0.655544,-1.652258,1.499047,-1.213354,-1.018113,-2.116983,-1.609975,1.758449,-0.610317,-1.119117,-1.930563,-0.884962,1.635215,-0.92048,-0.920521,-1.613474,-1.3167,-0.313425,-1.090144,-1.043349,-1.423414,-0.95619,-0.78369,-1.582251,0.139843,-0.193852,-1.378674,1.629604,-0.106542
199.0,71.3,47.0,2.0,11.0,1928.0,2127.0,-0.840468,-1.147883,-0.504578,2.233058,-0.56353,-0.792082,-1.046975,-1.148559,1.320646,1.660906,-0.896733,-0.738899,-0.820021,1.904356,-0.684739,-0.98928,-1.330606,-1.562189,1.745904,1.523164,-0.884254,-0.829059,-1.584182,1.670119,-0.352834,-1.400868,-1.423252,-0.969206,-0.802396,-0.35247,-1.157489,-1.429933,-1.056098,1.536308,0.541064,-1.351188,-1.388643,-1.45167,1.357538,1.528409,-1.251005,-1.40089,-2.076896,1.162241,1.648918,-1.12065,-1.106727,-2.246944,1.101467,1.808727,-1.122817,-1.353998,-1.782022,0.996759,1.941612,-1.049943,-1.026985,-1.50762,1.399753,0.447564,-0.961654,0.315458,-1.426687,0.021401,1.768239,-1.139262,-0.068172,-1.299299,1.769774,1.898641,-1.595998,-1.418129,-1.280083,1.39213,1.612294,-1.389581,-1.353265,-1.303849,1.431067,1.378064,-1.328339,-1.187651,-1.400393,1.125755,1.681844,-1.243413,-1.109279,-1.413978,0.696213,1.843493,-1.284235,1.074462,0.98674,1.437158,2.143753,-1.338748,-0.269024,-1.525464,1.27163,1.646562,-1.26767,-0.76157,-1.525539,1.296204,1.552444,-1.252159,0.360747,-1.440779,1.172652,1.637529,-0.870379,1.113486,-1.383032,1.45944,1.614511,-1.609797,-1.466826,-0.828815,1.527943,1.283451,-1.589648,-1.483511,0.97581,-1.356046,1.40536,-0.813185,-1.376334,-1.264074,-1.807433,0.750681,-1.281817,-0.713773,-1.564792,-0.197789,1.409733,0.954514,1.268829,-0.87984,1.323546,2.025415,-1.580016,-0.062812,-1.438663,1.39498,1.311405,-1.233005,-0.661488,-1.621256,1.383699,1.363572,-1.500329,1.803243,-1.566184,1.301018,1.481757,-0.748014,1.815816,1.280776,1.309345,1.330357,-1.556066,-0.570008,0.052022,1.260518,1.61231,-1.499134,-1.105839,0.889336,1.526222,1.840563,-1.502465,-0.335993,-1.352139,-0.546024,0.576002,-1.688285,-1.811629,1.159998,-1.802445,1.460153,-1.37914,1.339521,2.135163,-1.434919,1.577686,-1.476902,-1.379991,0.601549,-0.526137,0.979056,-0.720271,1.9559,-1.72763,1.207546,1.40452,2.017938,-0.052891,-1.789467,1.279494,1.384319,1.024364,0.450096,-1.552884,1.190923,1.365883,-1.327962,-1.426355,-1.85216,-0.985613,2.020042,-1.190546,-1.544959,-1.094467,0.038229,1.709865,-1.085415,-0.526949,-1.520805,-1.637801,1.80651,-1.541438,-1.908119,-0.625664,-1.781575,1.583455,-0.987995,-1.299995,0.655544,-1.652258,1.499047,-1.213354,-1.018113,-2.116983,-1.609975,1.758449,-0.610317,-1.119117,-1.930563,-0.884962,1.635215,-0.92048,-0.920521,-1.613474,-1.3167,-0.313425,-1.090144,-1.043349,-1.423414,-0.95619,-0.78369,-1.582251,0.139843,-0.193852,-1.378674,1.629604,-0.106542
232.0,81.3,56.7,4.0,3.0,21860.0,22092.0,-0.840468,-1.147883,-0.504578,2.233058,-0.56353,-0.792082,-1.046975,-1.148559,1.320646,1.660906,-0.896733,-0.738899,-0.820021,1.904356,-0.684739,-0.98928,-1.330606,-1.562189,1.745904,1.523164,-0.884254,-0.829059,-1.584182,1.670119,-0.352834,-1.400868,-1.423252,-0.969206,-0.802396,-0.35247,-1.157489,-1.429933,-1.056098,1.536308,0.541064,-1.351188,-1.388643,-1.45167,1.357538,1.528409,-1.251005,-1.40089,-2.076896,1.162241,1.648918,-1.12065,-1.106727,-2.246944,1.101467,1.808727,-1.122817,-1.353998,-1.782022,0.996759,1.941612,-1.049943,-1.026985,-1.50762,1.399753,0.447564,-0.961654,0.315458,-1.426687,0.021401,1.768239,-1.139262,-0.068172,-1.299299,1.769774,1.898641,-1.595998,-1.418129,-1.280083,1.39213,1.612294,-1.389581,-1.353265,-1.303849,1.431067,1.378064,-1.328339,-1.187651,-1.400393,1.125755,1.681844,-1.243413,-1.109279,-1.413978,0.696213,1.843493,-1.284235,1.074462,0.98674,1.437158,2.143753,-1.338748,-0.269024,-1.525464,1.27163,1.646562,-1.26767,-0.76157,-1.525539,1.296204,1.552444,-1.252159,0.360747,-1.440779,1.172652,1.637529,-0.870379,1.113486,-1.383032,1.45944,1.614511,-1.609797,-1.466826,-0.828815,1.527943,1.283451,-1.589648,-1.483511,0.97581,-1.356046,1.40536,-0.813185,-1.376334,-1.264074,-1.807433,0.750681,-1.281817,-0.713773,-1.564792,-0.197789,1.409733,0.954514,1.268829,-0.87984,1.323546,2.025415,-1.580016,-0.062812,-1.438663,1.39498,1.311405,-1.233005,-0.661488,-1.621256,1.383699,1.363572,-1.500329,1.803243,-1.566184,1.301018,1.481757,-0.748014,1.815816,1.280776,1.309345,1.330357,-1.556066,-0.570008,0.052022,1.260518,1.61231,-1.499134,-1.105839,0.889336,1.526222,1.840563,-1.502465,-0.335993,-1.352139,-0.546024,0.576002,-1.688285,-1.811629,1.159998,-1.802445,1.460153,-1.37914,1.339521,2.135163,-1.434919,1.577686,-1.476902,-1.379991,0.601549,-0.526137,0.979056,-0.720271,1.9559,-1.72763,1.207546,1.40452,2.017938,-0.052891,-1.789467,1.279494,1.384319,1.024364,0.450096,-1.552884,1.190923,1.365883,-1.327962,-1.426355,-1.85216,-0.985613,2.020042,-1.190546,-1.544959,-1.094467,0.038229,1.709865,-1.085415,-0.526949,-1.520805,-1.637801,1.80651,-1.541438,-1.908119,-0.625664,-1.781575,1.583455,-0.987995,-1.299995,0.655544,-1.652258,1.499047,-1.213354,-1.018113,-2.116983,-1.609975,1.758449,-0.610317,-1.119117,-1.930563,-0.884962,1.635215,-0.92048,-0.920521,-1.613474,-1.3167,-0.313425,-1.090144,-1.043349,-1.423414,-0.95619,-0.78369,-1.582251,0.139843,-0.193852,-1.378674,1.629604,-0.106542
232.0,81.3,61.0,6.0,5.0,22092.0,22324.0,-0.840468,-1.147883,-0.504578,2.233058,-0.56353,-0.792082,-1.046975,-1.148559,1.320646,1.660906,-0.896733,-0.738899,-0.820021,1.904356,-0.684739,-0.98928,-1.330606,-1.562189,1.745904,1.523164,-0.884254,-0.829059,-1.584182,1.670119,-0.352834,-1.400868,-1.423252,-0.969206,-0.802396,-0.35247,-1.157489,-1.429933,-1.056098,1.536308,0.541064,-1.351188,-1.388643,-1.45167,1.357538,1.528409,-1.251005,-1.40089,-2.076896,1.162241,1.648918,-1.12065,-1.106727,-2.246944,1.101467,1.808727,-1.122817,-1.353998,-1.782022,0.996759,1.941612,-1.049943,-1.026985,-1.50762,1.399753,0.447564,-0.961654,0.315458,-1.426687,0.021401,1.768239,-1.139262,-0.068172,-1.299299,1.769774,1.898641,-1.595998,-1.418129,-1.280083,1.39213,1.612294,-1.389581,-1.353265,-1.303849,1.431067,1.378064,-1.328339,-1.187651,-1.400393,1.125755,1.681844,-1.243413,-1.109279,-1.413978,0.696213,1.843493,-1.284235,1.074462,0.98674,1.437158,2.143753,-1.338748,-0.269024,-1.525464,1.27163,1.646562,-1.26767,-0.76157,-1.525539,1.296204,1.552444,-1.252159,0.360747,-1.440779,1.172652,1.637529,-0.870379,1.113486,-1.383032,1.45944,1.614511,-1.609797,-1.466826,-0.828815,1.527943,1.283451,-1.589648,-1.483511,0.97581,-1.356046,1.40536,-0.813185,-1.376334,-1.264074,-1.807433,0.750681,-1.281817,-0.713773,-1.564792,-0.197789,1.409733,0.954514,1.268829,-0.87984,1.323546,2.025415,-1.580016,-0.062812,-1.438663,1.39498,1.311405,-1.233005,-0.661488,-1.621256,1.383699,1.363572,-1.500329,1.803243,-1.566184,1.301018,1.481757,-0.748014,1.815816,1.280776,1.309345,1.330357,-1.556066,-0.570008,0.052022,1.260518,1.61231,-1.499134,-1.105839,0.889336,1.526222,1.840563,-1.502465,-0.335993,-1.352139,-0.546024,0.576002,-1.688285,-1.811629,1.159998,-1.802445,1.460153,-1.37914,1.339521,2.135163,-1.434919,1.577686,-1.476902,-1.379991,0.601549,-0.526137,0.979056,-0.720271,1.9559,-1.72763,1.207546,1.40452,2.017938,-0.052891,-1.789467,1.279494,1.384319,1.024364,0.450096,-1.552884,1.190923,1.365883,-1.327962,-1.426355,-1.85216,-0.985613,2.020042,-1.190546,-1.544959,-1.094467,0.038229,1.709865,-1.085415,-0.526949,-1.520805,-1.637801,1.80651,-1.541438,-1.908119,-0.625664,-1.781575,1.583455,-0.987995,-1.299995,0.655544,-1.652258,1.499047,-1.213354,-1.018113,-2.116983,-1.609975,1.758449,-0.610317,-1.119117,-1.930563,-0.884962,1.635215,-0.92048,-0.920521,-1.613474,-1.3167,-0.313425,-1.090144,-1.043349,-1.423414,-0.95619,-0.78369,-1.582251,0.139843,-0.193852,-1.378674,1.629604,-0.106542
132.0,80.3,52.8,6.0,12.0,22324.0,22456.0,-0.840468,-1.147883,-0.504578,2.233058,-0.56353,-0.792082,-1.046975,-1.148559,1.320646,1.660906,-0.896733,-0.738899,-0.820021,1.904356,-0.684739,-0.98928,-1.330606,-1.562189,1.745904,1.523164,-0.884254,-0.829059,-1.584182,1.670119,-0.352834,-1.400868,-1.423252,-0.969206,-0.802396,-0.35247,-1.157489,-1.429933,-1.056098,1.536308,0.541064,-1.351188,-1.388643,-1.45167,1.357538,1.528409,-1.251005,-1.40089,-2.076896,1.162241,1.648918,-1.12065,-1.106727,-2.246944,1.101467,1.808727,-1.122817,-1.353998,-1.782022,0.996759,1.941612,-1.049943,-1.026985,-1.50762,1.399753,0.447564,-0.961654,0.315458,-1.426687,0.021401,1.768239,-1.139262,-0.068172,-1.299299,1.769774,1.898641,-1.595998,-1.418129,-1.280083,1.39213,1.612294,-1.389581,-1.353265,-1.303849,1.431067,1.378064,-1.328339,-1.187651,-1.400393,1.125755,1.681844,-1.243413,-1.109279,-1.413978,0.696213,1.843493,-1.284235,1.074462,0.98674,1.437158,2.143753,-1.338748,-0.269024,-1.525464,1.27163,1.646562,-1.26767,-0.76157,-1.525539,1.296204,1.552444,-1.252159,0.360747,-1.440779,1.172652,1.637529,-0.870379,1.113486,-1.383032,1.45944,1.614511,-1.609797,-1.466826,-0.828815,1.527943,1.283451,-1.589648,-1.483511,0.97581,-1.356046,1.40536,-0.813185,-1.376334,-1.264074,-1.807433,0.750681,-1.281817,-0.713773,-1.564792,-0.197789,1.409733,0.954514,1.268829,-0.87984,1.323546,2.025415,-1.580016,-0.062812,-1.438663,1.39498,1.311405,-1.233005,-0.661488,-1.621256,1.383699,1.363572,-1.500329,1.803243,-1.566184,1.301018,1.481757,-0.748014,1.815816,1.280776,1.309345,1.330357,-1.556066,-0.570008,0.052022,1.260518,1.61231,-1.499134,-1.105839,0.889336,1.526222,1.840563,-1.502465,-0.335993,-1.352139,-0.546024,0.576002,-1.688285,-1.811629,1.159998,-1.802445,1.460153,-1.37914,1.339521,2.135163,-1.434919,1.577686,-1.476902,-1.379991,0.601549,-0.526137,0.979056,-0.720271,1.9559,-1.72763,1.207546,1.40452,2.017938,-0.052891,-1.789467,1.279494,1.384319,1.024364,0.450096,-1.552884,1.190923,1.365883,-1.327962,-1.426355,-1.85216,-0.985613,2.020042,-1.190546,-1.544959,-1.094467,0.038229,1.709865,-1.085415,-0.526949,-1.520805,-1.637801,1.80651,-1.541438,-1.908119,-0.625664,-1.781575,1.583455,-0.987995,-1.299995,0.655544,-1.652258,1.499047,-1.213354,-1.018113,-2.116983,-1.609975,1.758449,-0.610317,-1.119117,-1.930563,-0.884962,1.635215,-0.92048,-0.920521,-1.613474,-1.3167,-0.313425,-1.090144,-1.043349,-1.423414,-0.95619,-0.78369,-1.582251,0.139843,-0.193852,-1.378674,1.629604,-0.106542
99.0,73.3,45.7,1.0,9.0,22456.0,22555.0,-0.840468,-1.147883,-0.504578,2.233058,-0.56353,-0.792082,-1.046975,-1.148559,1.320646,1.660906,-0.896733,-0.738899,-0.820021,1.904356,-0.684739,-0.98928,-1.330606,-1.562189,1.745904,1.523164,-0.884254,-0.829059,-1.584182,1.670119,-0.352834,-1.400868,-1.423252,-0.969206,-0.802396,-0.35247,-1.157489,-1.429933,-1.056098,1.536308,0.541064,-1.351188,-1.388643,-1.45167,1.357538,1.528409,-1.251005,-1.40089,-2.076896,1.162241,1.648918,-1.12065,-1.106727,-2.246944,1.101467,1.808727,-1.122817,-1.353998,-1.782022,0.996759,1.941612,-1.049943,-1.026985,-1.50762,1.399753,0.447564,-0.961654,0.315458,-1.426687,0.021401,1.768239,-1.139262,-0.068172,-1.299299,1.769774,1.898641,-1.595998,-1.418129,-1.280083,1.39213,1.612294,-1.389581,-1.353265,-1.303849,1.431067,1.378064,-1.328339,-1.187651,-1.400393,1.125755,1.681844,-1.243413,-1.109279,-1.413978,0.696213,1.843493,-1.284235,1.074462,0.98674,1.437158,2.143753,-1.338748,-0.269024,-1.525464,1.27163,1.646562,-1.26767,-0.76157,-1.525539,1.296204,1.552444,-1.252159,0.360747,-1.440779,1.172652,1.637529,-0.870379,1.113486,-1.383032,1.45944,1.614511,-1.609797,-1.466826,-0.828815,1.527943,1.283451,-1.589648,-1.483511,0.97581,-1.356046,1.40536,-0.813185,-1.376334,-1.264074,-1.807433,0.750681,-1.281817,-0.713773,-1.564792,-0.197789,1.409733,0.954514,1.268829,-0.87984,1.323546,2.025415,-1.580016,-0.062812,-1.438663,1.39498,1.311405,-1.233005,-0.661488,-1.621256,1.383699,1.363572,-1.500329,1.803243,-1.566184,1.301018,1.481757,-0.748014,1.815816,1.280776,1.309345,1.330357,-1.556066,-0.570008,0.052022,1.260518,1.61231,-1.499134,-1.105839,0.889336,1.526222,1.840563,-1.502465,-0.335993,-1.352139,-0.546024,0.576002,-1.688285,-1.811629,1.159998,-1.802445,1.460153,-1.37914,1.339521,2.135163,-1.434919,1.577686,-1.476902,-1.379991,0.601549,-0.526137,0.979056,-0.720271,1.9559,-1.72763,1.207546,1.40452,2.017938,-0.052891,-1.789467,1.279494,1.384319,1.024364,0.450096,-1.552884,1.190923,1.365883,-1.327962,-1.426355,-1.85216,-0.985613,2.020042,-1.190546,-1.544959,-1.094467,0.038229,1.709865,-1.085415,-0.526949,-1.520805,-1.637801,1.80651,-1.541438,-1.908119,-0.625664,-1.781575,1.583455,-0.987995,-1.299995,0.655544,-1.652258,1.499047,-1.213354,-1.018113,-2.116983,-1.609975,1.758449,-0.610317,-1.119117,-1.930563,-0.884962,1.635215,-0.92048,-0.920521,-1.613474,-1.3167,-0.313425,-1.090144,-1.043349,-1.423414,-0.95619,-0.78369,-1.582251,0.139843,-0.193852,-1.378674,1.629604,-0.106542
66.0,72.0,44.5,0.0,3.0,22555.0,22621.0,-0.840468,-1.147883,-0.504578,2.233058,-0.56353,-0.792082,-1.046975,-1.148559,1.320646,1.660906,-0.896733,-0.738899,-0.820021,1.904356,-0.684739,-0.98928,-1.330606,-1.562189,1.745904,1.523164,-0.884254,-0.829059,-1.584182,1.670119,-0.352834,-1.400868,-1.423252,-0.969206,-0.802396,-0.35247,-1.157489,-1.429933,-1.056098,1.536308,0.541064,-1.351188,-1.388643,-1.45167,1.357538,1.528409,-1.251005,-1.40089,-2.076896,1.162241,1.648918,-1.12065,-1.106727,-2.246944,1.101467,1.808727,-1.122817,-1.353998,-1.782022,0.996759,1.941612,-1.049943,-1.026985,-1.50762,1.399753,0.447564,-0.961654,0.315458,-1.426687,0.021401,1.768239,-1.139262,-0.068172,-1.299299,1.769774,1.898641,-1.595998,-1.418129,-1.280083,1.39213,1.612294,-1.389581,-1.353265,-1.303849,1.431067,1.378064,-1.328339,-1.187651,-1.400393,1.125755,1.681844,-1.243413,-1.109279,-1.413978,0.696213,1.843493,-1.284235,1.074462,0.98674,1.437158,2.143753,-1.338748,-0.269024,-1.525464,1.27163,1.646562,-1.26767,-0.76157,-1.525539,1.296204,1.552444,-1.252159,0.360747,-1.440779,1.172652,1.637529,-0.870379,1.113486,-1.383032,1.45944,1.614511,-1.609797,-1.466826,-0.828815,1.527943,1.283451,-1.589648,-1.483511,0.97581,-1.356046,1.40536,-0.813185,-1.376334,-1.264074,-1.807433,0.750681,-1.281817,-0.713773,-1.564792,-0.197789,1.409733,0.954514,1.268829,-0.87984,1.323546,2.025415,-1.580016,-0.062812,-1.438663,1.39498,1.311405,-1.233005,-0.661488,-1.621256,1.383699,1.363572,-1.500329,1.803243,-1.566184,1.301018,1.481757,-0.748014,1.815816,1.280776,1.309345,1.330357,-1.556066,-0.570008,0.052022,1.260518,1.61231,-1.499134,-1.105839,0.889336,1.526222,1.840563,-1.502465,-0.335993,-1.352139,-0.546024,0.576002,-1.688285,-1.811629,1.159998,-1.802445,1.460153,-1.37914,1.339521,2.135163,-1.434919,1.577686,-1.476902,-1.379991,0.601549,-0.526137,0.979056,-0.720271,1.9559,-1.72763,1.207546,1.40452,2.017938,-0.052891,-1.789467,1.279494,1.384319,1.024364,0.450096,-1.552884,1.190923,1.365883,-1.327962,-1.426355,-1.85216,-0.985613,2.020042,-1.190546,-1.544959,-1.094467,0.038229,1.709865,-1.085415,-0.526949,-1.520805,-1.637801,1.80651,-1.541438,-1.908119,-0.625664,-1.781575,1.583455,-0.987995,-1.299995,0.655544,-1.652258,1.499047,-1.213354,-1.018113,-2.116983,-1.609975,1.758449,-0.610317,-1.119117,-1.930563,-0.884962,1.635215,-0.92048,-0.920521,-1.613474,-1.3167,-0.313425,-1.090144,-1.043349,-1.423414,-0.95619,-0.78369,-1.582251,0.139843,-0.193852,-1.378674,1.629604,-0.106542
364.0,76.9,52.9,13.0,12.0,22621.0,22985.0,-0.840468,-1.147883,-0.504578,2.233058,-0.56353,-0.792082,-1.046975,-1.148559,1.320646,1.660906,-0.896733,-0.738899,-0.820021,1.904356,-0.684739,-0.98928,-1.330606,-1.562189,1.745904,1.523164,-0.884254,-0.829059,-1.584182,1.670119,-0.352834,-1.400868,-1.423252,-0.969206,-0.802396,-0.35247,-1.157489,-1.429933,-1.056098,1.536308,0.541064,-1.351188,-1.388643,-1.45167,1.357538,1.528409,-1.251005,-1.40089,-2.076896,1.162241,1.648918,-1.12065,-1.106727,-2.246944,1.101467,1.808727,-1.122817,-1.353998,-1.782022,0.996759,1.941612,-1.049943,-1.026985,-1.50762,1.399753,0.447564,-0.961654,0.315458,-1.426687,0.021401,1.768239,-1.139262,-0.068172,-1.299299,1.769774,1.898641,-1.595998,-1.418129,-1.280083,1.39213,1.612294,-1.389581,-1.353265,-1.303849,1.431067,1.378064,-1.328339,-1.187651,-1.400393,1.125755,1.681844,-1.243413,-1.109279,-1.413978,0.696213,1.843493,-1.284235,1.074462,0.98674,1.437158,2.143753,-1.338748,-0.269024,-1.525464,1.27163,1.646562,-1.26767,-0.76157,-1.525539,1.296204,1.552444,-1.252159,0.360747,-1.440779,1.172652,1.637529,-0.870379,1.113486,-1.383032,1.45944,1.614511,-1.609797,-1.466826,-0.828815,1.527943,1.283451,-1.589648,-1.483511,0.97581,-1.356046,1.40536,-0.813185,-1.376334,-1.264074,-1.807433,0.750681,-1.281817,-0.713773,-1.564792,-0.197789,1.409733,0.954514,1.268829,-0.87984,1.323546,2.025415,-1.580016,-0.062812,-1.438663,1.39498,1.311405,-1.233005,-0.661488,-1.621256,1.383699,1.363572,-1.500329,1.803243,-1.566184,1.301018,1.481757,-0.748014,1.815816,1.280776,1.309345,1.330357,-1.556066,-0.570008,0.052022,1.260518,1.61231,-1.499134,-1.105839,0.889336,1.526222,1.840563,-1.502465,-0.335993,-1.352139,-0.546024,0.576002,-1.688285,-1.811629,1.159998,-1.802445,1.460153,-1.37914,1.339521,2.135163,-1.434919,1.577686,-1.476902,-1.379991,0.601549,-0.526137,0.979056,-0.720271,1.9559,-1.72763,1.207546,1.40452,2.017938,-0.052891,-1.789467,1.279494,1.384319,1.024364,0.450096,-1.552884,1.190923,1.365883,-1.327962,-1.426355,-1.85216,-0.985613,2.020042,-1.190546,-1.544959,-1.094467,0.038229,1.709865,-1.085415,-0.526949,-1.520805,-1.637801,1.80651,-1.541438,-1.908119,-0.625664,-1.781575,1.583455,-0.987995,-1.299995,0.655544,-1.652258,1.499047,-1.213354,-1.018113,-2.116983,-1.609975,1.758449,-0.610317,-1.119117,-1.930563,-0.884962,1.635215,-0.92048,-0.920521,-1.613474,-1.3167,-0.313425,-1.090144,-1.043349,-1.423414,-0.95619,-0.78369,-1.582251,0.139843,-0.193852,-1.378674,1.629604,-0.106542
266.0,79.8,58.4,2.0,5.0,22985.0,23251.0,-0.840468,-1.147883,-0.504578,2.233058,-0.56353,-0.792082,-1.046975,-1.148559,1.320646,1.660906,-0.896733,-0.738899,-0.820021,1.904356,-0.684739,-0.98928,-1.330606,-1.562189,1.745904,1.523164,-0.884254,-0.829059,-1.584182,1.670119,-0.352834,-1.400868,-1.423252,-0.969206,-0.802396,-0.35247,-1.157489,-1.429933,-1.056098,1.536308,0.541064,-1.351188,-1.388643,-1.45167,1.357538,1.528409,-1.251005,-1.40089,-2.076896,1.162241,1.648918,-1.12065,-1.106727,-2.246944,1.101467,1.808727,-1.122817,-1.353998,-1.782022,0.996759,1.941612,-1.049943,-1.026985,-1.50762,1.399753,0.447564,-0.961654,0.315458,-1.426687,0.021401,1.768239,-1.139262,-0.068172,-1.299299,1.769774,1.898641,-1.595998,-1.418129,-1.280083,1.39213,1.612294,-1.389581,-1.353265,-1.303849,1.431067,1.378064,-1.328339,-1.187651,-1.400393,1.125755,1.681844,-1.243413,-1.109279,-1.413978,0.696213,1.843493,-1.284235,1.074462,0.98674,1.437158,2.143753,-1.338748,-0.269024,-1.525464,1.27163,1.646562,-1.26767,-0.76157,-1.525539,1.296204,1.552444,-1.252159,0.360747,-1.440779,1.172652,1.637529,-0.870379,1.113486,-1.383032,1.45944,1.614511,-1.609797,-1.466826,-0.828815,1.527943,1.283451,-1.589648,-1.483511,0.97581,-1.356046,1.40536,-0.813185,-1.376334,-1.264074,-1.807433,0.750681,-1.281817,-0.713773,-1.564792,-0.197789,1.409733,0.954514,1.268829,-0.87984,1.323546,2.025415,-1.580016,-0.062812,-1.438663,1.39498,1.311405,-1.233005,-0.661488,-1.621256,1.383699,1.363572,-1.500329,1.803243,-1.566184,1.301018,1.481757,-0.748014,1.815816,1.280776,1.309345,1.330357,-1.556066,-0.570008,0.052022,1.260518,1.61231,-1.499134,-1.105839,0.889336,1.526222,1.840563,-1.502465,-0.335993,-1.352139,-0.546024,0.576002,-1.688285,-1.811629,1.159998,-1.802445,1.460153,-1.37914,1.339521,2.135163,-1.434919,1.577686,-1.476902,-1.379991,0.601549,-0.526137,0.979056,-0.720271,1.9559,-1.72763,1.207546,1.40452,2.017938,-0.052891,-1.789467,1.279494,1.384319,1.024364,0.450096,-1.552884,1.190923,1.365883,-1.327962,-1.426355,-1.85216,-0.985613,2.020042,-1.190546,-1.544959,-1.094467,0.038229,1.709865,-1.085415,-0.526949,-1.520805,-1.637801,1.80651,-1.541438,-1.908119,-0.625664,-1.781575,1.583455,-0.987995,-1.299995,0.655544,-1.652258,1.499047,-1.213354,-1.018113,-2.116983,-1.609975,1.758449,-0.610317,-1.119117,-1.930563,-0.884962,1.635215,-0.92048,-0.920521,-1.613474,-1.3167,-0.313425,-1.090144,-1.043349,-1.423414,-0.95619,-0.78369,-1.582251,0.139843,-0.193852,-1.378674,1.629604,-0.106542
199.0,78.7,61.2,9.0,3.0,23251.0,23450.0,-0.840468,-1.147883,-0.504578,2.233058,-0.56353,-0.792082,-1.046975,-1.148559,1.320646,1.660906,-0.896733,-0.738899,-0.820021,1.904356,-0.684739,-0.98928,-1.330606,-1.562189,1.745904,1.523164,-0.884254,-0.829059,-1.584182,1.670119,-0.352834,-1.400868,-1.423252,-0.969206,-0.802396,-0.35247,-1.157489,-1.429933,-1.056098,1.536308,0.541064,-1.351188,-1.388643,-1.45167,1.357538,1.528409,-1.251005,-1.40089,-2.076896,1.162241,1.648918,-1.12065,-1.106727,-2.246944,1.101467,1.808727,-1.122817,-1.353998,-1.782022,0.996759,1.941612,-1.049943,-1.026985,-1.50762,1.399753,0.447564,-0.961654,0.315458,-1.426687,0.021401,1.768239,-1.139262,-0.068172,-1.299299,1.769774,1.898641,-1.595998,-1.418129,-1.280083,1.39213,1.612294,-1.389581,-1.353265,-1.303849,1.431067,1.378064,-1.328339,-1.187651,-1.400393,1.125755,1.681844,-1.243413,-1.109279,-1.413978,0.696213,1.843493,-1.284235,1.074462,0.98674,1.437158,2.143753,-1.338748,-0.269024,-1.525464,1.27163,1.646562,-1.26767,-0.76157,-1.525539,1.296204,1.552444,-1.252159,0.360747,-1.440779,1.172652,1.637529,-0.870379,1.113486,-1.383032,1.45944,1.614511,-1.609797,-1.466826,-0.828815,1.527943,1.283451,-1.589648,-1.483511,0.97581,-1.356046,1.40536,-0.813185,-1.376334,-1.264074,-1.807433,0.750681,-1.281817,-0.713773,-1.564792,-0.197789,1.409733,0.954514,1.268829,-0.87984,1.323546,2.025415,-1.580016,-0.062812,-1.438663,1.39498,1.311405,-1.233005,-0.661488,-1.621256,1.383699,1.363572,-1.500329,1.803243,-1.566184,1.301018,1.481757,-0.748014,1.815816,1.280776,1.309345,1.330357,-1.556066,-0.570008,0.052022,1.260518,1.61231,-1.499134,-1.105839,0.889336,1.526222,1.840563,-1.502465,-0.335993,-1.352139,-0.546024,0.576002,-1.688285,-1.811629,1.159998,-1.802445,1.460153,-1.37914,1.339521,2.135163,-1.434919,1.577686,-1.476902,-1.379991,0.601549,-0.526137,0.979056,-0.720271,1.9559,-1.72763,1.207546,1.40452,2.017938,-0.052891,-1.789467,1.279494,1.384319,1.024364,0.450096,-1.552884,1.190923,1.365883,-1.327962,-1.426355,-1.85216,-0.985613,2.020042,-1.190546,-1.544959,-1.094467,0.038229,1.709865,-1.085415,-0.526949,-1.520805,-1.637801,1.80651,-1.541438,-1.908119,-0.625664,-1.781575,1.583455,-0.987995,-1.299995,0.655544,-1.652258,1.499047,-1.213354,-1.018113,-2.116983,-1.609975,1.758449,-0.610317,-1.119117,-1.930563,-0.884962,1.635215,-0.92048,-0.920521,-1.613474,-1.3167,-0.313425,-1.090144,-1.043349,-1.423414,-0.95619,-0.78369,-1.582251,0.139843,-0.193852,-1.378674,1.629604,-0.106542
66.0,80.0,58.0,0.0,0.0,23450.0,23516.0,-0.840468,-1.147883,-0.504578,2.233058,-0.56353,-0.792082,-1.046975,-1.148559,1.320646,1.660906,-0.896733,-0.738899,-0.820021,1.904356,-0.684739,-0.98928,-1.330606,-1.562189,1.745904,1.523164,-0.884254,-0.829059,-1.584182,1.670119,-0.352834,-1.400868,-1.423252,-0.969206,-0.802396,-0.35247,-1.157489,-1.429933,-1.056098,1.536308,0.541064,-1.351188,-1.388643,-1.45167,1.357538,1.528409,-1.251005,-1.40089,-2.076896,1.162241,1.648918,-1.12065,-1.106727,-2.246944,1.101467,1.808727,-1.122817,-1.353998,-1.782022,0.996759,1.941612,-1.049943,-1.026985,-1.50762,1.399753,0.447564,-0.961654,0.315458,-1.426687,0.021401,1.768239,-1.139262,-0.068172,-1.299299,1.769774,1.898641,-1.595998,-1.418129,-1.280083,1.39213,1.612294,-1.389581,-1.353265,-1.303849,1.431067,1.378064,-1.328339,-1.187651,-1.400393,1.125755,1.681844,-1.243413,-1.109279,-1.413978,0.696213,1.843493,-1.284235,1.074462,0.98674,1.437158,2.143753,-1.338748,-0.269024,-1.525464,1.27163,1.646562,-1.26767,-0.76157,-1.525539,1.296204,1.552444,-1.252159,0.360747,-1.440779,1.172652,1.637529,-0.870379,1.113486,-1.383032,1.45944,1.614511,-1.609797,-1.466826,-0.828815,1.527943,1.283451,-1.589648,-1.483511,0.97581,-1.356046,1.40536,-0.813185,-1.376334,-1.264074,-1.807433,0.750681,-1.281817,-0.713773,-1.564792,-0.197789,1.409733,0.954514,1.268829,-0.87984,1.323546,2.025415,-1.580016,-0.062812,-1.438663,1.39498,1.311405,-1.233005,-0.661488,-1.621256,1.383699,1.363572,-1.500329,1.803243,-1.566184,1.301018,1.481757,-0.748014,1.815816,1.280776,1.309345,1.330357,-1.556066,-0.570008,0.052022,1.260518,1.61231,-1.499134,-1.105839,0.889336,1.526222,1.840563,-1.502465,-0.335993,-1.352139,-0.546024,0.576002,-1.688285,-1.811629,1.159998,-1.802445,1.460153,-1.37914,1.339521,2.135163,-1.434919,1.577686,-1.476902,-1.379991,0.601549,-0.526137,0.979056,-0.720271,1.9559,-1.72763,1.207546,1.40452,2.017938,-0.052891,-1.789467,1.279494,1.384319,1.024364,0.450096,-1.552884,1.190923,1.365883,-1.327962,-1.426355,-1.85216,-0.985613,2.020042,-1.190546,-1.544959,-1.094467,0.038229,1.709865,-1.085415,-0.526949,-1.520805,-1.637801,1.80651,-1.541438,-1.908119,-0.625664,-1.781575,1.583455,-0.987995,-1.299995,0.655544,-1.652258,1.499047,-1.213354,-1.018113,-2.116983,-1.609975,1.758449,-0.610317,-1.119117,-1.930563,-0.884962,1.635215,-0.92048,-0.920521,-1.613474,-1.3167,-0.313425,-1.090144,-1.043349,-1.423414,-0.95619,-0.78369,-1.582251,0.139843,-0.193852,-1.378674,1.629604,-0.106542
365.0,81.6,57.0,5.0,7.0,23516.0,23881.0,1.354566,1.302389,1.268848,-0.184937,1.35185,1.345223,1.319803,1.141599,-1.257566,-0.650408,1.313158,1.318954,1.218058,-0.710019,1.379928,1.378336,1.2838,1.181476,-0.989345,-0.023616,1.340238,1.298165,1.077801,-0.687858,1.37951,1.307827,1.236536,1.260262,1.388164,1.31307,1.389445,1.251722,1.20767,0.557761,0.855971,1.339684,1.263423,1.185478,-1.062066,-0.777781,1.372048,1.277144,1.01856,-1.201789,-0.534505,1.397798,1.301116,0.872891,-1.166118,-0.3871,1.358445,1.224727,1.06976,-1.169307,-0.061633,1.317867,1.253486,1.105249,-0.911496,1.242691,1.282996,1.185685,1.160149,-0.87805,-0.746584,1.235835,1.283926,1.203135,-0.881471,-0.680591,1.244983,1.206659,1.180291,-1.252039,-1.227018,1.338981,1.234018,1.155941,-1.222482,-1.257921,1.369209,1.299052,1.200285,-1.274033,-1.068539,1.402024,1.31695,1.254394,-1.284447,-0.827416,1.373453,-1.505509,-0.095689,-1.163921,-0.329664,1.300038,1.092727,1.209054,-1.109422,-1.104946,1.257426,1.262953,1.148038,-1.12437,-1.137916,1.179346,1.063772,1.052384,-1.249324,-1.008948,1.138107,0.881433,1.027353,-1.203957,-1.073937,1.187124,1.165171,0.778185,-1.191621,-1.287012,1.280732,1.196126,0.553244,0.439931,-0.083761,1.486643,1.190683,1.148369,0.428715,1.057148,1.424151,1.375927,0.798883,-1.388768,-1.344269,-0.761329,-1.395504,1.012185,-1.27687,-0.878635,1.028981,1.167015,1.088316,-1.043072,-1.277387,1.209257,1.229163,0.912116,-1.198659,-1.195215,1.003314,0.257284,0.602273,-1.269733,-1.201136,-0.166442,0.524894,-1.171463,-1.296285,-1.295203,1.094067,-1.214989,-1.577014,-1.388877,-1.109561,1.056353,-0.82562,-1.587904,-1.199696,-0.452057,0.970364,-0.929025,-1.014231,-1.742517,1.080851,0.921541,-0.5925,-1.391135,0.859818,-1.206433,1.269211,-1.263901,-1.020427,1.108371,0.408798,1.213725,1.007492,-1.574656,-1.228741,-1.251219,-0.683828,-0.277162,0.657693,-1.341552,0.164959,-1.137313,1.151165,0.833563,-1.314489,-1.235921,-1.486001,1.141049,0.988662,-1.351719,-1.2642,0.768548,-0.802404,0.441642,0.976852,-0.890148,0.999004,1.007855,1.119706,1.168352,0.398464,0.936883,-1.131228,-0.843748,-0.725469,-0.066796,0.934535,-0.00707,-1.2464,0.525165,-1.129397,1.288833,1.177643,-1.464254,0.844177,-1.183709,1.325254,1.139761,0.420726,0.024482,-0.914306,1.157735,1.197259,0.571616,-1.310674,-0.812493,1.247638,1.249415,0.968057,1.089345,1.179124,1.241564,1.266659,1.1281,1.180561,1.257347,0.888885,-1.380407,-1.496229,1.046023,-1.125528,0.767329
166.0,74.2,50.6,2.0,3.0,2127.0,2293.0,-0.840468,-1.147883,-0.504578,2.233058,-0.56353,-0.792082,-1.046975,-1.148559,1.320646,1.660906,-0.896733,-0.738899,-0.820021,1.904356,-0.684739,-0.98928,-1.330606,-1.562189,1.745904,1.523164,-0.884254,-0.829059,-1.584182,1.670119,-0.352834,-1.400868,-1.423252,-0.969206,-0.802396,-0.35247,-1.157489,-1.429933,-1.056098,1.536308,0.541064,-1.351188,-1.388643,-1.45167,1.357538,1.528409,-1.251005,-1.40089,-2.076896,1.162241,1.648918,-1.12065,-1.106727,-2.246944,1.101467,1.808727,-1.122817,-1.353998,-1.782022,0.996759,1.941612,-1.049943,-1.026985,-1.50762,1.399753,0.447564,-0.961654,0.315458,-1.426687,0.021401,1.768239,-1.139262,-0.068172,-1.299299,1.769774,1.898641,-1.595998,-1.418129,-1.280083,1.39213,1.612294,-1.389581,-1.353265,-1.303849,1.431067,1.378064,-1.328339,-1.187651,-1.400393,1.125755,1.681844,-1.243413,-1.109279,-1.413978,0.696213,1.843493,-1.284235,1.074462,0.98674,1.437158,2.143753,-1.338748,-0.269024,-1.525464,1.27163,1.646562,-1.26767,-0.76157,-1.525539,1.296204,1.552444,-1.252159,0.360747,-1.440779,1.172652,1.637529,-0.870379,1.113486,-1.383032,1.45944,1.614511,-1.609797,-1.466826,-0.828815,1.527943,1.283451,-1.589648,-1.483511,0.97581,-1.356046,1.40536,-0.813185,-1.376334,-1.264074,-1.807433,0.750681,-1.281817,-0.713773,-1.564792,-0.197789,1.409733,0.954514,1.268829,-0.87984,1.323546,2.025415,-1.580016,-0.062812,-1.438663,1.39498,1.311405,-1.233005,-0.661488,-1.621256,1.383699,1.363572,-1.500329,1.803243,-1.566184,1.301018,1.481757,-0.748014,1.815816,1.280776,1.309345,1.330357,-1.556066,-0.570008,0.052022,1.260518,1.61231,-1.499134,-1.105839,0.889336,1.526222,1.840563,-1.502465,-0.335993,-1.352139,-0.546024,0.576002,-1.688285,-1.811629,1.159998,-1.802445,1.460153,-1.37914,1.339521,2.135163,-1.434919,1.577686,-1.476902,-1.379991,0.601549,-0.526137,0.979056,-0.720271,1.9559,-1.72763,1.207546,1.40452,2.017938,-0.052891,-1.789467,1.279494,1.384319,1.024364,0.450096,-1.552884,1.190923,1.365883,-1.327962,-1.426355,-1.85216,-0.985613,2.020042,-1.190546,-1.544959,-1.094467,0.038229,1.709865,-1.085415,-0.526949,-1.520805,-1.637801,1.80651,-1.541438,-1.908119,-0.625664,-1.781575,1.583455,-0.987995,-1.299995,0.655544,-1.652258,1.499047,-1.213354,-1.018113,-2.116983,-1.609975,1.758449,-0.610317,-1.119117,-1.930563,-0.884962,1.635215,-0.92048,-0.920521,-1.613474,-1.3167,-0.313425,-1.090144,-1.043349,-1.423414,-0.95619,-0.78369,-1.582251,0.139843,-0.193852,-1.378674,1.629604,-0.106542
366.0,80.0,55.8,5.0,7.0,23881.0,24247.0,-0.840468,-1.147883,-0.504578,2.233058,-0.56353,-0.792082,-1.046975,-1.148559,1.320646,1.660906,-0.896733,-0.738899,-0.820021,1.904356,-0.684739,-0.98928,-1.330606,-1.562189,1.745904,1.523164,-0.884254,-0.829059,-1.584182,1.670119,-0.352834,-1.400868,-1.423252,-0.969206,-0.802396,-0.35247,-1.157489,-1.429933,-1.056098,1.536308,0.541064,-1.351188,-1.388643,-1.45167,1.357538,1.528409,-1.251005,-1.40089,-2.076896,1.162241,1.648918,-1.12065,-1.106727,-2.246944,1.101467,1.808727,-1.122817,-1.353998,-1.782022,0.996759,1.941612,-1.049943,-1.026985,-1.50762,1.399753,0.447564,-0.961654,0.315458,-1.426687,0.021401,1.768239,-1.139262,-0.068172,-1.299299,1.769774,1.898641,-1.595998,-1.418129,-1.280083,1.39213,1.612294,-1.389581,-1.353265,-1.303849,1.431067,1.378064,-1.328339,-1.187651,-1.400393,1.125755,1.681844,-1.243413,-1.109279,-1.413978,0.696213,1.843493,-1.284235,1.074462,0.98674,1.437158,2.143753,-1.338748,-0.269024,-1.525464,1.27163,1.646562,-1.26767,-0.76157,-1.525539,1.296204,1.552444,-1.252159,0.360747,-1.440779,1.172652,1.637529,-0.870379,1.113486,-1.383032,1.45944,1.614511,-1.609797,-1.466826,-0.828815,1.527943,1.283451,-1.589648,-1.483511,0.97581,-1.356046,1.40536,-0.813185,-1.376334,-1.264074,-1.807433,0.750681,-1.281817,-0.713773,-1.564792,-0.197789,1.409733,0.954514,1.268829,-0.87984,1.323546,2.025415,-1.580016,-0.062812,-1.438663,1.39498,1.311405,-1.233005,-0.661488,-1.621256,1.383699,1.363572,-1.500329,1.803243,-1.566184,1.301018,1.481757,-0.748014,1.815816,1.280776,1.309345,1.330357,-1.556066,-0.570008,0.052022,1.260518,1.61231,-1.499134,-1.105839,0.889336,1.526222,1.840563,-1.502465,-0.335993,-1.352139,-0.546024,0.576002,-1.688285,-1.811629,1.159998,-1.802445,1.460153,-1.37914,1.339521,2.135163,-1.434919,1.577686,-1.476902,-1.379991,0.601549,-0.526137,0.979056,-0.720271,1.9559,-1.72763,1.207546,1.40452,2.017938,-0.052891,-1.789467,1.279494,1.384319,1.024364,0.450096,-1.552884,1.190923,1.365883,-1.327962,-1.426355,-1.85216,-0.985613,2.020042,-1.190546,-1.544959,-1.094467,0.038229,1.709865,-1.085415,-0.526949,-1.520805,-1.637801,1.80651,-1.541438,-1.908119,-0.625664,-1.781575,1.583455,-0.987995,-1.299995,0.655544,-1.652258,1.499047,-1.213354,-1.018113,-2.116983,-1.609975,1.758449,-0.610317,-1.119117,-1.930563,-0.884962,1.635215,-0.92048,-0.920521,-1.613474,-1.3167,-0.313425,-1.090144,-1.043349,-1.423414,-0.95619,-0.78369,-1.582251,0.139843,-0.193852,-1.378674,1.629604,-0.106542
232.0,77.9,56.3,1.0,7.0,24247.0,24479.0,-0.840468,-1.147883,-0.504578,2.233058,-0.56353,-0.792082,-1.046975,-1.148559,1.320646,1.660906,-0.896733,-0.738899,-0.820021,1.904356,-0.684739,-0.98928,-1.330606,-1.562189,1.745904,1.523164,-0.884254,-0.829059,-1.584182,1.670119,-0.352834,-1.400868,-1.423252,-0.969206,-0.802396,-0.35247,-1.157489,-1.429933,-1.056098,1.536308,0.541064,-1.351188,-1.388643,-1.45167,1.357538,1.528409,-1.251005,-1.40089,-2.076896,1.162241,1.648918,-1.12065,-1.106727,-2.246944,1.101467,1.808727,-1.122817,-1.353998,-1.782022,0.996759,1.941612,-1.049943,-1.026985,-1.50762,1.399753,0.447564,-0.961654,0.315458,-1.426687,0.021401,1.768239,-1.139262,-0.068172,-1.299299,1.769774,1.898641,-1.595998,-1.418129,-1.280083,1.39213,1.612294,-1.389581,-1.353265,-1.303849,1.431067,1.378064,-1.328339,-1.187651,-1.400393,1.125755,1.681844,-1.243413,-1.109279,-1.413978,0.696213,1.843493,-1.284235,1.074462,0.98674,1.437158,2.143753,-1.338748,-0.269024,-1.525464,1.27163,1.646562,-1.26767,-0.76157,-1.525539,1.296204,1.552444,-1.252159,0.360747,-1.440779,1.172652,1.637529,-0.870379,1.113486,-1.383032,1.45944,1.614511,-1.609797,-1.466826,-0.828815,1.527943,1.283451,-1.589648,-1.483511,0.97581,-1.356046,1.40536,-0.813185,-1.376334,-1.264074,-1.807433,0.750681,-1.281817,-0.713773,-1.564792,-0.197789,1.409733,0.954514,1.268829,-0.87984,1.323546,2.025415,-1.580016,-0.062812,-1.438663,1.39498,1.311405,-1.233005,-0.661488,-1.621256,1.383699,1.363572,-1.500329,1.803243,-1.566184,1.301018,1.481757,-0.748014,1.815816,1.280776,1.309345,1.330357,-1.556066,-0.570008,0.052022,1.260518,1.61231,-1.499134,-1.105839,0.889336,1.526222,1.840563,-1.502465,-0.335993,-1.352139,-0.546024,0.576002,-1.688285,-1.811629,1.159998,-1.802445,1.460153,-1.37914,1.339521,2.135163,-1.434919,1.577686,-1.476902,-1.379991,0.601549,-0.526137,0.979056,-0.720271,1.9559,-1.72763,1.207546,1.40452,2.017938,-0.052891,-1.789467,1.279494,1.384319,1.024364,0.450096,-1.552884,1.190923,1.365883,-1.327962,-1.426355,-1.85216,-0.985613,2.020042,-1.190546,-1.544959,-1.094467,0.038229,1.709865,-1.085415,-0.526949,-1.520805,-1.637801,1.80651,-1.541438,-1.908119,-0.625664,-1.781575,1.583455,-0.987995,-1.299995,0.655544,-1.652258,1.499047,-1.213354,-1.018113,-2.116983,-1.609975,1.758449,-0.610317,-1.119117,-1.930563,-0.884962,1.635215,-0.92048,-0.920521,-1.613474,-1.3167,-0.313425,-1.090144,-1.043349,-1.423414,-0.95619,-0.78369,-1.582251,0.139843,-0.193852,-1.378674,1.629604,-0.106542
266.0,80.6,55.4,3.0,12.0,24479.0,24745.0,-0.840468,-1.147883,-0.504578,2.233058,-0.56353,-0.792082,-1.046975,-1.148559,1.320646,1.660906,-0.896733,-0.738899,-0.820021,1.904356,-0.684739,-0.98928,-1.330606,-1.562189,1.745904,1.523164,-0.884254,-0.829059,-1.584182,1.670119,-0.352834,-1.400868,-1.423252,-0.969206,-0.802396,-0.35247,-1.157489,-1.429933,-1.056098,1.536308,0.541064,-1.351188,-1.388643,-1.45167,1.357538,1.528409,-1.251005,-1.40089,-2.076896,1.162241,1.648918,-1.12065,-1.106727,-2.246944,1.101467,1.808727,-1.122817,-1.353998,-1.782022,0.996759,1.941612,-1.049943,-1.026985,-1.50762,1.399753,0.447564,-0.961654,0.315458,-1.426687,0.021401,1.768239,-1.139262,-0.068172,-1.299299,1.769774,1.898641,-1.595998,-1.418129,-1.280083,1.39213,1.612294,-1.389581,-1.353265,-1.303849,1.431067,1.378064,-1.328339,-1.187651,-1.400393,1.125755,1.681844,-1.243413,-1.109279,-1.413978,0.696213,1.843493,-1.284235,1.074462,0.98674,1.437158,2.143753,-1.338748,-0.269024,-1.525464,1.27163,1.646562,-1.26767,-0.76157,-1.525539,1.296204,1.552444,-1.252159,0.360747,-1.440779,1.172652,1.637529,-0.870379,1.113486,-1.383032,1.45944,1.614511,-1.609797,-1.466826,-0.828815,1.527943,1.283451,-1.589648,-1.483511,0.97581,-1.356046,1.40536,-0.813185,-1.376334,-1.264074,-1.807433,0.750681,-1.281817,-0.713773,-1.564792,-0.197789,1.409733,0.954514,1.268829,-0.87984,1.323546,2.025415,-1.580016,-0.062812,-1.438663,1.39498,1.311405,-1.233005,-0.661488,-1.621256,1.383699,1.363572,-1.500329,1.803243,-1.566184,1.301018,1.481757,-0.748014,1.815816,1.280776,1.309345,1.330357,-1.556066,-0.570008,0.052022,1.260518,1.61231,-1.499134,-1.105839,0.889336,1.526222,1.840563,-1.502465,-0.335993,-1.352139,-0.546024,0.576002,-1.688285,-1.811629,1.159998,-1.802445,1.460153,-1.37914,1.339521,2.135163,-1.434919,1.577686,-1.476902,-1.379991,0.601549,-0.526137,0.979056,-0.720271,1.9559,-1.72763,1.207546,1.40452,2.017938,-0.052891,-1.789467,1.279494,1.384319,1.024364,0.450096,-1.552884,1.190923,1.365883,-1.327962,-1.426355,-1.85216,-0.985613,2.020042,-1.190546,-1.544959,-1.094467,0.038229,1.709865,-1.085415,-0.526949,-1.520805,-1.637801,1.80651,-1.541438,-1.908119,-0.625664,-1.781575,1.583455,-0.987995,-1.299995,0.655544,-1.652258,1.499047,-1.213354,-1.018113,-2.116983,-1.609975,1.758449,-0.610317,-1.119117,-1.930563,-0.884962,1.635215,-0.92048,-0.920521,-1.613474,-1.3167,-0.313425,-1.090144,-1.043349,-1.423414,-0.95619,-0.78369,-1.582251,0.139843,-0.193852,-1.378674,1.629604,-0.106542
665.0,80.8,55.3,8.0,8.0,24745.0,25410.0,-0.840468,-1.147883,-0.504578,2.233058,-0.56353,-0.792082,-1.046975,-1.148559,1.320646,1.660906,-0.896733,-0.738899,-0.820021,1.904356,-0.684739,-0.98928,-1.330606,-1.562189,1.745904,1.523164,-0.884254,-0.829059,-1.584182,1.670119,-0.352834,-1.400868,-1.423252,-0.969206,-0.802396,-0.35247,-1.157489,-1.429933,-1.056098,1.536308,0.541064,-1.351188,-1.388643,-1.45167,1.357538,1.528409,-1.251005,-1.40089,-2.076896,1.162241,1.648918,-1.12065,-1.106727,-2.246944,1.101467,1.808727,-1.122817,-1.353998,-1.782022,0.996759,1.941612,-1.049943,-1.026985,-1.50762,1.399753,0.447564,-0.961654,0.315458,-1.426687,0.021401,1.768239,-1.139262,-0.068172,-1.299299,1.769774,1.898641,-1.595998,-1.418129,-1.280083,1.39213,1.612294,-1.389581,-1.353265,-1.303849,1.431067,1.378064,-1.328339,-1.187651,-1.400393,1.125755,1.681844,-1.243413,-1.109279,-1.413978,0.696213,1.843493,-1.284235,1.074462,0.98674,1.437158,2.143753,-1.338748,-0.269024,-1.525464,1.27163,1.646562,-1.26767,-0.76157,-1.525539,1.296204,1.552444,-1.252159,0.360747,-1.440779,1.172652,1.637529,-0.870379,1.113486,-1.383032,1.45944,1.614511,-1.609797,-1.466826,-0.828815,1.527943,1.283451,-1.589648,-1.483511,0.97581,-1.356046,1.40536,-0.813185,-1.376334,-1.264074,-1.807433,0.750681,-1.281817,-0.713773,-1.564792,-0.197789,1.409733,0.954514,1.268829,-0.87984,1.323546,2.025415,-1.580016,-0.062812,-1.438663,1.39498,1.311405,-1.233005,-0.661488,-1.621256,1.383699,1.363572,-1.500329,1.803243,-1.566184,1.301018,1.481757,-0.748014,1.815816,1.280776,1.309345,1.330357,-1.556066,-0.570008,0.052022,1.260518,1.61231,-1.499134,-1.105839,0.889336,1.526222,1.840563,-1.502465,-0.335993,-1.352139,-0.546024,0.576002,-1.688285,-1.811629,1.159998,-1.802445,1.460153,-1.37914,1.339521,2.135163,-1.434919,1.577686,-1.476902,-1.379991,0.601549,-0.526137,0.979056,-0.720271,1.9559,-1.72763,1.207546,1.40452,2.017938,-0.052891,-1.789467,1.279494,1.384319,1.024364,0.450096,-1.552884,1.190923,1.365883,-1.327962,-1.426355,-1.85216,-0.985613,2.020042,-1.190546,-1.544959,-1.094467,0.038229,1.709865,-1.085415,-0.526949,-1.520805,-1.637801,1.80651,-1.541438,-1.908119,-0.625664,-1.781575,1.583455,-0.987995,-1.299995,0.655544,-1.652258,1.499047,-1.213354,-1.018113,-2.116983,-1.609975,1.758449,-0.610317,-1.119117,-1.930563,-0.884962,1.635215,-0.92048,-0.920521,-1.613474,-1.3167,-0.313425,-1.090144,-1.043349,-1.423414,-0.95619,-0.78369,-1.582251,0.139843,-0.193852,-1.378674,1.629604,-0.106542
131.0,82.0,59.5,2.0,9.0,25410.0,25541.0,-0.840468,-1.147883,-0.504578,2.233058,-0.56353,-0.792082,-1.046975,-1.148559,1.320646,1.660906,-0.896733,-0.738899,-0.820021,1.904356,-0.684739,-0.98928,-1.330606,-1.562189,1.745904,1.523164,-0.884254,-0.829059,-1.584182,1.670119,-0.352834,-1.400868,-1.423252,-0.969206,-0.802396,-0.35247,-1.157489,-1.429933,-1.056098,1.536308,0.541064,-1.351188,-1.388643,-1.45167,1.357538,1.528409,-1.251005,-1.40089,-2.076896,1.162241,1.648918,-1.12065,-1.106727,-2.246944,1.101467,1.808727,-1.122817,-1.353998,-1.782022,0.996759,1.941612,-1.049943,-1.026985,-1.50762,1.399753,0.447564,-0.961654,0.315458,-1.426687,0.021401,1.768239,-1.139262,-0.068172,-1.299299,1.769774,1.898641,-1.595998,-1.418129,-1.280083,1.39213,1.612294,-1.389581,-1.353265,-1.303849,1.431067,1.378064,-1.328339,-1.187651,-1.400393,1.125755,1.681844,-1.243413,-1.109279,-1.413978,0.696213,1.843493,-1.284235,1.074462,0.98674,1.437158,2.143753,-1.338748,-0.269024,-1.525464,1.27163,1.646562,-1.26767,-0.76157,-1.525539,1.296204,1.552444,-1.252159,0.360747,-1.440779,1.172652,1.637529,-0.870379,1.113486,-1.383032,1.45944,1.614511,-1.609797,-1.466826,-0.828815,1.527943,1.283451,-1.589648,-1.483511,0.97581,-1.356046,1.40536,-0.813185,-1.376334,-1.264074,-1.807433,0.750681,-1.281817,-0.713773,-1.564792,-0.197789,1.409733,0.954514,1.268829,-0.87984,1.323546,2.025415,-1.580016,-0.062812,-1.438663,1.39498,1.311405,-1.233005,-0.661488,-1.621256,1.383699,1.363572,-1.500329,1.803243,-1.566184,1.301018,1.481757,-0.748014,1.815816,1.280776,1.309345,1.330357,-1.556066,-0.570008,0.052022,1.260518,1.61231,-1.499134,-1.105839,0.889336,1.526222,1.840563,-1.502465,-0.335993,-1.352139,-0.546024,0.576002,-1.688285,-1.811629,1.159998,-1.802445,1.460153,-1.37914,1.339521,2.135163,-1.434919,1.577686,-1.476902,-1.379991,0.601549,-0.526137,0.979056,-0.720271,1.9559,-1.72763,1.207546,1.40452,2.017938,-0.052891,-1.789467,1.279494,1.384319,1.024364,0.450096,-1.552884,1.190923,1.365883,-1.327962,-1.426355,-1.85216,-0.985613,2.020042,-1.190546,-1.544959,-1.094467,0.038229,1.709865,-1.085415,-0.526949,-1.520805,-1.637801,1.80651,-1.541438,-1.908119,-0.625664,-1.781575,1.583455,-0.987995,-1.299995,0.655544,-1.652258,1.499047,-1.213354,-1.018113,-2.116983,-1.609975,1.758449,-0.610317,-1.119117,-1.930563,-0.884962,1.635215,-0.92048,-0.920521,-1.613474,-1.3167,-0.313425,-1.090144,-1.043349,-1.423414,-0.95619,-0.78369,-1.582251,0.139843,-0.193852,-1.378674,1.629604,-0.106542
166.0,81.4,60.8,7.0,3.0,25541.0,25707.0,-0.840468,-1.147883,-0.504578,2.233058,-0.56353,-0.792082,-1.046975,-1.148559,1.320646,1.660906,-0.896733,-0.738899,-0.820021,1.904356,-0.684739,-0.98928,-1.330606,-1.562189,1.745904,1.523164,-0.884254,-0.829059,-1.584182,1.670119,-0.352834,-1.400868,-1.423252,-0.969206,-0.802396,-0.35247,-1.157489,-1.429933,-1.056098,1.536308,0.541064,-1.351188,-1.388643,-1.45167,1.357538,1.528409,-1.251005,-1.40089,-2.076896,1.162241,1.648918,-1.12065,-1.106727,-2.246944,1.101467,1.808727,-1.122817,-1.353998,-1.782022,0.996759,1.941612,-1.049943,-1.026985,-1.50762,1.399753,0.447564,-0.961654,0.315458,-1.426687,0.021401,1.768239,-1.139262,-0.068172,-1.299299,1.769774,1.898641,-1.595998,-1.418129,-1.280083,1.39213,1.612294,-1.389581,-1.353265,-1.303849,1.431067,1.378064,-1.328339,-1.187651,-1.400393,1.125755,1.681844,-1.243413,-1.109279,-1.413978,0.696213,1.843493,-1.284235,1.074462,0.98674,1.437158,2.143753,-1.338748,-0.269024,-1.525464,1.27163,1.646562,-1.26767,-0.76157,-1.525539,1.296204,1.552444,-1.252159,0.360747,-1.440779,1.172652,1.637529,-0.870379,1.113486,-1.383032,1.45944,1.614511,-1.609797,-1.466826,-0.828815,1.527943,1.283451,-1.589648,-1.483511,0.97581,-1.356046,1.40536,-0.813185,-1.376334,-1.264074,-1.807433,0.750681,-1.281817,-0.713773,-1.564792,-0.197789,1.409733,0.954514,1.268829,-0.87984,1.323546,2.025415,-1.580016,-0.062812,-1.438663,1.39498,1.311405,-1.233005,-0.661488,-1.621256,1.383699,1.363572,-1.500329,1.803243,-1.566184,1.301018,1.481757,-0.748014,1.815816,1.280776,1.309345,1.330357,-1.556066,-0.570008,0.052022,1.260518,1.61231,-1.499134,-1.105839,0.889336,1.526222,1.840563,-1.502465,-0.335993,-1.352139,-0.546024,0.576002,-1.688285,-1.811629,1.159998,-1.802445,1.460153,-1.37914,1.339521,2.135163,-1.434919,1.577686,-1.476902,-1.379991,0.601549,-0.526137,0.979056,-0.720271,1.9559,-1.72763,1.207546,1.40452,2.017938,-0.052891,-1.789467,1.279494,1.384319,1.024364,0.450096,-1.552884,1.190923,1.365883,-1.327962,-1.426355,-1.85216,-0.985613,2.020042,-1.190546,-1.544959,-1.094467,0.038229,1.709865,-1.085415,-0.526949,-1.520805,-1.637801,1.80651,-1.541438,-1.908119,-0.625664,-1.781575,1.583455,-0.987995,-1.299995,0.655544,-1.652258,1.499047,-1.213354,-1.018113,-2.116983,-1.609975,1.758449,-0.610317,-1.119117,-1.930563,-0.884962,1.635215,-0.92048,-0.920521,-1.613474,-1.3167,-0.313425,-1.090144,-1.043349,-1.423414,-0.95619,-0.78369,-1.582251,0.139843,-0.193852,-1.378674,1.629604,-0.106542
266.0,77.9,61.8,6.0,7.0,25707.0,25973.0,-0.840468,-1.147883,-0.504578,2.233058,-0.56353,-0.792082,-1.046975,-1.148559,1.320646,1.660906,-0.896733,-0.738899,-0.820021,1.904356,-0.684739,-0.98928,-1.330606,-1.562189,1.745904,1.523164,-0.884254,-0.829059,-1.584182,1.670119,-0.352834,-1.400868,-1.423252,-0.969206,-0.802396,-0.35247,-1.157489,-1.429933,-1.056098,1.536308,0.541064,-1.351188,-1.388643,-1.45167,1.357538,1.528409,-1.251005,-1.40089,-2.076896,1.162241,1.648918,-1.12065,-1.106727,-2.246944,1.101467,1.808727,-1.122817,-1.353998,-1.782022,0.996759,1.941612,-1.049943,-1.026985,-1.50762,1.399753,0.447564,-0.961654,0.315458,-1.426687,0.021401,1.768239,-1.139262,-0.068172,-1.299299,1.769774,1.898641,-1.595998,-1.418129,-1.280083,1.39213,1.612294,-1.389581,-1.353265,-1.303849,1.431067,1.378064,-1.328339,-1.187651,-1.400393,1.125755,1.681844,-1.243413,-1.109279,-1.413978,0.696213,1.843493,-1.284235,1.074462,0.98674,1.437158,2.143753,-1.338748,-0.269024,-1.525464,1.27163,1.646562,-1.26767,-0.76157,-1.525539,1.296204,1.552444,-1.252159,0.360747,-1.440779,1.172652,1.637529,-0.870379,1.113486,-1.383032,1.45944,1.614511,-1.609797,-1.466826,-0.828815,1.527943,1.283451,-1.589648,-1.483511,0.97581,-1.356046,1.40536,-0.813185,-1.376334,-1.264074,-1.807433,0.750681,-1.281817,-0.713773,-1.564792,-0.197789,1.409733,0.954514,1.268829,-0.87984,1.323546,2.025415,-1.580016,-0.062812,-1.438663,1.39498,1.311405,-1.233005,-0.661488,-1.621256,1.383699,1.363572,-1.500329,1.803243,-1.566184,1.301018,1.481757,-0.748014,1.815816,1.280776,1.309345,1.330357,-1.556066,-0.570008,0.052022,1.260518,1.61231,-1.499134,-1.105839,0.889336,1.526222,1.840563,-1.502465,-0.335993,-1.352139,-0.546024,0.576002,-1.688285,-1.811629,1.159998,-1.802445,1.460153,-1.37914,1.339521,2.135163,-1.434919,1.577686,-1.476902,-1.379991,0.601549,-0.526137,0.979056,-0.720271,1.9559,-1.72763,1.207546,1.40452,2.017938,-0.052891,-1.789467,1.279494,1.384319,1.024364,0.450096,-1.552884,1.190923,1.365883,-1.327962,-1.426355,-1.85216,-0.985613,2.020042,-1.190546,-1.544959,-1.094467,0.038229,1.709865,-1.085415,-0.526949,-1.520805,-1.637801,1.80651,-1.541438,-1.908119,-0.625664,-1.781575,1.583455,-0.987995,-1.299995,0.655544,-1.652258,1.499047,-1.213354,-1.018113,-2.116983,-1.609975,1.758449,-0.610317,-1.119117,-1.930563,-0.884962,1.635215,-0.92048,-0.920521,-1.613474,-1.3167,-0.313425,-1.090144,-1.043349,-1.423414,-0.95619,-0.78369,-1.582251,0.139843,-0.193852,-1.378674,1.629604,-0.106542
133.0,79.5,56.3,1.0,10.0,25973.0,26106.0,-0.840468,-1.147883,-0.504578,2.233058,-0.56353,-0.792082,-1.046975,-1.148559,1.320646,1.660906,-0.896733,-0.738899,-0.820021,1.904356,-0.684739,-0.98928,-1.330606,-1.562189,1.745904,1.523164,-0.884254,-0.829059,-1.584182,1.670119,-0.352834,-1.400868,-1.423252,-0.969206,-0.802396,-0.35247,-1.157489,-1.429933,-1.056098,1.536308,0.541064,-1.351188,-1.388643,-1.45167,1.357538,1.528409,-1.251005,-1.40089,-2.076896,1.162241,1.648918,-1.12065,-1.106727,-2.246944,1.101467,1.808727,-1.122817,-1.353998,-1.782022,0.996759,1.941612,-1.049943,-1.026985,-1.50762,1.399753,0.447564,-0.961654,0.315458,-1.426687,0.021401,1.768239,-1.139262,-0.068172,-1.299299,1.769774,1.898641,-1.595998,-1.418129,-1.280083,1.39213,1.612294,-1.389581,-1.353265,-1.303849,1.431067,1.378064,-1.328339,-1.187651,-1.400393,1.125755,1.681844,-1.243413,-1.109279,-1.413978,0.696213,1.843493,-1.284235,1.074462,0.98674,1.437158,2.143753,-1.338748,-0.269024,-1.525464,1.27163,1.646562,-1.26767,-0.76157,-1.525539,1.296204,1.552444,-1.252159,0.360747,-1.440779,1.172652,1.637529,-0.870379,1.113486,-1.383032,1.45944,1.614511,-1.609797,-1.466826,-0.828815,1.527943,1.283451,-1.589648,-1.483511,0.97581,-1.356046,1.40536,-0.813185,-1.376334,-1.264074,-1.807433,0.750681,-1.281817,-0.713773,-1.564792,-0.197789,1.409733,0.954514,1.268829,-0.87984,1.323546,2.025415,-1.580016,-0.062812,-1.438663,1.39498,1.311405,-1.233005,-0.661488,-1.621256,1.383699,1.363572,-1.500329,1.803243,-1.566184,1.301018,1.481757,-0.748014,1.815816,1.280776,1.309345,1.330357,-1.556066,-0.570008,0.052022,1.260518,1.61231,-1.499134,-1.105839,0.889336,1.526222,1.840563,-1.502465,-0.335993,-1.352139,-0.546024,0.576002,-1.688285,-1.811629,1.159998,-1.802445,1.460153,-1.37914,1.339521,2.135163,-1.434919,1.577686,-1.476902,-1.379991,0.601549,-0.526137,0.979056,-0.720271,1.9559,-1.72763,1.207546,1.40452,2.017938,-0.052891,-1.789467,1.279494,1.384319,1.024364,0.450096,-1.552884,1.190923,1.365883,-1.327962,-1.426355,-1.85216,-0.985613,2.020042,-1.190546,-1.544959,-1.094467,0.038229,1.709865,-1.085415,-0.526949,-1.520805,-1.637801,1.80651,-1.541438,-1.908119,-0.625664,-1.781575,1.583455,-0.987995,-1.299995,0.655544,-1.652258,1.499047,-1.213354,-1.018113,-2.116983,-1.609975,1.758449,-0.610317,-1.119117,-1.930563,-0.884962,1.635215,-0.92048,-0.920521,-1.613474,-1.3167,-0.313425,-1.090144,-1.043349,-1.423414,-0.95619,-0.78369,-1.582251,0.139843,-0.193852,-1.378674,1.629604,-0.106542
131.0,77.0,52.8,6.0,9.0,26106.0,26237.0,-0.840468,-1.147883,-0.504578,2.233058,-0.56353,-0.792082,-1.046975,-1.148559,1.320646,1.660906,-0.896733,-0.738899,-0.820021,1.904356,-0.684739,-0.98928,-1.330606,-1.562189,1.745904,1.523164,-0.884254,-0.829059,-1.584182,1.670119,-0.352834,-1.400868,-1.423252,-0.969206,-0.802396,-0.35247,-1.157489,-1.429933,-1.056098,1.536308,0.541064,-1.351188,-1.388643,-1.45167,1.357538,1.528409,-1.251005,-1.40089,-2.076896,1.162241,1.648918,-1.12065,-1.106727,-2.246944,1.101467,1.808727,-1.122817,-1.353998,-1.782022,0.996759,1.941612,-1.049943,-1.026985,-1.50762,1.399753,0.447564,-0.961654,0.315458,-1.426687,0.021401,1.768239,-1.139262,-0.068172,-1.299299,1.769774,1.898641,-1.595998,-1.418129,-1.280083,1.39213,1.612294,-1.389581,-1.353265,-1.303849,1.431067,1.378064,-1.328339,-1.187651,-1.400393,1.125755,1.681844,-1.243413,-1.109279,-1.413978,0.696213,1.843493,-1.284235,1.074462,0.98674,1.437158,2.143753,-1.338748,-0.269024,-1.525464,1.27163,1.646562,-1.26767,-0.76157,-1.525539,1.296204,1.552444,-1.252159,0.360747,-1.440779,1.172652,1.637529,-0.870379,1.113486,-1.383032,1.45944,1.614511,-1.609797,-1.466826,-0.828815,1.527943,1.283451,-1.589648,-1.483511,0.97581,-1.356046,1.40536,-0.813185,-1.376334,-1.264074,-1.807433,0.750681,-1.281817,-0.713773,-1.564792,-0.197789,1.409733,0.954514,1.268829,-0.87984,1.323546,2.025415,-1.580016,-0.062812,-1.438663,1.39498,1.311405,-1.233005,-0.661488,-1.621256,1.383699,1.363572,-1.500329,1.803243,-1.566184,1.301018,1.481757,-0.748014,1.815816,1.280776,1.309345,1.330357,-1.556066,-0.570008,0.052022,1.260518,1.61231,-1.499134,-1.105839,0.889336,1.526222,1.840563,-1.502465,-0.335993,-1.352139,-0.546024,0.576002,-1.688285,-1.811629,1.159998,-1.802445,1.460153,-1.37914,1.339521,2.135163,-1.434919,1.577686,-1.476902,-1.379991,0.601549,-0.526137,0.979056,-0.720271,1.9559,-1.72763,1.207546,1.40452,2.017938,-0.052891,-1.789467,1.279494,1.384319,1.024364,0.450096,-1.552884,1.190923,1.365883,-1.327962,-1.426355,-1.85216,-0.985613,2.020042,-1.190546,-1.544959,-1.094467,0.038229,1.709865,-1.085415,-0.526949,-1.520805,-1.637801,1.80651,-1.541438,-1.908119,-0.625664,-1.781575,1.583455,-0.987995,-1.299995,0.655544,-1.652258,1.499047,-1.213354,-1.018113,-2.116983,-1.609975,1.758449,-0.610317,-1.119117,-1.930563,-0.884962,1.635215,-0.92048,-0.920521,-1.613474,-1.3167,-0.313425,-1.090144,-1.043349,-1.423414,-0.95619,-0.78369,-1.582251,0.139843,-0.193852,-1.378674,1.629604,-0.106542
166.0,72.8,46.8,4.0,8.0,26237.0,26403.0,-0.840468,-1.147883,-0.504578,2.233058,-0.56353,-0.792082,-1.046975,-1.148559,1.320646,1.660906,-0.896733,-0.738899,-0.820021,1.904356,-0.684739,-0.98928,-1.330606,-1.562189,1.745904,1.523164,-0.884254,-0.829059,-1.584182,1.670119,-0.352834,-1.400868,-1.423252,-0.969206,-0.802396,-0.35247,-1.157489,-1.429933,-1.056098,1.536308,0.541064,-1.351188,-1.388643,-1.45167,1.357538,1.528409,-1.251005,-1.40089,-2.076896,1.162241,1.648918,-1.12065,-1.106727,-2.246944,1.101467,1.808727,-1.122817,-1.353998,-1.782022,0.996759,1.941612,-1.049943,-1.026985,-1.50762,1.399753,0.447564,-0.961654,0.315458,-1.426687,0.021401,1.768239,-1.139262,-0.068172,-1.299299,1.769774,1.898641,-1.595998,-1.418129,-1.280083,1.39213,1.612294,-1.389581,-1.353265,-1.303849,1.431067,1.378064,-1.328339,-1.187651,-1.400393,1.125755,1.681844,-1.243413,-1.109279,-1.413978,0.696213,1.843493,-1.284235,1.074462,0.98674,1.437158,2.143753,-1.338748,-0.269024,-1.525464,1.27163,1.646562,-1.26767,-0.76157,-1.525539,1.296204,1.552444,-1.252159,0.360747,-1.440779,1.172652,1.637529,-0.870379,1.113486,-1.383032,1.45944,1.614511,-1.609797,-1.466826,-0.828815,1.527943,1.283451,-1.589648,-1.483511,0.97581,-1.356046,1.40536,-0.813185,-1.376334,-1.264074,-1.807433,0.750681,-1.281817,-0.713773,-1.564792,-0.197789,1.409733,0.954514,1.268829,-0.87984,1.323546,2.025415,-1.580016,-0.062812,-1.438663,1.39498,1.311405,-1.233005,-0.661488,-1.621256,1.383699,1.363572,-1.500329,1.803243,-1.566184,1.301018,1.481757,-0.748014,1.815816,1.280776,1.309345,1.330357,-1.556066,-0.570008,0.052022,1.260518,1.61231,-1.499134,-1.105839,0.889336,1.526222,1.840563,-1.502465,-0.335993,-1.352139,-0.546024,0.576002,-1.688285,-1.811629,1.159998,-1.802445,1.460153,-1.37914,1.339521,2.135163,-1.434919,1.577686,-1.476902,-1.379991,0.601549,-0.526137,0.979056,-0.720271,1.9559,-1.72763,1.207546,1.40452,2.017938,-0.052891,-1.789467,1.279494,1.384319,1.024364,0.450096,-1.552884,1.190923,1.365883,-1.327962,-1.426355,-1.85216,-0.985613,2.020042,-1.190546,-1.544959,-1.094467,0.038229,1.709865,-1.085415,-0.526949,-1.520805,-1.637801,1.80651,-1.541438,-1.908119,-0.625664,-1.781575,1.583455,-0.987995,-1.299995,0.655544,-1.652258,1.499047,-1.213354,-1.018113,-2.116983,-1.609975,1.758449,-0.610317,-1.119117,-1.930563,-0.884962,1.635215,-0.92048,-0.920521,-1.613474,-1.3167,-0.313425,-1.090144,-1.043349,-1.423414,-0.95619,-0.78369,-1.582251,0.139843,-0.193852,-1.378674,1.629604,-0.106542
133.0,68.0,47.8,2.0,11.0,2293.0,2426.0,-0.840468,-1.147883,-0.504578,2.233058,-0.56353,-0.792082,-1.046975,-1.148559,1.320646,1.660906,-0.896733,-0.738899,-0.820021,1.904356,-0.684739,-0.98928,-1.330606,-1.562189,1.745904,1.523164,-0.884254,-0.829059,-1.584182,1.670119,-0.352834,-1.400868,-1.423252,-0.969206,-0.802396,-0.35247,-1.157489,-1.429933,-1.056098,1.536308,0.541064,-1.351188,-1.388643,-1.45167,1.357538,1.528409,-1.251005,-1.40089,-2.076896,1.162241,1.648918,-1.12065,-1.106727,-2.246944,1.101467,1.808727,-1.122817,-1.353998,-1.782022,0.996759,1.941612,-1.049943,-1.026985,-1.50762,1.399753,0.447564,-0.961654,0.315458,-1.426687,0.021401,1.768239,-1.139262,-0.068172,-1.299299,1.769774,1.898641,-1.595998,-1.418129,-1.280083,1.39213,1.612294,-1.389581,-1.353265,-1.303849,1.431067,1.378064,-1.328339,-1.187651,-1.400393,1.125755,1.681844,-1.243413,-1.109279,-1.413978,0.696213,1.843493,-1.284235,1.074462,0.98674,1.437158,2.143753,-1.338748,-0.269024,-1.525464,1.27163,1.646562,-1.26767,-0.76157,-1.525539,1.296204,1.552444,-1.252159,0.360747,-1.440779,1.172652,1.637529,-0.870379,1.113486,-1.383032,1.45944,1.614511,-1.609797,-1.466826,-0.828815,1.527943,1.283451,-1.589648,-1.483511,0.97581,-1.356046,1.40536,-0.813185,-1.376334,-1.264074,-1.807433,0.750681,-1.281817,-0.713773,-1.564792,-0.197789,1.409733,0.954514,1.268829,-0.87984,1.323546,2.025415,-1.580016,-0.062812,-1.438663,1.39498,1.311405,-1.233005,-0.661488,-1.621256,1.383699,1.363572,-1.500329,1.803243,-1.566184,1.301018,1.481757,-0.748014,1.815816,1.280776,1.309345,1.330357,-1.556066,-0.570008,0.052022,1.260518,1.61231,-1.499134,-1.105839,0.889336,1.526222,1.840563,-1.502465,-0.335993,-1.352139,-0.546024,0.576002,-1.688285,-1.811629,1.159998,-1.802445,1.460153,-1.37914,1.339521,2.135163,-1.434919,1.577686,-1.476902,-1.379991,0.601549,-0.526137,0.979056,-0.720271,1.9559,-1.72763,1.207546,1.40452,2.017938,-0.052891,-1.789467,1.279494,1.384319,1.024364,0.450096,-1.552884,1.190923,1.365883,-1.327962,-1.426355,-1.85216,-0.985613,2.020042,-1.190546,-1.544959,-1.094467,0.038229,1.709865,-1.085415,-0.526949,-1.520805,-1.637801,1.80651,-1.541438,-1.908119,-0.625664,-1.781575,1.583455,-0.987995,-1.299995,0.655544,-1.652258,1.499047,-1.213354,-1.018113,-2.116983,-1.609975,1.758449,-0.610317,-1.119117,-1.930563,-0.884962,1.635215,-0.92048,-0.920521,-1.613474,-1.3167,-0.313425,-1.090144,-1.043349,-1.423414,-0.95619,-0.78369,-1.582251,0.139843,-0.193852,-1.378674,1.629604,-0.106542
99.0,65.7,42.3,3.0,6.0,26403.0,26502.0,1.283666,1.250931,1.183917,-0.200242,1.400534,1.27227,1.261476,1.078539,-1.213046,-0.581855,1.250302,1.2546,1.164518,-0.674864,1.377689,1.310249,1.237561,1.138926,-0.957374,0.033572,1.278663,1.234524,1.040138,-0.632535,1.388044,1.267871,1.1952,1.19449,1.325351,1.242321,1.33425,1.208913,1.155502,0.465821,0.788945,1.29256,1.221929,1.151682,-1.061873,-0.775837,1.323663,1.237576,0.988341,-1.165091,-0.468612,1.34662,1.256009,0.848276,-1.133439,-0.341366,1.304556,1.178508,1.023728,-1.137459,-0.015644,1.260883,1.210809,1.083421,-0.879765,1.255346,1.237287,1.155724,1.149138,-0.686616,-0.738133,1.204638,1.263605,1.189879,-0.816544,-0.679585,1.225474,1.162686,1.142861,-1.208713,-1.196691,1.304441,1.191574,1.111221,-1.192723,-1.2151,1.328676,1.249593,1.16229,-1.257624,-1.042153,1.367555,1.275108,1.200384,-1.238679,-0.811208,1.340903,-1.494206,-0.178035,-1.140355,-0.321068,1.269714,1.060605,1.170674,-1.094511,-1.075506,1.218444,1.232022,1.125731,-1.10512,-1.112771,1.162793,1.071534,1.050924,-1.189541,-0.979982,1.124852,0.887853,1.039275,-1.155552,-1.056729,1.184283,1.10601,0.599108,-1.166962,-1.248546,1.252704,1.155542,0.468078,0.324598,-0.138799,1.460048,1.130797,1.107268,0.450561,1.054456,1.395444,1.282328,0.813772,-1.325798,-1.318439,-0.759606,-1.392829,0.987599,-1.247839,-0.870781,1.034128,1.070516,1.081316,-1.03641,-1.207368,1.187835,1.236567,0.907703,-1.174439,-1.157759,1.01265,0.266141,0.653779,-1.230938,-1.170348,-0.042702,0.514133,-1.148243,-1.260764,-1.260929,1.094668,-1.23956,-1.553597,-1.367675,-1.1004,1.064649,-0.854588,-1.608451,-1.203505,-0.537748,0.973131,-0.947038,-0.992809,-1.763932,0.943059,1.044463,-0.53671,-1.3529,0.86849,-1.195626,1.264174,-1.201694,-0.991068,1.11514,0.465782,1.217847,1.020936,-1.485812,-1.117523,-1.218978,-0.545897,-0.286593,0.664812,-1.302284,0.052096,-1.031658,1.0856,0.816385,-1.294622,-1.238735,-1.404952,1.07163,0.976164,-1.318989,-1.245004,0.784255,-0.815948,0.418479,0.894421,-0.92267,0.962333,0.948431,1.065154,1.077426,0.283131,0.921752,-1.141857,-0.829427,-0.879462,-0.164728,0.936619,0.062695,-1.183589,0.54153,-1.122123,1.275654,1.187768,-1.355314,0.856262,-1.166618,1.313974,1.158563,0.441213,0.066936,-0.931571,1.191733,1.174307,0.577862,-1.231245,-0.890925,1.187594,1.177486,0.938651,1.022211,1.055467,1.180112,1.19818,1.082302,1.0786,1.160772,0.883804,-1.360496,-1.431623,1.031815,-1.125511,0.761796
565.0,64.0,42.4,9.0,12.0,26502.0,27067.0,-0.840468,-1.147883,-0.504578,2.233058,-0.56353,-0.792082,-1.046975,-1.148559,1.320646,1.660906,-0.896733,-0.738899,-0.820021,1.904356,-0.684739,-0.98928,-1.330606,-1.562189,1.745904,1.523164,-0.884254,-0.829059,-1.584182,1.670119,-0.352834,-1.400868,-1.423252,-0.969206,-0.802396,-0.35247,-1.157489,-1.429933,-1.056098,1.536308,0.541064,-1.351188,-1.388643,-1.45167,1.357538,1.528409,-1.251005,-1.40089,-2.076896,1.162241,1.648918,-1.12065,-1.106727,-2.246944,1.101467,1.808727,-1.122817,-1.353998,-1.782022,0.996759,1.941612,-1.049943,-1.026985,-1.50762,1.399753,0.447564,-0.961654,0.315458,-1.426687,0.021401,1.768239,-1.139262,-0.068172,-1.299299,1.769774,1.898641,-1.595998,-1.418129,-1.280083,1.39213,1.612294,-1.389581,-1.353265,-1.303849,1.431067,1.378064,-1.328339,-1.187651,-1.400393,1.125755,1.681844,-1.243413,-1.109279,-1.413978,0.696213,1.843493,-1.284235,1.074462,0.98674,1.437158,2.143753,-1.338748,-0.269024,-1.525464,1.27163,1.646562,-1.26767,-0.76157,-1.525539,1.296204,1.552444,-1.252159,0.360747,-1.440779,1.172652,1.637529,-0.870379,1.113486,-1.383032,1.45944,1.614511,-1.609797,-1.466826,-0.828815,1.527943,1.283451,-1.589648,-1.483511,0.97581,-1.356046,1.40536,-0.813185,-1.376334,-1.264074,-1.807433,0.750681,-1.281817,-0.713773,-1.564792,-0.197789,1.409733,0.954514,1.268829,-0.87984,1.323546,2.025415,-1.580016,-0.062812,-1.438663,1.39498,1.311405,-1.233005,-0.661488,-1.621256,1.383699,1.363572,-1.500329,1.803243,-1.566184,1.301018,1.481757,-0.748014,1.815816,1.280776,1.309345,1.330357,-1.556066,-0.570008,0.052022,1.260518,1.61231,-1.499134,-1.105839,0.889336,1.526222,1.840563,-1.502465,-0.335993,-1.352139,-0.546024,0.576002,-1.688285,-1.811629,1.159998,-1.802445,1.460153,-1.37914,1.339521,2.135163,-1.434919,1.577686,-1.476902,-1.379991,0.601549,-0.526137,0.979056,-0.720271,1.9559,-1.72763,1.207546,1.40452,2.017938,-0.052891,-1.789467,1.279494,1.384319,1.024364,0.450096,-1.552884,1.190923,1.365883,-1.327962,-1.426355,-1.85216,-0.985613,2.020042,-1.190546,-1.544959,-1.094467,0.038229,1.709865,-1.085415,-0.526949,-1.520805,-1.637801,1.80651,-1.541438,-1.908119,-0.625664,-1.781575,1.583455,-0.987995,-1.299995,0.655544,-1.652258,1.499047,-1.213354,-1.018113,-2.116983,-1.609975,1.758449,-0.610317,-1.119117,-1.930563,-0.884962,1.635215,-0.92048,-0.920521,-1.613474,-1.3167,-0.313425,-1.090144,-1.043349,-1.423414,-0.95619,-0.78369,-1.582251,0.139843,-0.193852,-1.378674,1.629604,-0.106542
99.0,63.7,42.7,16.0,1.0,27067.0,27166.0,-0.840468,-1.147883,-0.504578,2.233058,-0.56353,-0.792082,-1.046975,-1.148559,1.320646,1.660906,-0.896733,-0.738899,-0.820021,1.904356,-0.684739,-0.98928,-1.330606,-1.562189,1.745904,1.523164,-0.884254,-0.829059,-1.584182,1.670119,-0.352834,-1.400868,-1.423252,-0.969206,-0.802396,-0.35247,-1.157489,-1.429933,-1.056098,1.536308,0.541064,-1.351188,-1.388643,-1.45167,1.357538,1.528409,-1.251005,-1.40089,-2.076896,1.162241,1.648918,-1.12065,-1.106727,-2.246944,1.101467,1.808727,-1.122817,-1.353998,-1.782022,0.996759,1.941612,-1.049943,-1.026985,-1.50762,1.399753,0.447564,-0.961654,0.315458,-1.426687,0.021401,1.768239,-1.139262,-0.068172,-1.299299,1.769774,1.898641,-1.595998,-1.418129,-1.280083,1.39213,1.612294,-1.389581,-1.353265,-1.303849,1.431067,1.378064,-1.328339,-1.187651,-1.400393,1.125755,1.681844,-1.243413,-1.109279,-1.413978,0.696213,1.843493,-1.284235,1.074462,0.98674,1.437158,2.143753,-1.338748,-0.269024,-1.525464,1.27163,1.646562,-1.26767,-0.76157,-1.525539,1.296204,1.552444,-1.252159,0.360747,-1.440779,1.172652,1.637529,-0.870379,1.113486,-1.383032,1.45944,1.614511,-1.609797,-1.466826,-0.828815,1.527943,1.283451,-1.589648,-1.483511,0.97581,-1.356046,1.40536,-0.813185,-1.376334,-1.264074,-1.807433,0.750681,-1.281817,-0.713773,-1.564792,-0.197789,1.409733,0.954514,1.268829,-0.87984,1.323546,2.025415,-1.580016,-0.062812,-1.438663,1.39498,1.311405,-1.233005,-0.661488,-1.621256,1.383699,1.363572,-1.500329,1.803243,-1.566184,1.301018,1.481757,-0.748014,1.815816,1.280776,1.309345,1.330357,-1.556066,-0.570008,0.052022,1.260518,1.61231,-1.499134,-1.105839,0.889336,1.526222,1.840563,-1.502465,-0.335993,-1.352139,-0.546024,0.576002,-1.688285,-1.811629,1.159998,-1.802445,1.460153,-1.37914,1.339521,2.135163,-1.434919,1.577686,-1.476902,-1.379991,0.601549,-0.526137,0.979056,-0.720271,1.9559,-1.72763,1.207546,1.40452,2.017938,-0.052891,-1.789467,1.279494,1.384319,1.024364,0.450096,-1.552884,1.190923,1.365883,-1.327962,-1.426355,-1.85216,-0.985613,2.020042,-1.190546,-1.544959,-1.094467,0.038229,1.709865,-1.085415,-0.526949,-1.520805,-1.637801,1.80651,-1.541438,-1.908119,-0.625664,-1.781575,1.583455,-0.987995,-1.299995,0.655544,-1.652258,1.499047,-1.213354,-1.018113,-2.116983,-1.609975,1.758449,-0.610317,-1.119117,-1.930563,-0.884962,1.635215,-0.92048,-0.920521,-1.613474,-1.3167,-0.313425,-1.090144,-1.043349,-1.423414,-0.95619,-0.78369,-1.582251,0.139843,-0.193852,-1.378674,1.629604,-0.106542
132.0,62.8,42.3,5.0,8.0,27166.0,27298.0,-0.840468,-1.147883,-0.504578,2.233058,-0.56353,-0.792082,-1.046975,-1.148559,1.320646,1.660906,-0.896733,-0.738899,-0.820021,1.904356,-0.684739,-0.98928,-1.330606,-1.562189,1.745904,1.523164,-0.884254,-0.829059,-1.584182,1.670119,-0.352834,-1.400868,-1.423252,-0.969206,-0.802396,-0.35247,-1.157489,-1.429933,-1.056098,1.536308,0.541064,-1.351188,-1.388643,-1.45167,1.357538,1.528409,-1.251005,-1.40089,-2.076896,1.162241,1.648918,-1.12065,-1.106727,-2.246944,1.101467,1.808727,-1.122817,-1.353998,-1.782022,0.996759,1.941612,-1.049943,-1.026985,-1.50762,1.399753,0.447564,-0.961654,0.315458,-1.426687,0.021401,1.768239,-1.139262,-0.068172,-1.299299,1.769774,1.898641,-1.595998,-1.418129,-1.280083,1.39213,1.612294,-1.389581,-1.353265,-1.303849,1.431067,1.378064,-1.328339,-1.187651,-1.400393,1.125755,1.681844,-1.243413,-1.109279,-1.413978,0.696213,1.843493,-1.284235,1.074462,0.98674,1.437158,2.143753,-1.338748,-0.269024,-1.525464,1.27163,1.646562,-1.26767,-0.76157,-1.525539,1.296204,1.552444,-1.252159,0.360747,-1.440779,1.172652,1.637529,-0.870379,1.113486,-1.383032,1.45944,1.614511,-1.609797,-1.466826,-0.828815,1.527943,1.283451,-1.589648,-1.483511,0.97581,-1.356046,1.40536,-0.813185,-1.376334,-1.264074,-1.807433,0.750681,-1.281817,-0.713773,-1.564792,-0.197789,1.409733,0.954514,1.268829,-0.87984,1.323546,2.025415,-1.580016,-0.062812,-1.438663,1.39498,1.311405,-1.233005,-0.661488,-1.621256,1.383699,1.363572,-1.500329,1.803243,-1.566184,1.301018,1.481757,-0.748014,1.815816,1.280776,1.309345,1.330357,-1.556066,-0.570008,0.052022,1.260518,1.61231,-1.499134,-1.105839,0.889336,1.526222,1.840563,-1.502465,-0.335993,-1.352139,-0.546024,0.576002,-1.688285,-1.811629,1.159998,-1.802445,1.460153,-1.37914,1.339521,2.135163,-1.434919,1.577686,-1.476902,-1.379991,0.601549,-0.526137,0.979056,-0.720271,1.9559,-1.72763,1.207546,1.40452,2.017938,-0.052891,-1.789467,1.279494,1.384319,1.024364,0.450096,-1.552884,1.190923,1.365883,-1.327962,-1.426355,-1.85216,-0.985613,2.020042,-1.190546,-1.544959,-1.094467,0.038229,1.709865,-1.085415,-0.526949,-1.520805,-1.637801,1.80651,-1.541438,-1.908119,-0.625664,-1.781575,1.583455,-0.987995,-1.299995,0.655544,-1.652258,1.499047,-1.213354,-1.018113,-2.116983,-1.609975,1.758449,-0.610317,-1.119117,-1.930563,-0.884962,1.635215,-0.92048,-0.920521,-1.613474,-1.3167,-0.313425,-1.090144,-1.043349,-1.423414,-0.95619,-0.78369,-1.582251,0.139843,-0.193852,-1.378674,1.629604,-0.106542
266.0,79.0,51.9,8.0,26.0,27298.0,27564.0,-0.840468,-1.147883,-0.504578,2.233058,-0.56353,-0.792082,-1.046975,-1.148559,1.320646,1.660906,-0.896733,-0.738899,-0.820021,1.904356,-0.684739,-0.98928,-1.330606,-1.562189,1.745904,1.523164,-0.884254,-0.829059,-1.584182,1.670119,-0.352834,-1.400868,-1.423252,-0.969206,-0.802396,-0.35247,-1.157489,-1.429933,-1.056098,1.536308,0.541064,-1.351188,-1.388643,-1.45167,1.357538,1.528409,-1.251005,-1.40089,-2.076896,1.162241,1.648918,-1.12065,-1.106727,-2.246944,1.101467,1.808727,-1.122817,-1.353998,-1.782022,0.996759,1.941612,-1.049943,-1.026985,-1.50762,1.399753,0.447564,-0.961654,0.315458,-1.426687,0.021401,1.768239,-1.139262,-0.068172,-1.299299,1.769774,1.898641,-1.595998,-1.418129,-1.280083,1.39213,1.612294,-1.389581,-1.353265,-1.303849,1.431067,1.378064,-1.328339,-1.187651,-1.400393,1.125755,1.681844,-1.243413,-1.109279,-1.413978,0.696213,1.843493,-1.284235,1.074462,0.98674,1.437158,2.143753,-1.338748,-0.269024,-1.525464,1.27163,1.646562,-1.26767,-0.76157,-1.525539,1.296204,1.552444,-1.252159,0.360747,-1.440779,1.172652,1.637529,-0.870379,1.113486,-1.383032,1.45944,1.614511,-1.609797,-1.466826,-0.828815,1.527943,1.283451,-1.589648,-1.483511,0.97581,-1.356046,1.40536,-0.813185,-1.376334,-1.264074,-1.807433,0.750681,-1.281817,-0.713773,-1.564792,-0.197789,1.409733,0.954514,1.268829,-0.87984,1.323546,2.025415,-1.580016,-0.062812,-1.438663,1.39498,1.311405,-1.233005,-0.661488,-1.621256,1.383699,1.363572,-1.500329,1.803243,-1.566184,1.301018,1.481757,-0.748014,1.815816,1.280776,1.309345,1.330357,-1.556066,-0.570008,0.052022,1.260518,1.61231,-1.499134,-1.105839,0.889336,1.526222,1.840563,-1.502465,-0.335993,-1.352139,-0.546024,0.576002,-1.688285,-1.811629,1.159998,-1.802445,1.460153,-1.37914,1.339521,2.135163,-1.434919,1.577686,-1.476902,-1.379991,0.601549,-0.526137,0.979056,-0.720271,1.9559,-1.72763,1.207546,1.40452,2.017938,-0.052891,-1.789467,1.279494,1.384319,1.024364,0.450096,-1.552884,1.190923,1.365883,-1.327962,-1.426355,-1.85216,-0.985613,2.020042,-1.190546,-1.544959,-1.094467,0.038229,1.709865,-1.085415,-0.526949,-1.520805,-1.637801,1.80651,-1.541438,-1.908119,-0.625664,-1.781575,1.583455,-0.987995,-1.299995,0.655544,-1.652258,1.499047,-1.213354,-1.018113,-2.116983,-1.609975,1.758449,-0.610317,-1.119117,-1.930563,-0.884962,1.635215,-0.92048,-0.920521,-1.613474,-1.3167,-0.313425,-1.090144,-1.043349,-1.423414,-0.95619,-0.78369,-1.582251,0.139843,-0.193852,-1.378674,1.629604,-0.106542
400.0,77.7,53.9,4.0,11.0,27564.0,27964.0,-0.840468,-1.147883,-0.504578,2.233058,-0.56353,-0.792082,-1.046975,-1.148559,1.320646,1.660906,-0.896733,-0.738899,-0.820021,1.904356,-0.684739,-0.98928,-1.330606,-1.562189,1.745904,1.523164,-0.884254,-0.829059,-1.584182,1.670119,-0.352834,-1.400868,-1.423252,-0.969206,-0.802396,-0.35247,-1.157489,-1.429933,-1.056098,1.536308,0.541064,-1.351188,-1.388643,-1.45167,1.357538,1.528409,-1.251005,-1.40089,-2.076896,1.162241,1.648918,-1.12065,-1.106727,-2.246944,1.101467,1.808727,-1.122817,-1.353998,-1.782022,0.996759,1.941612,-1.049943,-1.026985,-1.50762,1.399753,0.447564,-0.961654,0.315458,-1.426687,0.021401,1.768239,-1.139262,-0.068172,-1.299299,1.769774,1.898641,-1.595998,-1.418129,-1.280083,1.39213,1.612294,-1.389581,-1.353265,-1.303849,1.431067,1.378064,-1.328339,-1.187651,-1.400393,1.125755,1.681844,-1.243413,-1.109279,-1.413978,0.696213,1.843493,-1.284235,1.074462,0.98674,1.437158,2.143753,-1.338748,-0.269024,-1.525464,1.27163,1.646562,-1.26767,-0.76157,-1.525539,1.296204,1.552444,-1.252159,0.360747,-1.440779,1.172652,1.637529,-0.870379,1.113486,-1.383032,1.45944,1.614511,-1.609797,-1.466826,-0.828815,1.527943,1.283451,-1.589648,-1.483511,0.97581,-1.356046,1.40536,-0.813185,-1.376334,-1.264074,-1.807433,0.750681,-1.281817,-0.713773,-1.564792,-0.197789,1.409733,0.954514,1.268829,-0.87984,1.323546,2.025415,-1.580016,-0.062812,-1.438663,1.39498,1.311405,-1.233005,-0.661488,-1.621256,1.383699,1.363572,-1.500329,1.803243,-1.566184,1.301018,1.481757,-0.748014,1.815816,1.280776,1.309345,1.330357,-1.556066,-0.570008,0.052022,1.260518,1.61231,-1.499134,-1.105839,0.889336,1.526222,1.840563,-1.502465,-0.335993,-1.352139,-0.546024,0.576002,-1.688285,-1.811629,1.159998,-1.802445,1.460153,-1.37914,1.339521,2.135163,-1.434919,1.577686,-1.476902,-1.379991,0.601549,-0.526137,0.979056,-0.720271,1.9559,-1.72763,1.207546,1.40452,2.017938,-0.052891,-1.789467,1.279494,1.384319,1.024364,0.450096,-1.552884,1.190923,1.365883,-1.327962,-1.426355,-1.85216,-0.985613,2.020042,-1.190546,-1.544959,-1.094467,0.038229,1.709865,-1.085415,-0.526949,-1.520805,-1.637801,1.80651,-1.541438,-1.908119,-0.625664,-1.781575,1.583455,-0.987995,-1.299995,0.655544,-1.652258,1.499047,-1.213354,-1.018113,-2.116983,-1.609975,1.758449,-0.610317,-1.119117,-1.930563,-0.884962,1.635215,-0.92048,-0.920521,-1.613474,-1.3167,-0.313425,-1.090144,-1.043349,-1.423414,-0.95619,-0.78369,-1.582251,0.139843,-0.193852,-1.378674,1.629604,-0.106542
1098.0,80.1,53.4,6.0,9.0,27964.0,29062.0,-0.840468,-1.147883,-0.504578,2.233058,-0.56353,-0.792082,-1.046975,-1.148559,1.320646,1.660906,-0.896733,-0.738899,-0.820021,1.904356,-0.684739,-0.98928,-1.330606,-1.562189,1.745904,1.523164,-0.884254,-0.829059,-1.584182,1.670119,-0.352834,-1.400868,-1.423252,-0.969206,-0.802396,-0.35247,-1.157489,-1.429933,-1.056098,1.536308,0.541064,-1.351188,-1.388643,-1.45167,1.357538,1.528409,-1.251005,-1.40089,-2.076896,1.162241,1.648918,-1.12065,-1.106727,-2.246944,1.101467,1.808727,-1.122817,-1.353998,-1.782022,0.996759,1.941612,-1.049943,-1.026985,-1.50762,1.399753,0.447564,-0.961654,0.315458,-1.426687,0.021401,1.768239,-1.139262,-0.068172,-1.299299,1.769774,1.898641,-1.595998,-1.418129,-1.280083,1.39213,1.612294,-1.389581,-1.353265,-1.303849,1.431067,1.378064,-1.328339,-1.187651,-1.400393,1.125755,1.681844,-1.243413,-1.109279,-1.413978,0.696213,1.843493,-1.284235,1.074462,0.98674,1.437158,2.143753,-1.338748,-0.269024,-1.525464,1.27163,1.646562,-1.26767,-0.76157,-1.525539,1.296204,1.552444,-1.252159,0.360747,-1.440779,1.172652,1.637529,-0.870379,1.113486,-1.383032,1.45944,1.614511,-1.609797,-1.466826,-0.828815,1.527943,1.283451,-1.589648,-1.483511,0.97581,-1.356046,1.40536,-0.813185,-1.376334,-1.264074,-1.807433,0.750681,-1.281817,-0.713773,-1.564792,-0.197789,1.409733,0.954514,1.268829,-0.87984,1.323546,2.025415,-1.580016,-0.062812,-1.438663,1.39498,1.311405,-1.233005,-0.661488,-1.621256,1.383699,1.363572,-1.500329,1.803243,-1.566184,1.301018,1.481757,-0.748014,1.815816,1.280776,1.309345,1.330357,-1.556066,-0.570008,0.052022,1.260518,1.61231,-1.499134,-1.105839,0.889336,1.526222,1.840563,-1.502465,-0.335993,-1.352139,-0.546024,0.576002,-1.688285,-1.811629,1.159998,-1.802445,1.460153,-1.37914,1.339521,2.135163,-1.434919,1.577686,-1.476902,-1.379991,0.601549,-0.526137,0.979056,-0.720271,1.9559,-1.72763,1.207546,1.40452,2.017938,-0.052891,-1.789467,1.279494,1.384319,1.024364,0.450096,-1.552884,1.190923,1.365883,-1.327962,-1.426355,-1.85216,-0.985613,2.020042,-1.190546,-1.544959,-1.094467,0.038229,1.709865,-1.085415,-0.526949,-1.520805,-1.637801,1.80651,-1.541438,-1.908119,-0.625664,-1.781575,1.583455,-0.987995,-1.299995,0.655544,-1.652258,1.499047,-1.213354,-1.018113,-2.116983,-1.609975,1.758449,-0.610317,-1.119117,-1.930563,-0.884962,1.635215,-0.92048,-0.920521,-1.613474,-1.3167,-0.313425,-1.090144,-1.043349,-1.423414,-0.95619,-0.78369,-1.582251,0.139843,-0.193852,-1.378674,1.629604,-0.106542
431.0,79.0,51.5,8.0,7.0,29062.0,29493.0,-0.840468,-1.147883,-0.504578,2.233058,-0.56353,-0.792082,-1.046975,-1.148559,1.320646,1.660906,-0.896733,-0.738899,-0.820021,1.904356,-0.684739,-0.98928,-1.330606,-1.562189,1.745904,1.523164,-0.884254,-0.829059,-1.584182,1.670119,-0.352834,-1.400868,-1.423252,-0.969206,-0.802396,-0.35247,-1.157489,-1.429933,-1.056098,1.536308,0.541064,-1.351188,-1.388643,-1.45167,1.357538,1.528409,-1.251005,-1.40089,-2.076896,1.162241,1.648918,-1.12065,-1.106727,-2.246944,1.101467,1.808727,-1.122817,-1.353998,-1.782022,0.996759,1.941612,-1.049943,-1.026985,-1.50762,1.399753,0.447564,-0.961654,0.315458,-1.426687,0.021401,1.768239,-1.139262,-0.068172,-1.299299,1.769774,1.898641,-1.595998,-1.418129,-1.280083,1.39213,1.612294,-1.389581,-1.353265,-1.303849,1.431067,1.378064,-1.328339,-1.187651,-1.400393,1.125755,1.681844,-1.243413,-1.109279,-1.413978,0.696213,1.843493,-1.284235,1.074462,0.98674,1.437158,2.143753,-1.338748,-0.269024,-1.525464,1.27163,1.646562,-1.26767,-0.76157,-1.525539,1.296204,1.552444,-1.252159,0.360747,-1.440779,1.172652,1.637529,-0.870379,1.113486,-1.383032,1.45944,1.614511,-1.609797,-1.466826,-0.828815,1.527943,1.283451,-1.589648,-1.483511,0.97581,-1.356046,1.40536,-0.813185,-1.376334,-1.264074,-1.807433,0.750681,-1.281817,-0.713773,-1.564792,-0.197789,1.409733,0.954514,1.268829,-0.87984,1.323546,2.025415,-1.580016,-0.062812,-1.438663,1.39498,1.311405,-1.233005,-0.661488,-1.621256,1.383699,1.363572,-1.500329,1.803243,-1.566184,1.301018,1.481757,-0.748014,1.815816,1.280776,1.309345,1.330357,-1.556066,-0.570008,0.052022,1.260518,1.61231,-1.499134,-1.105839,0.889336,1.526222,1.840563,-1.502465,-0.335993,-1.352139,-0.546024,0.576002,-1.688285,-1.811629,1.159998,-1.802445,1.460153,-1.37914,1.339521,2.135163,-1.434919,1.577686,-1.476902,-1.379991,0.601549,-0.526137,0.979056,-0.720271,1.9559,-1.72763,1.207546,1.40452,2.017938,-0.052891,-1.789467,1.279494,1.384319,1.024364,0.450096,-1.552884,1.190923,1.365883,-1.327962,-1.426355,-1.85216,-0.985613,2.020042,-1.190546,-1.544959,-1.094467,0.038229,1.709865,-1.085415,-0.526949,-1.520805,-1.637801,1.80651,-1.541438,-1.908119,-0.625664,-1.781575,1.583455,-0.987995,-1.299995,0.655544,-1.652258,1.499047,-1.213354,-1.018113,-2.116983,-1.609975,1.758449,-0.610317,-1.119117,-1.930563,-0.884962,1.635215,-0.92048,-0.920521,-1.613474,-1.3167,-0.313425,-1.090144,-1.043349,-1.423414,-0.95619,-0.78369,-1.582251,0.139843,-0.193852,-1.378674,1.629604,-0.106542
299.0,68.9,43.7,9.0,19.0,29493.0,29792.0,-0.840468,-1.147883,-0.504578,2.233058,-0.56353,-0.792082,-1.046975,-1.148559,1.320646,1.660906,-0.896733,-0.738899,-0.820021,1.904356,-0.684739,-0.98928,-1.330606,-1.562189,1.745904,1.523164,-0.884254,-0.829059,-1.584182,1.670119,-0.352834,-1.400868,-1.423252,-0.969206,-0.802396,-0.35247,-1.157489,-1.429933,-1.056098,1.536308,0.541064,-1.351188,-1.388643,-1.45167,1.357538,1.528409,-1.251005,-1.40089,-2.076896,1.162241,1.648918,-1.12065,-1.106727,-2.246944,1.101467,1.808727,-1.122817,-1.353998,-1.782022,0.996759,1.941612,-1.049943,-1.026985,-1.50762,1.399753,0.447564,-0.961654,0.315458,-1.426687,0.021401,1.768239,-1.139262,-0.068172,-1.299299,1.769774,1.898641,-1.595998,-1.418129,-1.280083,1.39213,1.612294,-1.389581,-1.353265,-1.303849,1.431067,1.378064,-1.328339,-1.187651,-1.400393,1.125755,1.681844,-1.243413,-1.109279,-1.413978,0.696213,1.843493,-1.284235,1.074462,0.98674,1.437158,2.143753,-1.338748,-0.269024,-1.525464,1.27163,1.646562,-1.26767,-0.76157,-1.525539,1.296204,1.552444,-1.252159,0.360747,-1.440779,1.172652,1.637529,-0.870379,1.113486,-1.383032,1.45944,1.614511,-1.609797,-1.466826,-0.828815,1.527943,1.283451,-1.589648,-1.483511,0.97581,-1.356046,1.40536,-0.813185,-1.376334,-1.264074,-1.807433,0.750681,-1.281817,-0.713773,-1.564792,-0.197789,1.409733,0.954514,1.268829,-0.87984,1.323546,2.025415,-1.580016,-0.062812,-1.438663,1.39498,1.311405,-1.233005,-0.661488,-1.621256,1.383699,1.363572,-1.500329,1.803243,-1.566184,1.301018,1.481757,-0.748014,1.815816,1.280776,1.309345,1.330357,-1.556066,-0.570008,0.052022,1.260518,1.61231,-1.499134,-1.105839,0.889336,1.526222,1.840563,-1.502465,-0.335993,-1.352139,-0.546024,0.576002,-1.688285,-1.811629,1.159998,-1.802445,1.460153,-1.37914,1.339521,2.135163,-1.434919,1.577686,-1.476902,-1.379991,0.601549,-0.526137,0.979056,-0.720271,1.9559,-1.72763,1.207546,1.40452,2.017938,-0.052891,-1.789467,1.279494,1.384319,1.024364,0.450096,-1.552884,1.190923,1.365883,-1.327962,-1.426355,-1.85216,-0.985613,2.020042,-1.190546,-1.544959,-1.094467,0.038229,1.709865,-1.085415,-0.526949,-1.520805,-1.637801,1.80651,-1.541438,-1.908119,-0.625664,-1.781575,1.583455,-0.987995,-1.299995,0.655544,-1.652258,1.499047,-1.213354,-1.018113,-2.116983,-1.609975,1.758449,-0.610317,-1.119117,-1.930563,-0.884962,1.635215,-0.92048,-0.920521,-1.613474,-1.3167,-0.313425,-1.090144,-1.043349,-1.423414,-0.95619,-0.78369,-1.582251,0.139843,-0.193852,-1.378674,1.629604,-0.106542
266.0,63.9,43.8,9.0,20.0,29792.0,30058.0,-0.840468,-1.147883,-0.504578,2.233058,-0.56353,-0.792082,-1.046975,-1.148559,1.320646,1.660906,-0.896733,-0.738899,-0.820021,1.904356,-0.684739,-0.98928,-1.330606,-1.562189,1.745904,1.523164,-0.884254,-0.829059,-1.584182,1.670119,-0.352834,-1.400868,-1.423252,-0.969206,-0.802396,-0.35247,-1.157489,-1.429933,-1.056098,1.536308,0.541064,-1.351188,-1.388643,-1.45167,1.357538,1.528409,-1.251005,-1.40089,-2.076896,1.162241,1.648918,-1.12065,-1.106727,-2.246944,1.101467,1.808727,-1.122817,-1.353998,-1.782022,0.996759,1.941612,-1.049943,-1.026985,-1.50762,1.399753,0.447564,-0.961654,0.315458,-1.426687,0.021401,1.768239,-1.139262,-0.068172,-1.299299,1.769774,1.898641,-1.595998,-1.418129,-1.280083,1.39213,1.612294,-1.389581,-1.353265,-1.303849,1.431067,1.378064,-1.328339,-1.187651,-1.400393,1.125755,1.681844,-1.243413,-1.109279,-1.413978,0.696213,1.843493,-1.284235,1.074462,0.98674,1.437158,2.143753,-1.338748,-0.269024,-1.525464,1.27163,1.646562,-1.26767,-0.76157,-1.525539,1.296204,1.552444,-1.252159,0.360747,-1.440779,1.172652,1.637529,-0.870379,1.113486,-1.383032,1.45944,1.614511,-1.609797,-1.466826,-0.828815,1.527943,1.283451,-1.589648,-1.483511,0.97581,-1.356046,1.40536,-0.813185,-1.376334,-1.264074,-1.807433,0.750681,-1.281817,-0.713773,-1.564792,-0.197789,1.409733,0.954514,1.268829,-0.87984,1.323546,2.025415,-1.580016,-0.062812,-1.438663,1.39498,1.311405,-1.233005,-0.661488,-1.621256,1.383699,1.363572,-1.500329,1.803243,-1.566184,1.301018,1.481757,-0.748014,1.815816,1.280776,1.309345,1.330357,-1.556066,-0.570008,0.052022,1.260518,1.61231,-1.499134,-1.105839,0.889336,1.526222,1.840563,-1.502465,-0.335993,-1.352139,-0.546024,0.576002,-1.688285,-1.811629,1.159998,-1.802445,1.460153,-1.37914,1.339521,2.135163,-1.434919,1.577686,-1.476902,-1.379991,0.601549,-0.526137,0.979056,-0.720271,1.9559,-1.72763,1.207546,1.40452,2.017938,-0.052891,-1.789467,1.279494,1.384319,1.024364,0.450096,-1.552884,1.190923,1.365883,-1.327962,-1.426355,-1.85216,-0.985613,2.020042,-1.190546,-1.544959,-1.094467,0.038229,1.709865,-1.085415,-0.526949,-1.520805,-1.637801,1.80651,-1.541438,-1.908119,-0.625664,-1.781575,1.583455,-0.987995,-1.299995,0.655544,-1.652258,1.499047,-1.213354,-1.018113,-2.116983,-1.609975,1.758449,-0.610317,-1.119117,-1.930563,-0.884962,1.635215,-0.92048,-0.920521,-1.613474,-1.3167,-0.313425,-1.090144,-1.043349,-1.423414,-0.95619,-0.78369,-1.582251,0.139843,-0.193852,-1.378674,1.629604,-0.106542
