fixation_duration,pupil_x,pupil_y,dispersion_x,dispersion_y,start_time,end_time,eeg_001,eeg_002,eeg_003,eeg_004,eeg_005,eeg_006,eeg_007,eeg_008,eeg_009,eeg_010,eeg_011,eeg_012,eeg_013,eeg_014,eeg_015,eeg_016,eeg_017,eeg_018,eeg_019,eeg_020,eeg_021,eeg_022,eeg_023,eeg_024,eeg_025,eeg_026,eeg_027,eeg_028,eeg_029,eeg_030,eeg_031,eeg_032,eeg_033,eeg_034,eeg_035,eeg_036,eeg_037,eeg_038,eeg_039,eeg_040,eeg_041,eeg_042,eeg_043,eeg_044,eeg_045,eeg_046,eeg_047,eeg_048,eeg_049,eeg_050,eeg_051,eeg_052,eeg_053,eeg_054,eeg_055,eeg_056,eeg_057,eeg_058,eeg_059,eeg_060,eeg_061,eeg_062,eeg_063,eeg_064,eeg_065,eeg_066,eeg_067,eeg_068,eeg_069,eeg_070,eeg_071,eeg_072,eeg_073,eeg_074,eeg_075,eeg_076,eeg_077,eeg_078,eeg_079,eeg_080,eeg_081,eeg_082,eeg_083,eeg_084,eeg_085,eeg_086,eeg_087,eeg_088,eeg_089,eeg_090,eeg_091,eeg_092,eeg_093,eeg_094,eeg_095,eeg_096,eeg_097,eeg_098,eeg_099,eeg_100,eeg_101,eeg_102,eeg_103,eeg_104,eeg_105,eeg_106,eeg_107,eeg_108,eeg_109,eeg_110,eeg_111,eeg_112,eeg_113,eeg_114,eeg_115,eeg_116,eeg_117,eeg_118,eeg_119,eeg_120,eeg_121,eeg_122,eeg_123,eeg_124,eeg_125,eeg_126,eeg_127,eeg_128,eeg_129,eeg_130,eeg_131,eeg_132,eeg_133,eeg_134,eeg_135,eeg_136,eeg_137,eeg_138,eeg_139,eeg_140,eeg_141,eeg_142,eeg_143,eeg_144,eeg_145,eeg_146,eeg_147,eeg_148,eeg_149,eeg_150,eeg_151,eeg_152,eeg_153,eeg_154,eeg_155,eeg_156,eeg_157,eeg_158,eeg_159,eeg_160,eeg_161,eeg_162,eeg_163,eeg_164,eeg_165,eeg_166,eeg_167,eeg_168,eeg_169,eeg_170,eeg_171,eeg_172,eeg_173,eeg_174,eeg_175,eeg_176,eeg_177,eeg_178,eeg_179,eeg_180,eeg_181,eeg_182,eeg_183,eeg_184,eeg_185,eeg_186,eeg_187,eeg_188,eeg_189,eeg_190,eeg_191,eeg_192,eeg_193,eeg_194,eeg_195,eeg_196,eeg_197,eeg_198,eeg_199,eeg_200,eeg_201,eeg_202,eeg_203,eeg_204,eeg_205,eeg_206,eeg_207,eeg_208,eeg_209,eeg_210,eeg_211,eeg_212,eeg_213,eeg_214,eeg_215,eeg_216,eeg_217,eeg_218,eeg_219,eeg_220,eeg_221,eeg_222,eeg_223,eeg_224,eeg_225,eeg_226,eeg_227,eeg_228,eeg_229,eeg_230,eeg_231,eeg_232,eeg_233,eeg_234,eeg_235,eeg_236,eeg_237,eeg_238,eeg_239,eeg_240,eeg_241,eeg_242,eeg_243,eeg_244,eeg_245,eeg_246,eeg_247,eeg_248,eeg_249,eeg_250,eeg_251,eeg_252,eeg_253,eeg_254,eeg_255,eeg_256,eeg_257,eeg_258,eeg_259,eeg_260,eeg_261,eeg_262,eeg_263,eeg_264,eeg_265,eeg_266,eeg_267,eeg_268,eeg_269,eeg_270,eeg_271,eeg_272,eeg_273,eeg_274,eeg_275,eeg_276,eeg_277,eeg_278,eeg_279,eeg_280,eeg_281,eeg_282,eeg_283,eeg_284,eeg_285,eeg_286,eeg_287,eeg_288,eeg_289,eeg_290,eeg_291,eeg_292,eeg_293,eeg_294,eeg_295,eeg_296,eeg_297,eeg_298,eeg_299,eeg_300,eeg_301,eeg_302,eeg_303,eeg_304,eeg_305,eeg_306,eeg_307,eeg_308,eeg_309,eeg_310
199.0,107.0,86.0,1.0,3.0,0.0,199.0,0.558092,0.429185,0.428706,0.014573,0.45148,0.594938,0.497308,0.505925,0.0,0.449417,0.622943,0.577315,0.518334,0.113552,0.452946,0.489956,0.559843,0.54287,0.055665,0.458598,0.659017,0.762634,0.639926,0.237844,0.63747,0.165471,0.66997,0.33783,0.314071,0.562136,0.3103,0.601602,0.349871,0.200179,0.437844,0.487974,0.602378,0.487625,0.204478,0.494493,0.640848,0.799528,0.64044,0.210976,0.508141,0.739617,0.889446,0.713072,0.287918,0.533769,0.741824,0.846185,0.748024,0.416616,0.536555,0.702476,0.826083,0.723079,0.497593,0.38685,0.657526,0.75272,0.600869,0.128569,0.342043,0.642551,0.581992,0.557403,0.211475,0.391318,0.311823,0.584916,0.703516,0.020965,0.224413,0.292774,0.610754,0.617599,0.272922,0.215057,0.506304,0.508389,0.375703,0.298303,0.263523,0.625811,0.767205,0.738657,0.408442,0.266394,0.757902,0.901698,1.0,0.146237,0.545845,0.811785,0.818991,0.962874,0.412627,0.447258,0.702918,0.792729,0.80707,0.314718,0.418358,0.719373,0.801631,0.599826,0.205905,0.230924,0.751698,0.690237,0.504506,0.277577,0.084117,0.605292,0.712074,0.919264,0.512376,0.283456,0.625152,0.689704,1.0,0.663857,0.420683,0.559163,0.582706,1.0,0.751941,0.522132,0.578576,0.366001,0.85742,0.380183,0.86628,0.839935,0.901305,1.0,0.204608,0.210387,0.883656,0.807903,0.955259,0.09141,0.385224,0.836341,0.748767,0.703688,0.23473,0.291927,0.875981,0.835443,0.605714,0.204722,0.29528,0.794816,0.755679,0.616061,0.347488,0.292097,0.683537,0.633323,0.87445,0.662958,0.328062,0.817254,0.737692,0.968115,0.7,0.545494,0.913814,0.847371,1.0,0.853455,0.667662,0.986972,1.0,1.0,0.474923,0.681589,0.720366,0.965063,0.950369,0.484983,0.475268,0.831688,0.474129,0.579967,0.208432,0.334597,0.907837,0.445916,0.711397,0.236578,0.379856,0.825538,0.672677,0.635833,0.405701,0.446217,0.777331,0.759894,0.588,0.462862,0.375807,0.795319,0.797025,0.833141,0.788208,0.204869,0.989263,0.694887,0.808872,0.8769,0.380998,1.0,0.78965,0.887579,0.848226,0.293127,0.914268,0.939672,0.998225,0.643767,0.45477,0.869519,0.836111,0.908135,0.672521,0.42333,0.709523,0.712206,0.749738,0.666393,0.58278,0.931416,0.55243,0.642847,0.638722,0.500987,0.88027,0.593628,0.599219,0.604836,0.556719,0.724182,0.724492,0.567215,0.607203,0.481047,0.748024,0.740831,0.774311,0.7774,0.476359,0.938585,0.696892,0.69527,0.79133,0.370177,0.961881,0.743802,0.825837,0.613592,0.285219,0.97247,0.813551,0.854725,0.713308,0.301464,0.93617,0.746897,0.708094,0.803358,0.296877,0.86765,0.727392,0.567841,0.656867,0.36042,0.744962,0.727061,0.611849,0.565532,0.388186,0.702725,0.688975,0.564803,0.50801,0.359711,0.732516,0.683166,0.588796,0.364621,0.3193,0.76898,0.682875,0.650122,0.527956,0.301507,0.727611,0.744065,0.530158,0.702013,0.325643,0.637097,0.72754,0.491144,0.552171,0.340038
133.0,108.0,79.8,0.0,2.0,199.0,332.0,0.536437,0.562176,0.221109,0.293779,0.659825,0.559804,0.572135,0.277923,0.333614,0.648766,0.571836,0.574684,0.181538,0.398884,0.580418,0.442642,0.603828,0.256425,0.38792,0.661214,0.573174,0.690047,0.207585,0.715546,0.747481,0.359091,0.749851,0.32547,0.470616,0.584844,0.401448,0.682192,0.310113,0.317745,0.436801,0.383543,0.560158,0.212004,0.324448,0.602202,0.437949,0.611904,0.324716,0.668102,0.732441,0.477787,0.450288,0.391399,0.944792,0.777967,0.612063,0.600543,0.299066,1.0,0.715109,0.613096,0.684352,0.289353,1.0,0.461783,0.653147,0.636575,0.027232,0.517607,0.290326,0.683594,0.584832,0.371296,0.299822,0.304915,0.588914,0.750032,0.62895,0.397751,0.144579,0.55781,0.739268,0.59965,0.454846,0.177809,0.693673,0.553259,0.448165,0.305296,0.261686,0.534816,0.576394,0.553101,0.59076,0.54589,0.578076,0.401469,0.684606,0.80375,0.83103,0.707742,0.434004,0.363374,0.771414,0.519517,0.519304,0.510701,0.386872,0.691462,0.333037,0.758215,0.664239,0.199241,0.375709,0.216865,0.760762,0.58517,0.274548,0.423656,0.289357,0.791473,0.867572,0.584737,0.61539,0.0,0.838458,0.810869,0.683616,0.850112,0.102753,0.719062,0.74826,0.698256,0.762224,0.0,0.723593,0.443417,0.76246,0.4917,0.577629,0.715093,0.36021,0.629463,0.499093,0.53807,0.706771,0.573845,0.369283,0.292793,0.299278,0.72756,0.546838,0.332232,0.46477,0.219749,0.758216,0.579363,0.291866,0.4954,0.20493,0.765308,0.596882,0.526533,0.671838,0.237666,0.753487,0.766874,0.567461,0.83178,0.294337,0.753687,0.771722,0.6038,0.756328,0.37809,0.79762,0.690501,0.479522,0.824701,0.456378,0.649691,0.385551,0.526056,0.55261,0.504502,0.825229,0.418194,0.475913,0.632772,0.515798,0.844529,0.35707,0.504154,0.459927,0.331615,0.861255,0.267621,0.651181,0.782265,0.192676,0.757214,0.44029,0.502017,0.92558,0.325567,0.728878,0.579175,0.49909,0.872037,0.263359,0.698452,0.670332,0.677307,0.900698,0.076774,0.73626,0.556325,0.646831,0.867112,0.325576,0.787439,0.578465,0.606283,0.821311,0.414802,0.665955,0.570934,0.393515,0.512984,0.47794,0.818852,0.50608,0.644687,0.656812,0.325585,0.700827,0.527066,0.684751,0.745251,0.499575,0.89586,0.49698,0.689252,0.981208,0.407067,0.863258,0.436718,0.62369,1.0,0.478635,0.691791,0.445071,0.559989,1.0,0.366698,0.600736,0.568198,0.629477,0.909209,0.532211,0.736537,0.464018,0.56151,0.748002,0.339472,0.731349,0.489944,0.60484,0.624223,0.326755,0.843217,0.581585,0.601324,0.784325,0.320104,0.871531,0.479522,0.595725,0.99033,0.324853,0.827581,0.456252,0.609634,1.0,0.326381,0.699979,0.454856,0.608581,1.0,0.237613,0.583607,0.458635,0.547731,0.596941,0.383066,0.579358,0.498145,0.448804,0.38634,0.390115,0.624013,0.466205,0.554638,0.65913,0.33223,0.64445,0.402377,0.498987,1.0,0.273982,0.555712,0.429356,0.451986,0.88631,0.18567
466.0,96.6,69.5,17.0,19.0,1326.0,1792.0,0.590683,0.512975,0.400458,0.204604,0.445876,0.514964,0.52223,0.405123,0.27515,0.426832,0.441854,0.479984,0.36192,0.3232,0.452119,0.529375,0.573781,0.424615,0.252198,0.487065,0.465123,0.602431,0.381958,0.4233,0.573604,0.341459,0.6547,0.498177,0.355101,0.534626,0.413013,0.599434,0.480036,0.304121,0.402812,0.563029,0.618566,0.418445,0.176554,0.516517,0.583783,0.764647,0.412231,0.432952,0.809718,0.45358,0.848227,0.351404,0.760146,0.830747,0.372883,0.631716,0.163524,0.669109,0.707517,0.380458,0.483706,0.161809,0.633894,0.443164,0.355812,0.307472,0.284451,0.418625,0.416545,0.476348,0.226401,0.484259,0.342258,0.343136,0.339883,0.527418,0.635183,0.0,0.243207,0.405122,0.638134,0.535813,0.347279,0.159497,0.700567,0.665039,0.461764,0.575844,0.479776,0.578652,0.68515,0.585804,0.375574,0.838862,0.423998,0.736652,0.78269,0.695988,0.966087,0.430314,0.419722,0.090777,0.738968,0.650243,0.412284,0.198497,0.0,0.431034,0.372858,0.547432,0.283148,0.292463,0.179935,0.261492,0.592501,0.277332,0.437161,0.230125,0.400026,0.512704,0.675411,0.628463,0.436308,0.140847,0.659349,0.697096,0.576791,0.556957,0.104638,0.681288,0.770024,0.485726,0.68251,0.191827,0.623829,0.59133,0.580337,0.551756,0.555574,0.392185,0.325339,0.616703,0.576703,0.51104,0.586125,0.306922,0.114309,0.399702,0.225164,0.734857,0.272499,0.103174,0.35584,0.229979,0.837196,0.458834,0.311849,0.244668,0.159413,0.842137,0.422466,0.524854,0.382137,0.21072,0.628496,0.645573,0.713174,0.383725,0.057348,0.623904,0.742847,0.638055,0.367158,0.271552,0.732708,0.796562,0.433491,0.668459,0.424557,0.526692,0.691139,0.418239,0.741687,0.453093,0.467714,0.4037,0.531477,0.748248,0.578399,0.584709,0.200191,0.288293,0.309319,0.494916,0.927772,0.223577,0.404326,0.127991,0.26396,0.776135,0.544313,0.461877,0.304475,0.32012,0.767,0.648285,0.502515,0.405463,0.274032,0.648847,0.641484,0.800412,0.443514,0.175898,0.639581,0.60339,0.64565,0.399902,0.315458,0.736419,0.671126,0.575992,0.444211,0.409434,0.502438,0.650017,0.51059,0.559686,0.33405,0.312927,0.4547,0.495489,0.507208,0.404605,0.477741,0.500285,0.435549,0.309035,0.625787,0.753354,0.443356,0.466311,0.21654,0.534449,0.677243,0.544608,0.461594,0.189636,0.490745,0.721248,0.613744,0.502254,0.262823,0.311867,0.572209,0.648492,0.768285,0.399415,0.351913,0.67776,0.599316,0.608345,0.433308,0.347137,0.607039,0.60419,0.650631,0.439449,0.278031,0.582824,0.655119,0.615983,0.429936,0.324102,0.673277,0.559506,0.567518,0.413227,0.396536,0.695844,0.595013,0.502261,0.286038,0.319905,0.692017,0.657901,0.643676,0.293402,0.303906,0.556386,0.580213,0.737898,0.43566,0.329147,0.540718,0.592219,0.626862,0.371992,0.367896,0.580808,0.496608,0.709205,0.472984,0.299536,0.601775,0.610723,0.634581,0.495729,0.307521,0.599826,0.654299,0.672519,0.349114,0.249977
398.0,100.1,68.0,5.0,8.0,24020.0,24418.0,0.511549,0.291525,0.553409,0.561964,0.479593,0.486518,0.293686,0.596757,0.636669,0.464164,0.448994,0.29627,0.586527,0.646631,0.513446,0.398735,0.315185,0.519477,0.615349,0.475451,0.379411,0.463907,0.635273,0.876192,0.611854,0.205175,0.626929,0.668056,0.618398,0.483118,0.323701,0.538382,0.605153,0.543667,0.396203,0.397006,0.292786,0.510931,0.482692,0.402773,0.500746,0.348667,0.274537,0.660388,0.474608,0.517308,0.377157,0.168615,0.819165,0.523636,0.479027,0.402082,0.476633,0.793832,0.554027,0.454265,0.49311,0.812673,0.846679,0.395929,0.465851,0.407018,0.770089,0.751057,0.324145,0.58138,0.376233,0.747708,0.589202,0.388458,0.365219,0.46278,0.749857,0.707899,0.491971,0.429836,0.555514,0.782415,0.753331,0.303869,0.641948,0.475377,0.765782,0.805111,0.360049,0.583874,0.424866,0.416191,0.653392,0.28865,0.575964,0.552267,0.278517,0.691487,0.386923,0.654315,0.440106,0.484686,0.737646,0.476658,0.553,0.430631,0.749285,0.575465,0.381405,0.634441,0.409914,0.83321,0.402247,0.338466,0.713878,0.356345,0.78295,0.40586,0.524419,0.653742,0.61737,0.878013,0.695517,0.962528,0.659944,0.536842,0.820236,0.797373,0.367547,0.58645,0.49835,0.746874,0.868219,0.553416,0.591771,0.38026,0.783132,1.0,0.588317,0.60925,0.622878,0.459867,0.353952,0.528946,0.465635,0.270063,0.808194,0.74655,0.157266,0.697163,0.115491,0.844655,0.663055,0.141142,0.850747,0.21941,0.839407,0.555203,0.292224,0.859323,0.314737,0.89985,0.915564,0.626337,0.830449,0.680485,0.853017,0.61347,0.880981,0.728629,0.61259,0.865499,0.656821,0.970971,0.726599,0.547256,0.704469,0.668571,0.682965,0.483932,0.587549,0.744562,0.683817,0.295465,0.343537,0.512924,0.828314,0.823159,0.727814,0.351963,0.394008,1.0,0.867474,0.408612,0.873474,0.069735,1.0,0.878757,0.107991,0.84157,0.207475,0.946214,0.824418,0.255219,0.852156,0.265204,0.928951,0.71087,0.295417,0.828541,0.700491,0.881357,0.528543,0.837886,0.722884,0.717701,0.867108,0.564298,0.575753,0.677317,0.760631,0.807957,0.534048,0.505667,0.413004,0.640278,0.853495,0.51052,0.39185,0.535179,0.605855,0.857021,0.592851,0.623667,0.457966,0.533393,1.0,0.616762,0.632147,0.786884,0.486506,0.878833,0.696642,0.545396,0.824024,0.453282,0.812991,0.650007,0.592597,0.823795,0.236974,0.867489,0.776019,0.496961,0.792697,0.686879,0.851037,0.491811,0.551572,0.813675,0.657272,0.789056,0.396937,0.243591,0.743896,0.638809,0.865295,0.348986,0.237232,0.733514,0.612904,0.923672,0.491151,0.394788,0.868953,0.558699,0.921114,0.564885,0.410041,0.825865,0.456268,0.846803,0.694099,0.370667,0.832078,0.490216,0.924451,0.742689,0.415775,0.823227,0.539766,0.810087,0.261844,0.358936,0.796814,0.59993,0.704327,0.184026,0.175676,0.812628,0.554313,0.827708,0.28467,0.332571,0.81543,0.542682,0.870661,0.585778,0.44764,0.815905,0.59494,0.842625,0.559321,0.485401
199.0,105.0,75.7,4.0,10.0,24418.0,24617.0,0.836845,0.808831,0.881811,0.521757,0.372021,0.806087,0.778448,0.901696,0.662578,0.253256,0.789883,0.744778,0.898664,0.74849,0.280824,0.750881,0.727028,0.822715,0.497425,0.389172,0.73044,0.70604,0.833958,0.913849,0.413196,0.626689,0.879629,0.946239,0.720177,0.585661,0.718189,0.831045,0.941624,0.624042,0.480975,0.763899,0.691421,0.831456,0.441882,0.485042,0.735322,0.662248,0.684492,0.443924,0.429441,0.690059,0.589538,0.686001,0.64876,0.413423,0.747146,0.570789,0.743991,0.771489,0.343167,0.733749,0.655271,0.907036,0.780173,0.246727,0.731363,0.616602,0.858575,0.768077,0.337571,0.745633,0.611661,0.865862,0.716175,0.383959,0.454773,0.674107,1.0,1.0,0.615574,0.646958,0.772425,0.949569,0.860168,0.356159,0.901037,0.651613,0.872573,0.880604,0.464276,0.877794,0.617304,0.725774,0.601453,0.389919,0.83686,0.563894,0.592631,0.351464,0.40027,0.928439,0.447619,0.784285,0.637253,0.247774,0.778698,0.516256,0.831128,0.538611,0.182182,0.761681,0.569473,0.786987,0.41601,0.214174,0.77235,0.459476,0.789409,0.51989,0.461764,0.568743,0.604275,0.892975,0.837201,0.861036,0.578544,0.627174,0.848058,0.901023,0.411431,0.542375,0.580305,0.787178,0.892048,0.598824,0.717678,0.447776,0.727874,0.896732,0.512178,0.885451,0.499991,0.464184,0.205353,0.630127,0.756895,0.500678,0.71737,0.660008,0.058876,0.743946,0.537115,0.778782,0.721453,0.122638,0.915562,0.551519,0.793774,0.584782,0.212826,1.0,0.61604,0.761145,0.920964,0.569922,0.948885,0.685674,0.818768,0.71672,0.729481,0.77735,0.676688,0.889195,0.691599,0.837663,0.74775,0.547829,0.700736,0.568382,0.571162,0.782175,0.583109,0.715989,0.327022,0.278104,0.709429,0.674235,0.674122,0.416995,0.70982,0.550628,0.604538,0.6697,0.59571,0.541939,1.0,0.548859,0.681261,0.742762,0.238086,1.0,0.689176,0.717731,0.874541,0.317488,1.0,0.741766,0.721965,0.761476,0.295871,0.995859,0.817478,0.810508,0.660157,0.692439,0.893987,0.760285,0.853279,0.513724,0.491351,0.875938,0.737118,0.773811,0.457449,0.370561,0.765911,0.692363,0.665992,0.239314,0.293244,0.86952,0.694674,0.701953,0.503074,0.327832,0.785217,0.682129,0.607771,0.628354,0.592219,1.0,0.747619,0.591951,0.629073,0.758695,1.0,0.787977,0.55395,0.675857,0.700156,1.0,0.783898,0.644251,0.814385,0.504411,1.0,0.82691,0.718567,0.549691,0.539045,1.0,0.776579,0.676404,0.463113,0.24487,0.952567,0.699635,0.628818,0.360375,0.150019,0.96271,0.77484,0.566593,0.574141,0.250146,1.0,0.784367,0.515459,0.642983,0.467305,1.0,0.826771,0.505563,0.733485,0.450542,1.0,0.825944,0.628291,0.796984,0.411075,1.0,0.767335,0.560463,0.341109,0.230408,1.0,0.74311,0.514642,0.296354,0.133518,1.0,0.760733,0.522867,0.359941,0.246728,1.0,0.804853,0.448833,0.717472,0.408581,1.0,0.809713,0.48358,0.566357,0.398792
100.0,108.0,87.0,1.0,2.0,24617.0,24717.0,0.823287,0.795002,0.911577,0.440971,0.321809,0.790769,0.763095,0.915012,0.501824,0.29402,0.771986,0.740582,0.879926,0.565898,0.339481,0.73753,0.692726,0.832735,0.390007,0.35087,0.70626,0.688939,0.790977,0.678361,0.497024,0.617874,0.820072,1.0,0.484404,0.569054,0.707399,0.767032,0.978263,0.443186,0.358756,0.747298,0.65253,0.812819,0.294145,0.379879,0.693277,0.663624,0.731433,0.293485,0.588013,0.632786,0.618547,0.739779,0.477831,0.623475,0.699001,0.560964,0.740995,0.529078,0.605863,0.687636,0.598865,0.853591,0.411256,0.4303,0.71017,0.562741,0.847298,0.218119,0.320313,0.696159,0.482851,0.817615,0.323357,0.400875,0.415521,0.512703,0.90048,0.50484,0.614119,0.60998,0.644264,0.919151,0.322471,0.298657,0.884458,0.550806,0.754181,0.186123,0.405718,0.820444,0.638286,0.735361,0.116443,0.383628,0.755056,0.644508,0.685454,0.25545,0.717697,0.86396,0.420059,0.81576,0.509574,0.583799,0.678215,0.44247,0.832604,0.320766,0.348999,0.625328,0.470393,0.717275,0.137581,0.217096,0.515614,0.344512,0.730963,0.342696,0.381224,0.279231,0.623447,0.784626,0.55219,0.620738,0.461254,0.570119,0.688079,0.349541,0.316578,0.441404,0.509392,0.620371,0.404756,0.414267,0.640415,0.17387,0.544394,0.054259,0.331114,0.808785,0.581602,0.615316,0.500129,0.641015,0.747823,0.529507,0.473698,0.24266,0.294753,0.548134,0.590068,0.656075,0.381589,0.1884,0.55025,0.650392,0.627972,0.316977,0.139905,0.667622,0.733147,0.604054,0.616628,0.432955,0.673766,0.888989,0.683655,0.309783,0.484693,0.566012,0.858735,0.716625,0.298066,0.718825,0.753307,0.781449,0.445177,0.084164,0.272404,0.796847,0.769597,0.531881,0.049294,0.654987,0.70419,0.607885,0.610573,0.220615,0.735496,0.384022,0.628432,0.356409,0.350846,0.320783,0.806773,0.767166,0.369193,0.221749,0.155003,0.768478,0.876653,0.497727,0.470722,0.313684,0.775343,0.899143,0.452806,0.556448,0.303827,0.793639,0.945747,0.775616,0.506939,0.599591,0.783547,0.84469,0.744902,0.452568,0.323277,0.862752,0.827062,0.71995,0.436922,0.370977,0.846696,0.711262,0.648833,0.28417,0.468312,0.87042,0.539796,0.700571,0.465767,0.588986,0.734261,0.679943,0.360181,0.473689,0.411733,0.884396,0.788653,0.405838,0.445907,0.635494,0.838662,0.894752,0.381053,0.539799,0.617215,0.798717,0.957331,0.501334,0.596651,0.515831,0.835344,0.929846,0.711515,0.512489,0.490079,0.876603,0.857624,0.609309,0.430476,0.290819,0.822299,0.740047,0.627521,0.363431,0.174919,0.881902,0.779404,0.538798,0.543448,0.332551,0.872404,0.826866,0.389215,0.612146,0.410909,0.871364,0.946083,0.397316,0.624114,0.40365,0.809009,0.950746,0.525288,0.703814,0.413936,0.808579,0.873516,0.527375,0.305544,0.29432,0.815704,0.833063,0.526639,0.284515,0.141055,0.854082,0.869211,0.437219,0.290819,0.31703,0.817684,0.913543,0.438241,0.68782,0.389377,0.823511,0.965439,0.405029,0.436446,0.43895
133.0,106.0,87.3,3.0,2.0,24717.0,24850.0,0.399874,0.069084,0.389549,0.303278,0.308462,0.329343,0.107798,0.338212,0.1409,0.365381,0.306239,0.210932,0.287644,0.090786,0.470326,0.269714,0.101041,0.387802,0.237877,0.257854,0.222866,0.415313,0.392179,0.027048,0.572366,0.205205,0.0,0.551268,0.610539,0.366989,0.243357,0.0,0.580606,0.535744,0.128548,0.270086,0.063189,0.395333,0.262612,0.056235,0.224259,0.269797,0.345783,0.224292,0.38207,0.129699,0.320408,0.372214,0.205143,0.604347,0.114658,0.384928,0.3318,0.036561,0.637596,0.172404,0.482277,0.416049,0.143378,0.52444,0.413634,0.436881,0.39899,0.002343,0.419613,0.527164,0.43125,0.507704,0.23877,0.47057,0.204904,0.091822,0.630345,0.558611,0.78103,0.151399,0.209491,0.643144,0.469836,0.225034,0.333603,0.232091,0.434991,0.157595,0.089292,0.216467,0.373041,0.460224,0.013027,0.109691,0.283437,0.478696,0.367599,0.0,0.688429,0.37184,0.543513,0.492544,0.458183,0.636969,0.511236,0.606828,0.623732,0.534279,0.318507,0.566571,0.594458,0.456263,0.264513,0.302595,0.516453,0.426048,0.401001,0.344316,0.54359,0.296517,0.399879,0.531854,0.733937,0.558834,0.408763,0.497115,0.50995,0.52926,0.248174,0.349701,0.568676,0.524818,0.46736,0.379962,0.320828,0.496839,0.535893,0.118045,0.443305,0.390239,0.601897,0.311875,0.268451,0.523485,0.798608,0.89719,0.492633,0.322679,0.3561,0.695822,0.674356,0.582316,0.5684,0.200579,0.728123,0.606834,0.463699,0.346581,0.256388,0.626164,0.463606,0.665259,0.693467,0.383837,0.316217,0.433551,0.638992,0.627355,0.331105,0.436937,0.562853,0.575256,0.456029,0.522724,0.732619,0.665756,0.36207,0.309024,0.30463,0.681352,0.522023,0.419114,0.120671,0.570672,0.394302,0.325952,0.426943,0.270917,0.719448,0.577085,0.684932,0.509723,0.611568,0.339827,0.864838,0.641682,0.598656,0.495054,0.175756,0.670247,0.578853,0.518934,0.662645,0.334831,0.558949,0.541686,0.606334,0.695299,0.340334,0.40291,0.429705,0.73079,0.654564,0.406539,0.573854,0.388501,0.572196,0.583801,0.349937,0.684666,0.470601,0.534676,0.574651,0.34711,0.668468,0.513999,0.526268,0.253612,0.276749,0.582722,0.340986,0.592834,0.274271,0.449145,0.518711,0.43734,0.338054,0.451076,0.349037,0.609965,0.346507,0.414476,0.559647,0.342501,0.616586,0.458901,0.466003,0.662443,0.396869,0.472768,0.364484,0.601426,0.766487,0.434978,0.392878,0.286774,0.732021,0.734461,0.319425,0.562863,0.289783,0.557846,0.54428,0.200821,0.573087,0.252666,0.581834,0.410785,0.12107,0.707794,0.366767,0.521615,0.51221,0.180337,0.668991,0.168851,0.474601,0.663557,0.160712,0.600182,0.187684,0.510732,0.739886,0.172994,0.478784,0.205556,0.586432,0.809716,0.250224,0.286184,0.187855,0.643408,0.468942,0.273556,0.32186,0.246526,0.551553,0.362409,0.172218,0.524203,0.130015,0.547376,0.353522,0.246274,0.417935,0.095284,0.557931,0.788024,0.221469,0.424813,0.084397,0.608262,0.622236,0.280335
232.0,102.3,85.1,2.0,2.0,24850.0,25082.0,0.536395,0.393861,0.39318,0.305636,0.228348,0.504838,0.430971,0.379339,0.177271,0.260774,0.509626,0.532448,0.332789,0.184037,0.375697,0.403858,0.365752,0.37475,0.368378,0.162225,0.472099,0.647639,0.298099,0.227128,0.392893,0.23596,0.484129,0.593089,0.490277,0.417698,0.243932,0.376102,0.598017,0.514269,0.199419,0.280681,0.241557,0.435666,0.485211,0.19811,0.266059,0.502715,0.362929,0.44725,0.157415,0.21603,0.57208,0.373021,0.526037,0.408079,0.300162,0.635037,0.161063,0.237718,0.416596,0.424555,0.685683,0.308918,0.260726,0.389847,0.492102,0.629516,0.407735,0.137906,0.342405,0.599739,0.579107,0.531613,0.285946,0.329957,0.15134,0.292225,0.733396,0.454618,0.714444,0.102618,0.295834,0.74518,0.390576,0.255609,0.28702,0.286835,0.725701,0.405637,0.093048,0.264174,0.512179,0.705368,0.404774,0.247412,0.522382,0.682692,0.432313,0.319171,0.278499,0.556172,0.610708,0.286031,0.298542,0.494879,0.660313,0.730731,0.590657,0.368538,0.241409,0.595818,0.641405,0.482673,0.194523,0.233251,0.612265,0.525311,0.44509,0.295747,0.494117,0.166313,0.430632,0.628434,0.644644,0.591029,0.256823,0.461569,0.670347,0.514417,0.357882,0.219888,0.52739,0.683588,0.571488,0.417694,0.433846,0.477552,0.675168,0.345123,0.568575,0.608205,0.661695,0.278444,0.355915,0.356092,0.891676,0.925155,0.492246,0.15404,0.448625,0.79472,0.744807,0.545586,0.501651,0.196628,0.721763,0.662387,0.405798,0.25415,0.232338,0.6237,0.520778,0.631571,0.536751,0.266329,0.145791,0.469375,0.691553,0.467465,0.335079,0.21465,0.510089,0.657631,0.391999,0.430002,0.564663,0.623758,0.475179,0.39291,0.432332,0.517916,0.53763,0.344202,0.022955,0.592118,0.463884,0.369207,0.440426,0.436097,0.652582,0.721055,0.750576,0.392082,0.501682,0.32941,0.828973,0.660696,0.611528,0.534512,0.252997,0.67181,0.619636,0.465078,0.564516,0.265965,0.547915,0.583395,0.461629,0.494116,0.249829,0.29603,0.489651,0.724246,0.387853,0.164405,0.445505,0.366526,0.517471,0.307555,0.271172,0.554293,0.400902,0.409006,0.309685,0.377119,0.413541,0.418907,0.41708,0.107975,0.377333,0.372641,0.361388,0.556323,0.181483,0.518222,0.400782,0.498082,0.254963,0.337407,0.572173,0.575559,0.380438,0.382265,0.422839,0.361829,0.626199,0.453724,0.350066,0.423947,0.413697,0.512417,0.371932,0.477317,0.598891,0.326741,0.367641,0.413444,0.6956,0.416488,0.135273,0.489583,0.350901,0.516285,0.38523,0.035053,0.390087,0.219526,0.47225,0.241389,0.132418,0.518158,0.370863,0.493965,0.377631,0.152633,0.616274,0.292975,0.391217,0.526575,0.187848,0.583625,0.34738,0.344462,0.495368,0.16949,0.496658,0.361168,0.463453,0.589493,0.18859,0.361154,0.317216,0.598995,0.371626,0.257253,0.352765,0.310528,0.499301,0.215661,0.149668,0.385617,0.264294,0.463121,0.33786,0.230301,0.403995,0.196074,0.458275,0.587559,0.155144,0.423867,0.244664,0.549372,0.608556,0.263653
99.0,108.0,87.7,1.0,2.0,25082.0,25181.0,0.868363,0.580225,0.4543,0.190308,0.288077,0.853996,0.558021,0.52742,0.156241,0.226427,0.8528,0.582031,0.463511,0.289164,0.349124,0.797618,0.49016,0.485244,0.166813,0.308487,0.798088,0.559509,0.423589,0.331416,0.473613,0.472409,0.650375,0.37214,0.231738,0.470534,0.583918,0.557465,0.392205,0.273749,0.349216,0.758106,0.466329,0.466463,0.224208,0.40664,0.735386,0.55023,0.44917,0.250799,0.475268,0.766459,0.514592,0.442519,0.418189,0.575076,0.76425,0.534752,0.289436,0.301265,0.540516,0.757059,0.569866,0.398954,0.211129,0.36714,0.705901,0.473496,0.531798,0.120947,0.272843,0.705675,0.385062,0.521542,0.413374,0.22432,0.142664,0.364751,0.435623,0.333885,0.730218,0.255542,0.380188,0.336777,0.19116,0.4271,0.699235,0.341523,0.380516,0.082331,0.410443,0.667504,0.380172,0.619425,0.267879,0.448799,0.808184,0.489165,0.743003,0.540618,0.448864,0.880038,0.408137,0.566458,0.423584,0.434964,0.74523,0.506901,0.659224,0.160488,0.241786,0.596731,0.384458,0.586865,0.102099,0.246036,0.555935,0.257861,0.43137,0.260867,0.44233,0.285821,0.519717,0.21678,0.524206,0.566657,0.230198,0.44758,0.289723,0.566846,0.576438,0.071935,0.517127,0.374894,0.528545,0.530979,0.444911,0.247627,0.128799,0.230888,0.640979,0.799299,0.359987,0.489099,0.683248,0.55054,0.878023,0.664972,0.594917,0.331705,0.417625,0.774745,0.488206,0.610809,0.419904,0.239592,0.586067,0.43423,0.429203,0.199096,0.247491,0.607005,0.466884,0.484274,0.310881,0.198358,0.664838,0.723822,0.393404,0.561374,0.32745,0.498474,0.668026,0.527815,0.705763,0.652812,0.756598,0.686687,0.525525,0.864818,0.660233,0.789296,0.618126,0.569352,0.520037,0.745071,0.736164,0.258686,0.412576,0.730351,0.662022,0.441088,0.565971,0.420231,0.226838,0.148414,0.661142,0.534562,0.606237,0.427845,0.334956,0.676763,0.588062,0.521393,0.370696,0.371295,0.660115,0.580966,0.370543,0.315803,0.283459,0.843085,0.708643,0.555361,0.677896,0.477291,0.861939,0.662176,0.65576,0.87505,0.331016,0.925507,0.662473,0.748281,0.937218,0.430863,0.859407,0.533755,0.630915,0.678291,0.34896,0.850132,0.297112,0.511219,0.538739,0.426189,0.70122,0.413245,0.154036,0.34559,0.603464,0.838436,0.492912,0.532415,0.255523,0.628151,0.840306,0.576594,0.442261,0.268676,0.680106,0.78836,0.585267,0.394932,0.403111,0.540338,0.851745,0.637107,0.486996,0.64758,0.333489,0.938778,0.597025,0.522215,0.727374,0.169916,0.910088,0.39568,0.605202,0.579114,0.173463,0.932026,0.372917,0.468226,0.636207,0.299946,0.961156,0.474079,0.42974,0.555528,0.499282,0.886244,0.55506,0.390253,0.453067,0.437588,0.813307,0.58056,0.425714,0.460513,0.356262,0.892678,0.554094,0.328159,0.485933,0.249685,0.897961,0.518479,0.42242,0.338574,0.183091,0.87343,0.4744,0.390429,0.415134,0.311932,0.850054,0.457798,0.368071,0.557792,0.352801,0.850093,0.549854,0.285524,0.639374,0.271301
399.0,102.8,71.0,2.0,5.0,25181.0,25580.0,0.827502,0.607618,0.576758,0.350321,0.509006,0.824638,0.588182,0.598767,0.384055,0.318391,0.826676,0.542084,0.525112,0.462976,0.382681,0.743865,0.44844,0.539418,0.279407,0.506079,0.788156,0.364126,0.376912,0.419487,0.424409,0.408634,0.608584,0.379694,0.0,0.578839,0.522619,0.526113,0.436095,0.026045,0.523552,0.702958,0.367352,0.486192,0.149851,0.534743,0.695517,0.322116,0.425615,0.367481,0.56332,0.767375,0.258852,0.417379,0.469809,0.5432,0.784661,0.230209,0.373421,0.391408,0.45002,0.778451,0.245653,0.395204,0.243848,0.380993,0.786246,0.067921,0.38372,0.047672,0.296059,0.765249,0.075552,0.416447,0.166141,0.356097,0.226786,0.240126,0.298769,0.473723,0.870221,0.2661,0.358335,0.371387,0.351389,0.610819,0.68359,0.375099,0.394556,0.248581,0.619262,0.649696,0.379276,0.546953,0.272436,0.558466,0.759512,0.41526,0.679753,0.521299,0.298345,0.894886,0.376595,0.564043,0.370966,0.327564,0.770899,0.316179,0.495417,0.074646,0.148664,0.78481,0.450766,0.506947,0.046102,0.247731,0.735258,0.32154,0.403703,0.0,0.457637,0.431785,0.520593,0.343123,0.209869,0.781067,0.31615,0.434685,0.297113,0.626919,0.683869,0.28123,0.527616,0.313983,0.763946,0.902445,0.462528,0.3705,0.181945,0.49728,0.538153,0.756626,0.540379,0.45322,0.764628,0.597588,0.855371,0.793534,0.621048,0.327292,0.309283,0.784558,0.5863,0.620152,0.288972,0.169592,0.853691,0.658482,0.477654,0.099698,0.244953,0.935649,0.677346,0.513567,0.0,0.196874,0.699755,0.715224,0.436875,0.351351,0.632768,0.539753,0.697597,0.521842,0.696789,0.664517,0.806699,0.785907,0.496596,0.926606,0.60345,0.799651,0.811224,0.526085,0.771021,0.368465,0.778585,0.390245,0.365462,0.678734,0.546509,0.586124,0.704831,0.6042,0.163349,0.191909,0.856401,0.720366,0.657494,0.0,0.255849,0.790472,0.764663,0.598352,0.0,0.342275,0.810518,0.781933,0.529534,0.0,0.342349,0.823178,0.686378,0.573833,0.61685,0.683407,0.793956,0.697448,0.669152,0.910823,0.528328,0.883861,0.775486,0.782143,0.970147,0.329672,0.816142,0.621503,0.561759,0.739972,0.360966,0.847754,0.416585,0.496627,0.58044,0.234788,0.736143,0.464333,0.333314,0.241253,0.550287,0.819762,0.593273,0.638778,0.066015,0.605868,0.806081,0.70694,0.564967,0.0,0.63645,0.803903,0.7301,0.536776,0.0,0.621651,0.81024,0.587811,0.592494,0.655121,0.625012,0.898372,0.587097,0.576381,0.696159,0.326074,0.860477,0.46665,0.625464,0.535982,0.256862,0.925933,0.417443,0.44634,0.458532,0.342285,0.938022,0.527842,0.479689,0.122362,0.666356,0.854059,0.623984,0.467517,0.112174,0.67906,0.79553,0.676934,0.505068,0.06314,0.702439,0.856474,0.531267,0.503956,0.387343,0.560775,0.850411,0.505281,0.519585,0.325095,0.366164,0.845978,0.497239,0.491532,0.255431,0.37869,0.827434,0.587673,0.370838,0.144411,0.654125,0.822175,0.66853,0.162418,0.208284,0.607607
699.0,104.3,75.6,2.0,4.0,25580.0,26279.0,0.650423,0.393059,0.349617,0.335826,0.526132,0.675702,0.553498,0.510341,0.297591,0.416908,0.678485,0.583701,0.485277,0.323596,0.510886,0.499761,0.495368,0.378904,0.293565,0.475789,0.601074,0.737568,0.528691,0.29478,0.502552,0.230245,0.571769,0.18889,0.671012,0.823365,0.289987,0.532676,0.137818,0.532378,0.696641,0.432282,0.502663,0.310931,0.323898,0.557809,0.513903,0.732522,0.453732,0.434258,0.534578,0.599397,0.842173,0.58464,0.411327,0.38683,0.615371,0.784787,0.683286,0.301451,0.372277,0.616879,0.747775,0.750159,0.374491,0.428622,0.674249,0.661192,0.508673,0.231625,0.411453,0.735709,0.519021,0.553164,0.300528,0.538279,0.320431,0.447263,0.560148,0.973786,0.872342,0.289928,0.521246,0.395044,0.648358,0.689899,0.5735,0.545482,0.240917,0.501171,0.660071,0.571175,0.703741,0.582831,0.285654,0.522181,0.619732,0.8393,0.892605,0.344837,0.539364,0.728354,0.758291,0.827394,0.102143,0.362621,0.586748,0.601302,0.767993,0.0,0.271548,0.76021,0.637129,0.666433,0.140019,0.364825,0.753027,0.483992,0.560007,0.264614,0.459197,0.551327,0.450351,0.694677,0.846404,0.928308,0.46312,0.352912,0.654592,0.704045,0.869343,0.331126,0.32036,0.612982,0.806009,1.0,0.441529,0.472524,0.472338,0.494403,0.572812,0.518596,0.783011,0.761105,0.382301,0.571263,0.591839,0.733368,0.829063,0.158047,0.409712,0.659665,0.454702,0.738128,0.263178,0.376596,0.82524,0.507633,0.693167,0.307432,0.287114,0.915739,0.566185,0.638894,0.441198,0.375356,0.698758,0.434374,0.77574,0.893836,0.951837,0.516961,0.248694,0.851168,0.665631,0.870086,0.705037,0.471051,0.784623,0.72216,0.811638,0.67514,0.706628,0.864747,0.704109,0.556565,0.714751,0.853303,0.742899,0.659277,0.988648,0.637025,0.609579,0.685874,0.255065,0.393803,0.82744,0.516954,0.682756,0.077756,0.39912,0.688639,0.572613,0.652405,0.45812,0.422765,0.77862,0.748311,0.700623,0.682393,0.437519,0.709615,0.587424,0.81544,0.580273,0.828322,0.604455,0.495581,0.870296,0.460235,0.849377,0.664576,0.496022,0.92081,0.450496,0.710944,0.60094,0.718627,0.830703,0.525982,0.62723,0.644361,0.653844,0.71664,0.50066,0.734036,0.626848,0.703883,0.501679,0.321944,0.725039,0.650827,0.630208,0.63743,0.217245,0.816826,0.587337,0.681333,0.63344,0.375973,0.790385,0.634111,0.728529,0.674858,0.672699,0.699434,0.637526,0.661613,0.841653,0.646399,1.0,0.67937,0.537688,0.796392,0.640439,0.656125,0.611624,0.511162,0.793806,0.482886,0.500079,0.743025,0.604429,0.653764,0.50759,0.580958,0.721041,0.679351,0.613985,0.472004,0.91097,0.621559,0.684043,0.574474,0.577529,1.0,0.644596,0.724275,0.795155,0.853217,1.0,0.69546,0.675056,0.734072,0.592027,0.86463,0.636443,0.6084,0.717524,0.502507,0.626429,0.65985,0.632594,0.649464,0.488995,0.556427,0.60104,0.725914,0.662187,0.846303,1.0,0.672828,0.755203,0.661296,0.78159,0.943081
432.0,104.1,78.1,1.0,2.0,26279.0,26711.0,0.96454,0.836002,0.721998,0.166939,0.590469,0.951803,0.797983,0.763881,0.211634,0.546962,0.967158,0.794743,0.737848,0.299166,0.61032,0.929816,0.838752,0.70725,0.158377,0.507613,0.919702,0.844855,0.813743,0.457046,0.514901,0.781637,0.909971,0.597024,0.60947,0.745062,0.860011,0.89676,0.594652,0.467177,0.551158,0.943841,0.904414,0.67116,0.256791,0.462074,0.899762,0.916697,0.698302,0.277088,0.453381,0.902515,0.94157,0.763735,0.398397,0.427061,0.915474,0.888144,0.82257,0.469811,0.336859,0.892845,0.838649,0.955181,0.608031,0.291409,0.890281,0.709174,0.911346,0.467171,0.360916,0.918663,0.663308,0.906282,0.466435,0.45616,0.648256,0.734207,0.738076,0.867896,0.671607,0.774891,0.839274,0.624647,0.570871,0.490879,0.958239,0.845579,0.649883,0.325703,0.450628,0.85589,0.881301,0.843206,0.163622,0.245505,0.850973,0.900087,0.959266,0.405004,0.507902,0.945315,0.828275,0.91039,0.5399,0.31878,0.806158,0.744661,0.973164,0.282213,0.247588,0.802509,0.663326,1.0,0.35416,0.313423,0.76722,0.573205,1.0,0.43694,0.325992,0.688296,0.7906,0.838429,0.78093,0.701652,0.77595,0.805841,0.746241,0.77635,0.563654,0.718186,0.805346,0.620965,0.682097,0.642992,0.79565,0.672094,0.682577,0.275506,0.514749,0.844521,0.817901,0.81099,0.56028,0.321417,0.750279,0.736465,0.890509,0.481802,0.41254,0.412353,0.62683,0.972079,0.420689,0.387484,0.546204,0.689109,0.99057,0.37325,0.242724,0.646344,0.693824,0.985604,0.487678,0.367418,0.888385,0.975358,0.925068,0.937211,0.67032,0.815807,0.9289,0.92883,0.677107,0.704416,0.898427,0.946179,0.797566,0.735127,0.772793,0.983939,0.93645,0.832392,0.68976,0.823804,0.797787,0.853968,0.834597,0.526554,0.939487,0.61339,0.652583,0.779325,0.412688,0.485564,0.657482,0.704405,0.941022,0.274679,0.376245,0.620187,0.805436,0.958325,0.424532,0.500485,0.677206,0.863268,0.961806,0.660009,0.522925,0.974566,1.0,0.984527,0.64795,0.632198,0.917739,1.0,0.967782,0.696225,1.0,0.938527,1.0,0.979098,0.680735,1.0,0.997822,0.953368,0.89438,0.666959,0.997177,0.964921,0.834957,0.733348,0.370838,1.0,0.957521,0.813741,0.582809,0.31243,0.95824,0.95141,0.838396,0.885937,0.253775,0.768523,0.87689,0.926716,0.885847,0.380689,0.781439,0.759057,0.934888,0.915013,0.697881,0.583678,0.932629,1.0,1.0,0.830798,0.998587,0.987547,1.0,1.0,0.990855,1.0,1.0,1.0,1.0,0.992532,1.0,0.998635,0.89722,0.803694,0.849175,1.0,0.915629,0.918098,0.732863,0.544016,1.0,0.892111,0.999696,0.829906,0.602534,0.946243,0.848966,0.968553,0.969014,0.859085,0.949313,0.960448,1.0,0.963309,1.0,1.0,0.944767,1.0,1.0,0.9924,1.0,0.925123,1.0,1.0,0.979025,1.0,0.822509,1.0,0.869175,0.804655,0.943005,0.853244,1.0,0.906509,1.0,1.0
166.0,102.6,72.2,2.0,1.0,26711.0,26877.0,0.93573,0.86964,0.815937,0.173431,0.260292,0.917778,0.818116,0.838552,0.057204,0.224883,0.93278,0.814141,0.794076,0.223547,0.34717,0.902423,0.862587,0.73175,0.079659,0.264867,0.904184,0.829235,0.756216,0.395421,0.494972,0.731949,0.894853,0.79363,0.446556,0.655074,0.817467,0.904644,0.784413,0.437243,0.642403,0.902694,0.91542,0.697376,0.227699,0.345131,0.883874,0.900639,0.569986,0.202004,0.235916,0.907882,0.88954,0.507843,0.383957,0.483313,0.910345,0.839678,0.548407,0.414683,0.51373,0.883538,0.775521,0.794606,0.673441,0.55597,0.866762,0.625637,0.883425,0.863475,0.696522,0.944783,0.734036,0.954094,0.825515,0.68734,0.625223,0.709773,0.766203,0.409285,0.511871,0.74881,0.860765,0.80308,0.536301,0.63973,0.926516,0.886762,0.815331,0.460092,0.454091,0.823274,0.853916,0.599264,0.300752,0.340942,0.86554,0.692482,0.549042,0.452769,0.664009,0.954092,0.612349,0.661591,0.607074,0.728097,0.821693,0.611079,0.814291,0.493077,0.701872,0.775774,0.560528,0.966526,0.93179,0.862481,0.807421,0.455153,0.964074,0.831728,0.495784,0.676633,0.766928,0.586792,0.434071,0.646137,0.804862,0.807591,0.654043,0.550017,0.222416,0.743347,0.854655,0.757276,0.613216,0.263083,0.740034,0.710797,0.855815,0.43505,0.44586,0.913089,0.512063,0.307962,0.458251,0.568062,0.832359,0.686527,0.662804,0.367268,0.708498,0.624488,0.627389,0.843045,0.637,0.795738,0.669917,0.70239,1.0,0.979706,0.867034,0.51553,0.579343,0.91261,0.785382,0.852876,0.911844,0.870464,0.652655,0.353049,0.670488,0.844579,0.827554,0.622258,0.343808,0.548041,0.9271,0.832459,0.549135,0.362408,0.880682,1.0,0.51818,0.41808,0.11856,0.884486,0.821267,0.545542,0.44763,0.308724,0.846522,0.788845,0.575258,0.482962,0.412469,0.871819,0.839539,0.702915,0.815463,0.638432,0.834945,0.697752,0.772351,0.805434,0.749084,0.916026,0.678085,0.768974,0.718606,0.746264,0.843266,0.966105,0.89399,0.769744,0.382791,0.518819,0.932819,0.895698,0.612693,0.591825,0.872899,0.932656,0.870674,0.649936,0.614908,0.943059,1.0,0.635323,0.3555,0.439797,1.0,1.0,0.59296,0.431224,0.439049,0.990452,1.0,0.646117,0.220694,0.426794,1.0,0.94006,0.754429,0.57544,0.404306,0.893357,0.876805,0.846906,0.572483,0.449835,0.851329,0.746276,0.818732,0.681179,0.674917,0.822895,0.913785,0.896224,0.739971,0.582321,0.69521,0.989035,0.904917,0.741607,0.955007,0.934642,0.985126,0.8419,0.778968,1.0,0.983781,1.0,0.70798,0.445466,0.840486,0.961126,0.93033,0.677975,0.362316,0.530768,0.786298,0.887807,0.861178,0.506327,0.520276,0.559202,0.808012,0.840746,0.689986,0.688866,0.590239,0.945224,0.895164,0.799352,0.782551,0.903276,0.912625,0.917187,0.864204,1.0,0.974352,0.902226,0.886451,0.800378,1.0,0.969168,0.805015,0.814677,0.559353,0.627423,0.486947,0.802354,0.852067,0.756404,0.756798,0.760518
998.0,100.3,75.6,30.0,23.0,1792.0,2790.0,0.558652,0.604693,0.575946,0.501966,0.58124,0.495631,0.548617,0.608191,0.523667,0.577624,0.435139,0.52659,0.56615,0.532925,0.569258,0.487292,0.654327,0.605076,0.589565,0.643511,0.46575,0.692691,0.657206,0.708581,0.57541,0.406193,0.787759,0.591115,0.625101,0.597984,0.446298,0.746384,0.603354,0.613009,0.561617,0.498025,0.669216,0.576946,0.521129,0.650216,0.595959,0.755756,0.549997,0.684186,0.845343,0.610229,0.819223,0.678912,0.857208,0.857806,0.477604,0.69071,0.610559,0.812639,0.747542,0.431302,0.595518,0.652006,0.715205,0.467861,0.416351,0.437516,0.627575,0.414159,0.360924,0.535734,0.365547,0.736397,0.34754,0.349949,0.369542,0.696647,0.731929,0.247392,0.368856,0.406925,0.729535,0.698758,0.478935,0.349267,0.663021,0.597304,0.537805,0.459647,0.687056,0.609993,0.685549,0.52136,0.527277,0.914383,0.560437,0.774413,0.701722,0.699169,0.741791,0.579781,0.565986,0.461904,0.741513,0.492926,0.453524,0.345692,0.525818,0.499165,0.27757,0.642911,0.436961,0.509514,0.236412,0.166752,0.710032,0.480307,0.65677,0.246521,0.293987,0.547479,0.81595,0.772329,0.529611,0.299951,0.520605,0.718327,0.713518,0.546911,0.424655,0.301872,0.64408,0.632973,0.639174,0.490746,0.410698,0.360545,0.511089,0.460437,0.777232,0.426741,0.563552,0.364484,0.474709,0.400717,0.702658,0.528575,0.07766,0.23891,0.250442,0.776312,0.466061,0.392223,0.30954,0.116597,0.943224,0.687412,0.489956,0.217055,0.173485,0.930549,0.679658,0.694972,0.33768,0.195668,0.682281,0.881743,0.750726,0.417091,0.12553,0.610671,0.844324,0.701413,0.357531,0.236656,0.579805,0.724359,0.430704,0.488442,0.214636,0.251232,0.679205,0.370691,0.558924,0.518078,0.571602,0.39274,0.617992,0.725078,0.826318,0.598659,0.544996,0.135495,0.47646,0.604666,0.996842,0.605751,0.45439,0.330226,0.308064,0.898184,0.851561,0.620236,0.305447,0.366271,0.880935,0.900289,0.640902,0.32857,0.250771,0.737262,0.822512,0.795007,0.399043,0.051986,0.643973,0.729557,0.640253,0.327594,0.185784,0.693198,0.725056,0.550179,0.27721,0.314664,0.37021,0.658462,0.324604,0.181226,0.324269,0.224485,0.454125,0.40507,0.454886,0.425193,0.432897,0.538587,0.28683,0.29383,0.844399,0.8412,0.671049,0.51009,0.137251,0.649878,0.815602,0.759132,0.510119,0.124823,0.562337,0.844611,0.886909,0.642895,0.197434,0.248869,0.668203,0.785182,0.767832,0.339281,0.317987,0.720865,0.730737,0.585398,0.360621,0.295476,0.633207,0.709957,0.584269,0.305923,0.249342,0.600219,0.715475,0.429008,0.299287,0.336613,0.760616,0.727255,0.477068,0.339809,0.402121,0.813953,0.830476,0.443078,0.196782,0.301871,0.814876,0.883614,0.689893,0.199153,0.315836,0.680691,0.7416,0.612671,0.339671,0.364765,0.664577,0.740303,0.554923,0.324788,0.335553,0.697506,0.704653,0.597578,0.324075,0.298449,0.741336,0.850174,0.563473,0.32427,0.24763,0.742218,0.87849,0.627239,0.227088,0.224049
632.0,100.5,70.6,3.0,5.0,26877.0,27509.0,0.462108,0.15915,0.378851,0.449888,0.678048,0.380674,0.253808,0.377281,0.31274,0.680973,0.421678,0.319163,0.384632,0.299395,0.761242,0.258447,0.138153,0.413278,0.468147,0.759953,0.3496,0.432261,0.49784,0.307824,0.962271,0.443624,0.536312,0.544656,0.812482,0.911001,0.526172,0.452063,0.55089,0.720879,1.0,0.340492,0.037716,0.46724,0.560244,0.873782,0.11416,0.375721,0.40826,0.401837,0.912559,0.23279,0.485149,0.345426,0.266294,0.881848,0.282871,0.445399,0.418238,0.202224,0.925978,0.338961,0.432177,0.576653,0.571408,1.0,0.605648,0.378757,0.507291,0.966399,1.0,0.815281,0.466928,0.696078,1.0,1.0,0.580781,0.37829,0.569742,0.990886,0.929778,0.599307,0.449253,0.748174,0.759145,1.0,0.670443,0.183418,0.770746,0.583295,0.999095,0.317435,0.206458,0.545306,0.319481,0.942724,0.328788,0.40863,0.325117,0.249529,0.85355,0.543041,0.535118,0.380156,0.560652,1.0,0.300875,0.49409,0.510873,0.695969,1.0,0.573129,0.568648,0.755663,1.0,1.0,0.850476,0.432545,0.611743,1.0,1.0,0.57672,0.41038,0.643044,0.564627,0.981432,0.694095,0.434627,0.611741,0.707761,0.828186,0.608359,0.457048,0.714326,0.509844,0.791877,0.523238,0.0,0.789513,0.363435,0.891907,0.56689,0.431284,0.126819,0.127864,0.671256,0.619825,0.779881,0.428804,0.382329,1.0,0.679138,0.475028,0.494648,0.993078,1.0,0.721168,0.647996,0.858068,1.0,1.0,0.671726,0.478033,0.771233,1.0,1.0,0.608878,0.37195,0.389643,0.604898,1.0,0.527555,0.369997,0.421082,0.513682,0.965156,0.718833,0.640855,0.439987,0.444369,0.89391,0.638341,0.641066,0.428027,0.179257,0.702877,0.732037,0.546941,0.252146,0.549752,0.410781,0.627336,0.235349,0.338592,0.538949,1.0,0.726596,0.355563,0.566382,0.828512,1.0,0.631502,0.540871,0.559812,0.719743,1.0,0.656054,0.643354,0.640165,1.0,1.0,0.615814,0.399441,0.444787,0.538245,0.943996,0.609193,0.458598,0.341417,0.567424,0.683418,0.627432,0.534061,0.358487,0.537843,0.61331,0.641018,0.597132,0.339956,0.306621,0.552305,0.704021,0.326461,0.385669,0.424212,0.606783,0.555757,0.242539,0.0,0.305322,0.974692,0.577383,0.163573,0.199211,0.26234,1.0,0.614213,0.329271,0.29477,0.311099,1.0,0.674506,0.522668,0.557401,0.577972,1.0,0.578903,0.476926,0.515109,0.464264,0.751297,0.712174,0.343011,0.378393,0.486143,0.519782,0.630087,0.299988,0.419241,0.384836,0.429441,0.73394,0.279069,0.254871,0.400438,0.455102,0.753975,0.182213,0.235857,0.323622,0.631218,0.685457,0.24223,0.334949,0.347604,0.642311,0.654814,0.431149,0.54018,0.562207,0.677864,0.787515,0.403008,0.538206,0.27447,0.785725,0.702495,0.433123,0.481416,0.355289,0.527472,0.733047,0.359275,0.488551,0.32227,0.592094,0.718755,0.403748,0.464071,0.579702,0.682472,0.737023,0.446987,0.474233,0.482947,0.781869
432.0,102.3,74.5,3.0,2.0,27509.0,27941.0,0.567283,0.366141,0.569373,0.473442,0.792506,0.54781,0.341957,0.508822,0.320107,0.770443,0.593231,0.357577,0.43718,0.186232,0.819974,0.458767,0.386297,0.564437,0.495491,0.888896,0.591722,0.528138,0.544246,0.034168,0.948861,0.55293,0.658211,0.84297,0.76832,1.0,0.570495,0.617779,0.832444,0.698736,0.965421,0.43604,0.459282,0.667421,0.435729,1.0,0.422441,0.573482,0.545653,0.30359,0.985313,0.4538,0.605728,0.581439,0.295804,0.812669,0.551851,0.557102,0.593226,0.104092,0.886756,0.591234,0.483902,0.577273,0.179457,0.873541,0.76209,0.389056,0.411783,0.369904,0.905389,0.855938,0.283402,0.513223,0.549589,0.916076,0.738574,0.613302,0.789651,0.883612,1.0,0.692858,0.688175,0.866172,0.719322,0.928101,0.746576,0.61528,0.779106,0.49073,1.0,0.504365,0.625833,0.824908,0.270476,1.0,0.384819,0.541489,0.838695,0.233771,0.758583,0.723103,0.552715,0.609486,0.580648,0.821938,0.596731,0.427073,0.664602,0.71177,0.828311,0.796292,0.522936,0.616506,0.564309,0.769195,1.0,0.543376,0.573511,0.802051,0.941173,0.804566,0.663213,0.70098,0.488944,1.0,0.828404,0.680445,0.6338,0.651031,1.0,0.739893,0.706808,0.590099,0.577222,0.873717,0.683555,0.673247,0.640056,0.324612,1.0,0.487563,0.614542,0.715441,0.2622,0.740664,0.767785,0.659414,0.51994,0.663667,0.897248,0.811182,0.385506,0.511356,1.0,0.878259,0.881235,0.547591,0.629419,0.553156,0.804244,0.831705,0.611665,0.688627,0.961436,0.746164,0.653911,0.517468,0.561347,0.657308,0.897151,0.611184,0.521553,0.523546,0.57015,1.0,0.67733,0.620873,0.409497,0.779288,0.877564,0.505704,0.5855,0.509395,0.649614,0.563621,0.613175,0.739963,0.788301,0.688022,0.443152,0.583138,0.605293,0.457133,0.670599,0.848657,0.857447,0.560601,0.603518,0.664027,0.795851,0.754221,0.585307,0.610522,0.614767,0.715567,0.766907,0.662996,0.704115,0.98239,0.847831,0.641817,0.415017,0.606472,0.554645,0.958557,0.622364,0.361557,0.513676,0.697102,0.576951,0.664285,0.464345,0.538616,0.826026,0.645363,0.429325,0.668178,0.792989,0.814531,0.430242,0.552011,0.632465,0.822103,0.53911,0.51044,0.367538,0.598114,0.597742,0.241273,0.720366,0.747216,0.567344,0.440619,0.122826,0.579312,0.766447,0.60488,0.531256,0.28051,0.657016,0.75646,0.560269,0.66817,0.623808,0.724876,0.602755,0.394391,0.608138,0.573469,0.757615,0.681826,0.301679,0.562883,0.630382,0.479965,0.563666,0.301966,0.674069,0.591328,0.395379,0.608961,0.509816,0.71184,0.519594,0.456754,0.762583,0.287559,0.591592,0.263426,0.589599,0.702662,0.374969,0.57752,0.436903,0.530627,0.711619,0.466807,0.703078,0.637262,0.589975,0.719087,0.325703,0.599022,0.285949,0.682884,0.639883,0.368456,0.624894,0.429359,0.491625,0.690899,0.125169,0.690002,0.392284,0.559169,0.705584,0.283733,0.698528,0.608594,0.642035,0.721762,0.279594,0.639985,0.541405,0.762356
532.0,100.8,67.8,2.0,7.0,27941.0,28473.0,0.567493,0.389995,0.506746,0.229194,0.495472,0.530805,0.293339,0.379778,0.157417,0.436324,0.549132,0.286479,0.252435,0.059698,0.424708,0.493667,0.439759,0.514988,0.251757,0.553023,0.58573,0.500057,0.334029,0.120968,0.347313,0.486899,0.782917,0.909349,0.373733,0.857381,0.512301,0.726022,0.873388,0.279548,0.709274,0.519743,0.582468,0.64539,0.136091,0.657929,0.566697,0.562613,0.457015,0.205211,0.416482,0.569203,0.53785,0.479511,0.295906,0.200045,0.590869,0.480545,0.394787,0.121692,0.31407,0.605883,0.437521,0.453449,0.030185,0.286084,0.611135,0.364229,0.461675,0.169674,0.396588,0.765326,0.415802,0.650861,0.375299,0.45054,0.654992,0.74516,0.866941,0.377191,0.730245,0.606208,0.77508,0.892115,0.256419,0.544632,0.714073,0.695824,0.78135,0.212087,0.515577,0.611795,0.639143,0.806494,0.275931,0.440648,0.518306,0.570383,0.786489,0.201993,0.369649,0.723638,0.507023,0.5165,0.401525,0.365841,0.622053,0.452882,0.578696,0.53834,0.376688,0.71083,0.611799,0.500297,0.344483,0.338577,0.855582,0.426772,0.542044,0.450459,0.543578,0.801985,0.757146,0.670228,0.425286,0.689702,0.785782,0.734693,0.643725,0.289486,0.69281,0.707254,0.778326,0.586865,0.329322,0.547949,0.636105,0.727932,0.744156,0.339489,0.709901,0.647031,0.569242,0.724046,0.229001,0.277898,0.803342,0.622408,0.448608,0.470982,0.385589,0.837764,0.553094,0.390574,0.703005,0.462386,0.831795,0.665678,0.504084,0.47414,0.426255,0.747651,0.590648,0.53096,0.50791,0.393574,0.728014,0.47406,0.448005,0.032256,0.495903,0.696734,0.552507,0.393727,0.211658,0.534196,0.748848,0.66059,0.274107,0.404005,0.572676,0.544171,0.493533,0.431221,0.395546,0.244722,0.466436,0.566268,0.634941,0.59059,0.461496,0.577999,0.635582,0.452148,0.446468,0.495564,0.933884,0.679556,0.629954,0.356762,0.365194,0.685246,0.684076,0.545015,0.588516,0.496047,0.672766,0.698264,0.522833,0.551938,0.457094,0.638228,0.429505,0.490796,0.157988,0.506992,0.60082,0.326828,0.312501,0.400967,0.233021,0.708824,0.316863,0.356627,0.600127,0.275147,0.531187,0.421808,0.60229,0.592453,0.086994,0.62068,0.492011,0.721007,0.357923,0.258106,0.525548,0.578751,0.51354,0.193682,0.499782,0.770447,0.613863,0.494568,0.188097,0.259396,0.742811,0.674528,0.503945,0.322832,0.387361,0.51798,0.657235,0.562587,0.571405,0.495541,0.551638,0.402752,0.407075,0.215376,0.461202,0.653683,0.316946,0.349333,0.413428,0.29586,0.537369,0.125569,0.429611,0.409069,0.189893,0.503991,0.434283,0.475168,0.382352,0.258438,0.744823,0.380068,0.430104,0.246804,0.40319,0.578473,0.537048,0.439884,0.394811,0.385451,0.563278,0.585517,0.551632,0.544888,0.382302,0.417726,0.245771,0.244008,0.245619,0.532297,0.492862,0.30144,0.361242,0.320898,0.417356,0.494514,0.34446,0.43607,0.291968,0.435091,0.492666,0.402036,0.434596,0.466145,0.441856,0.494666,0.440093,0.425695,0.389004,0.542575
266.0,95.9,70.9,1.0,7.0,28473.0,28739.0,0.475689,0.45813,0.426909,0.182608,0.105981,0.35865,0.404548,0.44028,0.054573,0.111094,0.283796,0.450304,0.385424,0.0,0.0,0.43189,0.529159,0.501636,0.239927,0.136483,0.391184,0.642943,0.49232,0.145472,0.0,0.394937,0.690818,0.619959,0.320291,0.383519,0.491643,0.657446,0.656635,0.328209,0.306311,0.569595,0.609289,0.548861,0.313652,0.201753,0.548766,0.642568,0.320511,0.373461,0.177006,0.477168,0.564904,0.197097,0.432782,0.19717,0.422038,0.586562,0.33525,0.246893,0.086541,0.423786,0.596266,0.496356,0.244174,0.032876,0.33623,0.589096,0.577556,0.325662,0.145585,0.397211,0.564337,0.641794,0.411293,0.190928,0.524294,0.528072,0.724615,0.382675,0.386062,0.500991,0.637579,0.762145,0.310323,0.19313,0.72178,0.642705,0.753992,0.350142,0.33059,0.61784,0.636581,0.629737,0.481956,0.409824,0.463131,0.510434,0.204359,0.395968,0.334801,0.471172,0.502372,0.367536,0.614474,0.274336,0.30535,0.537602,0.653732,0.565764,0.300545,0.350925,0.674085,0.617386,0.367619,0.214821,0.443374,0.475888,0.622053,0.517712,0.290851,0.585925,0.583063,0.648901,0.601377,0.470552,0.611548,0.574978,0.645494,0.421833,0.31683,0.495432,0.62674,0.6104,0.462129,0.417326,0.609162,0.613522,0.726445,0.388342,0.756708,0.711405,0.40434,0.0,0.574087,0.550029,0.328616,0.540084,0.406078,0.518212,0.311381,0.497483,0.498091,0.50049,0.61752,0.271646,0.506311,0.599035,0.579711,0.468931,0.176592,0.585456,0.503986,0.521991,0.414103,0.077978,0.365203,0.466743,0.544316,0.332408,0.264393,0.422363,0.525985,0.531615,0.372323,0.451198,0.64888,0.57931,0.304207,0.209622,0.561036,0.396653,0.421703,0.213467,0.196599,0.40164,0.535449,0.0,0.108174,0.46297,0.491328,0.564641,0.255439,0.471226,0.514298,0.478501,0.662704,0.29358,0.531382,0.300218,0.285434,0.518719,0.527027,0.491058,0.426911,0.202605,0.554259,0.538183,0.436181,0.458323,0.175053,0.322895,0.495533,0.591878,0.311532,0.239226,0.467802,0.50075,0.401764,0.263788,0.041042,0.598848,0.442579,0.41159,0.320431,0.0,0.626263,0.361355,0.411745,0.111822,0.093955,0.735205,0.313191,0.425979,0.367911,0.246035,0.677539,0.239966,0.286202,0.223907,0.326172,0.719988,0.324528,0.399556,0.213954,0.171203,0.68234,0.368067,0.424541,0.275902,0.22426,0.458178,0.436438,0.496079,0.401264,0.275405,0.397312,0.448238,0.477368,0.222785,0.330614,0.57156,0.438348,0.356348,0.226621,0.182102,0.50368,0.283865,0.320798,0.153661,0.130811,0.652227,0.329396,0.325192,0.176518,0.120887,0.752627,0.276782,0.310675,0.237467,0.189219,0.603272,0.300278,0.357075,0.290188,0.249199,0.500783,0.428268,0.493705,0.369056,0.395548,0.399044,0.275804,0.109053,0.238447,0.509754,0.441632,0.374535,0.315542,0.171128,0.337246,0.483162,0.28545,0.364562,0.238564,0.332884,0.469639,0.30751,0.419143,0.360018,0.382308,0.482469,0.363399,0.35822,0.322848,0.499652
1231.0,102.6,70.2,8.0,34.0,28739.0,29970.0,0.507959,0.511776,0.25486,0.203064,0.543396,0.356801,0.497937,0.346243,0.088393,0.555814,0.295602,0.504604,0.325953,0.096381,0.531893,0.408579,0.584528,0.362162,0.157858,0.548501,0.276804,0.658461,0.485154,0.192729,0.68919,0.29385,0.696385,0.388933,0.377589,0.612691,0.386606,0.670352,0.426452,0.33728,0.531734,0.441825,0.631929,0.389518,0.243383,0.559593,0.399322,0.717265,0.339056,0.234066,0.687084,0.321652,0.72446,0.467435,0.322135,0.596327,0.313579,0.681732,0.474757,0.213214,0.550485,0.283737,0.682745,0.563377,0.244819,0.340847,0.251998,0.588238,0.459349,0.247348,0.312721,0.412933,0.496273,0.54922,0.226186,0.34674,0.318355,0.50179,0.567109,0.527703,0.570506,0.301156,0.658869,0.640161,0.392119,0.356066,0.515912,0.661491,0.701416,0.452158,0.577834,0.438267,0.72286,0.688857,0.308646,0.609843,0.516946,0.66315,0.672517,0.303877,0.497737,0.54153,0.554881,0.576195,0.565916,0.529067,0.137693,0.541527,0.710591,0.526166,0.346321,0.274691,0.630957,0.61492,0.289626,0.245415,0.414778,0.543969,0.721555,0.293966,0.405596,0.382164,0.562927,0.687491,0.682705,0.737732,0.431988,0.579787,0.693161,0.575185,0.550629,0.306409,0.570363,0.619796,0.619045,0.439237,0.305919,0.627464,0.781683,0.530637,0.776033,0.62017,0.643313,0.480695,0.427594,0.451639,0.255942,0.513936,0.496202,0.625214,0.426013,0.257465,0.327361,0.599335,0.54097,0.200163,0.346287,0.560363,0.665227,0.305685,0.253161,0.51124,0.600978,0.773572,0.20535,0.131649,0.21638,0.509003,0.691951,0.649535,0.534794,0.345685,0.570653,0.729849,0.617378,0.62605,0.64816,0.588557,0.549391,0.399575,0.598755,0.586723,0.515428,0.467126,0.135335,0.448535,0.705065,0.603007,0.579998,0.364134,0.599197,0.765017,0.459507,0.619179,0.626166,0.483042,0.621926,0.275601,0.651623,0.284669,0.3025,0.511473,0.565265,0.663926,0.23649,0.339908,0.506754,0.650357,0.74432,0.204384,0.244472,0.291089,0.812859,0.849283,0.590129,0.934866,0.495466,0.733065,0.766612,0.308763,0.443125,0.584296,0.648574,0.705264,0.50177,0.314753,0.722386,0.699824,0.489032,0.236186,0.187689,0.794993,0.610354,0.651904,0.339228,0.312954,0.734833,0.541027,0.448068,0.187088,0.475335,0.716555,0.390926,0.566539,0.011486,0.4168,0.622681,0.54555,0.578715,0.120264,0.491283,0.474951,0.589709,0.713335,0.197425,0.368789,0.362066,0.672319,0.7967,0.322845,0.547639,0.593347,0.652667,0.712175,0.266194,0.349884,0.547173,0.553754,0.605473,0.12165,0.173672,0.739708,0.530477,0.476712,0.058866,0.196338,0.708755,0.48612,0.50211,0.158757,0.287273,0.620628,0.474373,0.579883,0.171574,0.350011,0.459538,0.521341,0.692983,0.223397,0.507818,0.427405,0.50144,0.578317,0.305297,0.509849,0.370605,0.544188,0.59123,0.163033,0.35642,0.5215,0.40725,0.621984,0.218412,0.296864,0.480314,0.34755,0.600592,0.31151,0.332194,0.407915,0.461241,0.601094,0.273982,0.425007
133.0,110.5,86.8,2.0,4.0,29970.0,30103.0,0.421341,0.34101,0.411722,0.1828,0.560179,0.317593,0.321057,0.564328,0.118641,0.588217,0.229,0.326224,0.608211,0.071546,0.602492,0.324072,0.393891,0.410132,0.057328,0.562283,0.167248,0.488741,0.600677,0.162032,0.754761,0.050008,0.65444,0.58414,0.499273,0.597818,0.147395,0.612648,0.534317,0.29483,0.464992,0.354197,0.530839,0.43014,0.110138,0.545567,0.523243,0.608762,0.383792,0.040998,0.629106,0.550827,0.603388,0.480605,0.0,0.585846,0.366165,0.468895,0.537507,0.0,0.712173,0.235202,0.461582,0.658924,0.11103,0.438773,0.12312,0.372755,0.528446,0.196878,0.37074,0.154303,0.366904,0.603729,0.314189,0.382476,0.0,0.527077,0.551927,0.332843,0.527999,0.0,0.629319,0.593599,0.171082,0.313101,0.621766,0.649131,0.538407,0.273051,0.472323,0.729677,0.740837,0.544804,0.199119,0.359096,0.809235,0.753181,0.724764,0.131503,0.50587,0.67063,0.500435,0.608378,0.023491,0.668467,0.35911,0.498065,0.659185,0.182952,0.480351,0.073617,0.531266,0.614855,0.162642,0.25794,0.365141,0.507623,0.686945,0.206039,0.336623,0.159748,0.696142,0.545134,0.342912,0.681682,0.196437,0.670365,0.535761,0.481461,0.532775,0.111114,0.666916,0.47693,0.537151,0.414027,0.449763,0.639647,0.500194,0.768611,0.496068,0.780208,0.808393,0.666353,0.354912,0.238804,0.350658,0.683743,0.496395,0.511614,0.436365,0.223511,0.334464,0.628549,0.400344,0.259408,0.28227,0.589824,0.610107,0.282595,0.220851,0.350517,0.64344,0.698783,0.250765,0.120456,0.391839,0.734341,0.574594,0.361802,0.614196,0.402343,0.716872,0.578036,0.474945,0.689925,0.651719,0.785364,0.398659,0.454867,0.41779,0.683493,0.937543,0.559365,0.533338,0.57979,0.751875,0.845618,0.885782,0.532341,0.337117,0.75565,0.617571,0.727276,0.617262,0.279796,0.688428,0.484795,0.707935,0.351937,0.21385,0.40303,0.614754,0.562953,0.269387,0.220407,0.307107,0.668097,0.631943,0.267174,0.223666,0.527212,0.837099,0.814192,0.55315,0.959733,0.620125,0.697562,0.689813,0.262053,0.510766,0.665841,0.655563,0.613139,0.504919,0.407161,0.886407,0.800251,0.580265,0.352757,0.117977,0.908946,0.775395,0.783642,0.397482,0.193313,0.77661,0.684986,0.691858,0.378454,0.414535,0.737367,0.512878,0.582727,0.166673,0.39484,0.626847,0.571065,0.47161,0.219279,0.391927,0.38456,0.628448,0.602606,0.369108,0.32279,0.486259,0.695296,0.780668,0.380652,0.563928,0.699915,0.631984,0.680245,0.381811,0.402283,0.679201,0.59703,0.612341,0.356347,0.243361,0.79599,0.674997,0.604266,0.416276,0.231219,0.757891,0.627649,0.551274,0.400245,0.281245,0.674028,0.515583,0.523377,0.383025,0.309316,0.499845,0.594443,0.60837,0.415535,0.411353,0.5155,0.61338,0.623001,0.420235,0.460373,0.500817,0.580506,0.566277,0.238855,0.349369,0.614888,0.539564,0.606739,0.277893,0.306873,0.501886,0.418946,0.533929,0.551035,0.369249,0.433452,0.576117,0.576873,0.376922,0.456275
99.0,109.0,89.7,2.0,1.0,30103.0,30202.0,0.567776,0.223272,0.371407,0.066964,0.202001,0.497574,0.203014,0.524114,0.04817,0.118095,0.390087,0.183364,0.581797,0.177596,0.310293,0.549316,0.141428,0.373043,0.0,0.29162,0.421431,0.328329,0.5869,0.240334,0.373472,0.421684,0.631358,0.252731,0.136765,0.379948,0.525819,0.507146,0.288986,0.0,0.262611,0.660899,0.275034,0.305973,0.0,0.385588,0.683723,0.381143,0.324122,0.0,0.362271,0.669498,0.441261,0.424191,0.228407,0.347171,0.519456,0.227268,0.547312,0.001675,0.385515,0.386449,0.374683,0.684086,0.133295,0.14553,0.286106,0.353923,0.716674,0.111327,0.269041,0.277538,0.336124,0.758309,0.200479,0.330231,0.397943,0.520099,0.209012,0.079392,0.382695,0.492704,0.544129,0.276677,0.03408,0.193944,0.80777,0.439367,0.275991,0.059605,0.278362,0.784093,0.52479,0.275949,0.148769,0.333409,0.818627,0.593503,0.551907,0.499682,0.437403,0.662066,0.507736,0.839854,0.0,0.456498,0.505152,0.665912,0.968709,0.256138,0.300369,0.210536,0.591961,0.824518,0.088585,0.142177,0.361607,0.54757,0.697666,0.215924,0.258344,0.441451,0.702968,0.140204,0.281746,0.488705,0.395936,0.600009,0.267076,0.435155,0.235098,0.304285,0.554122,0.498782,0.551252,0.381797,0.622414,0.390568,0.561167,0.477484,0.461946,0.884743,0.476878,0.484645,0.621406,0.525252,0.516746,0.829752,0.89104,0.339978,0.338212,0.261456,0.609441,0.813466,0.229147,0.172951,0.473355,0.724997,0.862028,0.379787,0.3234,0.251959,0.5013,0.52057,0.208355,0.186726,0.418033,0.648143,0.235228,0.263707,0.501519,0.202371,0.515742,0.179783,0.299278,0.509826,0.457145,0.576379,0.218153,0.493228,0.347218,0.600665,0.667413,0.520516,0.678217,0.463957,0.662689,0.523281,0.631178,0.796432,0.228065,0.652254,0.512553,0.706417,0.455032,0.0,0.591246,0.498824,0.653629,0.265307,0.055906,0.263993,0.522724,0.382183,0.17077,0.161763,0.21545,0.464119,0.436071,0.148387,0.199168,0.35817,0.552739,0.269923,0.286558,0.435997,0.332984,0.428653,0.150335,0.277111,0.331535,0.500304,0.390268,0.113498,0.433888,0.413141,0.749476,0.554174,0.320982,0.370738,0.25952,0.786812,0.578243,0.56345,0.497385,0.219238,0.583747,0.487495,0.535435,0.471347,0.105855,0.596914,0.356394,0.393244,0.224254,0.214894,0.494712,0.41768,0.212718,0.129402,0.232608,0.233504,0.398091,0.173205,0.236527,0.285617,0.249032,0.488902,0.244147,0.120536,0.398882,0.474158,0.35627,0.157057,0.244679,0.230176,0.432892,0.374451,0.326829,0.281163,0.171219,0.594007,0.504988,0.369071,0.416915,0.221357,0.623255,0.42329,0.305508,0.439177,0.201143,0.501274,0.288708,0.05895,0.337821,0.315554,0.287896,0.429287,0.189724,0.270891,0.393827,0.282342,0.473545,0.094977,0.149308,0.275518,0.258285,0.449088,0.191443,0.111612,0.284763,0.432508,0.410252,0.084235,0.145691,0.268759,0.222706,0.342384,0.084682,0.374788,0.444848,0.206521,0.45696,0.04554,0.24266,0.437946
99.0,101.0,84.0,1.0,0.0,30202.0,30301.0,0.633592,0.330819,0.443497,0.161716,0.279314,0.576782,0.335003,0.537592,0.262694,0.229617,0.506477,0.363659,0.552543,0.442075,0.369538,0.584761,0.279908,0.428188,0.147656,0.313979,0.52116,0.511603,0.690195,0.683776,0.524827,0.515825,0.619281,0.200486,0.085641,0.368757,0.595924,0.5068,0.265942,0.140047,0.306718,0.678128,0.233512,0.249649,0.096989,0.374038,0.638141,0.477327,0.235376,0.143811,0.515503,0.61788,0.586269,0.495714,0.555861,0.469134,0.566624,0.536717,0.595611,0.621847,0.450602,0.502147,0.523973,0.688639,0.791912,0.238334,0.412502,0.503751,0.607438,0.676186,0.313149,0.427107,0.427943,0.617887,0.680342,0.359199,0.490907,0.441917,0.134995,0.377533,0.591844,0.59322,0.491554,0.157753,0.280643,0.393064,0.823261,0.398004,0.0,0.256318,0.404804,0.695378,0.642754,0.0,0.195798,0.636155,0.672985,0.703186,0.483344,0.475249,0.562468,0.739351,0.639859,0.752586,0.624913,0.393707,0.683155,0.585171,0.749282,0.596656,0.240458,0.337292,0.518521,0.601565,0.308305,0.204085,0.33887,0.391647,0.526382,0.498973,0.299679,0.506301,0.61868,0.146271,0.332885,0.565995,0.447669,0.521954,0.286082,0.517697,0.439946,0.458366,0.556089,0.422703,0.673345,0.465277,0.635288,0.563339,0.494839,0.553068,0.542164,0.734192,0.645657,0.39298,0.645474,0.673689,0.674902,0.744905,0.565112,0.572554,0.276184,0.231006,0.476661,0.561844,0.406715,0.130218,0.80728,0.743657,0.611362,0.334027,0.198861,0.117476,0.430266,0.299518,0.467318,0.225936,0.472791,0.5181,0.166069,0.192138,0.330645,0.287472,0.504359,0.002145,0.36639,0.358366,0.322384,0.356535,0.043007,0.514058,0.526563,0.574158,0.198891,0.294436,0.670254,0.354727,0.715009,0.54209,0.0,0.648201,0.587675,0.39788,0.409814,0.173853,0.35315,0.358264,0.150851,0.248158,0.374461,0.323524,0.229176,0.0,0.439814,0.205295,0.319808,0.356536,0.230158,0.479203,0.35097,0.427129,0.24908,0.410786,0.478711,0.112288,0.350381,0.446788,0.267529,0.282827,0.0,0.429482,0.352095,0.447162,0.23248,0.0,0.457396,0.38275,0.455633,0.240478,0.063346,0.271563,0.173923,0.45077,0.43852,0.0,0.300284,0.441148,0.063693,0.262755,0.123327,0.320101,0.623274,0.059556,0.188032,0.309428,0.332437,0.629768,0.0,0.266845,0.24944,0.322231,0.593715,0.209559,0.440396,0.22311,0.431396,0.37181,0.343661,0.401196,0.176815,0.228634,0.364096,0.402176,0.240488,0.077586,0.353575,0.149091,0.075502,0.198864,0.09486,0.272963,0.096155,0.361941,0.264279,0.0,0.392612,0.217102,0.335657,0.133427,0.09673,0.470672,0.348304,0.253361,0.165025,0.143172,0.557252,0.444171,0.199387,0.35569,0.362975,0.565973,0.49281,0.311213,0.337701,0.142508,0.290302,0.244987,0.232746,0.320039,0.200778,0.237366,0.224648,0.389488,0.208665,0.171249,0.345072,0.258742,0.21251,0.173405,0.229124,0.592162,0.452849,0.26257,0.32858,0.21434,0.480235,0.353523
99.0,105.0,86.3,1.0,1.0,30301.0,30400.0,0.535733,0.08011,0.380351,0.321969,0.379718,0.494624,0.099173,0.453313,0.388398,0.307797,0.454181,0.12917,0.414303,0.430745,0.250097,0.392499,0.184777,0.414912,0.275165,0.330904,0.43684,0.42322,0.569768,0.723838,0.346423,0.324686,0.259883,0.276088,0.383445,0.463285,0.405556,0.232541,0.287406,0.311792,0.3195,0.426942,0.21196,0.323218,0.202593,0.393632,0.382068,0.51458,0.334336,0.290649,0.434354,0.380683,0.560277,0.512378,0.657484,0.310718,0.489153,0.447395,0.460625,0.746517,0.287897,0.453832,0.296239,0.444753,0.952066,0.174647,0.293483,0.310801,0.443826,0.585231,0.26471,0.354835,0.145475,0.379856,0.413758,0.330543,0.374234,0.0,0.327479,0.447219,0.55421,0.441389,0.119877,0.257317,0.374649,0.412292,0.711444,0.207452,0.149596,0.37752,0.426745,0.560978,0.510613,0.212027,0.251798,0.42797,0.441453,0.664151,0.540171,0.547901,0.134101,0.607012,0.464002,0.602656,0.727612,0.383304,0.506458,0.223571,0.488034,0.64235,0.295218,0.041683,0.222329,0.573587,0.225019,0.254853,0.174675,0.106691,0.500086,0.271689,0.343819,0.420573,0.183699,0.344018,0.27123,0.51051,0.497282,0.09789,0.347621,0.518535,0.497518,0.56043,0.287085,0.438167,0.721886,0.475657,0.709699,0.26768,0.349629,0.813988,0.561635,0.490715,0.45618,0.312193,0.595904,0.25367,0.387403,0.528948,0.587948,0.586581,0.315993,0.221493,0.292051,0.564642,0.572882,0.281946,0.567944,0.43221,0.705276,0.366185,0.33069,0.0,0.220158,0.547954,0.318793,0.232334,0.496503,0.229646,0.37797,0.26195,0.481488,0.38357,0.150037,0.280603,0.407385,0.549888,0.390794,0.279134,0.122949,0.621214,0.554694,0.407417,0.147065,0.366215,0.832373,0.646902,0.608734,0.303964,0.382577,0.722598,0.213711,0.401516,0.470244,0.367117,0.400105,0.511332,0.328153,0.528757,0.671827,0.458593,0.371426,0.068718,0.424046,0.545682,0.402906,0.488371,0.266154,0.373468,0.541583,0.35458,0.335577,0.512554,0.433204,0.520029,0.260017,0.462797,0.508862,0.204357,0.216395,0.31661,0.371518,0.487633,0.200026,0.197522,0.499258,0.470296,0.411856,0.302391,0.269394,0.564475,0.302512,0.544016,0.336113,0.317959,0.24803,0.436649,0.193475,0.332502,0.296771,0.293393,0.582482,0.278579,0.322673,0.452182,0.3144,0.771021,0.186005,0.327294,0.5094,0.261738,0.761539,0.198146,0.344586,0.481133,0.390365,0.581456,0.427683,0.315036,0.447345,0.223001,0.408725,0.567135,0.201417,0.253404,0.264957,0.243271,0.293233,0.068959,0.235486,0.24903,0.11313,0.487411,0.302905,0.143607,0.366959,0.336471,0.46736,0.202996,0.264285,0.361753,0.403306,0.433717,0.242901,0.379271,0.455616,0.527867,0.303188,0.275907,0.447285,0.489824,0.463431,0.355089,0.254583,0.393749,0.418081,0.318547,0.355292,0.204942,0.333711,0.268819,0.189583,0.422335,0.130578,0.308479,0.363479,0.266598,0.308573,0.103084,0.34202,0.585035,0.431129,0.344088,0.269982,0.389341,0.453054,0.33668
500.0,105.9,70.7,4.0,10.0,30400.0,30900.0,0.788902,0.8587,0.689851,0.415468,0.29748,0.786483,0.849377,0.673934,0.458387,0.276218,0.811636,0.848927,0.623863,0.480195,0.28103,0.653564,0.817639,0.668228,0.478841,0.335064,0.762997,0.868947,0.667996,0.670544,0.493579,0.388093,0.850542,0.572699,0.487214,0.370814,0.452797,0.822551,0.68727,0.443773,0.259766,0.498285,0.769532,0.772689,0.440449,0.444227,0.525186,0.813244,0.623416,0.480556,0.506477,0.59903,0.830125,0.43352,0.701261,0.600439,0.727789,0.830362,0.491755,0.703506,0.596583,0.749493,0.816158,0.604366,0.801359,0.305048,0.779212,0.795255,0.622552,0.526756,0.281558,0.756252,0.779263,0.692284,0.38526,0.273953,0.21673,0.608929,0.307665,0.314,0.457517,0.3417,0.710442,0.393576,0.29465,0.274417,0.705472,0.652503,0.559091,0.406544,0.262504,0.571374,0.607838,0.512093,0.410529,0.271309,0.558325,0.636286,0.330587,0.426699,0.373571,0.744178,0.707251,0.584798,0.723107,0.344103,0.660582,0.654393,0.592468,0.671112,0.23806,0.599112,0.606409,0.720604,0.453773,0.227009,0.582259,0.515314,0.646534,0.478133,0.327978,0.279762,0.558395,0.336182,0.309275,0.448253,0.37937,0.544272,0.322343,0.297468,0.352995,0.51484,0.644431,0.452708,0.567566,0.591385,0.782162,0.617236,0.463901,0.916106,0.89002,0.618701,0.499398,0.273133,0.438277,0.454525,0.751621,0.594157,0.643449,0.841362,0.416245,0.779773,0.495981,0.752234,0.698724,0.243095,0.40673,0.465292,0.770724,0.478444,0.133846,0.434277,0.401437,0.759695,0.393884,0.153398,0.519738,0.537786,0.61791,0.113583,0.424806,0.456895,0.479918,0.464602,0.178087,0.504358,0.591968,0.556598,0.303817,0.3409,0.587758,0.560578,0.34093,0.434709,0.707686,0.696935,0.445926,0.419312,0.397348,0.508509,0.121733,0.639345,0.587406,0.60546,0.724134,0.555949,0.738521,0.587252,0.869623,0.624835,0.288839,0.542898,0.501355,0.763926,0.677315,0.322635,0.59103,0.514595,0.766995,0.583537,0.235967,0.69479,0.662052,0.714508,0.218659,0.580628,0.692443,0.547315,0.519151,0.039457,0.301029,0.652728,0.515351,0.380774,0.350208,0.419707,0.592522,0.47821,0.292037,0.468,0.488245,0.635516,0.474886,0.547465,0.219303,0.533144,0.393423,0.500527,0.423186,0.476871,0.581006,0.558274,0.414971,0.691166,0.587331,0.635184,0.531645,0.423659,0.692736,0.687481,0.654654,0.576598,0.508362,0.726094,0.677622,0.439786,0.730223,0.657299,0.737026,0.223588,0.387761,0.761868,0.559361,0.527996,0.186533,0.254451,0.716534,0.423603,0.453492,0.154488,0.144811,0.642211,0.52846,0.337377,0.261294,0.352086,0.707035,0.504518,0.553616,0.534436,0.397095,0.687333,0.476277,0.68291,0.683403,0.481363,0.641163,0.493887,0.690099,0.714149,0.367614,0.685963,0.552828,0.811472,0.429855,0.276445,0.701958,0.578616,0.587069,0.211959,0.206721,0.683422,0.502396,0.636045,0.364107,0.230277,0.706609,0.556145,0.655389,0.640002,0.274832,0.715458,0.601065,0.713169,0.588159,0.308524
632.0,95.8,71.4,22.0,12.0,2790.0,3422.0,0.577921,0.45582,0.612661,0.372448,0.409344,0.556293,0.464505,0.558797,0.338703,0.379082,0.522067,0.504808,0.504124,0.397289,0.407947,0.520884,0.536536,0.606677,0.411157,0.48504,0.581454,0.695174,0.592035,0.546047,0.476958,0.393673,0.728463,0.762959,0.75632,0.318359,0.480309,0.677907,0.739978,0.666692,0.30769,0.552722,0.587798,0.669791,0.501868,0.346139,0.56883,0.69032,0.457362,0.501877,0.567005,0.605901,0.722272,0.290773,0.659307,0.718579,0.576129,0.716597,0.271888,0.593452,0.608258,0.522625,0.716921,0.634752,0.62049,0.252296,0.453693,0.475966,0.577662,0.358455,0.234096,0.529164,0.437733,0.649967,0.35324,0.178501,0.357933,0.620336,0.814608,0.384932,0.261121,0.441882,0.636595,0.798772,0.605423,0.115361,0.666862,0.443427,0.652918,0.555197,0.433329,0.553299,0.576409,0.46557,0.489891,0.607564,0.472316,0.579491,0.01311,0.35536,0.564471,0.63304,0.627241,0.109021,0.727268,0.185758,0.531858,0.617785,0.564648,0.743051,0.022571,0.538377,0.514931,0.501681,0.416483,0.119247,0.649979,0.43618,0.579464,0.421911,0.204458,0.388413,0.711786,0.740376,0.549602,0.498935,0.331078,0.508417,0.657301,0.608264,0.377497,0.065321,0.32261,0.613799,0.73164,0.492166,0.44788,0.160376,0.521457,0.511293,0.573078,0.432523,0.632742,0.071857,0.275421,0.760442,0.612666,0.539052,0.255937,0.755359,0.161209,0.558762,0.465854,0.537705,0.724933,0.029897,0.670949,0.596269,0.545894,0.429259,0.106677,0.615672,0.547269,0.616679,0.389636,0.082951,0.232005,0.653742,0.713457,0.267881,0.445473,0.0,0.501506,0.603137,0.339629,0.548739,0.0,0.336182,0.294607,0.343473,0.531517,0.25024,0.46813,0.321252,0.389492,0.441283,0.573219,0.654195,0.508944,0.421357,0.487864,0.45859,0.649738,0.447546,0.520589,0.417492,0.699452,0.660804,0.619368,0.567024,0.301969,0.596529,0.738901,0.609468,0.522999,0.259726,0.616011,0.744312,0.604647,0.445981,0.179134,0.278006,0.57981,0.714235,0.23298,0.402986,0.0,0.352529,0.506648,0.395777,0.448651,0.087401,0.407284,0.430026,0.415533,0.436296,0.185529,0.468436,0.273936,0.340889,0.419221,0.344298,0.555543,0.38804,0.274922,0.518139,0.225699,0.612615,0.068584,0.253676,0.642762,0.58232,0.68675,0.474994,0.165727,0.519437,0.592637,0.727095,0.503059,0.295917,0.4595,0.559202,0.753774,0.595659,0.356845,0.19569,0.238817,0.570824,0.702738,0.059162,0.475494,0.198955,0.423425,0.519345,0.271984,0.394379,0.080774,0.348181,0.451419,0.176158,0.239176,0.184538,0.543348,0.23898,0.118794,0.347838,0.515563,0.631783,0.381786,0.193642,0.385779,0.586493,0.700964,0.482035,0.31444,0.297184,0.556495,0.709844,0.652551,0.409726,0.289333,0.346225,0.466305,0.586906,0.101038,0.373418,0.276449,0.471712,0.491702,0.1229,0.373737,0.394572,0.521934,0.540949,0.085886,0.373709,0.4949,0.61122,0.534974,0.348892,0.253234,0.470281,0.67575,0.582927,0.212099,0.31758
266.0,107.9,71.8,2.0,5.0,30900.0,31166.0,0.807591,0.898858,0.771553,0.46117,0.302984,0.806114,0.878988,0.768721,0.550802,0.338312,0.835798,0.889972,0.785451,0.640057,0.337493,0.690196,0.877211,0.726848,0.575076,0.441002,0.802261,0.923086,0.825867,0.732112,0.55551,0.547467,0.879339,0.774999,0.51476,0.399738,0.545782,0.853961,0.83325,0.520872,0.343274,0.553256,0.842476,0.822358,0.548888,0.564193,0.543145,0.88911,0.603028,0.539553,0.672282,0.563703,0.932934,0.451242,0.69832,0.712563,0.73882,0.9377,0.734087,0.760529,0.670513,0.782892,0.922667,0.845631,0.714012,0.28077,0.891869,0.932958,0.858343,0.646094,0.257408,0.830611,0.89969,0.922095,0.621394,0.283155,0.598611,0.608358,0.396316,0.322338,0.433117,0.648274,0.694862,0.586805,0.38528,0.279894,0.78222,0.639105,0.672186,0.502059,0.450224,0.511567,0.647186,0.661342,0.520313,0.660435,0.427869,0.673724,0.511624,0.39542,0.634079,0.736187,0.862322,0.6383,0.626709,0.392521,0.690101,0.881861,0.674483,0.524831,0.171184,0.813438,0.865806,0.736914,0.421369,0.169924,0.788937,0.794292,0.75393,0.561261,0.232453,0.851598,0.609889,0.232159,0.37985,0.472699,0.886905,0.511963,0.327533,0.409858,0.318618,0.847902,0.475814,0.456466,0.536415,0.575726,0.88936,0.447453,0.700816,0.685166,0.729806,0.591043,0.547073,0.376213,0.235817,0.627787,0.921422,0.799527,0.62968,0.725308,0.428671,1.0,0.746295,0.798702,0.656987,0.115723,0.872339,0.787911,0.705672,0.493467,0.162869,0.816869,0.741665,0.691086,0.405515,0.050223,0.880335,0.589512,0.294456,0.380788,0.347311,0.758292,0.542365,0.399028,0.315521,0.486786,0.808199,0.582776,0.395372,0.385343,0.387372,0.564049,0.362119,0.572961,0.46768,0.398138,0.339753,0.503552,0.490155,0.384859,0.608464,0.721222,0.429868,0.842272,0.818065,0.37846,0.837591,0.47099,0.846497,0.726843,0.187447,0.764736,0.660117,0.745467,0.741643,0.117109,0.76477,0.745085,0.644138,0.642413,0.104606,0.835825,0.621787,0.454268,0.480415,0.467202,0.732504,0.484111,0.484975,0.4754,0.359903,0.704714,0.425778,0.526755,0.558884,0.393149,0.643717,0.204675,0.380455,0.287621,0.393684,0.690325,0.425737,0.607931,0.347755,0.275443,0.593616,0.384125,0.583104,0.610231,0.380833,0.600064,0.32283,0.85243,0.83602,0.341588,0.615201,0.422285,0.717921,0.847465,0.266376,0.716282,0.587062,0.669139,0.758352,0.186994,0.842833,0.61532,0.520125,0.436955,0.58925,0.824693,0.507371,0.436309,0.379226,0.425313,0.776668,0.294335,0.320268,0.164526,0.249026,0.686492,0.336866,0.206131,0.149462,0.248279,0.76731,0.278821,0.559519,0.653425,0.344274,0.728047,0.416344,0.654747,0.82441,0.482998,0.703063,0.51311,0.6493,0.836517,0.342477,0.783784,0.496464,0.581702,0.284209,0.449236,0.788472,0.498083,0.440078,0.213909,0.403404,0.759987,0.438953,0.414136,0.266362,0.240362,0.775051,0.468295,0.419743,0.566252,0.297506,0.796255,0.548908,0.416873,0.482212,0.314365
332.0,110.0,70.3,1.0,10.0,31166.0,31498.0,0.603574,0.514371,0.028192,0.193963,0.371249,0.613851,0.487197,0.0,0.253378,0.321402,0.620521,0.523902,0.111803,0.365254,0.350922,0.504784,0.603124,0.13723,0.052016,0.44337,0.595198,0.664007,0.317945,0.42012,0.442792,0.512558,0.676063,0.524926,0.300175,0.593148,0.484138,0.639728,0.453374,0.084857,0.448273,0.421055,0.680681,0.363314,0.030752,0.507992,0.434041,0.757663,0.214732,0.096135,0.552616,0.425373,0.757337,0.183257,0.307853,0.601701,0.574679,0.760376,0.376714,0.402993,0.493489,0.57504,0.723846,0.433152,0.472143,0.223638,0.695383,0.715616,0.527165,0.45216,0.276949,0.632608,0.646996,0.53113,0.445864,0.309173,0.700354,0.429339,0.395452,0.180265,0.612986,0.711351,0.51557,0.505749,0.131485,0.383518,0.740684,0.553934,0.550011,0.27103,0.531736,0.390697,0.590408,0.452738,0.292762,0.675468,0.224202,0.605216,0.593327,0.299665,0.618077,0.634115,0.746519,0.447641,0.411579,0.449851,0.51156,0.762873,0.648786,0.200522,0.197371,0.651464,0.8201,0.493089,0.215728,0.125462,0.615863,0.720168,0.511017,0.380559,0.220894,1.0,0.467134,0.433826,0.469554,0.34878,0.982581,0.383842,0.398207,0.453786,0.614129,0.791607,0.4705,0.444706,0.523167,0.621648,0.709263,0.522525,0.576711,0.598281,0.711709,0.322898,0.577922,0.709824,0.372178,0.39929,0.814279,0.977874,0.607465,0.366105,0.171,0.765852,1.0,0.701063,0.48867,0.024475,0.801028,0.902975,0.56933,0.401887,0.135969,0.717646,0.762891,0.658497,0.463617,0.29821,0.990406,0.372576,0.413355,0.278398,0.528635,0.850646,0.274204,0.515688,0.311026,0.698629,0.803324,0.422904,0.45934,0.348554,0.788281,0.485252,0.659282,0.66677,0.099878,0.610799,0.223577,0.526594,0.844484,0.433,0.635156,0.340154,0.470491,0.902691,0.750225,0.129533,0.614536,0.705942,0.78429,0.773167,0.0,0.629664,0.733396,0.695363,0.712029,0.0,0.752822,0.759904,0.587394,0.66571,0.054333,0.916136,0.457737,0.681172,0.28871,0.500187,0.791513,0.355026,0.726609,0.380845,0.599749,0.678082,0.454343,0.809753,0.348271,0.480201,0.31589,0.596732,0.929897,0.310596,0.348304,0.367619,0.601821,0.893807,0.626095,0.41553,0.245994,0.45174,0.855301,0.738657,0.404125,0.469973,0.264211,0.851063,0.852056,0.280622,0.606681,0.359192,0.687159,0.809005,0.166104,0.659027,0.443746,0.647504,0.728596,0.155112,0.825493,0.442306,0.753054,0.382532,0.78401,0.837654,0.304404,0.732076,0.412181,0.582569,0.639424,0.276462,0.791289,0.303178,0.383332,0.485101,0.453249,0.802962,0.596276,0.358759,0.622672,0.20555,0.755745,0.843751,0.498231,0.670769,0.175954,0.715164,0.864249,0.500234,0.644635,0.316579,0.695437,0.835626,0.464855,0.710349,0.235184,0.667206,0.234425,0.6807,0.692653,0.293793,0.651631,0.326357,0.551548,0.615106,0.16668,0.658509,0.403857,0.410428,0.657627,0.142991,0.574244,0.681484,0.49039,0.689631,0.134074,0.528397,0.444886,0.48723
266.0,113.6,85.4,2.0,7.0,31498.0,31764.0,0.569759,0.530847,0.324342,0.374346,0.291549,0.574525,0.542548,0.440514,0.207051,0.297422,0.5698,0.578464,0.538602,0.256431,0.429348,0.499285,0.616848,0.43844,0.46756,0.377559,0.566629,0.746468,0.648518,0.412576,0.492228,0.372027,0.68355,0.702413,0.5079,0.638403,0.425368,0.649325,0.617924,0.489973,0.440945,0.466623,0.668235,0.50326,0.533441,0.418884,0.563398,0.771771,0.53762,0.572449,0.468247,0.622465,0.806274,0.616685,0.607461,0.589264,0.621386,0.836741,0.711808,0.474727,0.59927,0.555015,0.831646,0.854492,0.400943,0.377882,0.555324,0.780139,0.746717,0.239792,0.266918,0.534484,0.716172,0.733346,0.312216,0.340958,0.487411,0.603107,0.767786,0.569383,0.650209,0.562686,0.635476,0.723349,0.485331,0.381166,0.732654,0.557355,0.71688,0.504427,0.531351,0.572839,0.620899,0.689583,0.545228,0.629333,0.592564,0.710141,0.826355,0.470363,0.738318,0.79848,0.795038,0.745912,0.398038,0.504336,0.542155,0.767314,0.779262,0.246388,0.380423,0.560993,0.874946,0.684069,0.268008,0.283327,0.47053,0.716879,0.636758,0.293409,0.460752,0.748589,0.694796,0.854438,0.579271,0.473507,0.751345,0.591493,0.719723,0.684146,0.759649,0.619814,0.577471,0.672417,0.595048,0.623327,0.706729,0.463252,0.677589,0.613242,0.642636,0.500851,0.450539,0.617767,0.330996,0.638136,0.772174,0.953017,0.579901,0.192613,0.316163,0.701965,0.882335,0.597831,0.383103,0.209599,0.608465,0.862132,0.68695,0.344111,0.260908,0.425361,0.775486,0.832875,0.484159,0.411049,0.808271,0.73797,0.794289,0.648185,0.861102,0.730343,0.66153,0.802367,0.542742,0.899624,0.686135,0.63957,0.635599,0.534671,0.834761,0.51064,0.731563,0.712937,0.394504,0.702231,0.329111,0.394743,0.730044,0.536752,0.715651,0.104278,0.540104,0.616163,0.329434,0.176601,0.503016,0.744299,0.690623,0.468773,0.159081,0.376905,0.736708,0.599239,0.452307,0.437075,0.621692,0.792396,0.756986,0.629766,0.394201,0.890776,0.8816,0.866335,0.553021,1.0,0.876241,0.789733,0.824885,0.448297,0.721582,0.803051,0.795819,0.831584,0.471045,0.601872,0.585411,0.768421,0.925035,0.415587,0.317698,0.502157,0.643175,0.868245,0.36406,0.42322,0.327466,0.651315,0.705824,0.396575,0.323734,0.642648,0.674575,0.487225,0.442989,0.538082,0.631113,0.664305,0.50116,0.557752,0.651892,0.572927,0.675801,0.70145,0.632617,0.640534,0.81606,0.837854,0.902782,0.623657,0.884657,0.905562,0.765446,0.841859,0.590934,0.545248,0.813565,0.775645,0.931353,0.474563,0.374073,0.776997,0.826358,0.95401,0.553708,0.395874,0.786737,0.716252,0.772475,0.597048,0.553839,0.749615,0.713213,0.651498,0.660395,0.659156,0.676224,0.670929,0.798959,0.695796,0.653854,0.777396,0.748113,0.861965,0.38099,0.694331,0.728827,0.7294,0.772712,0.443264,0.508893,0.713773,0.726275,0.872662,0.429866,0.49674,0.716335,0.759586,0.81125,0.638879,0.698821,0.724509,0.736192,0.823179,0.519912,0.768322
100.0,112.3,90.0,0.0,3.0,31764.0,31864.0,0.753907,0.781734,0.589444,0.269227,0.266476,0.719001,0.782002,0.72727,0.113459,0.327941,0.713678,0.806691,0.774731,0.155093,0.407885,0.77072,0.782645,0.633123,0.280288,0.323395,0.786565,0.885883,0.830362,0.237056,0.54877,0.63019,0.873946,0.717097,0.449209,0.544734,0.728887,0.856849,0.749518,0.476776,0.408106,0.849401,0.798532,0.717719,0.469036,0.39982,0.862415,0.842755,0.649574,0.416957,0.487109,0.84338,0.882092,0.761711,0.52075,0.590524,0.85984,0.913459,0.902387,0.334217,0.543843,0.851476,0.948911,0.956244,0.218904,0.248821,0.770523,0.950785,0.876648,0.103082,0.253633,0.76536,0.911192,0.868973,0.0,0.28674,0.73774,0.899783,0.900176,0.569658,0.574594,0.795051,0.879032,0.910843,0.431289,0.308336,0.944052,0.73783,0.933667,0.443998,0.475918,0.840138,0.766976,0.815405,0.453329,0.72606,0.799926,0.825209,0.827586,0.322838,0.343183,0.886172,0.872768,0.807231,0.388634,0.48592,0.777198,0.842878,0.8563,0.231237,0.30289,0.811485,0.936828,0.75787,0.122416,0.25041,0.828213,0.871474,0.745949,0.036559,0.441355,0.913204,0.971056,0.74429,0.0,0.241837,0.958203,0.906069,0.844544,0.489965,0.412808,0.856055,0.826997,0.823534,0.482129,0.510571,0.883943,0.652236,0.857698,0.426418,0.64496,0.708873,0.51745,0.40966,0.387227,0.547317,0.800988,0.849271,0.490931,0.42061,0.333969,0.857656,0.818803,0.483781,0.565263,0.217991,0.805961,0.947671,0.672764,0.350379,0.194686,0.775477,0.916468,0.800854,0.469284,0.249912,0.919632,0.972142,0.468603,0.129509,0.301082,0.835587,0.982979,0.603158,0.27607,0.616126,0.777889,0.921017,0.449097,0.373059,0.510436,0.391604,0.75675,0.447095,0.47435,0.728897,0.553659,0.433973,0.665156,0.623704,0.757523,0.174462,0.523496,0.497258,0.439858,0.226975,0.425536,0.775565,0.56738,0.449432,0.196401,0.554322,0.838051,0.629993,0.446923,0.342826,0.6883,0.907657,0.704147,0.510388,0.259197,0.834076,0.962363,0.348211,0.231957,0.566407,0.793466,0.923135,0.329793,0.343836,0.3995,0.743468,0.906568,0.220469,0.43739,0.557256,0.524483,0.868403,0.442192,0.466161,0.4247,0.561076,0.717123,0.735919,0.468387,0.4125,0.148644,0.70827,0.679421,0.465478,0.377031,0.526495,0.69551,0.583692,0.342635,0.485024,0.606271,0.736804,0.540125,0.470696,0.530639,0.612151,0.79914,0.6062,0.517563,0.407112,0.735363,0.915062,0.25811,0.196258,0.78998,0.815862,0.870696,0.215897,0.336958,0.45665,0.63084,0.922147,0.356092,0.234065,0.283913,0.593698,0.904234,0.504961,0.407529,0.322148,0.680943,0.836157,0.47034,0.513136,0.335204,0.687098,0.804008,0.418959,0.552878,0.362986,0.646026,0.825854,0.505055,0.522717,0.360706,0.702846,0.863826,0.200458,0.162596,0.564822,0.599079,0.845565,0.29538,0.235956,0.461457,0.674647,0.842981,0.269027,0.077436,0.260874,0.645206,0.893827,0.363691,0.390256,0.316274,0.667022,0.895184,0.281283,0.178811,0.406559
199.0,108.3,88.0,3.0,3.0,31864.0,32063.0,0.731601,0.693735,0.670742,0.580645,0.398387,0.70066,0.673673,0.779307,0.489264,0.387176,0.692449,0.654893,0.746739,0.446551,0.397076,0.733824,0.703764,0.660791,0.694055,0.434017,0.750399,0.733475,0.80236,0.601407,0.530899,0.436452,0.82385,0.381466,0.716329,0.566029,0.565515,0.803229,0.35364,0.723931,0.46574,0.749739,0.745695,0.497665,0.718134,0.520778,0.795452,0.759943,0.57327,0.722799,0.531938,0.746172,0.678253,0.677632,0.774081,0.606736,0.796402,0.665054,0.782577,0.707029,0.577147,0.794721,0.724594,0.796092,0.837954,0.386997,0.723443,0.736839,0.79987,0.550161,0.356106,0.721412,0.715381,0.810874,0.57434,0.311492,0.482144,0.808042,0.251945,0.838421,0.651111,0.549793,0.819794,0.379759,0.650711,0.421118,0.804155,0.652204,0.523929,0.541954,0.545326,0.727865,0.628104,0.508334,0.651854,0.714602,0.67365,0.536906,0.587896,0.658497,0.221531,0.780852,0.405846,0.604414,0.603733,0.308095,0.734075,0.532816,0.732264,0.59383,0.230823,0.789085,0.68233,0.70312,0.453628,0.239231,0.762419,0.696054,0.670227,0.565187,0.338235,0.633293,0.931979,0.270537,0.504633,0.514297,0.720631,0.86931,0.41387,0.559177,0.637071,0.658581,0.78934,0.553593,0.435297,0.676115,0.666654,0.599696,0.599411,0.433749,0.804851,0.653965,0.295006,0.338076,0.39685,0.012417,0.797704,0.48465,0.382243,0.458939,0.212846,0.879414,0.480194,0.350366,0.666794,0.144747,0.837349,0.726742,0.516305,0.516931,0.134959,0.851506,0.742708,0.573137,0.594306,0.237487,0.578299,1.0,0.215696,0.626995,0.586783,0.478268,0.97525,0.443133,0.563639,0.797372,0.610725,0.907592,0.395302,0.425849,0.783787,0.457817,0.622907,0.524855,0.236623,0.555876,0.568933,0.4449,0.480336,0.637644,0.599038,0.61932,0.473687,0.461281,0.478891,0.115509,0.812645,0.566913,0.578693,0.541576,0.179136,0.688135,0.685611,0.56073,0.600398,0.182029,0.722189,0.781516,0.466018,0.674171,0.210275,0.401155,0.927077,0.405039,0.606471,0.645019,0.412403,0.840278,0.459621,0.560734,0.561587,0.561088,0.823645,0.506361,0.590272,0.560991,0.536295,0.565002,0.509006,0.418022,0.432805,0.657704,0.477711,0.525674,0.457016,0.272877,0.546996,0.481389,0.614616,0.383133,0.285828,0.679976,0.402294,0.628266,0.253545,0.0,0.679289,0.547502,0.567043,0.359252,0.0,0.589544,0.661637,0.499387,0.555617,0.064594,0.372389,0.836432,0.360496,0.55924,0.838809,0.466773,0.769025,0.332028,0.507423,0.514611,0.374961,0.651642,0.356734,0.27651,0.338575,0.486589,0.5571,0.361099,0.280779,0.265064,0.564413,0.54032,0.430288,0.392065,0.0,0.606479,0.586376,0.460748,0.497812,0.0,0.509151,0.702992,0.451844,0.54729,0.182588,0.302131,0.750335,0.153331,0.380497,0.630722,0.227931,0.711839,0.27135,0.274629,0.511438,0.328766,0.664731,0.0,0.334091,0.342479,0.404807,0.681639,0.209798,0.472126,0.188286,0.346534,0.767766,0.067058,0.523726,0.320821
199.0,106.0,78.8,2.0,7.0,32063.0,32262.0,0.550266,0.375382,0.564324,0.34215,0.311434,0.451798,0.271559,0.607341,0.30538,0.324054,0.372508,0.236686,0.566746,0.310156,0.399395,0.462449,0.377215,0.54825,0.420771,0.33131,0.337949,0.38933,0.597409,0.404287,0.550854,0.290665,0.470064,0.435307,0.171792,0.347165,0.376766,0.403674,0.427551,0.223524,0.243371,0.451345,0.339582,0.407434,0.408304,0.393952,0.486723,0.494684,0.38434,0.523348,0.546099,0.380384,0.524809,0.499788,0.669344,0.689368,0.410039,0.394869,0.573072,0.591269,0.63318,0.435008,0.307389,0.694971,0.515406,0.383989,0.45389,0.280093,0.671638,0.321529,0.259287,0.554277,0.244506,0.633814,0.282768,0.308906,0.414752,0.204272,0.412224,0.235256,0.561196,0.421288,0.255863,0.408742,0.058444,0.284747,0.60799,0.0,0.226713,0.300115,0.355016,0.401946,0.27361,0.322001,0.502944,0.353539,0.288195,0.526697,0.64674,0.642741,0.583245,0.666092,0.50907,0.770228,0.518622,0.369775,0.64263,0.457336,0.819382,0.206667,0.319623,0.686027,0.493625,0.75645,0.253633,0.246202,0.608709,0.242895,0.669746,0.238235,0.328831,0.60876,0.274261,0.441233,0.376172,0.652052,0.61419,0.369511,0.433072,0.093098,0.462537,0.410797,0.460942,0.487465,0.322873,0.691647,0.470849,0.171003,0.365659,0.283023,0.666027,0.343947,0.488066,0.665391,0.463848,0.272144,0.820471,0.572219,0.764109,0.214795,0.203881,0.842811,0.318933,0.765451,0.331175,0.085741,0.759198,0.165201,0.621688,0.28935,0.121022,0.80713,0.109878,0.701974,0.299039,0.084833,0.602021,0.418565,0.453501,0.299742,0.437497,0.394966,0.419729,0.450999,0.222355,0.538953,0.438944,0.502586,0.281957,0.389952,0.531146,0.474394,0.658097,0.475808,0.388591,0.283494,0.405669,0.689049,0.720214,0.69205,0.0,0.763203,0.493119,0.509974,0.451431,0.117715,0.920402,0.350667,0.637417,0.427739,0.211074,0.716328,0.139725,0.534246,0.450155,0.13565,0.702569,0.058483,0.436597,0.375964,0.107186,0.562044,0.532146,0.539252,0.446074,0.496754,0.184943,0.459574,0.397611,0.480684,0.330635,0.2701,0.468696,0.420807,0.666029,0.286,0.220326,0.584689,0.603619,0.694744,0.32625,0.469429,0.459223,0.646631,0.648793,0.311937,0.568819,0.520162,0.609406,0.669787,0.410469,0.689119,0.200961,0.419529,0.482659,0.151402,0.649523,0.056303,0.340534,0.471918,0.163534,0.635613,0.175508,0.407163,0.374485,0.030047,0.523389,0.555294,0.512546,0.382748,0.584171,0.515578,0.484123,0.392307,0.481539,0.262662,0.360235,0.394176,0.42246,0.477591,0.201204,0.521613,0.554509,0.442697,0.637411,0.298308,0.618634,0.368738,0.362635,0.626712,0.182111,0.636858,0.185264,0.336937,0.548391,0.125273,0.594766,0.330255,0.436816,0.466929,0.204723,0.560273,0.492388,0.423982,0.426769,0.399094,0.492042,0.50163,0.41376,0.279929,0.33396,0.50937,0.462256,0.39248,0.365527,0.286786,0.521669,0.34978,0.358093,0.495824,0.130184,0.584747,0.489126,0.414152,0.473697,0.196793
66.0,106.5,86.0,1.0,2.0,32262.0,32328.0,0.481739,0.203155,0.678461,0.423737,0.316591,0.331877,0.148634,0.714367,0.324643,0.220093,0.202205,0.219691,0.69779,0.371471,0.332243,0.362244,0.219186,0.71935,0.405245,0.298503,0.001987,0.384471,0.794608,0.484103,0.433639,0.301614,0.491335,0.775296,0.472032,0.444466,0.373158,0.413637,0.75099,0.436255,0.375194,0.411764,0.234567,0.723125,0.38119,0.374411,0.420415,0.436392,0.579622,0.39828,0.35672,0.289276,0.531993,0.664048,0.672634,0.423972,0.147704,0.37596,0.77374,0.627625,0.462936,0.128164,0.341648,0.901015,0.657306,0.193163,0.194168,0.103286,0.790943,0.376038,0.200846,0.368194,0.141514,0.735605,0.353687,0.297167,0.45306,0.378126,0.66005,0.662404,0.464051,0.451841,0.450603,0.767698,0.450046,0.254408,0.685247,0.406509,0.612176,0.372284,0.334444,0.493404,0.486738,0.61877,0.295964,0.320054,0.308257,0.52573,0.686544,0.522294,0.555626,0.539211,0.403304,0.905133,0.578442,0.304651,0.39831,0.282406,0.980963,0.29546,0.273686,0.482891,0.442574,0.871953,0.323739,0.21375,0.468973,0.267944,0.743659,0.369282,0.343925,0.611113,0.475551,0.705235,0.385378,0.707931,0.650753,0.503212,0.649257,0.32665,0.378804,0.521245,0.587416,0.534044,0.393327,0.594071,0.615032,0.385536,0.197793,0.095482,0.607885,0.361342,0.521046,0.610494,0.3891,0.452146,0.712958,0.483127,0.823019,0.313242,0.172274,0.720316,0.308252,0.835989,0.415481,0.137072,0.562556,0.391464,0.729767,0.366503,0.167011,0.580767,0.377049,0.785085,0.30558,0.220228,0.675537,0.427606,0.566657,0.40783,0.49361,0.483314,0.411029,0.573056,0.406077,0.491614,0.434679,0.505529,0.394316,0.463344,0.172746,0.424587,0.688646,0.43279,0.305241,0.0,0.392565,0.677478,0.746887,0.601126,0.410615,0.745334,0.561683,0.614966,0.722296,0.192619,0.799868,0.561825,0.691169,0.598782,0.261306,0.607361,0.494339,0.692646,0.615694,0.306807,0.573945,0.548633,0.630167,0.440081,0.23826,0.644026,0.481828,0.6016,0.5082,0.442361,0.413111,0.422392,0.487387,0.462594,0.329726,0.361012,0.410447,0.457272,0.644391,0.309962,0.278232,0.577982,0.589846,0.662952,0.306963,0.411812,0.474827,0.673886,0.644413,0.407265,0.305004,0.501607,0.576346,0.639399,0.568323,0.505437,0.355802,0.572761,0.5307,0.36019,0.56849,0.431738,0.499207,0.559456,0.399164,0.573629,0.365848,0.582613,0.431992,0.308302,0.575369,0.520848,0.598893,0.444481,0.410198,0.58513,0.417897,0.478358,0.511161,0.170687,0.469165,0.370159,0.545757,0.469228,0.103105,0.475946,0.578586,0.606063,0.625754,0.239746,0.636635,0.433308,0.555794,0.543212,0.416345,0.596786,0.296601,0.569328,0.456644,0.312598,0.550451,0.323018,0.623619,0.450093,0.379171,0.567102,0.428764,0.604768,0.358317,0.293316,0.547328,0.435301,0.51904,0.277514,0.259391,0.529225,0.401028,0.649737,0.364918,0.264427,0.575908,0.317616,0.625706,0.432631,0.273104,0.575405,0.334533,0.666239,0.293099,0.380319
99.0,108.3,88.3,1.0,1.0,32328.0,32427.0,0.46025,0.185368,0.469999,0.316109,0.520308,0.36404,0.261062,0.543291,0.181478,0.433248,0.308105,0.316638,0.515362,0.153314,0.394253,0.416714,0.240349,0.518789,0.237664,0.601017,0.395319,0.481752,0.5902,0.335058,0.611801,0.069065,0.606729,0.427261,0.355807,0.70261,0.228312,0.528978,0.38673,0.377414,0.631274,0.426099,0.342803,0.466336,0.247294,0.628936,0.49757,0.255882,0.388554,0.175544,0.57635,0.431048,0.159898,0.41876,0.461376,0.698636,0.347492,0.337383,0.484148,0.39059,0.664022,0.237616,0.458686,0.657485,0.553974,0.381018,0.285545,0.35919,0.504491,0.195687,0.293264,0.327374,0.261327,0.419533,0.152185,0.291837,0.168723,0.480559,0.444957,0.563869,0.544103,0.243674,0.565504,0.44299,0.509886,0.38879,0.668753,0.489195,0.202215,0.300899,0.451505,0.671793,0.438188,0.393456,0.234621,0.762202,0.58738,0.248661,0.435028,0.26083,0.693969,0.524044,0.233458,0.636639,0.315946,0.496882,0.360923,0.276261,0.700528,0.225962,0.346491,0.526303,0.542746,0.484212,0.191756,0.194457,0.547177,0.404825,0.319293,0.334641,0.274208,0.190783,0.57334,0.48315,0.307165,0.697827,0.424148,0.54819,0.530777,0.4366,0.533456,0.451617,0.617338,0.437716,0.47127,0.443035,0.748828,0.506019,0.160453,0.167832,0.641114,0.58676,0.220804,0.206631,0.141857,0.548142,0.645412,0.684493,0.44555,0.123807,0.214174,0.762207,0.56729,0.419286,0.268041,0.100563,0.59187,0.593001,0.377147,0.322789,0.166473,0.580061,0.481304,0.338675,0.22974,0.251042,0.377802,0.390346,0.412367,0.25552,0.559981,0.094035,0.346688,0.506069,0.243053,0.470118,0.2326,0.317976,0.393009,0.355167,0.279351,0.403765,0.434799,0.327456,0.191878,0.362319,0.530342,0.319771,0.127713,0.509761,1.0,0.587671,0.617055,0.392679,0.723724,0.4124,0.580985,0.633108,0.307974,0.563742,0.272207,0.572353,0.684289,0.407798,0.599657,0.326754,0.536315,0.636041,0.306041,0.418325,0.286498,0.3862,0.333705,0.472398,0.284542,0.462311,0.240704,0.240479,0.353083,0.226692,0.282834,0.303878,0.212029,0.355795,0.308998,0.356486,0.581368,0.36697,0.227639,0.252129,0.328492,0.766961,0.38658,0.448766,0.434299,0.458856,0.465444,0.413447,0.09133,0.455156,0.714752,0.366853,0.423726,0.369099,0.433069,0.440476,0.406411,0.566608,0.330697,0.501356,0.475465,0.49097,0.526411,0.287644,0.425623,0.394061,0.365716,0.286447,0.431499,0.18091,0.37658,0.475724,0.270662,0.250085,0.319053,0.254064,0.479297,0.19697,0.333079,0.256325,0.1579,0.587375,0.371904,0.275547,0.436032,0.246877,0.623287,0.256493,0.266121,0.399338,0.343164,0.504299,0.370646,0.272958,0.396119,0.398878,0.373927,0.349021,0.357219,0.41197,0.378818,0.399193,0.092241,0.324296,0.223672,0.327931,0.401737,0.215005,0.315346,0.19188,0.263048,0.529592,0.069159,0.401978,0.285018,0.277742,0.508747,0.173578,0.307688,0.32483,0.211832,0.376201,0.109325,0.409867,0.256117,0.312701
99.0,109.0,87.3,1.0,1.0,32427.0,32526.0,0.600649,0.288412,0.431992,0.304616,0.255722,0.583162,0.308534,0.427747,0.183707,0.330327,0.591178,0.307653,0.334297,0.11081,0.285507,0.562474,0.297882,0.448242,0.333757,0.370117,0.676939,0.545419,0.351662,0.245432,0.557949,0.059651,0.513457,0.200843,0.271576,0.663045,0.243608,0.41857,0.309762,0.343046,0.507276,0.488842,0.242628,0.455886,0.332948,0.465248,0.630107,0.243026,0.350183,0.339287,0.389364,0.646966,0.010702,0.19781,0.408628,0.643754,0.676761,0.343969,0.176553,0.353806,0.63006,0.71802,0.490036,0.287948,0.360293,0.406306,0.660027,0.447917,0.16436,0.255145,0.258764,0.618383,0.347836,0.061192,0.193462,0.245006,0.145672,0.295587,0.198998,0.205951,0.537265,0.214061,0.382637,0.279697,0.330194,0.428522,0.656345,0.329935,0.379967,0.33789,0.453599,0.73076,0.380023,0.535368,0.289802,0.47991,0.728033,0.0,0.10749,0.010822,0.598235,0.797488,0.174631,0.501,0.46443,0.393959,0.670892,0.417104,0.617568,0.534679,0.245282,0.715643,0.565909,0.259715,0.163478,0.148013,0.754189,0.425826,0.0,0.22668,0.277345,0.213263,0.372891,0.183806,0.670366,0.689385,0.413956,0.300667,0.315821,0.544502,0.673459,0.39252,0.341763,0.423061,0.605014,0.537171,0.72533,0.405693,0.547688,0.456421,0.566051,0.72794,0.286009,0.158905,0.251956,0.598166,0.806404,0.732991,0.479181,0.334524,0.213249,0.825971,0.716898,0.544021,0.410853,0.0,0.724859,0.609132,0.302948,0.214274,0.128986,0.716093,0.540883,0.211719,0.187318,0.066544,0.248057,0.264854,0.186564,0.406397,0.430476,0.165871,0.099518,0.211852,0.477381,0.606722,0.433028,0.087204,0.173014,0.446338,0.739484,0.652256,0.395234,0.312464,0.496279,0.69717,0.605528,0.601979,0.253162,0.487085,0.852528,0.654019,0.685477,0.264993,0.513155,0.427141,0.636388,0.70153,0.460807,0.194737,0.210767,0.605093,0.699046,0.315963,0.383736,0.238996,0.56182,0.646775,0.087619,0.347278,0.145538,0.323492,0.320659,0.329055,0.32147,0.480924,0.35309,0.201854,0.072932,0.274437,0.210434,0.548725,0.230976,0.060674,0.399044,0.333056,0.764625,0.69106,0.18316,0.228513,0.411511,0.944503,0.722987,0.502039,0.302669,0.431473,0.771872,0.672042,0.032711,0.272663,0.671144,0.637973,0.468849,0.264491,0.258778,0.608742,0.50201,0.531279,0.197827,0.390996,0.486354,0.511102,0.592175,0.066569,0.446858,0.219858,0.383616,0.367743,0.268332,0.231403,0.422501,0.577861,0.395598,0.0,0.255381,0.303168,0.614513,0.467535,0.160883,0.241721,0.225792,0.766254,0.671641,0.135582,0.326308,0.39006,0.739879,0.506258,0.080363,0.287854,0.326979,0.652371,0.492712,0.0,0.388886,0.46944,0.483507,0.468365,0.0,0.457306,0.381445,0.466718,0.327259,0.0,0.255924,0.45502,0.488065,0.415131,0.0,0.185538,0.303622,0.627533,0.396609,0.063626,0.235366,0.319094,0.545021,0.411921,0.0,0.39861,0.312804,0.46808,0.347163,0.0,0.249914,0.400588
99.0,108.0,87.3,2.0,1.0,32526.0,32625.0,0.55233,0.0,0.38549,0.174288,0.115247,0.537579,0.0,0.330425,0.125131,0.043192,0.550137,0.056984,0.230047,0.132866,0.031021,0.470495,0.039585,0.408415,0.183425,0.247852,0.620308,0.399393,0.302145,0.313106,0.134264,0.059866,0.301066,0.287532,0.230546,0.328087,0.167041,0.19487,0.306444,0.184434,0.229609,0.357353,0.006961,0.393406,0.177525,0.319462,0.498681,0.328498,0.336189,0.308119,0.233394,0.508907,0.284795,0.195083,0.386135,0.296755,0.606223,0.290751,0.053521,0.26076,0.242949,0.684462,0.360072,0.226113,0.337693,0.219666,0.61511,0.32236,0.390455,0.375453,0.086242,0.597787,0.268784,0.351121,0.200765,0.079271,0.259921,0.025071,0.234506,0.091351,0.593965,0.183473,0.095037,0.266601,0.218656,0.330743,0.478491,0.158825,0.385765,0.4877,0.388999,0.498173,0.345431,0.549987,0.493398,0.275498,0.579785,0.156584,0.045035,0.091982,0.0,0.721747,0.243987,0.539556,0.725425,0.182524,0.58359,0.382277,0.770631,0.757831,0.150145,0.651312,0.449455,0.546062,0.338823,0.0,0.651464,0.392657,0.448076,0.292283,0.167157,0.417867,0.194269,0.39091,0.694743,0.641056,0.470798,0.009516,0.350538,0.531652,0.512944,0.442533,0.0,0.382265,0.615902,0.455837,0.434462,0.182596,0.557392,0.762512,0.620318,0.614497,0.262023,0.271971,0.240047,0.254986,0.592852,0.635576,0.59622,0.720769,0.133226,0.562268,0.648796,0.68528,0.632113,0.035478,0.557003,0.563815,0.456625,0.336578,0.0,0.599425,0.549384,0.473857,0.325986,0.043532,0.254878,0.175273,0.384187,0.520605,0.249177,0.353403,0.0,0.329093,0.523302,0.686579,0.553721,0.0,0.190768,0.516696,0.82012,0.618643,0.289593,0.319819,0.491437,0.751583,0.539402,0.514547,0.306567,0.569704,0.379224,0.580798,0.52417,0.395219,0.701463,0.315382,0.490928,0.637878,0.578304,0.44879,0.015321,0.472442,0.696568,0.488456,0.56343,0.128584,0.50615,0.691963,0.389351,0.475384,0.088402,0.209494,0.346566,0.440221,0.475083,0.387941,0.342325,0.244421,0.258084,0.421119,0.354252,0.516135,0.204189,0.160324,0.445604,0.335424,0.532217,0.45094,0.103125,0.195574,0.338811,0.736709,0.557404,0.389947,0.277084,0.316483,0.632093,0.612778,0.176363,0.400856,0.545184,0.643996,0.561764,0.522892,0.440865,0.438254,0.553055,0.632649,0.377768,0.534176,0.414711,0.430906,0.691287,0.37583,0.585499,0.180941,0.265626,0.391183,0.355107,0.414054,0.360489,0.459303,0.323684,0.219745,0.419321,0.248942,0.43342,0.306918,0.204507,0.263974,0.155079,0.608315,0.525829,0.066104,0.355273,0.312609,0.684409,0.574526,0.154357,0.461429,0.294887,0.602771,0.595186,0.205047,0.48259,0.451239,0.414732,0.58254,0.346301,0.570488,0.320384,0.37431,0.390016,0.06447,0.176665,0.374003,0.337043,0.364642,0.187955,0.188285,0.24893,0.478801,0.434831,0.104296,0.273516,0.290968,0.404355,0.453281,0.160132,0.549564,0.317175,0.32036,0.369133,0.126029,0.251616,0.375505
232.0,98.1,73.7,12.0,9.0,3422.0,3654.0,0.602881,0.215601,0.596356,0.203496,0.301767,0.555925,0.287536,0.5121,0.198823,0.364295,0.503297,0.326106,0.420991,0.312551,0.380749,0.560031,0.2649,0.633126,0.198843,0.355625,0.594532,0.545028,0.472263,0.291467,0.502179,0.562996,0.380396,0.582132,0.400002,0.196053,0.657127,0.228727,0.541383,0.35199,0.116459,0.659122,0.192335,0.64582,0.359603,0.278795,0.609943,0.465271,0.617862,0.346024,0.3438,0.58104,0.517649,0.498606,0.428191,0.578108,0.584897,0.543463,0.322303,0.258221,0.548788,0.540961,0.535252,0.483182,0.41203,0.297415,0.560279,0.311396,0.494494,0.568176,0.284844,0.626337,0.233989,0.489452,0.50632,0.193801,0.690759,0.075603,0.505236,0.451572,0.292682,0.722639,0.0,0.555747,0.588523,0.052726,0.839342,0.056848,0.70566,0.779729,0.324519,0.687107,0.42851,0.686576,0.571321,0.527796,0.575703,0.461642,0.382497,0.130579,0.437659,0.695129,0.37128,0.370156,0.639529,0.421416,0.574983,0.438148,0.637129,0.769497,0.237856,0.804237,0.287112,0.591784,0.526023,0.26636,0.805303,0.044487,0.579185,0.580896,0.390688,0.816874,0.0,0.316751,0.34998,0.345278,0.809409,0.0,0.355993,0.633382,0.348803,0.64969,0.120481,0.549103,0.822544,0.393626,0.633912,0.221471,0.649276,0.744683,0.486516,0.672421,0.642161,0.516116,0.383748,0.406623,0.606647,0.184584,0.422863,0.92288,0.366554,0.602739,0.232839,0.664994,0.97375,0.131732,0.81383,0.139218,0.610005,0.623084,0.153328,0.861532,0.110631,0.673149,0.675912,0.044037,0.74114,0.0,0.426121,0.387281,0.425955,0.623268,0.062867,0.316107,0.361686,0.606474,0.608667,0.2633,0.222501,0.474788,0.674916,0.400683,0.392842,0.41403,0.2675,0.30701,0.699358,0.54344,0.719532,0.515501,0.44941,0.510371,0.588404,0.672084,0.794986,0.434242,0.538466,0.545619,0.8001,0.842076,0.227729,0.645772,0.492081,0.713895,0.890821,0.289304,0.71674,0.433779,0.662165,0.793177,0.200052,0.652585,0.314078,0.557405,0.421587,0.350477,0.397925,0.285246,0.391785,0.469188,0.401309,0.496971,0.301773,0.485415,0.616164,0.495516,0.326266,0.476958,0.597673,0.582805,0.463673,0.710611,0.503855,0.693277,0.639755,0.39934,0.420509,0.581655,0.606897,0.630927,0.15765,0.441637,0.575047,0.806445,0.663985,0.378852,0.576566,0.599719,0.732253,0.724944,0.412786,0.646237,0.56894,0.72254,0.74318,0.358855,0.558525,0.498232,0.5799,0.327175,0.388696,0.554143,0.308887,0.48042,0.521692,0.374699,0.278505,0.251187,0.541563,0.391124,0.225186,0.317897,0.487308,0.66174,0.554641,0.32532,0.462116,0.533874,0.641115,0.573204,0.38223,0.556427,0.575939,0.685615,0.675294,0.300782,0.542338,0.501631,0.742745,0.668956,0.362922,0.539726,0.360808,0.65871,0.324058,0.298688,0.473421,0.390514,0.518668,0.298164,0.330337,0.484939,0.392741,0.653459,0.357124,0.361976,0.498798,0.395432,0.587152,0.695104,0.375472,0.525371,0.488522,0.642959,0.463136,0.354731
432.0,108.0,87.8,3.0,5.0,32625.0,33057.0,0.357868,0.172434,0.311436,0.205775,0.038348,0.351814,0.245934,0.332619,0.154855,0.0,0.373434,0.35923,0.234021,0.200358,0.065432,0.238862,0.243225,0.383136,0.237735,0.13576,0.466186,0.575864,0.302748,0.41484,0.217283,0.196733,0.276529,0.264225,0.095641,0.183382,0.283006,0.165875,0.330817,0.159658,0.175966,0.297758,0.224657,0.446015,0.238278,0.200542,0.346082,0.470006,0.488369,0.389314,0.271094,0.413093,0.496552,0.449001,0.515941,0.43285,0.54828,0.524776,0.259633,0.436698,0.327146,0.556581,0.527987,0.350956,0.569753,0.191719,0.510421,0.507339,0.501797,0.456266,0.214807,0.457641,0.394232,0.393931,0.287806,0.171103,0.503599,0.073189,0.270794,0.2991,0.551021,0.439747,0.103983,0.432704,0.179723,0.233782,0.591702,0.170046,0.618985,0.542033,0.272071,0.508435,0.288844,0.741244,0.645274,0.238103,0.465958,0.318485,0.441176,0.364291,0.105933,0.722314,0.288155,0.437278,0.790998,0.267219,0.576882,0.252474,0.679329,0.67988,0.18523,0.710803,0.520584,0.595785,0.303096,0.146761,0.50872,0.423371,0.470983,0.340948,0.206287,0.688705,0.296738,0.486384,0.491525,0.647996,0.668325,0.258358,0.458336,0.292327,0.338333,0.594214,0.343298,0.494225,0.565835,0.331835,0.448008,0.020318,0.67264,0.753823,0.546527,0.35276,0.270781,0.255745,0.368576,0.403817,0.622267,0.286595,0.402171,0.486072,0.31027,0.620523,0.377182,0.52593,0.48104,0.096429,0.492929,0.397196,0.418612,0.272629,0.033239,0.419872,0.442722,0.454695,0.278538,0.051924,0.619557,0.301989,0.456097,0.137316,0.218715,0.549026,0.202043,0.413072,0.235015,0.444288,0.622012,0.196418,0.234142,0.410674,0.516939,0.355352,0.101036,0.254319,0.248918,0.603805,0.452465,0.251974,0.009533,0.392735,0.466959,0.000577,0.342944,0.461548,0.521151,0.188046,0.0,0.411415,0.575477,0.345426,0.139059,0.105632,0.541443,0.491743,0.503454,0.103913,0.288814,0.616281,0.380887,0.408586,0.144516,0.463117,0.353463,0.533423,0.26488,0.110389,0.446859,0.209754,0.405119,0.305877,0.092297,0.288101,0.196943,0.399576,0.40097,0.140423,0.0,0.0,0.11573,0.306784,0.027585,0.249329,0.095788,0.18481,0.342938,0.169075,0.151834,0.449324,0.224047,0.455847,0.209535,0.374341,0.423849,0.478303,0.445574,0.045809,0.272636,0.544901,0.377147,0.452439,0.278353,0.149438,0.582643,0.373109,0.539078,0.251287,0.320675,0.311487,0.547976,0.259576,0.121148,0.371695,0.162355,0.405686,0.353513,0.039039,0.038491,0.005386,0.389621,0.230602,0.058252,0.0,0.25665,0.197278,0.391194,0.0,0.293918,0.424786,0.199016,0.526175,0.102067,0.310988,0.417792,0.220609,0.530222,0.340944,0.153313,0.497982,0.405235,0.50145,0.252727,0.255801,0.249168,0.296799,0.207727,0.14567,0.204601,0.193997,0.411801,0.167856,0.143897,0.350591,0.230729,0.344439,0.29878,0.210007,0.189504,0.360266,0.284858,0.491551,0.238347,0.121796,0.364179,0.355298,0.302586,0.257594
99.0,110.3,90.0,1.0,0.0,33057.0,33156.0,0.434204,0.399679,0.441705,0.434549,0.226146,0.42071,0.380877,0.476104,0.362938,0.197366,0.414851,0.439612,0.401809,0.350623,0.362921,0.399884,0.472423,0.451079,0.506442,0.334076,0.4749,0.642013,0.501301,0.51378,0.6408,0.218556,0.622694,0.380379,0.364448,0.2074,0.356068,0.588663,0.420187,0.419506,0.156507,0.463224,0.519148,0.501182,0.509928,0.365375,0.527508,0.561766,0.524498,0.630275,0.667214,0.51792,0.523242,0.515211,0.69127,0.854359,0.562351,0.574247,0.45306,0.557203,0.849327,0.51921,0.558339,0.63069,0.379301,0.595308,0.47381,0.547703,0.343828,0.222702,0.369358,0.42834,0.419871,0.357876,0.260142,0.29365,0.490234,0.520983,0.408748,0.547134,0.409981,0.476837,0.515763,0.538553,0.359206,0.165926,0.700114,0.35484,0.550646,0.548074,0.525892,0.608534,0.345596,0.685431,0.677395,0.7243,0.431188,0.27785,0.524203,0.38475,0.857187,0.710804,0.409002,0.528921,0.469034,0.566376,0.517503,0.452741,0.704109,0.334345,0.330121,0.647005,0.554325,0.422058,0.0,0.256028,0.532731,0.413024,0.124385,0.1208,0.350299,0.633585,0.58976,0.533052,0.609966,0.698549,0.652163,0.484185,0.498642,0.277816,0.328274,0.632552,0.413791,0.567306,0.337685,0.502002,0.594155,0.194802,0.675973,0.392209,0.753778,0.334352,0.130327,0.453339,0.352121,0.730801,0.696346,0.673991,0.441062,0.030613,0.396562,0.675435,0.465703,0.38361,0.0,0.107329,0.586602,0.379026,0.278715,0.0,0.121071,0.534852,0.419106,0.293984,0.160123,0.166965,0.686505,0.495877,0.556231,0.343078,0.444729,0.541255,0.397804,0.568105,0.309502,0.465808,0.60874,0.277044,0.420651,0.316723,0.52998,0.287222,0.295555,0.404631,0.188351,0.548251,0.444459,0.015444,0.29387,0.497834,0.542718,0.108583,0.305364,0.582776,0.441242,0.253148,0.62838,0.252894,0.554601,0.118107,0.241968,0.446761,0.427167,0.408588,0.290469,0.177159,0.489249,0.489614,0.285306,0.316405,0.191822,0.589907,0.51095,0.661514,0.380868,0.479817,0.564789,0.318932,0.535636,0.456016,0.40208,0.414715,0.25208,0.525776,0.487705,0.266952,0.279227,0.06342,0.370662,0.480603,0.178583,0.392755,0.025582,0.44342,0.52052,0.442148,0.395461,0.178336,0.428394,0.442546,0.544468,0.589044,0.105507,0.537206,0.334161,0.176557,0.540441,0.236295,0.411876,0.293494,0.307198,0.438344,0.400359,0.365292,0.426093,0.2223,0.517418,0.407459,0.618484,0.516645,0.392986,0.561074,0.309441,0.479793,0.454004,0.19489,0.275051,0.004545,0.495528,0.342688,0.220291,0.405351,0.163238,0.410985,0.442322,0.206849,0.590029,0.257906,0.318431,0.47072,0.195144,0.605133,0.199314,0.328049,0.544991,0.172297,0.500142,0.309253,0.436567,0.570552,0.287308,0.468061,0.298865,0.353899,0.369462,0.426527,0.412433,0.320302,0.470367,0.301041,0.25018,0.491495,0.123712,0.418446,0.350505,0.30214,0.464294,0.279049,0.361327,0.53792,0.353274,0.428608,0.361998,0.378468,0.516657,0.324046
132.0,110.5,90.3,1.0,0.0,33156.0,33288.0,0.467537,0.441551,0.467438,0.449392,0.26365,0.405133,0.345605,0.557239,0.376808,0.130176,0.410508,0.297441,0.520451,0.39429,0.164338,0.417863,0.525219,0.448258,0.456936,0.405194,0.400749,0.496092,0.697035,0.607459,0.364666,0.269643,0.711992,0.376403,0.558286,0.418943,0.395823,0.674113,0.3619,0.51721,0.247007,0.487894,0.627023,0.413221,0.462251,0.388547,0.567472,0.705814,0.404752,0.562765,0.523856,0.558818,0.642958,0.46443,0.673297,0.671977,0.524831,0.467165,0.566122,0.648236,0.553798,0.457859,0.396366,0.695955,0.657095,0.378592,0.384119,0.218068,0.536909,0.553989,0.193681,0.402164,0.151589,0.506721,0.519227,0.227306,0.390355,0.651689,0.336647,0.629957,0.477438,0.389802,0.629042,0.487532,0.542325,0.277966,0.656852,0.512227,0.567464,0.636481,0.43956,0.594072,0.629263,0.497433,0.699829,0.494029,0.567942,0.659637,0.537696,0.739125,0.611487,0.664096,0.367846,0.538836,0.720652,0.446605,0.474665,0.374074,0.726245,0.476793,0.212284,0.321117,0.364415,0.616939,0.402536,0.182259,0.43117,0.284163,0.424188,0.432641,0.359966,0.458079,0.678371,0.354086,0.513575,0.735905,0.506498,0.572293,0.462565,0.570892,0.350644,0.385702,0.450849,0.631877,0.651606,0.360161,0.499567,0.440759,0.758953,0.637483,0.747201,0.680791,0.45571,0.42071,0.503907,0.511758,0.748063,0.742338,0.800372,0.637401,0.356271,0.52671,0.509804,0.711787,0.571032,0.025317,0.427598,0.34369,0.514956,0.416587,0.037688,0.436586,0.470482,0.509037,0.46438,0.126693,0.455763,0.656062,0.506749,0.258013,0.555483,0.360823,0.547791,0.522973,0.352162,0.558754,0.603899,0.385943,0.488568,0.391036,0.500325,0.623243,0.460854,0.55859,0.586058,0.525159,0.612761,0.530462,0.131816,0.585001,0.83439,0.462983,0.619687,0.650888,0.540211,0.40397,0.682461,0.530872,0.586895,0.472494,0.221024,0.442669,0.496253,0.450198,0.552829,0.245771,0.447932,0.513726,0.324628,0.463205,0.172914,0.460854,0.696024,0.690894,0.309214,0.605171,0.499277,0.528092,0.59075,0.216236,0.351817,0.592537,0.481765,0.572389,0.286186,0.148368,0.644117,0.481189,0.554134,0.331738,0.291614,0.754876,0.46721,0.535198,0.222887,0.410602,0.535003,0.540254,0.328929,0.098895,0.559145,0.619656,0.462482,0.405175,0.147337,0.328829,0.56817,0.460333,0.308902,0.203623,0.467296,0.421884,0.503858,0.311043,0.445665,0.281571,0.401757,0.613772,0.669908,0.329495,0.528938,0.527516,0.546485,0.553017,0.214481,0.263808,0.465361,0.421514,0.602169,0.128339,0.223141,0.593692,0.573929,0.598181,0.182796,0.212681,0.679506,0.608877,0.416017,0.117368,0.269803,0.602628,0.469805,0.371115,0.307,0.184139,0.47688,0.501939,0.462864,0.440094,0.299187,0.408278,0.574749,0.454758,0.202195,0.453245,0.348923,0.562422,0.526995,0.17494,0.315657,0.439286,0.482576,0.499433,0.220652,0.338105,0.440432,0.499862,0.397418,0.367281,0.279365,0.385785,0.578926,0.398088,0.301857,0.273181
132.0,110.0,89.8,1.0,1.0,33288.0,33420.0,0.648542,0.520528,0.903067,0.723801,0.338104,0.577344,0.468245,0.946025,0.768801,0.368393,0.575162,0.483722,0.919166,0.794712,0.494932,0.479205,0.326232,0.769354,0.65416,0.228359,0.474027,0.40523,0.814051,0.817283,0.320635,0.430055,0.674141,0.822339,0.712607,0.289925,0.532555,0.565689,0.801464,0.693436,0.087377,0.480242,0.346465,0.745773,0.505929,0.041134,0.490884,0.523226,0.573614,0.537116,0.145213,0.469331,0.516177,0.591342,0.722351,0.238523,0.464464,0.256971,0.630748,0.782317,0.189774,0.50174,0.034529,0.710482,0.915788,0.041721,0.539606,0.190828,0.628426,0.813738,0.187303,0.592181,0.324547,0.648164,0.752583,0.260058,0.33182,0.460405,0.501361,0.504092,0.452519,0.419435,0.430913,0.71104,0.721162,0.133884,0.604455,0.313693,0.91377,0.692062,0.13823,0.469275,0.541668,0.776791,0.640269,0.100603,0.502582,0.584609,0.681441,0.925713,0.511535,0.665787,0.112328,0.83392,0.977013,0.224852,0.552037,0.246434,0.824334,0.72802,0.186547,0.557199,0.313771,0.623636,0.571678,0.130095,0.557995,0.221163,0.295303,0.565411,0.327653,0.220842,0.639295,0.305099,0.469768,0.744417,0.417319,0.548025,0.565225,0.770372,0.234056,0.406356,0.551773,0.724672,0.923048,0.289786,0.344447,0.378134,0.849854,0.844125,0.581516,0.690737,0.425055,0.643142,0.790948,0.157716,0.827216,0.682742,0.980356,0.754928,0.166358,0.639077,0.494866,0.78555,0.669995,0.076496,0.56682,0.348326,0.509621,0.517721,0.135176,0.424457,0.469946,0.404012,0.481674,0.197173,0.313667,0.600878,0.371316,0.42386,0.50363,0.225542,0.549469,0.439245,0.628287,0.670573,0.677466,0.619916,0.522626,0.926764,0.449819,0.701247,0.590843,0.665715,0.952914,0.709335,0.61188,0.468466,0.270039,0.533164,0.8145,0.632302,0.596009,0.587064,0.341052,0.44434,0.622359,0.548029,0.590675,0.485596,0.305523,0.551852,0.563813,0.408263,0.571201,0.370699,0.488367,0.627659,0.268398,0.452824,0.256811,0.491681,0.652047,0.536079,0.391621,0.639458,0.552426,0.507821,0.451695,0.494383,0.558565,0.597336,0.503382,0.460974,0.58861,0.442469,0.601589,0.521834,0.456306,0.518464,0.567742,0.699604,0.43341,0.374546,0.169696,0.435291,0.549932,0.521862,0.132417,0.0,0.521311,0.66855,0.489422,0.148156,0.124212,0.52582,0.67894,0.523065,0.176855,0.294649,0.546718,0.497681,0.623711,0.313896,0.452713,0.52787,0.4787,0.620604,0.510078,0.382905,0.550376,0.527074,0.508326,0.3411,0.251553,0.385623,0.505398,0.438571,0.452555,0.225536,0.29537,0.595078,0.602785,0.342491,0.077625,0.213264,0.676734,0.645895,0.336251,0.072309,0.449308,0.579821,0.546039,0.181568,0.189368,0.39046,0.48409,0.613937,0.45197,0.300318,0.414868,0.541376,0.589846,0.34322,0.156026,0.482625,0.470293,0.58494,0.395532,0.181924,0.372649,0.553955,0.522634,0.30729,0.130472,0.365309,0.491178,0.610456,0.305162,0.214953,0.349891,0.521681,0.681146,0.398887,0.073178,0.402202
132.0,111.5,90.5,1.0,1.0,33420.0,33552.0,0.939626,0.596801,0.64128,0.154319,0.286168,0.915891,0.577405,0.654463,0.191219,0.340799,0.919706,0.589348,0.633101,0.16251,0.510705,0.904729,0.374318,0.625218,0.104227,0.243984,0.886789,0.512207,0.600833,0.23224,0.399664,0.769874,0.649653,0.736427,0.530262,0.335891,0.859859,0.535424,0.716408,0.475918,0.146775,0.932116,0.275519,0.625013,0.236782,0.177672,0.885517,0.528863,0.500699,0.322244,0.332254,0.882664,0.545117,0.414484,0.505484,0.434132,0.864257,0.311443,0.54294,0.388489,0.445371,0.817635,0.33264,0.753045,0.283268,0.206179,0.780607,0.39669,0.695874,0.044666,0.30605,0.79427,0.520138,0.611838,0.038738,0.354476,0.505623,0.293916,0.787185,0.54345,0.347972,0.728972,0.279856,0.767045,0.713276,0.08926,0.966632,0.076813,0.748546,0.554825,0.146338,0.853459,0.493412,0.601561,0.420632,0.251591,0.71355,0.606635,0.584819,0.523321,0.586655,0.808778,0.388152,0.834652,0.632503,0.434587,0.640793,0.152642,0.856655,0.512017,0.378221,0.663432,0.13113,0.740679,0.184921,0.266379,0.43194,0.17837,0.5048,0.150269,0.311553,0.181445,0.571827,0.670417,0.542929,0.81903,0.505834,0.49229,0.643289,0.804988,0.186239,0.653025,0.488603,0.669693,0.870698,0.39593,0.771924,0.243729,0.722655,0.676933,0.600857,0.720075,0.58341,0.623825,0.557861,0.182491,0.649239,0.37357,0.972382,0.291043,0.342583,0.536205,0.049458,0.878774,0.350812,0.149991,0.436349,0.0,0.624034,0.229638,0.153883,0.327603,0.238934,0.558332,0.275807,0.131794,0.354384,0.617248,0.531111,0.660226,0.466061,0.202881,0.573451,0.531484,0.713149,0.719548,0.61232,0.593965,0.502207,0.861233,0.649415,0.534786,0.61998,0.623685,0.59743,0.736356,0.661465,0.645822,0.470955,0.415428,0.632929,0.747876,0.383068,0.602055,0.044393,0.292577,0.56496,0.307389,0.736915,0.248443,0.398289,0.542603,0.432197,0.509425,0.382488,0.296269,0.573459,0.56169,0.402081,0.28156,0.190699,0.592963,0.609462,0.600124,0.591571,0.529853,0.590813,0.491949,0.296159,0.656522,0.597341,0.530434,0.480159,0.373191,0.745389,0.467887,0.552941,0.501007,0.486495,0.472496,0.501432,0.665319,0.576766,0.543918,0.333607,0.391227,0.694649,0.486968,0.172105,0.396264,0.62786,0.716317,0.472551,0.229783,0.513862,0.739505,0.741022,0.549076,0.210447,0.532273,0.689229,0.630834,0.544336,0.339562,0.530227,0.298351,0.634607,0.583509,0.553242,0.496386,0.327872,0.581236,0.418374,0.364817,0.482013,0.28359,0.502086,0.302148,0.376995,0.418249,0.234714,0.702834,0.436407,0.308951,0.354987,0.196874,0.764737,0.422172,0.08547,0.3925,0.460035,0.666358,0.496209,0.049336,0.485614,0.366429,0.626078,0.572473,0.355734,0.465974,0.29187,0.69063,0.512516,0.354674,0.383889,0.236803,0.630033,0.485958,0.399813,0.277373,0.238868,0.676674,0.398594,0.42946,0.291477,0.199909,0.640504,0.506619,0.249304,0.440735,0.223946,0.685403,0.58876,0.417646,0.368765,0.299071
133.0,110.0,89.8,1.0,1.0,33552.0,33685.0,0.874289,0.829237,0.951441,1.0,1.0,0.849821,0.798105,0.976913,1.0,1.0,0.848982,0.806133,0.943147,1.0,1.0,0.870327,0.820978,0.832187,0.960114,1.0,0.848973,0.842149,0.856723,1.0,1.0,0.671316,0.849486,0.876166,0.986686,0.610781,0.779558,0.837493,0.780984,0.893005,0.560309,0.935088,0.84497,0.640661,0.632437,0.712414,0.929472,0.880128,0.525237,0.671748,1.0,0.939106,0.822831,0.501352,0.770083,1.0,0.89877,0.775839,0.578203,0.803208,1.0,0.834739,0.791084,0.732633,0.908292,0.636708,0.749996,0.746683,0.716998,0.994156,0.59959,0.691896,0.730703,0.790936,0.947647,0.566311,0.505175,0.614475,0.699888,0.680684,0.488232,0.705624,0.746043,0.684003,0.778712,0.24055,0.981113,0.758307,0.414941,0.756703,0.531621,0.895307,0.788088,0.365122,0.554672,0.710327,0.805436,0.775623,0.62764,0.544384,0.678552,0.880601,0.694504,0.740498,0.647351,0.699278,0.74043,0.654144,0.769257,0.555735,0.570996,0.641329,0.666288,0.721449,0.418171,0.442313,0.350521,0.348851,0.562,0.512654,0.433109,0.382604,0.551129,0.740325,0.626247,0.80323,0.558973,0.596313,0.671516,0.772595,0.351361,0.668161,0.662023,0.637532,0.896159,0.327106,0.836979,0.654496,0.651953,0.681621,0.683941,0.772513,0.722657,0.525909,0.442396,0.668077,0.697005,0.682398,0.856131,0.196627,0.495168,0.57313,0.37286,0.887471,0.394195,0.248813,0.477565,0.386188,0.697652,0.384153,0.274938,0.470488,0.342382,0.64586,0.416684,0.357488,0.332395,0.534004,0.728335,0.62493,0.509759,0.189455,0.545002,0.642953,0.639942,0.685687,0.544812,0.651569,0.460665,0.691364,0.339683,0.567376,0.656641,0.567963,0.53466,0.343374,0.667334,0.855816,0.448181,0.587084,0.784433,0.788339,0.667494,0.514662,0.145303,0.239726,0.798406,0.447378,0.765586,0.366173,0.35052,0.394277,0.504625,0.654429,0.49626,0.330897,0.617412,0.559434,0.636678,0.351607,0.278818,0.351986,0.703795,0.78559,0.642404,0.64509,0.39869,0.677953,0.583913,0.618382,0.435295,0.538885,0.628092,0.533723,0.719514,0.333662,0.618244,0.810986,0.66419,0.504618,0.275437,0.791264,0.774578,0.790062,0.390649,0.442995,0.77754,0.732362,0.460926,0.421591,0.540824,0.752327,0.592913,0.495765,0.520012,0.655117,0.676251,0.64283,0.499189,0.525957,0.627038,0.547465,0.615003,0.649659,0.569518,0.291804,0.433922,0.75482,0.783982,0.663106,0.55119,0.471632,0.682075,0.628109,0.61271,0.221187,0.486074,0.683669,0.691726,0.523506,0.117058,0.781462,0.802106,0.729983,0.583285,0.23997,0.797177,0.73077,0.52126,0.561991,0.467971,0.626729,0.682079,0.538829,0.570605,0.437763,0.543712,0.72008,0.643337,0.516,0.353557,0.514584,0.705645,0.76424,0.553349,0.28392,0.490048,0.705952,0.66233,0.374161,0.214083,0.591774,0.671238,0.77874,0.485776,0.255644,0.567569,0.752915,0.677617,0.567076,0.254821,0.544631,0.762604,0.724168,0.524091,0.336882
365.0,107.9,77.5,5.0,8.0,33685.0,34050.0,0.662968,0.483331,0.596832,0.19656,0.337007,0.638308,0.455282,0.634192,0.168431,0.439789,0.647031,0.501093,0.525876,0.221085,0.472388,0.680729,0.553466,0.603997,0.175994,0.396037,0.728518,0.682812,0.633994,0.364813,0.54339,0.497369,0.614278,0.302753,0.234622,0.232336,0.581325,0.595398,0.29333,0.282158,0.164592,0.749853,0.603868,0.437864,0.238733,0.34161,0.771319,0.699918,0.467299,0.365131,0.668466,0.764414,0.702037,0.588886,0.56792,0.618789,0.804788,0.698321,0.601979,0.402304,0.616748,0.811277,0.674196,0.607424,0.357295,0.386327,0.774965,0.527662,0.451541,0.297238,0.26116,0.760148,0.393221,0.337662,0.263305,0.353239,0.465199,0.398326,0.356516,0.276854,0.358416,0.537296,0.515526,0.416007,0.462432,0.16068,0.757415,0.482172,0.441189,0.641882,0.378978,0.601255,0.536029,0.370778,0.600306,0.552648,0.667355,0.556409,0.655007,0.536368,0.527709,0.825805,0.579748,0.702427,0.655626,0.417738,0.822893,0.479385,0.634305,0.561231,0.313345,0.881874,0.512628,0.403126,0.168435,0.204614,0.685743,0.150769,0.268749,0.2716,0.234171,0.535922,0.492499,0.447312,0.54785,0.745613,0.532602,0.483788,0.546296,0.688274,0.245849,0.474201,0.540797,0.616108,0.87058,0.146703,0.545603,0.424263,0.585315,0.733158,0.436992,0.547306,0.396969,0.404646,0.557857,0.577815,0.945649,0.72936,0.520022,0.181978,0.305937,0.875851,0.37925,0.577848,0.431961,0.164525,0.890014,0.284123,0.402217,0.2798,0.208861,0.806879,0.27801,0.381071,0.401184,0.344965,0.526861,0.6121,0.542105,0.387305,0.40211,0.360647,0.59911,0.540898,0.436382,0.620573,0.585124,0.670667,0.386642,0.614496,0.100393,0.611494,0.412367,0.382005,0.50463,0.208144,0.4708,0.541438,0.470182,0.559698,0.646524,0.675392,0.69666,0.488025,0.160792,0.326207,0.916317,0.504699,0.688791,0.223854,0.244283,0.588045,0.413153,0.435263,0.344514,0.323052,0.726925,0.422337,0.420767,0.335406,0.311567,0.249105,0.721713,0.635233,0.33326,0.538082,0.309391,0.683577,0.548295,0.393853,0.356594,0.482403,0.633985,0.466939,0.543866,0.29899,0.306838,0.682312,0.529091,0.40466,0.281412,0.393618,0.657191,0.694549,0.320108,0.361271,0.428334,0.65026,0.458715,0.210206,0.510327,0.631444,0.498453,0.473935,0.213817,0.316072,0.612953,0.540841,0.414086,0.17052,0.458107,0.541681,0.511199,0.431266,0.293843,0.385665,0.249776,0.721566,0.58379,0.287272,0.485822,0.426168,0.678619,0.500795,0.436094,0.285849,0.332405,0.679417,0.579448,0.337654,0.142354,0.50239,0.786544,0.597191,0.466398,0.29153,0.642748,0.684051,0.483033,0.347008,0.405877,0.555341,0.599045,0.441143,0.309534,0.259201,0.502856,0.584145,0.53167,0.323707,0.304532,0.210956,0.637123,0.581383,0.282548,0.31547,0.24714,0.651304,0.537089,0.202682,0.249257,0.369052,0.630511,0.6014,0.31534,0.238527,0.428787,0.66471,0.53261,0.38575,0.277551,0.372267,0.680575,0.496768,0.298853,0.236634
565.0,109.1,76.2,5.0,11.0,34050.0,34615.0,0.712158,0.398463,0.358781,0.0,0.22566,0.69756,0.398178,0.353295,0.013927,0.202847,0.697742,0.448112,0.319705,0.089879,0.232516,0.751377,0.444332,0.453041,0.004412,0.264405,0.794145,0.637257,0.470799,0.087742,0.406851,0.538805,0.643695,0.492377,0.260422,0.432094,0.655729,0.549558,0.430047,0.260616,0.301255,0.85151,0.457318,0.469245,0.228581,0.360765,0.897209,0.610913,0.423006,0.24209,0.364858,0.926889,0.689792,0.447488,0.33745,0.374516,0.911866,0.681956,0.445217,0.105402,0.373888,0.897322,0.681085,0.576394,0.0,0.142486,0.8532,0.57015,0.521609,0.082821,0.269741,0.838254,0.52784,0.310084,0.198755,0.270562,0.447645,0.49935,0.556034,0.372849,0.536509,0.610673,0.547166,0.57804,0.18304,0.268932,0.918377,0.425874,0.534018,0.268056,0.200728,0.898145,0.525967,0.440983,0.513331,0.367465,0.916131,0.638772,0.523871,0.571637,0.601873,0.989132,0.63849,0.644786,0.428182,0.423526,0.980111,0.665955,0.747354,0.371785,0.281563,0.983514,0.664336,0.46759,0.2184,0.210862,0.909733,0.490199,0.277751,0.305525,0.329183,0.544522,0.588571,0.517947,0.478691,0.621311,0.459248,0.532117,0.616355,0.355814,0.193319,0.403027,0.468964,0.567089,0.507806,0.253101,0.745515,0.129896,0.446988,0.265649,0.611027,0.990658,0.361032,0.499501,0.603589,0.614765,1.0,0.709951,0.609262,0.210426,0.439697,0.916491,0.545754,0.518216,0.304728,0.243045,1.0,0.599043,0.404582,0.270816,0.248404,0.942494,0.591276,0.394644,0.344601,0.31597,0.558886,0.636621,0.587644,0.493833,0.281669,0.410185,0.547321,0.639728,0.392831,0.347285,0.62196,0.423711,0.529246,0.354447,0.0,0.591639,0.078085,0.446033,0.336785,0.175235,0.728013,0.251841,0.482271,0.462856,0.421855,0.478843,0.532984,0.63141,0.424063,0.559461,0.745722,0.595657,0.591137,0.211421,0.411641,0.620303,0.61334,0.365487,0.457242,0.527031,0.717905,0.650585,0.332917,0.399149,0.38992,0.457163,0.651206,0.707429,0.471536,0.273785,0.467562,0.457737,0.65338,0.383943,0.207353,0.55635,0.341535,0.627665,0.515322,0.25892,0.595226,0.225335,0.60551,0.340534,0.183408,0.733647,0.329988,0.627009,0.443221,0.353473,0.365812,0.396606,0.669471,0.48169,0.602147,0.388723,0.460419,0.617512,0.471588,0.547646,0.421512,0.521524,0.470362,0.416514,0.671508,0.504722,0.515533,0.402487,0.493763,0.575881,0.407576,0.550123,0.624891,0.287715,0.299316,0.533226,0.448829,0.550694,0.417202,0.235776,0.415526,0.284095,0.583561,0.42324,0.093666,0.456016,0.31976,0.58732,0.609007,0.293993,0.526778,0.397842,0.607695,0.706896,0.434214,0.473677,0.443569,0.523449,0.600833,0.376515,0.472218,0.466447,0.477824,0.648129,0.415781,0.400891,0.55402,0.425232,0.405276,0.361358,0.355726,0.496817,0.460739,0.267127,0.224676,0.399285,0.435307,0.403079,0.437338,0.234802,0.420055,0.425255,0.400858,0.732906,0.37485,0.462532,0.613631,0.375058,0.670573,0.345374
532.0,97.5,65.6,3.0,10.0,34615.0,35147.0,0.717737,0.357995,0.276238,0.164063,0.126173,0.69373,0.415217,0.235578,0.239696,0.205021,0.673017,0.448351,0.329385,0.316705,0.222058,0.736492,0.392414,0.204085,0.160328,0.223917,0.745623,0.553271,0.339979,0.410887,0.297532,0.481598,0.486426,0.429858,0.489211,0.480394,0.629476,0.347802,0.2451,0.421768,0.330148,0.82842,0.340836,0.223979,0.20207,0.414888,0.8617,0.658188,0.197828,0.315229,0.35845,0.871236,0.781194,0.261755,0.401743,0.310376,0.834328,0.633947,0.376552,0.416736,0.208846,0.812875,0.506208,0.631929,0.508571,0.025341,0.778589,0.459892,0.628645,0.455407,0.139692,0.792153,0.457336,0.550759,0.464168,0.181637,0.322077,0.457212,0.331158,0.507333,0.594812,0.558953,0.451735,0.343085,0.394518,0.271025,0.901052,0.345585,0.251463,0.400136,0.247449,0.899422,0.593071,0.342392,0.354917,0.268037,0.858267,0.685978,0.599909,0.562377,0.409647,0.951155,0.411589,0.845522,0.674891,0.302656,0.937489,0.432419,1.0,0.6728,0.208393,0.886377,0.500311,0.794992,0.437745,0.173041,0.965183,0.426129,0.591871,0.51434,0.381668,0.312018,0.657008,0.46514,0.687398,0.677163,0.313116,0.531134,0.483121,0.575244,0.277715,0.292817,0.496634,0.413435,0.594323,0.359135,0.703958,0.371743,0.341184,0.229435,0.527161,0.984664,0.428766,0.521155,0.580665,0.488304,0.96266,0.254337,0.785791,0.410889,0.368385,0.829206,0.210666,0.846623,0.486233,0.200768,0.941898,0.451952,0.649805,0.393421,0.175893,0.913804,0.53726,0.573546,0.513793,0.294851,0.210435,0.64442,0.57413,0.707524,0.506361,0.142128,0.617993,0.620866,0.631634,0.440805,0.47973,0.573619,0.520581,0.577825,0.06765,0.489829,0.458488,0.492251,0.350243,0.223974,0.723846,0.422881,0.64462,0.296557,0.467054,0.338704,0.486645,0.657848,0.524335,0.404781,0.587762,0.525115,0.602439,0.428323,0.344816,0.547766,0.578106,0.512981,0.638368,0.445715,0.604306,0.659726,0.394593,0.48457,0.324918,0.309927,0.666315,0.714813,0.704603,0.49074,0.404556,0.549731,0.659748,0.657635,0.185054,0.47501,0.523254,0.625786,0.707544,0.341935,0.593027,0.548068,0.628959,0.493208,0.132223,0.697026,0.443029,0.623201,0.4882,0.223634,0.321517,0.560459,0.64504,0.581846,0.629961,0.197065,0.614298,0.566134,0.602758,0.637898,0.17966,0.590823,0.401358,0.531845,0.632329,0.247475,0.570973,0.381708,0.577401,0.480013,0.237564,0.534389,0.651981,0.622679,0.449153,0.295265,0.451094,0.528721,0.617913,0.224707,0.183841,0.434503,0.546678,0.551358,0.123062,0.234662,0.499777,0.541821,0.664435,0.26152,0.371483,0.534168,0.524355,0.761891,0.371806,0.21442,0.543715,0.450824,0.644641,0.357637,0.103281,0.551461,0.419118,0.658028,0.341715,0.188765,0.495836,0.418122,0.586065,0.337921,0.100928,0.483852,0.431808,0.437584,0.251373,0.121783,0.39082,0.354857,0.574457,0.228629,0.138429,0.409735,0.378391,0.791365,0.314598,0.176753,0.516931,0.39785,0.737809,0.289022
464.0,107.4,76.9,5.0,4.0,35147.0,35611.0,0.551,0.51988,0.190439,0.123802,0.042383,0.493692,0.507016,0.160389,0.198037,0.183724,0.408775,0.471555,0.142993,0.225145,0.261591,0.506426,0.52043,0.205647,0.135047,0.137418,0.402474,0.585444,0.288612,0.442507,0.125255,0.17651,0.612427,0.06923,0.285238,0.319254,0.351283,0.51605,0.170801,0.278155,0.234998,0.559628,0.447692,0.293675,0.05484,0.314272,0.537015,0.590845,0.248344,0.243587,0.34019,0.37957,0.610999,0.132366,0.336822,0.389506,0.389533,0.534431,0.226982,0.399114,0.207321,0.371762,0.577144,0.56962,0.450614,0.030499,0.233744,0.557214,0.484303,0.216352,0.113429,0.368806,0.469089,0.326596,0.197006,0.116671,0.068826,0.448916,0.0,0.436299,0.372984,0.229836,0.457866,0.0,0.42608,0.211504,0.626471,0.293017,0.202204,0.436645,0.332784,0.515358,0.478972,0.375866,0.0,0.479679,0.229945,0.372837,0.25249,0.263118,0.444303,0.420626,0.474285,0.663594,0.711926,0.368007,0.334435,0.563107,0.926521,0.769715,0.025355,0.194922,0.61714,0.633207,0.277281,0.116616,0.562449,0.516133,0.414882,0.275344,0.333459,0.019092,0.605872,0.0,0.756917,0.660204,0.13332,0.472575,0.117337,0.661643,0.0,0.190933,0.450172,0.177119,0.612193,0.139794,0.541878,0.369119,0.358027,0.230628,0.244874,0.444468,0.406446,0.021109,0.235902,0.579553,0.547467,0.700764,0.713757,0.510953,0.159306,0.400268,0.65348,0.76153,0.415818,0.18071,0.377695,0.630177,0.54923,0.136175,0.042321,0.437566,0.588285,0.453282,0.232483,0.08433,0.049245,0.496778,0.219109,0.566505,0.466019,0.029294,0.521255,0.185694,0.664163,0.363054,0.322152,0.530962,0.0,0.614599,0.21772,0.409674,0.447526,0.0,0.513192,0.473583,0.587179,0.319818,0.235242,0.271582,0.36592,0.46951,0.474591,0.608342,0.271255,0.400358,0.290103,0.462061,0.622366,0.368233,0.228656,0.319661,0.60613,0.410211,0.283969,0.174577,0.339249,0.668147,0.270197,0.234346,0.119641,0.208198,0.502239,0.307618,0.501392,0.393688,0.304307,0.439014,0.121783,0.594297,0.203426,0.383177,0.43004,0.09074,0.625944,0.376198,0.296818,0.346483,0.0,0.434374,0.163688,0.542574,0.243229,0.173403,0.433447,0.351597,0.310848,0.371902,0.035049,0.312364,0.665989,0.375429,0.45681,0.05171,0.298669,0.444849,0.31539,0.486388,0.0,0.163981,0.423768,0.114868,0.574675,0.035138,0.204971,0.109396,0.069707,0.391785,0.361345,0.3809,0.353768,0.271729,0.274602,0.119668,0.430272,0.174395,0.123974,0.210377,0.0,0.350471,0.088032,0.325753,0.333323,0.02677,0.344741,0.25658,0.433823,0.325269,0.0,0.250773,0.380242,0.303194,0.378803,0.039336,0.286016,0.243937,0.140486,0.48335,0.185644,0.248981,0.231399,0.096972,0.26362,0.077556,0.229064,0.177443,0.0,0.282955,0.235451,0.244591,0.167375,0.0,0.19579,0.085364,0.315684,0.167261,0.081152,0.317678,0.137547,0.360381,0.155325,0.084827,0.308493,0.148693,0.253443,0.174569
432.0,100.6,77.5,33.0,23.0,3654.0,4086.0,0.618526,0.346587,0.514417,0.133428,0.404705,0.573284,0.32818,0.461276,0.132685,0.339304,0.54115,0.331299,0.329657,0.288674,0.380652,0.551761,0.406739,0.561989,0.005771,0.339579,0.554576,0.508268,0.425436,0.325279,0.527079,0.476041,0.662005,0.450243,0.335783,0.524432,0.564359,0.587446,0.495164,0.328809,0.302053,0.57258,0.414105,0.54189,0.193842,0.402534,0.587298,0.549518,0.491621,0.11769,0.286096,0.536303,0.455047,0.409982,0.397828,0.216913,0.557066,0.441219,0.347927,0.358327,0.389862,0.550685,0.363549,0.521538,0.500018,0.254573,0.628624,0.255988,0.517729,0.682449,0.338373,0.657603,0.151249,0.478343,0.566559,0.374516,0.668936,0.500038,0.354896,0.471494,0.404254,0.659339,0.543035,0.471888,0.570328,0.191881,0.78556,0.412499,0.682574,0.794919,0.434266,0.65732,0.388828,0.724791,0.539791,0.47932,0.686619,0.386814,0.57166,0.411124,0.024071,0.707889,0.183001,0.495175,0.900317,0.349188,0.528957,0.272793,0.665762,0.745659,0.24113,0.828727,0.364863,0.615229,0.497104,0.191685,0.826559,0.245046,0.55383,0.485193,0.373585,0.834553,0.582338,0.326528,0.555483,0.336875,0.869289,0.591363,0.334188,0.728505,0.319577,0.77507,0.650025,0.537159,0.87747,0.408435,0.652521,0.46858,0.704216,0.785348,0.589594,0.645366,0.488461,0.759417,0.724546,0.264354,0.680862,0.494293,0.502637,0.867993,0.348308,0.635569,0.448778,0.697225,0.846667,0.114255,0.812567,0.460747,0.652577,0.58009,0.182075,0.87798,0.411949,0.640911,0.586272,0.228463,0.860925,0.552195,0.43789,0.579163,0.268663,0.807983,0.70155,0.447184,0.612515,0.480886,0.885344,0.706505,0.372598,0.69341,0.394757,0.7721,0.486653,0.487521,0.669483,0.153098,0.718745,0.584472,0.904122,0.552256,0.107698,0.653109,0.680836,0.695581,0.82803,0.369152,0.596078,0.606888,0.736185,0.813083,0.192976,0.708655,0.59888,0.650783,0.811526,0.261103,0.76399,0.470167,0.50064,0.713919,0.254847,0.876276,0.59268,0.521428,0.588548,0.357966,0.787149,0.591559,0.369384,0.497194,0.150372,0.776763,0.619351,0.484552,0.62399,0.283192,0.659593,0.395068,0.632027,0.674043,0.350635,0.856883,0.494908,0.861813,0.603314,0.341457,0.622331,0.572568,0.675424,0.583175,0.0,0.699993,0.652243,0.71529,0.602569,0.216606,0.735869,0.662938,0.578795,0.619021,0.326407,0.760255,0.570352,0.541801,0.653628,0.402705,0.775892,0.545471,0.491567,0.523417,0.225641,0.786263,0.431235,0.34662,0.566013,0.154019,0.640968,0.139468,0.527409,0.421581,0.064372,0.677846,0.273665,0.708197,0.615001,0.151521,0.686848,0.288038,0.507039,0.507356,0.166247,0.705113,0.486704,0.455385,0.581338,0.21064,0.663618,0.503816,0.556602,0.56793,0.312142,0.734254,0.334152,0.429821,0.29665,0.192994,0.709176,0.369605,0.472766,0.328059,0.206508,0.661513,0.186303,0.494845,0.401719,0.212297,0.637466,0.232837,0.407235,0.579198,0.236279,0.685898,0.389253,0.430791,0.384834,0.223395
366.0,104.0,70.7,1.0,3.0,35611.0,35977.0,0.493983,0.434328,0.435773,0.414049,0.163164,0.403697,0.429348,0.447454,0.552488,0.228733,0.313804,0.39562,0.357654,0.579247,0.280077,0.476055,0.482214,0.428448,0.447354,0.163582,0.300779,0.541739,0.551083,0.775483,0.315695,0.195118,0.564769,0.290236,0.034672,0.24494,0.336359,0.487187,0.315392,0.030744,0.168744,0.526201,0.484112,0.37444,0.140871,0.122278,0.569394,0.612483,0.370178,0.436504,0.25132,0.483446,0.565843,0.429897,0.64881,0.420538,0.405976,0.532033,0.403441,0.63921,0.304938,0.306744,0.580604,0.629174,0.780556,0.033068,0.353942,0.518152,0.537947,0.493902,0.270634,0.421879,0.40135,0.539131,0.551343,0.250074,0.212494,0.296764,0.535423,0.245742,0.527655,0.30689,0.356539,0.277354,0.014688,0.216047,0.642974,0.310538,0.3134,0.268548,0.268715,0.55949,0.509467,0.302544,0.137112,0.513366,0.432216,0.452306,0.644439,0.632221,0.529723,0.461816,0.426456,0.741991,0.832812,0.353927,0.312764,0.41105,0.774132,0.662132,0.200881,0.347088,0.528553,0.707955,0.442115,0.116001,0.515842,0.469962,0.59121,0.409286,0.267291,0.339465,0.477023,0.483614,0.521629,0.621683,0.504199,0.415354,0.497689,0.326915,0.174018,0.534823,0.312508,0.512668,0.355316,0.280871,0.605349,0.449561,0.433919,0.351421,0.397707,0.488574,0.69358,0.668603,0.480196,0.511635,0.556909,0.460081,0.644646,0.626511,0.184078,0.50521,0.414592,0.672152,0.597631,0.154354,0.494353,0.517258,0.615633,0.373679,0.060087,0.504235,0.504937,0.697774,0.479854,0.31843,0.370676,0.435287,0.544736,0.453849,0.457871,0.364864,0.403944,0.582333,0.452305,0.488369,0.505061,0.432889,0.485845,0.400535,0.355424,0.483461,0.422161,0.492872,0.522838,0.500607,0.587835,0.427669,0.420101,0.313772,0.192145,0.548046,0.461491,0.391228,0.35845,0.289567,0.601509,0.36376,0.577021,0.573589,0.200618,0.450157,0.525112,0.567052,0.591695,0.180313,0.40386,0.577124,0.573031,0.48872,0.095189,0.405877,0.460873,0.666566,0.421871,0.380281,0.436505,0.430234,0.540189,0.413291,0.270712,0.544873,0.42657,0.525941,0.491768,0.3079,0.362114,0.596698,0.411791,0.388188,0.490782,0.70172,0.592264,0.499309,0.342194,0.50017,0.373491,0.501712,0.369756,0.164917,0.658481,0.449541,0.372852,0.334076,0.205763,0.243573,0.390716,0.505781,0.34938,0.314833,0.305335,0.289517,0.51175,0.46093,0.398114,0.132747,0.18052,0.452039,0.646621,0.401045,0.27794,0.494998,0.420339,0.484087,0.336672,0.142322,0.281255,0.46388,0.448132,0.317497,0.099242,0.416191,0.553447,0.421394,0.353944,0.242747,0.448402,0.488642,0.406786,0.168962,0.352263,0.320403,0.429293,0.359238,0.220614,0.25025,0.158386,0.513027,0.536143,0.32361,0.243856,0.21627,0.278532,0.452105,0.154104,0.259664,0.162622,0.429272,0.471257,0.214644,0.159422,0.149412,0.417195,0.487456,0.295198,0.250065,0.097124,0.475583,0.473568,0.401014,0.200094,0.124199,0.448327,0.514439,0.296203,0.268483
233.0,108.7,88.4,24.0,35.0,35977.0,36210.0,0.504999,0.101025,0.581031,0.369757,0.13703,0.419372,0.058239,0.589915,0.477154,0.123459,0.404752,0.0,0.513942,0.456665,0.193684,0.435481,0.0,0.559269,0.396443,0.169582,0.392988,0.222964,0.614038,0.646008,0.298208,0.103793,0.647505,0.331828,0.080137,0.275867,0.169565,0.49287,0.302157,0.230136,0.143177,0.402752,0.0,0.377456,0.285987,0.218576,0.553365,0.0,0.34224,0.492525,0.405871,0.562676,0.107738,0.488198,0.690351,0.59393,0.502301,0.03731,0.554234,0.552161,0.349374,0.438013,0.261515,0.69492,0.692598,0.021551,0.502628,0.286945,0.41939,0.366164,0.138258,0.561639,0.310064,0.513915,0.457801,0.242141,0.251912,0.607324,0.400655,0.339901,0.558503,0.27287,0.592047,0.230281,0.131659,0.231353,0.534222,0.155533,0.24621,0.369087,0.345164,0.542759,0.0,0.211138,0.230034,0.388233,0.566554,0.37371,0.613794,0.56514,0.518237,0.641239,0.313912,0.983788,0.908774,0.20966,0.398415,0.449207,0.929496,0.773555,0.162159,0.535887,0.508425,0.71499,0.437482,0.10218,0.674702,0.523711,0.569759,0.438612,0.172571,0.488923,0.805586,0.519699,0.552777,0.720687,0.618878,0.691902,0.472915,0.32821,0.263697,0.599826,0.617391,0.515003,0.319723,0.305781,0.469894,0.333018,0.558906,0.360217,0.707598,0.431842,0.65663,0.773249,0.108887,0.411299,0.619458,0.625645,1.0,1.0,0.196169,0.514728,0.455551,0.864493,0.839132,0.094421,0.597341,0.627531,0.723911,0.495131,0.116172,0.583556,0.586766,0.636211,0.654312,0.432358,0.524107,0.790315,0.60417,0.448694,0.350528,0.46231,0.696113,0.602207,0.366197,0.435503,0.533489,0.622837,0.492864,0.281568,0.234784,0.398739,0.401854,0.548844,0.291807,0.353029,0.400111,0.411601,0.570102,0.187858,0.55317,0.282561,0.427848,0.472797,0.700781,0.328514,0.530523,0.599791,0.691583,0.65136,0.352699,0.494745,0.675114,0.539244,0.773037,0.381158,0.508691,0.692885,0.47063,0.728285,0.210602,0.508082,0.736416,0.688719,0.563295,0.330498,0.463687,0.556862,0.553839,0.424759,0.170982,0.543201,0.547392,0.518377,0.395919,0.208424,0.352284,0.630726,0.434369,0.334861,0.402054,0.581948,0.685834,0.559571,0.288257,0.198645,0.229651,0.577372,0.232094,0.433525,0.708706,0.335553,0.460349,0.33588,0.480536,0.436335,0.359132,0.558621,0.297549,0.560675,0.550783,0.40242,0.618332,0.367798,0.726543,0.414027,0.435725,0.700158,0.635241,0.583675,0.333503,0.560732,0.615822,0.468884,0.431325,0.284042,0.468051,0.631653,0.417316,0.3647,0.179442,0.508664,0.712668,0.353434,0.545315,0.286492,0.549911,0.645431,0.178966,0.419581,0.312902,0.481213,0.63801,0.227349,0.55946,0.409606,0.392728,0.668101,0.357326,0.767342,0.464772,0.40646,0.591374,0.399926,0.413311,0.396981,0.418802,0.643284,0.401602,0.346606,0.299134,0.495384,0.680051,0.36849,0.470897,0.352107,0.438692,0.708016,0.232083,0.712594,0.452542,0.432078,0.726615,0.327009,0.681937,0.528557
299.0,102.2,81.0,1.0,10.0,36210.0,36509.0,0.537272,0.402335,0.554657,0.282921,0.355855,0.499357,0.361194,0.535901,0.377671,0.440094,0.496175,0.324507,0.481735,0.410759,0.487976,0.432679,0.410538,0.560616,0.33808,0.352583,0.480616,0.397853,0.425139,0.440079,0.571876,0.344967,0.697406,0.489789,0.197233,0.607374,0.418144,0.648905,0.49742,0.174853,0.350687,0.464635,0.523891,0.479326,0.353232,0.316512,0.501638,0.535167,0.318373,0.498293,0.309337,0.512543,0.416774,0.255013,0.552079,0.57963,0.539346,0.293785,0.293461,0.39827,0.468022,0.513316,0.467278,0.372855,0.374356,0.357172,0.480903,0.380846,0.362112,0.307258,0.274574,0.525266,0.400878,0.491157,0.258119,0.245389,0.502671,0.611076,0.484375,0.111528,0.60727,0.565368,0.673518,0.503845,0.094777,0.299218,0.727118,0.605728,0.324366,0.464031,0.362122,0.551327,0.535838,0.117169,0.473859,0.366583,0.582559,0.499358,0.203836,0.438561,0.261513,0.718317,0.339897,0.56478,0.694463,0.23725,0.518341,0.468853,0.606239,0.577242,0.183088,0.487273,0.467147,0.491027,0.206626,0.033138,0.475738,0.548124,0.443454,0.225105,0.0,0.617902,0.641314,0.537872,0.763962,0.817863,0.658663,0.562445,0.458225,0.499626,0.571855,0.609335,0.605359,0.301314,0.514557,0.561143,0.611436,0.543386,0.409104,0.58145,0.817704,0.644463,0.571123,0.447341,0.255109,0.300775,0.736684,0.463416,0.72144,0.721359,0.244276,0.294936,0.364506,0.606993,0.52169,0.124061,0.484295,0.581555,0.466234,0.26209,0.087837,0.501469,0.589759,0.309152,0.448557,0.456299,0.531512,0.522864,0.601312,0.440447,0.554984,0.389246,0.3459,0.432606,0.326572,0.748054,0.481532,0.24925,0.188306,0.366024,0.634101,0.405856,0.209218,0.367568,0.387118,0.598149,0.624497,0.63648,0.510525,0.438078,0.624118,0.394764,0.532115,0.420058,0.656851,0.335265,0.459299,0.455321,0.483053,0.405206,0.284652,0.385119,0.599958,0.308041,0.374278,0.260778,0.491438,0.662967,0.299805,0.487102,0.235082,0.452764,0.552895,0.659052,0.325164,0.556815,0.315706,0.320561,0.348201,0.192064,0.423016,0.310632,0.298485,0.297299,0.228025,0.432154,0.473044,0.497803,0.430298,0.219371,0.428118,0.801412,0.577697,0.565983,0.425024,0.415872,0.58652,0.53518,0.149981,0.360006,0.679789,0.439595,0.291306,0.1297,0.182542,0.311123,0.406496,0.421949,0.155459,0.301131,0.407658,0.419726,0.579461,0.208186,0.499697,0.309609,0.444055,0.572003,0.591979,0.247866,0.394142,0.449993,0.454877,0.439756,0.223549,0.32493,0.491415,0.422888,0.362279,0.185315,0.210305,0.633381,0.594349,0.138597,0.352923,0.289446,0.581393,0.483942,0.078678,0.222114,0.342255,0.532427,0.470695,0.082694,0.396933,0.302138,0.496949,0.580651,0.296096,0.536976,0.374597,0.474549,0.518255,0.400245,0.165507,0.35387,0.397727,0.51667,0.38091,0.197647,0.274475,0.547701,0.550798,0.296816,0.170602,0.31317,0.501659,0.604986,0.289026,0.401073,0.329612,0.523757,0.656785,0.298733,0.341181,0.330459
99.0,103.0,83.0,0.0,0.0,36509.0,36608.0,0.898856,0.648621,0.654289,0.448982,0.465666,0.910096,0.653616,0.678139,0.467505,0.55301,0.926211,0.650718,0.64261,0.521694,0.508426,0.834222,0.404756,0.604165,0.540946,0.440821,0.918667,0.487818,0.411476,0.543462,0.621534,0.601931,0.604197,0.593773,0.463843,0.723866,0.728709,0.4936,0.670169,0.334081,0.488316,0.814535,0.178091,0.642917,0.450885,0.435706,0.799873,0.223804,0.4875,0.600977,0.431967,0.822143,0.273701,0.240769,0.662559,0.501154,0.902911,0.250488,0.134009,0.626261,0.526002,0.948207,0.385603,0.269196,0.44546,0.381998,0.993885,0.523302,0.522091,0.514001,0.318271,0.99648,0.606158,0.748888,0.484083,0.324856,0.621474,0.517416,0.772848,0.426562,0.613391,0.672596,0.550889,0.783385,0.364671,0.376448,0.885407,0.440825,0.817898,0.48693,0.462187,0.76669,0.407606,0.532291,0.534167,0.50644,0.773298,0.538399,0.463559,0.74901,0.330376,0.997008,0.423156,0.3776,0.833338,0.283618,1.0,0.381812,0.494821,0.525468,0.299515,1.0,0.432912,0.556837,0.210409,0.145513,0.899737,0.428315,0.587779,0.364062,0.299643,0.67025,0.613285,0.711348,0.669409,0.848722,0.664345,0.60393,0.714799,0.603987,0.575437,0.531364,0.57842,0.683002,0.585559,0.567504,0.657342,0.457563,0.695525,0.488004,0.806921,0.822801,0.587642,0.470279,0.732408,0.336777,0.966277,0.627398,0.641763,0.741323,0.405779,0.744991,0.27644,0.540529,0.445022,0.202127,0.857071,0.346423,0.496233,0.288635,0.147204,0.653081,0.126075,0.430155,0.612504,0.481922,0.678518,0.563865,0.661782,0.594367,0.521179,0.49806,0.469733,0.655685,0.588323,0.736712,0.579668,0.452768,0.522768,0.73365,0.761151,0.601027,0.60651,0.483343,0.600436,0.567047,0.817953,0.787405,0.410851,0.698503,0.751979,0.594623,0.588444,0.628871,0.512267,0.415019,0.650523,0.462955,0.517097,0.373645,0.321395,0.397766,0.426679,0.430745,0.43832,0.329983,0.359352,0.472296,0.394502,0.536835,0.225066,0.672682,0.526847,0.721171,0.59735,0.412612,0.510921,0.414055,0.524604,0.555987,0.599605,0.63002,0.39308,0.558484,0.613182,0.673153,0.752333,0.672816,0.505677,0.285821,0.621185,0.92847,0.698983,0.539542,0.479695,0.553224,0.767126,0.679145,0.280548,0.382868,0.750126,0.587107,0.463139,0.28558,0.293161,0.702479,0.48666,0.466798,0.318231,0.480632,0.676825,0.408589,0.505939,0.375681,0.5879,0.408505,0.5923,0.456525,0.646531,0.491951,0.275533,0.67832,0.400603,0.574014,0.407006,0.227538,0.634864,0.363469,0.531847,0.288072,0.222533,0.790319,0.634394,0.347444,0.361445,0.302078,0.745621,0.396508,0.20943,0.300359,0.316055,0.606081,0.409407,0.27364,0.436967,0.455815,0.566672,0.486034,0.481092,0.513638,0.327488,0.614603,0.342131,0.450104,0.201869,0.230025,0.617197,0.410256,0.482737,0.210958,0.172734,0.655601,0.333364,0.432232,0.240407,0.188659,0.578283,0.417244,0.416892,0.351257,0.266059,0.622055,0.503132,0.441038,0.343006,0.218715
99.0,105.3,86.0,0.0,0.0,36608.0,36707.0,0.903666,0.691514,0.683071,0.334376,0.393893,0.910684,0.71659,0.76717,0.29138,0.466599,0.92349,0.762471,0.789201,0.217059,0.388073,0.840229,0.544455,0.591077,0.436984,0.355743,0.915816,0.71022,0.678721,0.429692,0.523837,0.578146,0.59235,0.59157,0.414482,0.386184,0.701313,0.49734,0.629936,0.353138,0.221387,0.80374,0.353394,0.559166,0.313292,0.284063,0.792172,0.509489,0.48739,0.560908,0.445709,0.807992,0.52171,0.44224,0.67896,0.537074,0.886984,0.604589,0.607473,0.60177,0.533071,0.92872,0.720884,0.750681,0.622942,0.327211,0.985362,0.764102,0.830229,0.488274,0.218516,1.0,0.796404,0.90475,0.356615,0.274081,0.506144,0.408362,0.733572,0.537329,0.421635,0.531395,0.426691,0.714139,0.552915,0.208055,0.811864,0.242158,0.734911,0.551204,0.267296,0.756601,0.339275,0.519644,0.511216,0.549601,0.752918,0.478092,0.629365,0.820825,0.422986,0.968182,0.529609,0.799091,0.921369,0.22652,0.93318,0.570625,0.845006,0.692422,0.113957,0.980413,0.70922,0.867982,0.338935,0.100924,0.904341,0.573325,0.735392,0.506987,0.321649,0.481389,0.642933,0.607477,0.468782,0.689939,0.453782,0.589164,0.688616,0.655326,0.419593,0.225508,0.478846,0.644653,0.636764,0.379946,0.472523,0.047545,0.611506,0.548377,0.651787,0.718544,0.261762,0.407681,0.748146,0.514349,0.867556,0.662273,0.923103,0.864364,0.223392,0.67107,0.467506,0.864379,0.629644,0.111637,0.791628,0.567287,0.804012,0.320152,0.0308,0.568291,0.395548,0.786894,0.357374,0.244014,0.565696,0.776407,0.600359,0.62507,0.294296,0.41813,0.681185,0.676263,0.685298,0.69632,0.510337,0.629561,0.527852,0.835042,0.818255,0.554857,0.59238,0.574412,0.821051,0.588897,0.729127,0.347737,0.556476,0.782116,0.854057,0.330741,0.313565,0.869225,0.610278,0.269882,0.473069,0.316271,0.787916,0.307904,0.263748,0.371244,0.423131,0.738117,0.336969,0.107778,0.339134,0.442835,0.721436,0.339069,0.071759,0.610574,0.802418,0.723225,0.715268,0.361716,0.467943,0.640865,0.664394,0.697142,0.524055,0.669782,0.606506,0.669714,0.709305,0.56848,0.691475,0.513156,0.581025,0.615301,0.596539,0.744031,0.456091,0.589403,0.512467,0.38447,0.569232,0.425119,0.539392,0.364795,0.663922,0.525889,0.358371,0.650462,0.214153,0.640751,0.450559,0.423924,0.641717,0.271963,0.533776,0.432296,0.494512,0.651981,0.359283,0.357478,0.561862,0.743566,0.695852,0.698241,0.379963,0.668059,0.666793,0.625305,0.608825,0.272499,0.602052,0.539567,0.63229,0.419073,0.165435,0.736757,0.56342,0.620438,0.457844,0.281594,0.724579,0.425821,0.487991,0.361297,0.273028,0.606463,0.476385,0.613305,0.386964,0.391345,0.555877,0.578073,0.661146,0.405626,0.251039,0.55986,0.63898,0.577009,0.443708,0.094904,0.613066,0.670078,0.55618,0.34029,0.209492,0.609778,0.57381,0.620029,0.393413,0.154891,0.552288,0.598201,0.657744,0.506838,0.328467,0.578439,0.660782,0.604469,0.522098,0.284085
100.0,106.0,86.7,0.0,2.0,36707.0,36807.0,0.445429,0.320533,0.19362,0.261894,0.462629,0.37702,0.326279,0.356218,0.266645,0.557,0.321323,0.39904,0.403146,0.248852,0.648728,0.336943,0.432099,0.257307,0.362282,0.569341,0.355244,0.637862,0.582392,0.405086,0.760202,0.194885,0.623655,0.195357,0.352392,0.411834,0.26095,0.525106,0.194471,0.292725,0.331894,0.342872,0.413479,0.088845,0.243691,0.526273,0.379211,0.598531,0.161489,0.503482,0.705467,0.295208,0.604845,0.247606,0.696407,0.817732,0.390306,0.634383,0.423027,0.581879,0.771771,0.30784,0.647345,0.570113,0.537175,0.618184,0.323651,0.580044,0.596584,0.378468,0.410906,0.359773,0.45286,0.510647,0.380903,0.381473,0.233365,0.513779,0.491702,0.317387,0.365545,0.282054,0.509875,0.364416,0.349502,0.227918,0.563312,0.153693,0.196167,0.223696,0.306532,0.539649,0.422741,0.157979,0.408285,0.706908,0.399354,0.494607,0.087866,0.688502,0.561957,0.510261,0.575326,0.476149,0.505847,0.471648,0.112251,0.517312,0.559811,0.532082,0.31279,0.352466,0.626368,0.570054,0.326423,0.262943,0.251256,0.385429,0.4502,0.487877,0.32643,0.367343,0.673964,0.457505,0.579989,0.796711,0.506598,0.562387,0.592343,0.670094,0.405679,0.4474,0.479802,0.593743,0.555406,0.404629,0.433312,0.038987,0.384577,0.314332,0.535208,0.399077,0.260615,0.331172,0.609856,0.540972,0.372869,0.682262,0.627898,0.32157,0.367746,0.278964,0.585238,0.581143,0.430174,0.165034,0.202204,0.414465,0.532347,0.324871,0.115388,0.115288,0.43985,0.670037,0.429959,0.201127,0.370763,0.714389,0.605477,0.679571,0.409452,0.439058,0.68862,0.687998,0.72375,0.67277,0.602644,0.692707,0.552886,0.842394,0.539183,0.461725,0.787151,0.55715,0.810315,0.580351,0.487211,0.495682,0.671416,0.698262,0.618804,0.409667,0.4863,0.761841,0.485478,0.371322,0.255987,0.432279,0.770316,0.47397,0.249728,0.233738,0.519115,0.711402,0.529088,0.160285,0.331015,0.54373,0.721276,0.484778,0.140492,0.38909,0.813961,0.730544,0.677388,0.464369,0.386559,0.679989,0.72555,0.747657,0.319887,0.501083,0.664167,0.726247,0.75881,0.312073,0.332976,0.566927,0.69489,0.795333,0.365966,0.332833,0.552198,0.743064,0.718626,0.482893,0.143422,0.532434,0.734141,0.661738,0.645202,0.331109,0.551374,0.715173,0.600397,0.400319,0.32039,0.574636,0.672112,0.558006,0.361656,0.226773,0.590156,0.68636,0.533216,0.295058,0.310455,0.75363,0.724186,0.686603,0.342609,0.384474,0.690691,0.681206,0.710432,0.218969,0.2403,0.624748,0.705101,0.576903,0.112399,0.332734,0.644484,0.739932,0.702161,0.317247,0.384155,0.577101,0.65945,0.692589,0.270868,0.321362,0.636384,0.69026,0.693079,0.29703,0.249011,0.676771,0.69906,0.618049,0.330809,0.192737,0.643072,0.622259,0.467799,0.076104,0.218403,0.672347,0.591444,0.40423,0.178768,0.208529,0.623559,0.670056,0.551963,0.128949,0.081009,0.623703,0.71311,0.719229,0.285507,0.162071,0.657336,0.643715,0.700329,0.287378
66.0,106.5,87.0,0.0,0.0,36807.0,36873.0,0.41751,0.244628,0.0,0.127375,0.411286,0.370115,0.251709,0.103625,0.143438,0.428308,0.337811,0.291125,0.163791,0.136695,0.445995,0.37359,0.280827,0.0,0.215951,0.558865,0.460835,0.518769,0.254977,0.311988,0.602078,0.301139,0.661839,0.0,0.269817,0.465478,0.343784,0.540755,0.008556,0.187007,0.39605,0.405015,0.243074,0.0,0.260069,0.614257,0.514776,0.507858,0.049369,0.486009,0.658081,0.528573,0.602408,0.0,0.652283,0.842777,0.518778,0.570939,0.029257,0.449478,0.777541,0.418536,0.482991,0.349874,0.219416,0.520789,0.376868,0.428899,0.349535,0.117308,0.315792,0.303447,0.258689,0.28091,0.214759,0.340415,0.441876,0.64279,0.308945,0.128183,0.51506,0.477288,0.648924,0.284571,0.3675,0.272287,0.652334,0.394789,0.414433,0.652262,0.328895,0.606153,0.568834,0.295007,0.645188,0.478773,0.494056,0.620056,0.213059,0.525941,0.555755,0.447106,0.534912,0.114348,0.180547,0.466598,0.111247,0.533774,0.293332,0.191174,0.285091,0.203455,0.517704,0.219224,0.059708,0.324281,0.08002,0.322217,0.238589,0.198236,0.309212,0.66244,0.841402,0.494847,0.653587,0.721468,0.782274,0.781364,0.563939,0.672482,0.329998,0.709548,0.733513,0.661919,0.809839,0.197819,0.634699,0.521992,0.444079,0.50763,0.513793,0.348366,0.681102,0.407428,0.456363,0.229341,0.188377,0.685138,0.267455,0.133206,0.242529,0.439049,0.599724,0.352869,0.195561,0.097621,0.20476,0.471116,0.250332,0.236673,0.146779,0.169374,0.443561,0.392653,0.420481,0.292049,0.575926,0.717129,0.59188,0.50756,0.386383,0.553403,0.688021,0.650298,0.597934,0.501626,0.684019,0.633426,0.53133,0.70233,0.344162,0.349737,0.52696,0.600397,0.620423,0.347484,0.492837,0.590833,0.634847,0.505873,0.308447,0.474155,0.554764,0.425048,0.343761,0.386524,0.547982,0.473355,0.617068,0.38837,0.206203,0.275308,0.564385,0.482505,0.410518,0.200304,0.197486,0.530453,0.404035,0.427262,0.222204,0.386795,0.625042,0.62761,0.433025,0.402335,0.33549,0.469202,0.55159,0.511299,0.274666,0.439655,0.485343,0.569985,0.60234,0.3718,0.226129,0.524577,0.547548,0.639647,0.277437,0.199506,0.558764,0.623219,0.643607,0.330377,0.200908,0.613264,0.602378,0.692365,0.57046,0.389985,0.52769,0.532076,0.530438,0.419296,0.343768,0.522138,0.529207,0.586359,0.40957,0.138497,0.48125,0.454419,0.489788,0.366785,0.14792,0.537731,0.564227,0.284316,0.259228,0.298953,0.482928,0.463404,0.464505,0.145235,0.052895,0.471617,0.542964,0.432427,0.079545,0.092888,0.660309,0.493912,0.622506,0.24393,0.341664,0.590984,0.465867,0.614569,0.100019,0.286463,0.552816,0.408151,0.632837,0.285473,0.185793,0.560753,0.415759,0.47268,0.277457,0.194187,0.472842,0.341365,0.22377,0.066023,0.079281,0.493869,0.406998,0.270373,0.215514,0.163595,0.504207,0.386988,0.403092,0.184392,0.043164,0.499964,0.417673,0.53336,0.250959,0.025171,0.527825,0.339208,0.40226,0.24238
302.0,102.4,69.8,3.0,2.0,36873.0,37175.0,0.612637,0.177264,0.297113,0.13401,0.498741,0.560239,0.18211,0.317325,0.145834,0.432974,0.506727,0.229033,0.288473,0.20128,0.431568,0.626678,0.213028,0.302667,0.192399,0.573838,0.609812,0.513408,0.310666,0.424434,0.652568,0.337061,0.545056,0.512415,0.191205,0.490931,0.456795,0.439481,0.477965,0.067065,0.428429,0.657687,0.221855,0.318829,0.178642,0.555102,0.738117,0.523407,0.207643,0.413903,0.569731,0.728036,0.6762,0.167233,0.649294,0.766584,0.695814,0.597318,0.259728,0.570794,0.746023,0.614264,0.42261,0.437365,0.610406,0.546164,0.472217,0.274996,0.358804,0.343193,0.444199,0.426911,0.136522,0.283271,0.250307,0.354672,0.317504,0.459982,0.684703,0.29184,0.574261,0.408848,0.523448,0.62758,0.322548,0.282501,0.706024,0.382527,0.313844,0.634974,0.312585,0.740331,0.559972,0.147541,0.665482,0.331024,0.673074,0.630661,0.084486,0.674193,0.681089,0.696263,0.482625,0.265017,0.731608,0.536209,0.437174,0.394674,0.422239,0.608511,0.350848,0.491205,0.312521,0.259954,0.204816,0.331537,0.387748,0.204671,0.18665,0.36236,0.329761,0.418738,0.686398,0.840558,0.435778,0.475985,0.532444,0.66586,0.750246,0.516315,0.441064,0.501202,0.683414,0.656286,0.728573,0.283195,0.736191,0.531097,0.291477,0.629291,0.407228,0.781267,0.523765,0.144,0.434152,0.563982,0.532887,0.478064,0.021709,0.530783,0.288695,0.606115,0.257833,0.257767,0.397982,0.123891,0.412074,0.127721,0.266958,0.30604,0.106948,0.282784,0.0,0.321412,0.256956,0.370573,0.332046,0.508993,0.752097,0.264087,0.289678,0.145871,0.516616,0.768824,0.297104,0.503148,0.378241,0.494326,0.576498,0.54375,0.309757,0.013699,0.253035,0.580115,0.466526,0.141663,0.53532,0.570526,0.577949,0.53593,0.406311,0.405698,0.057066,0.271166,0.389005,0.076525,0.562509,0.0,0.399166,0.303336,0.172982,0.304277,0.0,0.411095,0.232433,0.247915,0.202398,0.0,0.37194,0.267633,0.257131,0.106435,0.472829,0.696217,0.369086,0.475861,0.156894,0.343659,0.660005,0.209553,0.329395,0.432713,0.439423,0.6603,0.359018,0.382476,0.548232,0.597674,0.607513,0.466268,0.346107,0.627515,0.527183,0.585202,0.28862,0.212359,0.470279,0.493675,0.361779,0.256036,0.417168,0.365221,0.00606,0.242829,0.121652,0.42962,0.261104,0.075551,0.364245,0.266452,0.48177,0.116929,0.0,0.382785,0.250251,0.508357,0.119048,0.441864,0.582245,0.159814,0.413178,0.346567,0.406926,0.543562,0.231977,0.248581,0.471456,0.408941,0.571592,0.265351,0.202555,0.494488,0.571084,0.465406,0.296597,0.216407,0.544661,0.310012,0.301898,0.255733,0.283852,0.351217,0.162083,0.276025,0.278816,0.402012,0.219871,0.278293,0.458042,0.200703,0.408677,0.337239,0.465067,0.424147,0.057141,0.16449,0.274821,0.452894,0.4579,0.121543,0.272589,0.364238,0.388115,0.492081,0.122566,0.295394,0.341191,0.39129,0.364981,0.201277,0.300226,0.1724,0.336395,0.383928,0.031285,0.308425
299.0,104.1,70.9,3.0,3.0,37175.0,37474.0,0.580513,0.265344,0.318019,0.234709,0.331394,0.514003,0.145498,0.31155,0.181274,0.393102,0.441895,0.088671,0.254042,0.103549,0.40746,0.579604,0.281698,0.361611,0.209522,0.443556,0.511853,0.245971,0.294548,0.406092,0.583625,0.297138,0.594793,0.408379,0.229447,0.28884,0.414367,0.5046,0.369267,0.184272,0.238682,0.600857,0.323679,0.303438,0.130975,0.340905,0.657159,0.345784,0.35535,0.254473,0.579196,0.592145,0.0,0.419974,0.569682,0.655115,0.587871,0.0,0.390703,0.611102,0.613798,0.53851,0.236885,0.35619,0.691461,0.349573,0.375407,0.319292,0.191035,0.388089,0.337333,0.38586,0.098036,0.095745,0.218869,0.308376,0.259729,0.524203,0.568152,0.314458,0.608172,0.358279,0.533145,0.48525,0.290985,0.293558,0.687772,0.163791,0.143303,0.225068,0.373122,0.627872,0.125976,0.189227,0.377837,0.501532,0.474268,0.3772,0.038408,0.618433,0.720402,0.668176,0.0,0.17059,0.980893,0.541943,0.468637,0.0,0.334302,0.877375,0.376769,0.514653,0.0,0.144387,0.42955,0.222028,0.424166,0.058,0.13285,0.489032,0.29755,0.300198,0.719012,0.671113,0.206747,0.497242,0.413624,0.657025,0.606495,0.383633,0.417344,0.487877,0.590441,0.443715,0.460128,0.417179,0.703551,0.315979,0.265918,0.28367,0.411396,0.675317,0.60118,0.15359,0.365992,0.737121,0.611368,0.182087,0.098669,0.790852,0.463635,0.519043,0.044921,0.381405,0.617568,0.243276,0.395758,0.201963,0.375452,0.434438,0.174496,0.263332,0.151389,0.330192,0.379983,0.433134,0.154796,0.752843,0.726536,0.0,0.24613,0.074689,0.778045,0.708834,0.140818,0.557549,0.401828,0.774761,0.400576,0.322179,0.344092,0.161184,0.722118,0.27525,0.214394,0.068926,0.360432,0.576896,0.294571,0.417486,0.487427,0.13779,0.324062,0.524541,0.162565,0.251342,0.212895,0.288137,0.579491,0.309116,0.235317,0.200701,0.32342,0.458717,0.36421,0.38442,0.276212,0.439623,0.410737,0.276012,0.263221,0.0,0.762578,0.739719,0.170818,0.409786,0.104727,0.672165,0.643915,0.018338,0.293997,0.0,0.71472,0.634734,0.169304,0.415829,0.317425,0.720033,0.432484,0.296588,0.359291,0.502572,0.636001,0.463065,0.262414,0.214931,0.286234,0.586411,0.384841,0.064092,0.496095,0.189485,0.453189,0.581339,0.0,0.545544,0.129289,0.511332,0.513987,0.119182,0.54377,0.200231,0.463706,0.526493,0.266488,0.443073,0.0,0.665175,0.577231,0.0,0.448107,0.0,0.67197,0.559117,0.0,0.236782,0.330119,0.653043,0.554557,0.053389,0.196927,0.4453,0.74018,0.424063,0.085489,0.259814,0.440072,0.649685,0.508449,0.044734,0.382416,0.236185,0.609971,0.525421,0.0,0.386733,0.138994,0.586382,0.622597,0.0,0.317909,0.114824,0.647518,0.479177,0.123817,0.284247,0.097443,0.646378,0.481131,0.0,0.278884,0.268145,0.616058,0.53869,0.065869,0.279744,0.147134,0.642594,0.541621,0.0,0.284577,0.039293,0.671263,0.535855,0.133433,0.265573
267.0,105.1,75.3,2.0,13.0,37474.0,37741.0,0.552864,0.614788,0.559911,0.398218,0.34225,0.464519,0.53012,0.482239,0.296366,0.368758,0.423264,0.540217,0.31319,0.267223,0.422958,0.50035,0.649649,0.615478,0.26317,0.418873,0.419335,0.628778,0.507593,0.403688,0.604593,0.473304,0.82245,0.509672,0.448342,0.461915,0.550278,0.784338,0.508529,0.374453,0.388431,0.565653,0.686436,0.599984,0.105833,0.443166,0.521204,0.673377,0.631979,0.217517,0.483574,0.448105,0.554913,0.696705,0.505564,0.545066,0.393874,0.511857,0.505353,0.33209,0.629868,0.429292,0.553699,0.427234,0.213667,0.383233,0.400171,0.649407,0.382394,0.2566,0.290513,0.484324,0.531585,0.197,0.277843,0.339354,0.616854,0.801461,0.32435,0.555455,0.747071,0.642924,0.801715,0.489476,0.415285,0.447063,0.681062,0.50451,0.562215,0.228975,0.406039,0.508742,0.514517,0.755167,0.13384,0.695768,0.550485,0.528328,0.583013,0.446859,0.618844,0.614136,0.407948,0.369861,0.51216,0.443025,0.458214,0.478486,0.48376,0.437572,0.299359,0.576071,0.629905,0.342052,0.23681,0.19207,0.525614,0.504394,0.18818,0.378901,0.331524,0.747548,0.893736,0.428706,0.566364,0.642178,0.815998,0.812395,0.371626,0.517092,0.593824,0.751809,0.742828,0.407841,0.348752,0.516369,0.6345,0.362119,0.351439,0.102549,0.524702,0.515661,0.612385,0.525739,0.279344,0.382106,0.657371,0.60907,0.36393,0.340406,0.266735,0.570631,0.454926,0.49246,0.396309,0.192739,0.588246,0.573674,0.424836,0.386943,0.188905,0.491067,0.584278,0.226281,0.602603,0.396546,0.624692,0.864613,0.490686,0.480046,0.40919,0.623246,0.838246,0.505775,0.39179,0.624651,0.702627,0.828656,0.23575,0.257145,0.473105,0.687354,0.817962,0.380901,0.145837,0.17581,0.264547,0.788932,0.417198,0.456722,0.501014,0.390147,0.41071,0.535949,0.31389,0.26819,0.509493,0.49463,0.59696,0.451321,0.202974,0.331764,0.61472,0.419194,0.612293,0.380887,0.461498,0.676985,0.319245,0.618912,0.269356,0.457956,0.753963,0.63485,0.417219,0.479709,0.327148,0.615965,0.494833,0.401339,0.25784,0.373853,0.626194,0.493428,0.380454,0.372459,0.152813,0.743714,0.634136,0.299419,0.182756,0.338763,0.712415,0.671262,0.60802,0.263111,0.296238,0.65487,0.548975,0.579351,0.48389,0.0,0.511694,0.597501,0.478248,0.475005,0.084978,0.600515,0.531884,0.543721,0.548957,0.077674,0.657978,0.394282,0.597531,0.446719,0.345823,0.633826,0.516576,0.357446,0.294442,0.32723,0.608658,0.455636,0.407642,0.200156,0.013898,0.618404,0.483702,0.326866,0.12864,0.136185,0.74383,0.566804,0.516078,0.200631,0.0,0.671333,0.586925,0.59555,0.371176,0.0,0.623992,0.516447,0.583271,0.404891,0.12853,0.631039,0.520302,0.540496,0.345191,0.396726,0.58484,0.44073,0.436775,0.360559,0.21951,0.598109,0.418767,0.289732,0.23876,0.277838,0.579242,0.516719,0.466934,0.277827,0.186853,0.597983,0.480258,0.616805,0.353019,0.21403,0.659681,0.485906,0.569293,0.39147
266.0,98.5,79.6,16.0,17.0,4086.0,4352.0,0.661774,0.693069,0.412178,0.364696,0.59151,0.61947,0.67652,0.495431,0.317965,0.559528,0.587474,0.6962,0.457994,0.328301,0.642902,0.57732,0.740823,0.460479,0.264028,0.547652,0.530136,0.79618,0.453231,0.379071,0.66397,0.153686,0.753554,0.266987,0.516479,0.666178,0.245796,0.748496,0.272198,0.441711,0.514785,0.490905,0.772972,0.447887,0.326272,0.591865,0.590779,0.863138,0.503181,0.406048,0.551218,0.570921,0.864196,0.526834,0.584237,0.528264,0.5443,0.821226,0.39141,0.443162,0.630024,0.494429,0.788961,0.602861,0.570629,0.500389,0.487659,0.693012,0.442085,0.507672,0.452994,0.483525,0.53221,0.473104,0.615906,0.482849,0.32336,0.644352,0.322905,0.531188,0.38728,0.257339,0.71756,0.442686,0.58251,0.382863,0.557232,0.745256,0.711094,0.695458,0.543502,0.49368,0.807564,0.782041,0.654451,0.612165,0.630155,0.898416,0.6503,0.558798,0.261368,0.65163,0.769728,0.330071,0.754565,0.469293,0.45329,0.690235,0.26658,0.688167,0.346727,0.51493,0.700602,0.286943,0.483285,0.285618,0.558461,0.574796,0.049474,0.541503,0.443131,0.565164,0.746106,0.52247,0.756833,0.500023,0.645749,0.740033,0.498516,0.823954,0.631793,0.612732,0.808789,0.622702,0.863546,0.649047,0.47945,0.790099,0.859648,0.770005,0.791475,0.478055,0.909058,0.65993,0.674675,0.145269,0.594776,0.614767,0.171195,0.919901,0.460813,0.39072,0.444062,0.387161,0.86808,0.326119,0.564775,0.611423,0.35659,0.629298,0.353501,0.623645,0.511447,0.055725,0.629408,0.480236,0.700188,0.696268,0.560017,0.872143,0.333213,0.708161,0.819919,0.5063,0.895208,0.718367,0.878909,0.845208,0.336954,0.924837,0.721083,0.767081,0.816905,0.386944,0.763309,0.478692,0.471982,0.986912,0.877074,0.469672,0.489901,0.182335,0.752244,0.464185,0.997022,0.652829,0.32873,0.618355,0.616629,1.0,0.330328,0.479244,0.638296,0.407955,1.0,0.590276,0.577601,0.570512,0.170054,0.956733,0.360535,0.837507,0.753074,0.526374,0.883765,0.558837,0.863981,0.776763,0.458998,0.907473,0.30916,0.834868,0.880577,0.402795,0.880824,0.446522,0.665105,0.996441,0.609051,0.678226,0.370242,0.617489,0.880905,0.860149,0.626835,0.398006,0.308092,0.822831,0.594365,0.694262,0.479183,0.51689,0.815166,0.589596,0.919468,0.701443,0.583512,0.80011,0.515058,0.973089,0.728451,0.535844,0.632505,0.437855,0.959234,0.601378,0.739002,0.691131,0.383919,0.889967,0.240158,0.767726,0.677846,0.24362,0.793072,0.218559,0.685487,0.738933,0.394863,0.695688,0.180094,0.664833,0.813223,0.604186,0.794924,0.199597,0.628756,0.828936,0.388041,0.871432,0.365169,0.587831,0.757683,0.359998,0.958958,0.449243,0.57651,0.680032,0.410666,0.947713,0.419668,0.719346,0.662984,0.160924,0.523916,0.233471,0.655252,0.649304,0.300866,0.494183,0.218375,0.631957,0.647794,0.300861,0.621241,0.192421,0.596857,0.67133,0.338593,0.93488,0.250635,0.659332,0.70657,0.250148,0.799051,0.282198
164.0,102.8,68.8,2.0,5.0,37741.0,37905.0,0.643675,0.507773,0.668589,0.546814,0.367295,0.587504,0.436676,0.681752,0.49597,0.325106,0.573067,0.438322,0.629077,0.528223,0.441587,0.611811,0.557524,0.716571,0.582604,0.417308,0.624832,0.595708,0.715233,0.620774,0.4341,0.553452,0.774625,0.540915,0.763526,0.552893,0.634222,0.731113,0.543301,0.627352,0.485269,0.655087,0.596176,0.654696,0.431888,0.507647,0.625018,0.602233,0.712819,0.500025,0.393502,0.564861,0.522976,0.841355,0.621588,0.498687,0.578968,0.48333,0.728285,0.594684,0.439398,0.571241,0.49606,0.608784,0.72187,0.303785,0.570485,0.528723,0.446521,0.730508,0.323858,0.583047,0.504588,0.428801,0.672823,0.353684,0.63892,0.715199,0.40192,0.60734,0.777461,0.678223,0.725801,0.446358,0.56931,0.434157,0.734866,0.462612,0.578771,0.397117,0.504033,0.562217,0.491761,0.814278,0.346733,0.586006,0.519654,0.435487,0.904264,0.542058,0.425206,0.608728,0.325003,0.559131,0.647625,0.186517,0.44586,0.345932,0.45338,0.572294,0.120087,0.615811,0.686662,0.404061,0.44693,0.151742,0.562622,0.565086,0.307144,0.524384,0.271644,0.676907,0.739305,0.400218,0.878105,0.475932,0.755526,0.652216,0.232747,0.68893,0.619402,0.681458,0.606054,0.432976,0.624284,0.511988,0.631124,0.241494,0.341869,0.273352,0.642179,0.471139,0.369674,0.579211,0.25948,0.49025,0.500741,0.614763,0.408327,0.484436,0.182533,0.580502,0.537009,0.366441,0.498456,0.07855,0.630681,0.612076,0.484243,0.481179,0.147276,0.478358,0.634886,0.449317,0.642659,0.367602,0.461925,0.693867,0.454349,0.862882,0.444135,0.437175,0.542814,0.419395,0.644531,0.620441,0.53649,0.517836,0.248102,0.457626,0.622158,0.547994,0.522904,0.447106,0.321056,0.107596,0.25426,0.715826,0.578089,0.508489,0.747144,0.340079,0.530897,0.071938,0.227527,0.369695,0.535742,0.685368,0.48795,0.475462,0.239163,0.345354,0.709228,0.455285,0.688417,0.255502,0.479105,0.712393,0.47635,0.813262,0.206995,0.384394,0.704625,0.640498,0.744152,0.575058,0.398634,0.559277,0.392724,0.567145,0.283511,0.450613,0.491359,0.39473,0.484631,0.502048,0.3478,0.723729,0.647635,0.11924,0.325994,0.378821,0.652978,0.623973,0.520707,0.416443,0.352691,0.685175,0.429194,0.497307,0.726249,0.443157,0.708854,0.56357,0.504251,0.494957,0.435643,0.766709,0.550473,0.644384,0.528418,0.303104,0.770671,0.499986,0.755193,0.402722,0.318165,0.619181,0.596428,0.679204,0.442624,0.402983,0.503967,0.440217,0.600134,0.410073,0.24553,0.492181,0.420665,0.406097,0.272032,0.304004,0.6499,0.431978,0.468804,0.319913,0.339959,0.722815,0.465041,0.604102,0.384897,0.403901,0.765099,0.440206,0.70422,0.439997,0.32374,0.723216,0.543663,0.766275,0.382442,0.358577,0.499872,0.528609,0.467819,0.349658,0.182552,0.560749,0.439823,0.376622,0.313794,0.277581,0.514514,0.447239,0.468435,0.370023,0.343146,0.593154,0.438638,0.724201,0.327752,0.300215,0.590982,0.464499,0.612723,0.421216
366.0,100.7,64.9,5.0,4.0,37905.0,38271.0,0.917711,0.797091,0.745897,0.507639,0.427824,0.892421,0.80055,0.791119,0.498237,0.433441,0.882388,0.796394,0.753172,0.568981,0.574251,0.877528,0.765333,0.753627,0.550482,0.398831,0.844399,0.800696,0.809205,0.639013,0.520283,0.773394,0.746384,0.629906,0.688448,0.587209,0.827737,0.699923,0.609398,0.561861,0.470114,0.906553,0.741261,0.692501,0.479778,0.339252,0.843076,0.778418,0.700057,0.45232,0.234432,0.761948,0.734382,0.681047,0.415217,0.466458,0.784836,0.720025,0.728947,0.49954,0.472842,0.773778,0.672929,0.791226,0.665474,0.33698,0.771325,0.650362,0.760914,0.685618,0.357489,0.751707,0.564263,0.751132,0.585634,0.359134,0.678289,0.485347,0.530185,0.193532,0.801302,0.750285,0.559341,0.567396,0.41654,0.374228,0.892564,0.620354,0.611645,0.460865,0.461515,0.798928,0.622778,0.590318,0.318087,0.29167,0.592135,0.50561,0.623584,0.20102,0.185156,0.76341,0.488242,0.601138,0.587349,0.260156,0.500742,0.461041,0.70268,0.498953,0.173592,0.636221,0.540035,0.738329,0.414247,0.182389,0.51067,0.419673,0.644523,0.4807,0.187603,0.579,0.612721,0.472233,0.617739,0.449167,0.743882,0.562099,0.478506,0.554509,0.526197,0.622231,0.563425,0.620216,0.658264,0.352421,0.700532,0.398654,0.615156,0.559465,0.698722,0.494232,0.226874,0.396234,0.254123,0.680723,0.4618,0.507641,0.621603,0.432218,0.128455,0.482338,0.444477,0.705265,0.438603,0.11914,0.567542,0.620422,0.749861,0.377424,0.092029,0.538208,0.645198,0.7049,0.497626,0.321741,0.554765,0.795879,0.556946,0.708004,0.372229,0.314824,0.633593,0.561361,0.558287,0.67741,0.486907,0.48309,0.412581,0.559359,0.661445,0.360449,0.205153,0.455898,0.572842,0.314023,0.489434,0.47012,0.547728,0.209861,0.525208,0.378268,0.609352,0.479458,0.0,0.396204,0.428176,0.74119,0.658797,0.254602,0.155777,0.467448,0.816237,0.685193,0.522724,0.190113,0.657023,0.902774,0.699379,0.735915,0.141513,0.640268,0.866623,0.71565,0.721167,0.621945,0.560604,0.678269,0.56746,0.491139,0.446009,0.57797,0.516642,0.477723,0.487322,0.579158,0.511272,0.432973,0.458087,0.078355,0.388523,0.476727,0.521479,0.540498,0.149526,0.332592,0.293845,0.620734,0.38314,0.172641,0.756632,0.634032,0.799717,0.624934,0.372379,0.32924,0.677367,0.91149,0.647743,0.561372,0.3516,0.719812,0.96971,0.726833,0.761946,0.228334,0.653098,0.813785,0.629645,0.633547,0.553979,0.651414,0.644737,0.536418,0.476533,0.46511,0.567523,0.538619,0.518227,0.350627,0.353086,0.62099,0.657305,0.438384,0.222819,0.308025,0.695198,0.790487,0.51493,0.417539,0.215434,0.709247,0.910838,0.554356,0.624171,0.155121,0.726378,0.900305,0.679963,0.755708,0.212053,0.74687,0.729914,0.500164,0.323201,0.363958,0.636311,0.707537,0.497576,0.258606,0.375427,0.710403,0.718575,0.469141,0.282987,0.361292,0.716497,0.830672,0.532813,0.678601,0.180605,0.742936,0.808047,0.535829,0.587898,0.320378
698.0,104.0,71.8,6.0,4.0,38271.0,38969.0,0.915061,0.800931,1.0,0.394617,0.416013,0.889187,0.800851,1.0,0.453561,0.558017,0.878802,0.797431,0.968328,0.511716,0.633046,0.86475,0.79242,1.0,0.459685,0.459312,0.823124,0.799136,0.998353,0.488272,0.701238,0.738109,0.70614,0.994442,0.444518,0.362773,0.799578,0.684706,1.0,0.421275,0.257089,0.881783,0.771153,1.0,0.481089,0.304957,0.804441,0.813002,1.0,0.547772,0.62061,0.723118,0.74766,1.0,0.568811,0.819894,0.750423,0.709586,0.962579,0.389655,0.706716,0.744362,0.665099,0.981977,0.357959,0.479199,0.757027,0.63757,0.972463,0.174261,0.331393,0.737651,0.497561,0.969701,0.307038,0.367846,0.605574,0.3901,0.806972,0.283328,0.557699,0.691073,0.489278,0.905416,0.223006,0.136933,0.862457,0.59015,0.983623,0.356225,0.22354,0.766422,0.63317,0.994722,0.350618,0.22279,0.573738,0.547094,0.799341,0.170136,0.485299,0.779232,0.56012,0.769432,0.366133,0.469404,0.415814,0.503895,0.698987,0.304096,0.226363,0.524196,0.488543,0.84005,0.199607,0.236241,0.378489,0.421737,0.85522,0.273425,0.24128,0.478679,0.610485,0.629486,0.466964,0.485791,0.709809,0.508267,0.627617,0.435998,0.214681,0.651388,0.441133,0.595826,0.432637,0.283266,0.712947,0.296836,0.741008,0.35865,0.182802,0.500267,0.399803,0.553405,0.503445,0.756199,0.565937,0.554087,0.520577,0.182537,0.250733,0.300808,0.428276,0.721112,0.372009,0.171227,0.304719,0.625832,0.828965,0.284071,0.137138,0.364854,0.618613,0.815092,0.412883,0.260264,0.459753,0.758096,0.597553,0.516282,0.453001,0.292805,0.651868,0.532844,0.503229,0.593127,0.509549,0.513956,0.341933,0.493131,0.45026,0.468915,0.307474,0.379578,0.455771,0.504001,0.604487,0.314921,0.60004,0.325825,0.433184,0.468252,0.534914,0.664462,0.275841,0.359707,0.154577,0.583962,0.697655,0.426786,0.163824,0.337304,0.734002,0.735345,0.499212,0.286724,0.5805,0.840532,0.754403,0.537717,0.101339,0.561615,0.81662,0.703889,0.533082,0.571354,0.404037,0.606683,0.534621,0.583844,0.309487,0.499463,0.525059,0.409099,0.532538,0.293327,0.271602,0.314761,0.430758,0.113375,0.132153,0.387779,0.399126,0.620299,0.264476,0.066585,0.234558,0.397718,0.301418,0.336346,0.518906,0.569458,0.637726,0.628923,0.320418,0.340915,0.616619,0.781795,0.644527,0.537234,0.397124,0.659113,0.885799,0.78847,0.620519,0.187306,0.610984,0.79081,0.675758,0.397088,0.420964,0.591129,0.619279,0.51418,0.367041,0.241864,0.481109,0.460555,0.507689,0.277085,0.209597,0.526796,0.482262,0.453172,0.336428,0.108485,0.653283,0.644416,0.529364,0.438047,0.151815,0.659797,0.731865,0.572415,0.517257,0.235607,0.68,0.798965,0.686477,0.584996,0.229448,0.728959,0.719523,0.55857,0.260329,0.305636,0.603788,0.664616,0.516757,0.182414,0.258946,0.676622,0.641252,0.523872,0.262176,0.197246,0.687359,0.782885,0.624851,0.54279,0.120906,0.72028,0.780052,0.596482,0.485574,0.234058
132.0,107.0,84.3,4.0,8.0,38969.0,39101.0,0.565711,0.528081,0.581705,0.167494,0.246925,0.545502,0.525867,0.638681,0.265064,0.419448,0.534548,0.523958,0.600236,0.362063,0.435525,0.508802,0.586731,0.559331,0.110008,0.282035,0.585247,0.661702,0.607711,0.368326,0.539795,0.122337,0.603659,0.659505,0.350714,0.426194,0.300839,0.542103,0.619164,0.288361,0.188686,0.459104,0.549795,0.494226,0.109116,0.188171,0.505641,0.647869,0.408289,0.257561,0.327992,0.51928,0.642886,0.305817,0.436087,0.628522,0.570943,0.599629,0.464781,0.253547,0.412464,0.579103,0.614774,0.746989,0.262618,0.365948,0.625893,0.627806,0.808967,0.276038,0.322959,0.62562,0.574452,0.823138,0.482088,0.402324,0.208978,0.38241,0.711293,0.394868,0.498858,0.207646,0.444676,0.693457,0.315961,0.18325,0.545207,0.398553,0.545156,0.315319,0.026609,0.349813,0.467332,0.481209,0.257008,0.070303,0.152527,0.557832,0.5359,0.325352,0.219788,0.666227,0.554212,0.637422,0.359757,0.26755,0.418774,0.463474,0.605106,0.356129,0.159938,0.623599,0.644356,0.761592,0.162993,0.21,0.549324,0.547178,0.791555,0.339038,0.281533,0.347533,0.460921,0.742298,0.656059,0.533137,0.470085,0.456636,0.68512,0.541659,0.431347,0.295098,0.491715,0.657638,0.644618,0.412297,0.319436,0.232444,0.64676,0.463763,0.0,0.184863,0.53312,0.768132,0.59681,0.612933,0.701007,0.661842,0.438835,0.400422,0.334781,0.505529,0.444016,0.630755,0.428907,0.144423,0.436606,0.586553,0.826403,0.369105,0.221775,0.485204,0.418962,0.865689,0.418407,0.297872,0.43021,0.520023,0.784399,0.552702,0.533695,0.411449,0.533867,0.761895,0.559149,0.760077,0.593184,0.69533,0.630164,0.442746,0.460475,0.617098,0.772893,0.70275,0.036176,0.535027,0.576748,0.599286,0.677183,0.55911,0.463595,0.455024,0.630926,0.693814,0.70529,0.477731,0.394283,0.459016,0.787084,0.507246,0.290235,0.159111,0.370052,0.803367,0.483667,0.392758,0.415085,0.396002,0.879889,0.497415,0.190089,0.463727,0.611471,0.856512,0.484822,0.657659,0.361596,0.554105,0.779366,0.488144,0.606537,0.493094,0.68876,0.722209,0.427919,0.505661,0.295004,0.68079,0.601176,0.090086,0.457716,0.334277,0.642443,0.689721,0.490555,0.484648,0.199046,0.568518,0.728653,0.647204,0.644023,0.303307,0.437045,0.843776,0.451017,0.61247,0.261176,0.450224,0.794656,0.516317,0.535153,0.268775,0.460419,0.905139,0.565102,0.353794,0.409982,0.591961,0.825309,0.331662,0.589281,0.489595,0.55451,0.71701,0.42282,0.378482,0.311963,0.506107,0.781905,0.300673,0.299506,0.356576,0.537079,0.842127,0.440434,0.388224,0.427342,0.494643,0.873979,0.503838,0.509157,0.35994,0.469662,0.867584,0.556397,0.474157,0.248028,0.496348,0.92579,0.605679,0.376933,0.385441,0.507848,0.836198,0.170612,0.362997,0.35049,0.531163,0.679321,0.223582,0.317002,0.409586,0.451915,0.879342,0.294505,0.323228,0.338647,0.54822,0.918081,0.511209,0.198437,0.367512,0.511098,0.881976,0.43464,0.326351
100.0,106.0,85.3,1.0,3.0,39101.0,39201.0,0.459579,0.531108,0.619285,0.203603,0.365859,0.422063,0.543161,0.696295,0.236013,0.400934,0.481449,0.582523,0.654776,0.255505,0.487213,0.37256,0.558577,0.635528,0.131782,0.354388,0.497304,0.710437,0.64371,0.255602,0.649486,0.531449,0.738402,0.757707,0.408331,0.471351,0.535444,0.646064,0.663319,0.31429,0.279635,0.473952,0.553879,0.59501,0.142309,0.375916,0.401363,0.643222,0.482976,0.239985,0.420878,0.402609,0.674684,0.361259,0.313412,0.673019,0.506196,0.717394,0.502729,0.038228,0.617319,0.573179,0.770502,0.663485,0.185593,0.515866,0.700475,0.788615,0.741084,0.200389,0.465978,0.807154,0.762491,0.792277,0.388557,0.433234,0.66732,0.777521,0.957978,0.557197,0.528845,0.623756,0.715241,0.915858,0.427458,0.238908,0.673332,0.554599,0.754237,0.322447,0.265319,0.37292,0.544273,0.525396,0.310664,0.487816,0.253774,0.660432,0.600712,0.212523,0.454516,0.701822,0.719356,0.520417,0.208461,0.453699,0.545653,0.694689,0.481675,0.135153,0.21457,0.912918,0.820947,0.725257,0.179401,0.363051,0.900892,0.70999,0.738973,0.342833,0.487425,0.862953,0.865618,1.0,0.520096,0.539937,0.850942,0.745266,0.945477,0.472524,0.53194,0.633025,0.615305,0.880513,0.572303,0.549446,0.518411,0.563156,0.808798,0.416108,0.391126,0.456766,0.751876,0.758338,0.291708,0.681356,0.83093,0.838464,0.180026,0.351981,0.377721,0.762915,0.711168,0.471734,0.352222,0.190852,0.844257,0.785117,0.711508,0.327065,0.229998,0.85471,0.674931,0.84021,0.237234,0.234578,0.895385,0.828456,1.0,0.466582,0.256612,0.823284,0.770169,1.0,0.409179,0.744827,0.744532,0.821238,0.85316,0.315692,0.396567,0.742666,0.841862,0.831257,0.280339,0.425322,0.692842,0.677263,0.757742,0.657436,0.375932,0.874627,0.812474,0.297776,0.549931,0.279396,0.828399,0.657867,0.622427,0.390712,0.326273,0.56919,0.662493,0.758465,0.44125,0.340187,0.656746,0.633173,0.948374,0.414237,0.273268,0.802298,0.801203,1.0,0.354749,0.340485,0.758985,0.817291,0.965281,0.376197,0.435403,0.758877,0.863263,0.932317,0.352122,0.460595,0.589208,0.911367,0.746655,0.57093,0.326021,0.710792,0.7794,0.743972,0.720198,0.322775,0.636383,0.797618,0.728693,0.6271,0.387408,0.654707,0.778567,0.826168,0.52928,0.309357,0.596459,0.782136,0.830331,0.505854,0.364311,0.529507,0.666065,0.945238,0.502779,0.277026,0.642888,0.747842,0.94406,0.444173,0.406056,0.787282,0.761925,0.843519,0.409307,0.289434,0.657949,0.834947,0.907398,0.394816,0.192118,0.675217,0.858005,0.924866,0.64842,0.237372,0.683004,0.853754,0.949852,0.616199,0.290107,0.587272,0.785701,0.944087,0.594801,0.294815,0.467767,0.756285,0.987893,0.652958,0.191003,0.575257,0.702941,1.0,0.36291,0.314281,0.573523,0.711179,0.769144,0.320648,0.3001,0.587863,0.696339,0.985623,0.38196,0.293746,0.526153,0.778846,1.0,0.670153,0.171464,0.554638,0.728849,0.985519,0.524414,0.344386
1031.0,106.4,74.4,6.0,31.0,39201.0,40232.0,0.546082,0.69702,0.689395,0.412454,0.422986,0.421353,0.612747,0.768946,0.386766,0.4701,0.405937,0.562243,0.755147,0.320423,0.517235,0.478181,0.724273,0.707171,0.477116,0.327147,0.299524,0.629915,0.799891,0.428162,0.546831,0.661141,0.856798,0.719976,0.412664,0.56216,0.67621,0.826977,0.628372,0.419644,0.361327,0.61085,0.779262,0.647153,0.451194,0.39323,0.524565,0.783233,0.653995,0.524931,0.441751,0.431284,0.673626,0.70336,0.614003,0.76275,0.381953,0.63701,0.800356,0.366664,0.573832,0.35874,0.646773,0.904956,0.384327,0.520275,0.559416,0.501257,0.855773,0.25025,0.492072,0.73727,0.481338,0.851916,0.497606,0.460371,0.767776,0.848946,0.884727,0.451063,0.677067,0.735463,0.813806,0.815643,0.395333,0.227488,0.806039,0.742501,0.655019,0.267833,0.314735,0.692738,0.740589,0.659402,0.277027,0.640112,0.719358,0.747866,0.727925,0.361588,0.680886,0.743953,0.575069,0.731638,0.291794,0.567581,0.34519,0.518822,0.880086,0.377942,0.241682,0.856609,0.62404,0.813079,0.334288,0.388454,0.873348,0.444124,0.726553,0.449088,0.531389,0.899554,0.910001,0.938772,0.575811,0.731813,0.847382,0.796228,0.860856,0.386439,0.488215,0.639782,0.662268,0.769431,0.395039,0.446209,0.744098,0.69822,0.675283,0.0,0.533774,0.796144,0.686927,0.540529,0.372645,0.647056,0.803447,0.702564,0.615112,0.491794,0.472253,0.728538,0.547159,0.758423,0.497605,0.272442,0.793702,0.6678,0.753602,0.371149,0.263335,0.843706,0.631326,0.797647,0.378873,0.20291,0.922859,0.941629,0.923275,0.661026,0.51304,0.778334,0.903314,0.915993,0.4819,0.626284,0.673282,0.743398,0.698596,0.417982,0.322116,0.681341,0.474661,0.559359,0.456496,0.500086,0.772914,0.611872,0.711169,0.593696,0.400583,0.90959,0.747718,0.421594,0.612557,0.448524,0.853745,0.788722,0.615181,0.564719,0.354754,0.621409,0.800376,0.684847,0.628452,0.372218,0.641356,0.7786,0.726215,0.6304,0.327676,0.800908,0.944124,0.919907,0.585297,0.482704,0.787673,0.941022,0.875421,0.554302,0.332567,0.761407,0.906931,0.835931,0.418008,0.31812,0.829762,0.84926,0.756851,0.656176,0.366243,0.922781,0.747184,0.846205,0.756681,0.306908,0.802641,0.75992,0.618367,0.688302,0.496918,0.85514,0.847913,0.652369,0.739239,0.370283,0.73499,0.89128,0.678405,0.788379,0.509259,0.602677,0.818063,0.698745,0.759159,0.379106,0.672064,0.855482,0.83295,0.594751,0.505204,0.802719,0.867357,0.758236,0.533122,0.3063,0.740583,0.896225,0.805184,0.462754,0.176394,0.821135,0.868339,0.802054,0.762276,0.326984,0.827289,0.929373,0.689603,0.828552,0.278516,0.7352,0.907019,0.664535,0.806371,0.393642,0.667757,0.87665,0.708061,0.883376,0.295234,0.648229,0.811118,0.757428,0.503746,0.395608,0.630147,0.789128,0.61773,0.381299,0.280604,0.69098,0.756819,0.746013,0.55046,0.338599,0.651749,0.870813,0.691937,0.817987,0.301825,0.65976,0.825586,0.666431,0.772365,0.473561
166.0,103.8,73.6,4.0,7.0,40232.0,40398.0,0.843395,0.911887,0.688901,0.424041,0.178269,0.818226,0.855124,0.749625,0.447836,0.207018,0.834121,0.836744,0.731471,0.427128,0.316178,0.822537,0.931499,0.673657,0.467982,0.159846,0.846222,0.851691,0.7091,0.471103,0.230036,0.627102,0.863444,0.415455,0.261185,0.293661,0.700169,0.860282,0.435871,0.362574,0.140304,0.819593,0.924136,0.590152,0.447997,0.324628,0.899434,1.0,0.593786,0.591984,0.348366,0.938344,0.985518,0.610701,0.682539,0.575057,0.872723,0.867913,0.666001,0.396066,0.40867,0.805823,0.807901,0.791245,0.202282,0.310982,0.793979,0.672159,0.758456,0.187684,0.317898,0.794041,0.706945,0.729267,0.405307,0.316782,0.618093,0.58293,0.418908,0.201235,0.697626,0.595856,0.696788,0.368623,0.28606,0.165305,0.814063,0.779902,0.461312,0.28426,0.257923,0.876766,0.911198,0.519911,0.290984,0.476069,0.921515,0.936706,0.818481,0.500506,0.725288,0.952832,0.770075,0.73233,0.303117,0.384522,0.649876,0.593544,0.83288,0.296913,0.230478,0.747164,0.53163,0.69776,0.057132,0.228487,0.76984,0.383388,0.549388,0.040349,0.355479,0.713524,0.622269,0.543132,0.376527,0.750847,0.668606,0.614526,0.447585,0.375118,0.333342,0.40913,0.592236,0.449484,0.49807,0.223083,0.679212,0.640733,0.261991,0.166932,0.7353,0.852107,0.825891,0.662818,0.606385,0.597076,0.807345,0.532366,0.681794,0.36528,0.419369,0.613759,0.4135,0.727682,0.307697,0.275379,0.54127,0.460194,0.665754,0.145631,0.191052,0.626797,0.470197,0.6673,0.266171,0.197672,0.818498,0.838027,0.693684,0.415924,0.428562,0.628291,0.764395,0.73523,0.354355,0.62264,0.635726,0.67618,0.492803,0.335217,0.546177,0.625105,0.676123,0.524568,0.302616,0.580878,0.745128,0.702896,0.805101,0.534694,0.594568,0.678673,0.708931,0.596514,0.107019,0.484334,0.679501,0.734893,0.716177,0.270623,0.40445,0.506838,0.736879,0.627773,0.257695,0.372847,0.573246,0.730285,0.590285,0.384414,0.237082,0.757496,0.891391,0.829264,0.372025,0.527146,0.626037,0.779645,0.881967,0.504582,0.364925,0.596732,0.724167,0.832945,0.510534,0.367666,0.71934,0.854472,0.877146,0.336607,0.304132,0.835601,0.802674,0.858231,0.361143,0.306985,0.572537,0.735845,0.674923,0.361633,0.524591,0.669822,0.73208,0.761805,0.369394,0.557567,0.596756,0.773375,0.648681,0.433706,0.51568,0.536045,0.778112,0.627822,0.417275,0.373835,0.711152,0.856342,0.821684,0.279882,0.403579,0.713363,0.769171,0.770902,0.326031,0.29053,0.582083,0.733189,0.83883,0.287609,0.129337,0.700797,0.828666,0.832512,0.339884,0.22379,0.705958,0.837918,0.74189,0.453675,0.204513,0.623765,0.829819,0.696596,0.444243,0.387226,0.604882,0.842454,0.759425,0.364561,0.310169,0.694038,0.816839,0.745626,0.122527,0.290674,0.626091,0.750611,0.675782,0.11712,0.196704,0.690273,0.761788,0.781448,0.323737,0.204255,0.593156,0.823788,0.681957,0.459493,0.194883,0.68388,0.876051,0.693765,0.366818,0.365923
465.0,107.8,79.9,3.0,5.0,40398.0,40863.0,0.843986,0.664435,0.594134,0.285402,0.166411,0.839633,0.613285,0.606831,0.257734,0.21423,0.868091,0.610365,0.554066,0.260123,0.296121,0.81215,0.653281,0.580955,0.233234,0.229685,0.895797,0.622233,0.487193,0.359603,0.390968,0.472801,0.643422,0.550269,0.395149,0.303663,0.582187,0.590745,0.569547,0.399626,0.20506,0.771276,0.592129,0.593289,0.286169,0.387314,0.873699,0.779609,0.527224,0.356617,0.424191,0.942504,0.778638,0.430583,0.422995,0.244836,0.916573,0.616386,0.393733,0.375563,0.357952,0.895989,0.53676,0.595153,0.398464,0.35591,0.896575,0.572474,0.507259,0.092433,0.308505,0.866369,0.570033,0.492755,0.27105,0.343728,0.315972,0.517793,0.704084,0.370653,0.619944,0.369125,0.498724,0.596305,0.455815,0.26039,0.738092,0.459573,0.52481,0.407251,0.338002,0.798267,0.650438,0.58752,0.23634,0.374027,0.842151,0.736433,0.729405,0.457788,0.416235,1.0,0.564605,0.491234,0.41248,0.178625,0.884611,0.400369,0.553359,0.243387,0.097828,0.896813,0.62587,0.54816,0.10376,0.208278,0.891284,0.543975,0.522425,0.176236,0.353137,0.47619,0.642397,0.570029,0.487951,0.680969,0.457962,0.553963,0.566204,0.562689,0.40109,0.246325,0.454814,0.490148,0.761396,0.371738,0.382347,0.383058,0.446283,0.458806,0.740939,0.713786,0.592974,0.600838,0.809744,0.550163,0.97248,0.455901,0.266255,0.2766,0.129977,0.812016,0.389039,0.390758,0.407772,0.178936,0.809877,0.574255,0.374835,0.332963,0.141909,0.801081,0.598972,0.405932,0.362477,0.199931,0.692677,0.749757,0.679959,0.383037,0.541461,0.578552,0.620956,0.71009,0.631492,0.733458,0.560824,0.571394,0.481597,0.684933,0.683531,0.525474,0.454232,0.558813,0.607206,0.52489,0.640204,0.655084,0.847881,0.663116,0.977859,0.520278,0.554485,0.319262,0.298123,0.5166,0.770324,0.633766,0.369959,0.389316,0.453375,0.697166,0.693644,0.371939,0.467676,0.398651,0.750458,0.709302,0.282271,0.448213,0.290508,0.761302,0.749937,0.804483,0.436837,0.765148,0.649333,0.666018,0.754754,0.668095,0.529773,0.587153,0.579611,0.696364,0.715022,0.531637,0.548289,0.651763,0.788225,0.634282,0.390086,0.514534,0.560397,0.804034,0.547552,0.488349,0.372515,0.532114,0.62776,0.556064,0.852417,0.626594,0.559762,0.551809,0.613151,0.75894,0.6827,0.633487,0.510564,0.662094,0.693098,0.650609,0.65059,0.414278,0.595398,0.519392,0.714062,0.733204,0.794251,0.284641,0.60975,0.724795,0.616674,0.687859,0.44296,0.365659,0.561964,0.538871,0.699265,0.444417,0.258831,0.579596,0.624951,0.677031,0.523046,0.420192,0.683216,0.585988,0.573464,0.493069,0.42788,0.666019,0.626786,0.466376,0.631059,0.535799,0.64807,0.647453,0.548313,0.577597,0.464624,0.678169,0.600451,0.660163,0.171195,0.235644,0.626652,0.585402,0.603551,0.190407,0.269119,0.630302,0.557842,0.593477,0.288819,0.291654,0.593404,0.59785,0.474691,0.525831,0.325442,0.669204,0.673689,0.6211,0.412716,0.304026
798.0,104.5,75.4,10.0,15.0,40863.0,41661.0,0.671696,0.550884,0.526373,0.194916,0.37178,0.65796,0.507627,0.469437,0.178519,0.410232,0.665663,0.550993,0.429887,0.224009,0.407637,0.640272,0.529031,0.509576,0.089904,0.363848,0.66148,0.624352,0.441801,0.321694,0.592515,0.46079,0.79598,0.705445,0.397892,0.488197,0.508685,0.723852,0.70623,0.309347,0.301897,0.64578,0.578864,0.607008,0.177299,0.405479,0.687818,0.629644,0.453503,0.236387,0.375819,0.676566,0.569037,0.383758,0.430606,0.36604,0.653323,0.586454,0.399757,0.500534,0.405799,0.700644,0.710628,0.649933,0.566815,0.45386,0.740638,0.726955,0.590229,0.229446,0.32813,0.760691,0.660445,0.601845,0.321045,0.372931,0.525562,0.7647,0.764181,0.319627,0.513643,0.550508,0.743528,0.809965,0.281281,0.234313,0.756501,0.634837,0.80978,0.170345,0.461495,0.710872,0.63925,0.716616,0.284588,0.476728,0.667998,0.60993,0.461166,0.520356,0.461263,0.826886,0.687804,0.585779,0.628297,0.304661,0.79378,0.703884,0.65653,0.378403,0.147491,0.892446,0.852533,0.756625,0.274515,0.225402,0.85696,0.742669,0.646902,0.360929,0.382857,0.675722,0.813507,0.687535,0.575081,0.694635,0.650892,0.651149,0.680881,0.391556,0.28617,0.691051,0.570467,0.708553,0.485254,0.408009,0.621589,0.486329,0.715045,0.111023,0.745385,0.550826,0.611689,0.485763,0.748778,0.78907,0.854911,0.77001,0.553291,0.247014,0.07359,0.806164,0.75612,0.595503,0.36129,0.068328,0.972237,0.898907,0.670776,0.324776,0.142381,0.923549,0.810787,0.642751,0.299442,0.172366,0.642554,0.743962,0.609853,0.486898,0.600005,0.506325,0.596067,0.63967,0.592031,0.675804,0.623858,0.563284,0.495612,0.644591,0.458906,0.489282,0.549995,0.598655,0.690725,0.535128,0.558293,0.498856,0.550158,0.767161,0.992231,0.484154,0.372142,0.106817,0.341917,0.478025,0.808056,0.505266,0.465314,0.298356,0.372719,0.769294,0.745755,0.525971,0.478653,0.311606,0.816336,0.814297,0.509436,0.488942,0.217516,0.677464,0.734124,0.711631,0.653864,0.762778,0.594639,0.61862,0.617271,0.742695,0.518371,0.527988,0.651245,0.539261,0.7319,0.604408,0.137547,0.74423,0.555937,0.601851,0.603698,0.0,0.589561,0.531557,0.507964,0.456603,0.203195,0.480135,0.350259,0.496651,0.719516,0.673638,0.441577,0.460865,0.622923,0.49735,0.737893,0.576403,0.497665,0.636778,0.480966,0.72609,0.694534,0.56979,0.612192,0.39726,0.621283,0.677421,0.666036,0.60671,0.617877,0.651931,0.649006,0.54276,0.562335,0.392568,0.350125,0.535044,0.449594,0.50756,0.251193,0.332429,0.578053,0.28978,0.465469,0.395266,0.650606,0.464481,0.282818,0.480444,0.332201,0.675366,0.549977,0.423925,0.606815,0.391456,0.669649,0.652149,0.602013,0.623061,0.453303,0.566011,0.572691,0.565306,0.454297,0.292983,0.510429,0.585209,0.495976,0.326251,0.300935,0.486668,0.503098,0.470797,0.472066,0.245024,0.521282,0.60289,0.460979,0.663784,0.323256,0.569473,0.618873,0.533185,0.628003,0.206904
166.0,98.6,78.6,2.0,4.0,41661.0,41827.0,0.643966,0.509479,0.268034,0.262077,0.438109,0.59228,0.53347,0.341905,0.302919,0.466303,0.545093,0.542772,0.380316,0.403799,0.437259,0.645644,0.522294,0.267261,0.266618,0.441403,0.560776,0.67852,0.405974,0.370987,0.614267,0.648556,0.791472,0.357946,0.099263,0.512742,0.677926,0.702727,0.319601,0.18999,0.356704,0.735105,0.559364,0.255124,0.247795,0.449958,0.668487,0.628939,0.28486,0.406968,0.514314,0.535531,0.63241,0.410199,0.67404,0.685051,0.506879,0.619962,0.352991,0.547956,0.528258,0.514953,0.672087,0.601111,0.640954,0.423612,0.395703,0.613167,0.524558,0.655239,0.325678,0.510509,0.680795,0.614301,0.617385,0.383349,0.750793,0.828806,0.290675,0.227209,0.567088,0.777415,0.793934,0.357654,0.095432,0.267779,0.891843,0.632386,0.340994,0.155793,0.503641,0.734911,0.619544,0.342434,0.38624,0.700453,0.538852,0.492436,0.335526,0.619812,0.82998,0.449895,0.518081,0.573253,0.768528,0.49823,0.396732,0.542877,0.590196,0.442522,0.348608,0.516027,0.791089,0.628942,0.439777,0.325887,0.485059,0.686215,0.551938,0.527618,0.543298,0.937988,0.925653,0.372836,0.528407,0.749562,0.939744,0.804893,0.431612,0.135792,0.285793,0.911428,0.707558,0.551845,0.418911,0.359023,0.811,0.526093,0.527748,0.037409,0.910049,0.590535,0.444957,0.316934,0.616332,0.832798,0.329426,0.610878,0.671018,0.503599,0.235066,0.451714,0.692793,0.563809,0.582973,0.313735,0.72158,0.904517,0.488011,0.446811,0.418116,0.691435,0.873709,0.375955,0.572824,0.365424,0.908888,0.973384,0.372973,0.375387,0.568856,0.855972,0.85701,0.48883,0.307716,0.451111,0.938703,0.833925,0.460315,0.342929,0.088553,0.803896,0.706449,0.585894,0.298282,0.311242,0.639422,0.356673,0.410482,0.66716,0.71774,0.680877,0.638823,0.671735,0.36924,0.368606,0.690279,0.634597,0.521754,0.521065,0.318658,0.622097,0.851311,0.313284,0.640433,0.440247,0.697641,0.989099,0.402452,0.731241,0.38404,0.864764,0.959624,0.500661,0.496378,0.58585,0.804121,0.800316,0.52619,0.538995,0.342746,0.80759,0.829742,0.517265,0.430196,0.259696,0.710459,0.825449,0.498179,0.148251,0.230656,0.776276,0.72194,0.648094,0.480623,0.315153,0.635168,0.6693,0.500967,0.505836,0.486613,0.771104,0.62773,0.280573,0.503708,0.084654,0.748207,0.790339,0.307108,0.576553,0.244742,0.72581,0.94481,0.178329,0.638811,0.276249,0.742074,0.860989,0.442416,0.50149,0.328565,0.808562,0.841481,0.405043,0.420385,0.238924,0.722787,0.80299,0.380442,0.335468,0.0,0.824157,0.889333,0.410152,0.353625,0.129421,0.859915,0.890452,0.232419,0.479166,0.123484,0.755448,0.886818,0.109453,0.521946,0.087431,0.740601,0.884801,0.328574,0.578234,0.267249,0.701051,0.849405,0.291794,0.433344,0.121367,0.707432,0.832441,0.342217,0.288344,0.167034,0.745111,0.859646,0.314246,0.447843,0.0,0.703044,0.953449,0.27629,0.640012,0.110856,0.682786,0.969856,0.307712,0.515227,0.0
333.0,97.0,68.3,25.0,12.0,4352.0,4685.0,0.649123,0.545826,0.346553,0.331639,0.645854,0.626081,0.519827,0.386722,0.269818,0.619007,0.608656,0.541807,0.348688,0.27553,0.612802,0.588533,0.590224,0.339825,0.317215,0.655489,0.559167,0.682854,0.215712,0.315657,0.734392,0.125715,0.665127,0.367681,0.657271,0.689526,0.256637,0.619527,0.371217,0.507798,0.552003,0.53,0.650047,0.372162,0.362212,0.553313,0.606171,0.749962,0.272635,0.476967,0.592775,0.582511,0.744712,0.156014,0.582713,0.668535,0.585728,0.675987,0.063784,0.288059,0.602769,0.510873,0.644999,0.363937,0.531682,0.470133,0.561887,0.521236,0.287522,0.571024,0.420859,0.595965,0.391868,0.360337,0.681636,0.493271,0.261473,0.545432,0.437692,0.651705,0.452867,0.233277,0.605975,0.447364,0.653029,0.292338,0.612587,0.629888,0.574086,0.708482,0.373039,0.577672,0.758406,0.534969,0.725327,0.300603,0.547693,0.772214,0.39026,0.524207,0.659603,0.696198,0.673987,0.0,0.315584,0.524736,0.603885,0.573431,0.223766,0.435435,0.392873,0.568134,0.517208,0.235157,0.407065,0.337889,0.600826,0.340124,0.247278,0.646754,0.481053,0.393192,0.69838,0.552687,0.941166,0.522219,0.451357,0.633048,0.546509,0.925556,0.631817,0.354338,0.709569,0.571519,0.805505,0.615538,0.519147,0.712508,0.798289,0.671249,0.66367,0.495612,0.763069,0.539497,0.511103,0.491146,0.876334,0.553233,0.43445,0.58949,0.412968,0.741,0.316487,0.572797,0.640834,0.302796,0.702093,0.374025,0.376165,0.485872,0.309943,0.712872,0.151524,0.0,0.606929,0.462593,0.449687,0.672896,0.539433,0.98695,0.462893,0.525843,0.791238,0.488444,0.844168,0.672662,0.746119,0.769334,0.30271,0.790411,0.727288,0.559078,0.791391,0.465391,0.567068,0.494222,0.670694,0.896827,0.876371,0.494471,0.999551,0.614142,0.64593,0.546123,0.76502,0.477414,0.918236,0.372778,0.667321,0.754142,0.319043,0.640942,0.38886,0.407651,0.886952,0.486716,0.571883,0.357521,0.224115,0.870688,0.359278,0.61416,0.736224,0.543764,0.810334,0.510468,0.77923,0.754636,0.438218,0.783118,0.289112,0.845165,0.858992,0.418853,0.710745,0.418498,0.67188,0.970945,0.785623,0.473194,0.384112,0.609285,0.793825,0.843516,0.483666,0.530983,0.504181,0.740477,0.585749,0.652026,0.70385,0.690867,0.674927,0.536696,0.930476,0.690389,0.678816,0.64478,0.50803,0.94966,0.751621,0.418692,0.441867,0.43159,0.931022,0.600893,0.59837,0.7199,0.437737,0.694358,0.283595,0.714355,0.696394,0.33401,0.593252,0.252797,0.679043,0.749269,0.429456,0.531147,0.178259,0.683086,0.748072,0.494579,0.630589,0.268675,0.753476,0.724414,0.335564,0.876798,0.399728,0.617052,0.565287,0.396272,0.935789,0.442627,0.500074,0.539607,0.440544,0.90374,0.441179,0.592965,0.635722,0.231577,0.448048,0.274715,0.511599,0.643897,0.262264,0.385895,0.249635,0.590822,0.654851,0.393985,0.562694,0.207212,0.53223,0.569226,0.383146,0.900316,0.280576,0.521686,0.616235,0.388308,0.762341,0.322974
99.0,101.3,74.3,3.0,1.0,41827.0,41926.0,0.537022,0.596011,0.445195,0.356693,0.378787,0.446966,0.622268,0.591636,0.385278,0.394035,0.352442,0.618324,0.656628,0.40656,0.440429,0.496439,0.662985,0.521751,0.319353,0.362896,0.445697,0.754801,0.696319,0.332842,0.475783,0.599886,0.761487,0.432027,0.495667,0.532762,0.651318,0.724194,0.424143,0.480389,0.341288,0.657003,0.695965,0.521818,0.397243,0.332951,0.530619,0.808442,0.612753,0.386013,0.322202,0.326681,0.891751,0.745206,0.47455,0.361212,0.408273,0.83562,0.756525,0.228752,0.441172,0.396794,0.768824,0.820568,0.459536,0.233063,0.189843,0.648006,0.756644,0.608798,0.299102,0.357545,0.612245,0.791451,0.623225,0.443694,0.734271,0.68915,0.674669,0.231335,0.649713,0.770545,0.725977,0.526094,0.369474,0.278204,0.849441,0.650446,0.492553,0.283565,0.32432,0.654194,0.719139,0.612407,0.382265,0.436405,0.434799,0.813867,0.771748,0.385606,0.596164,0.424155,0.852777,0.854955,0.54973,0.588499,0.410909,0.793548,0.814528,0.479061,0.409224,0.262491,0.794665,0.708656,0.323985,0.385433,0.258528,0.61095,0.787548,0.428336,0.675735,0.956787,0.691609,0.721767,0.854617,0.902421,0.997333,0.67585,0.604128,0.576872,0.522427,0.860267,0.675331,0.541222,0.61378,0.377665,0.740037,0.556916,0.551077,0.434439,0.793399,0.430884,0.627445,0.611002,0.510591,0.518071,0.494459,0.880461,0.877317,0.492832,0.391654,0.442031,0.708683,0.74869,0.602955,0.362754,0.447835,0.762701,0.764944,0.46296,0.472795,0.535867,0.744862,0.667055,0.55164,0.426082,1.0,0.705207,0.773876,0.856215,0.629399,1.0,0.624344,0.777809,0.84621,0.726281,1.0,0.827276,0.61535,0.913288,0.652825,0.918351,0.798385,0.631758,0.661153,0.63781,0.571134,0.663483,0.628331,0.670855,0.560478,0.608353,0.556192,0.791729,0.325184,0.286868,0.607521,0.637723,0.734625,0.457359,0.266704,0.565705,0.732412,0.682418,0.520656,0.401873,0.633303,0.900554,0.61533,0.563234,0.439445,1.0,0.722296,0.848457,0.84655,0.716862,0.924703,0.682148,0.832659,0.954798,0.579776,0.872608,0.78716,0.844101,0.893764,0.554228,0.683678,0.905167,0.853453,0.581686,0.311949,0.685112,0.761565,0.820825,0.459402,0.340723,0.541497,0.747741,0.704305,0.460274,0.229258,0.793015,0.712982,0.73437,0.326766,0.142038,0.783617,0.725197,0.615095,0.383154,0.240739,0.733678,0.723842,0.550482,0.497544,0.390077,0.84708,0.691118,0.799472,0.694895,0.369917,0.900186,0.731314,0.727787,0.670379,0.213329,0.824208,0.762861,0.748033,0.491042,0.103577,0.797018,0.892004,0.774089,0.39526,0.08572,0.858605,0.901285,0.580611,0.421746,0.200323,0.794299,0.803085,0.550934,0.373422,0.220706,0.797412,0.71978,0.614964,0.305425,0.274311,0.789398,0.700413,0.63921,0.206895,0.206371,0.800286,0.742465,0.594799,0.256151,0.175208,0.779396,0.770883,0.663062,0.225572,0.150669,0.772641,0.785204,0.529416,0.393502,0.191473,0.748346,0.775646,0.645019,0.206047,0.214924
299.0,100.1,69.9,5.0,3.0,41926.0,42225.0,0.612626,0.54876,0.660936,0.562767,0.652453,0.570656,0.584367,0.766814,0.526815,0.606462,0.551555,0.606369,0.746965,0.436552,0.592247,0.578799,0.636643,0.737019,0.608143,0.67693,0.555513,0.757522,0.886645,0.452401,0.622799,0.542921,0.651126,0.485883,1.0,0.746044,0.63573,0.631483,0.473028,0.93348,0.608687,0.725347,0.644467,0.685736,0.767026,0.702853,0.666736,0.807955,0.795683,0.704875,0.797934,0.563074,0.874607,0.937597,0.637738,0.670641,0.56836,0.842656,1.0,0.420765,0.656529,0.530866,0.771386,0.923081,0.442557,0.311352,0.529851,0.701579,0.824162,0.500588,0.332432,0.655392,0.608205,0.786327,0.441804,0.350664,0.646517,0.53451,0.636578,0.746081,0.678561,0.664774,0.617506,0.547668,0.872871,0.492346,0.793887,0.58763,0.51461,0.801536,0.612563,0.666985,0.689935,0.675236,0.803951,0.717885,0.705231,0.816454,0.852121,0.629313,0.743035,0.642825,0.882154,0.991354,0.572819,0.526811,0.58688,0.803188,0.894429,0.496069,0.24264,0.612296,0.813596,0.762677,0.116251,0.165855,0.628428,0.683733,0.735905,0.225808,0.47472,0.772395,0.637455,0.765287,1.0,0.869951,0.835634,0.621152,0.698366,0.825004,0.491851,0.623777,0.654999,0.615673,0.754923,0.368932,0.673763,0.465504,0.50841,0.831503,0.834299,0.447787,0.681006,0.499979,0.522324,0.369223,0.620144,1.0,0.905479,0.429526,0.115214,0.577688,0.874899,0.861777,0.414962,0.050782,0.644397,0.864247,0.863633,0.302607,0.130715,0.773083,0.849356,0.804403,0.421878,0.202313,0.860625,0.692484,0.836453,0.869184,0.367864,0.826936,0.659908,0.862639,0.834074,0.429177,0.867647,0.821177,0.700804,0.878592,0.344548,0.846015,0.847453,0.68014,0.630521,0.254805,0.5862,0.766548,0.53669,0.280852,0.338582,0.401439,0.575791,0.633918,0.378088,0.303559,0.621847,0.739204,0.741187,0.176805,0.163823,0.583862,0.860826,0.794857,0.351637,0.192433,0.678836,0.879165,0.72174,0.468956,0.231133,0.888143,0.771493,0.902968,0.776348,0.235789,0.839868,0.733135,0.907636,0.84619,0.004082,0.824965,0.846806,0.940398,0.854209,0.22271,0.680947,0.949638,0.9056,0.584573,0.303095,0.636198,0.750613,0.682646,0.432078,0.405095,0.502641,0.821812,0.465127,0.507562,0.3968,0.718778,0.803738,0.793911,0.435468,0.290567,0.717458,0.835069,0.711049,0.361286,0.290101,0.684509,0.820573,0.732114,0.461928,0.382324,0.758026,0.775214,0.859952,0.618835,0.210983,0.852331,0.78579,0.809999,0.653505,0.0,0.770159,0.813834,0.789111,0.506533,0.107792,0.692596,0.866394,0.765152,0.578017,0.251372,0.740883,0.882558,0.568138,0.529303,0.305751,0.722074,0.893573,0.618843,0.513854,0.355139,0.721519,0.847218,0.731898,0.391999,0.35988,0.687334,0.771855,0.768184,0.196072,0.278972,0.702098,0.78891,0.661081,0.287798,0.200576,0.670017,0.798864,0.724323,0.264309,0.292195,0.693035,0.853568,0.623848,0.457347,0.322495,0.668136,0.858714,0.719806,0.219881,0.397011
565.0,101.5,69.6,11.0,15.0,42225.0,42790.0,0.632485,0.521626,0.527197,0.462378,0.513191,0.601344,0.508137,0.512131,0.437084,0.515591,0.60071,0.5577,0.41853,0.429567,0.495378,0.59976,0.593687,0.572352,0.536265,0.490755,0.604847,0.748857,0.428465,0.462109,0.509898,0.525856,0.775315,0.515816,0.58122,0.528537,0.614429,0.750761,0.592324,0.601815,0.442003,0.708505,0.72487,0.591212,0.553761,0.412791,0.661495,0.742632,0.450733,0.587304,0.510534,0.59602,0.706693,0.365736,0.644823,0.500161,0.606492,0.772335,0.360349,0.503369,0.492015,0.568931,0.849315,0.519126,0.439973,0.298058,0.620856,0.812661,0.552161,0.433143,0.374637,0.75688,0.765023,0.497132,0.616677,0.398579,0.643628,0.73648,0.58977,0.615866,0.596943,0.641034,0.799132,0.770402,0.587083,0.411412,0.760687,0.803549,0.742137,0.507883,0.362298,0.574135,0.733348,0.645752,0.506517,0.078167,0.678377,0.681361,0.386204,0.416752,0.141614,0.607142,0.756392,0.498615,0.647144,0.357325,0.619004,0.8206,0.591233,0.498024,0.297209,0.748469,0.844051,0.58365,0.299142,0.201051,0.791382,0.79053,0.494633,0.484435,0.280449,0.789055,0.803478,0.868111,0.724116,0.625081,0.824839,0.76647,0.849643,0.700364,0.409934,0.670035,0.777303,0.827835,0.62,0.355095,0.666423,0.662286,0.800604,0.617544,0.621003,0.605196,0.703997,0.504059,0.481065,0.227057,0.505291,0.923307,0.385439,0.639178,0.303831,0.554679,0.786773,0.506509,0.516568,0.160587,0.742771,0.867322,0.48964,0.407736,0.192738,0.885292,0.853754,0.619916,0.524471,0.416346,0.892565,0.760469,0.794108,0.584775,0.208568,0.738372,0.61331,0.876845,0.64215,0.25146,0.780133,0.649107,0.780876,0.742187,0.418303,0.444335,0.520299,0.70018,0.773356,0.457626,0.460578,0.825548,0.314048,0.219169,0.562245,0.452176,0.643714,0.418327,0.443385,0.505258,0.692558,0.667981,0.653236,0.442635,0.360859,0.672945,0.766692,0.682693,0.529601,0.444398,0.741595,0.838631,0.672785,0.575753,0.379849,0.832497,0.757371,0.854485,0.511,0.034284,0.700464,0.637896,0.903663,0.597839,0.0,0.651684,0.703027,0.911712,0.727175,0.213283,0.506086,0.850948,0.747804,0.680576,0.452334,0.540589,0.810416,0.62079,0.49034,0.382791,0.418358,0.844852,0.458072,0.398062,0.55729,0.586389,0.714733,0.72563,0.39436,0.533985,0.676541,0.754029,0.716436,0.47319,0.558224,0.660903,0.739614,0.748447,0.562553,0.569909,0.73769,0.754459,0.79794,0.441232,0.184165,0.801415,0.734056,0.789595,0.48636,0.092398,0.670577,0.752568,0.789804,0.467411,0.150452,0.630728,0.879772,0.800879,0.587778,0.368776,0.729851,0.855234,0.756729,0.494684,0.500503,0.707537,0.82649,0.697656,0.512225,0.515499,0.736014,0.828003,0.761316,0.609113,0.454818,0.778875,0.779026,0.684698,0.349127,0.404997,0.688955,0.743716,0.614208,0.320449,0.289434,0.71415,0.787767,0.657001,0.380551,0.406288,0.693045,0.849489,0.704118,0.667965,0.446582,0.713909,0.858787,0.654101,0.580793,0.547344
465.0,107.4,79.1,6.0,14.0,42790.0,43255.0,0.532761,0.687192,0.682273,0.309144,0.439256,0.504612,0.64896,0.66785,0.219536,0.503879,0.494548,0.656373,0.629043,0.246043,0.563904,0.460239,0.765768,0.721002,0.290171,0.408748,0.536532,0.807153,0.826519,0.313026,0.585873,0.215152,0.855495,0.550901,0.185457,0.531494,0.315993,0.856397,0.621374,0.307868,0.423101,0.435957,0.888389,0.688291,0.349632,0.371524,0.563782,0.899908,0.704749,0.321846,0.337979,0.615183,0.880125,0.818598,0.456504,0.442571,0.603746,0.871632,0.878443,0.402441,0.423068,0.547683,0.912914,0.941225,0.303318,0.332565,0.454997,0.810189,0.714446,0.331372,0.341822,0.566346,0.743744,0.584422,0.543075,0.398552,0.446406,0.79644,0.605711,0.383934,0.557602,0.423606,0.86073,0.754758,0.170903,0.286478,0.616841,0.921751,0.782023,0.020769,0.13279,0.585544,0.926407,0.86592,0.133135,0.061818,0.763348,0.850255,0.823159,0.250773,0.364869,0.769324,0.860261,1.0,0.437783,0.308996,0.610512,0.8499,0.898418,0.258373,0.204387,0.573089,0.789526,0.731906,0.305081,0.178121,0.59292,0.70643,0.536315,0.525368,0.367171,0.666228,0.822288,0.917832,0.611599,0.748372,0.758119,0.765485,0.84762,0.498552,0.51816,0.670467,0.779954,0.812191,0.462423,0.440588,0.588089,0.78332,0.787699,0.274114,0.556493,0.892353,0.847528,0.836517,0.273792,0.343266,0.622031,0.847995,0.729062,0.408761,0.298705,0.49118,0.563136,0.673702,0.422313,0.088728,0.462731,0.716377,0.60921,0.383038,0.112672,0.62263,0.739917,0.637242,0.440584,0.247819,0.794371,0.78483,0.880234,0.428612,0.420153,0.748322,0.740599,0.935032,0.452487,0.589945,0.843826,0.751213,0.832407,0.687842,0.600099,0.684154,0.719948,0.824304,0.66638,0.451625,0.742003,0.900685,0.822666,0.462484,0.429479,0.630778,0.732049,0.29504,0.387606,0.312408,0.559771,0.651277,0.61779,0.500053,0.233554,0.566637,0.688912,0.673344,0.522991,0.266846,0.626982,0.751921,0.658637,0.467119,0.242125,0.838684,0.877108,0.942626,0.434028,0.551753,0.741795,0.910511,1.0,0.504588,0.343803,0.787694,0.939154,1.0,0.626379,0.283457,0.757036,0.971001,0.947853,0.622471,0.263656,0.906134,0.848174,0.822218,0.423983,0.407378,0.741377,0.848728,0.615623,0.32537,0.568275,0.781731,0.793574,0.684847,0.34307,0.425647,0.731568,0.759636,0.686739,0.443122,0.467098,0.640558,0.74901,0.760983,0.472873,0.390246,0.741627,0.839274,0.928023,0.311214,0.34716,0.831948,0.879674,0.889197,0.416243,0.246667,0.798303,0.963602,0.908712,0.431693,0.062674,0.813642,0.980438,0.925185,0.519549,0.293371,0.804627,0.960164,0.897355,0.33257,0.373833,0.738976,0.857909,0.799154,0.374993,0.351087,0.723473,0.857818,0.828135,0.534454,0.349161,0.772169,0.802596,0.942996,0.345955,0.301734,0.707158,0.814085,0.768188,0.262465,0.239913,0.725969,0.824756,0.84823,0.346847,0.322991,0.70533,0.880312,0.855528,0.646802,0.316881,0.683709,0.89101,0.879204,0.533551,0.42148
99.0,110.3,91.3,0.0,5.0,43255.0,43354.0,0.617623,0.665786,0.427468,0.426782,0.714279,0.583453,0.658879,0.497648,0.439994,0.791431,0.554023,0.608771,0.448967,0.373372,0.8035,0.599282,0.70789,0.420815,0.417514,0.696732,0.61066,0.68795,0.501817,0.354598,0.850866,0.191412,0.678724,0.211879,0.197669,0.717099,0.330645,0.675934,0.158781,0.194281,0.592226,0.611703,0.739392,0.276423,0.271358,0.631714,0.726487,0.810828,0.377622,0.469046,0.696082,0.731561,0.773938,0.321745,0.550703,0.749664,0.68407,0.672242,0.478606,0.382517,0.800217,0.57553,0.641582,0.680439,0.24908,0.531913,0.518956,0.407389,0.509869,0.348441,0.449085,0.530034,0.338143,0.528424,0.324032,0.459786,0.283951,0.364678,0.314285,0.382214,0.739004,0.259454,0.522912,0.317904,0.0,0.440073,0.702627,0.653066,0.283702,0.017155,0.373555,0.758699,0.748271,0.309648,0.136803,0.436287,0.88984,0.68707,0.272218,0.241836,0.669004,0.836683,0.617784,0.737898,0.267601,0.413728,0.592948,0.548941,0.702267,0.035675,0.295864,0.524849,0.299348,0.535136,0.246504,0.23558,0.35787,0.104916,0.386011,0.396844,0.409546,0.414317,0.337306,0.650807,0.591618,0.901113,0.455385,0.368022,0.613503,0.240536,0.682785,0.375646,0.487619,0.558424,0.309295,0.653717,0.582071,0.516093,0.478663,0.068867,0.749201,0.963095,0.707151,0.405802,0.239856,0.388642,0.593337,0.665838,0.564656,0.061811,0.281235,0.292522,0.325557,0.449111,0.240957,0.139099,0.231743,0.250578,0.333217,0.203231,0.205112,0.18024,0.236638,0.3876,0.384233,0.29369,0.500861,0.590524,0.68904,0.139302,0.663514,0.534337,0.636812,0.703257,0.263989,0.849365,0.76108,0.79628,0.570661,0.377451,0.755876,0.765909,0.890397,0.705888,0.097092,0.394105,0.814236,0.78368,0.691584,0.290913,0.554433,0.700858,0.667311,0.027127,0.325495,0.153585,0.352501,0.555162,0.382321,0.300802,0.248424,0.276923,0.499379,0.439545,0.354747,0.356668,0.432613,0.534984,0.342307,0.375725,0.242343,0.710644,0.827993,0.745147,0.238746,0.647497,0.716134,0.873272,0.720042,0.413101,0.529144,0.803769,0.89877,0.736131,0.551901,0.552295,0.802802,0.949563,0.845031,0.308345,0.405636,0.970106,0.796043,0.791616,0.189204,0.296447,0.799211,0.768686,0.377245,0.375763,0.32776,0.781934,0.74709,0.385463,0.232728,0.225898,0.642631,0.722049,0.384803,0.288193,0.413975,0.514934,0.689789,0.433654,0.353903,0.363848,0.63937,0.786972,0.743298,0.155349,0.410589,0.799403,0.843438,0.696323,0.412958,0.245384,0.811313,0.904657,0.728166,0.383839,0.128936,0.827672,0.945476,0.718172,0.399906,0.202946,0.765349,0.882711,0.574921,0.129635,0.250666,0.679459,0.804826,0.475805,0.283735,0.331122,0.619816,0.778342,0.563573,0.312804,0.392344,0.667141,0.731275,0.781396,0.16585,0.174708,0.672616,0.789271,0.650932,0.201032,0.180159,0.693296,0.764673,0.643728,0.279638,0.221263,0.636847,0.807197,0.58943,0.387858,0.216107,0.613699,0.791086,0.663262,0.220255,0.389059
365.0,106.3,85.6,1.0,6.0,43354.0,43719.0,0.625799,0.608162,0.407481,0.20917,0.524172,0.599665,0.60323,0.441154,0.22944,0.542835,0.586645,0.572021,0.332082,0.225766,0.583916,0.613901,0.671943,0.454717,0.186139,0.48025,0.617608,0.683728,0.398476,0.437111,0.484978,0.238001,0.572581,0.33483,0.256513,0.722416,0.371686,0.562242,0.297036,0.096081,0.550959,0.649911,0.674862,0.343559,0.167723,0.433362,0.75105,0.80636,0.331571,0.388972,0.475675,0.746813,0.749589,0.297241,0.657965,0.53101,0.699764,0.692837,0.369747,0.55666,0.675002,0.607325,0.600391,0.580222,0.588524,0.394754,0.62153,0.461349,0.397811,0.471401,0.397237,0.60241,0.35788,0.282895,0.38132,0.383184,0.21861,0.292248,0.432931,0.485436,0.807724,0.271524,0.435574,0.347651,0.138052,0.54418,0.697634,0.56008,0.089999,0.076966,0.413195,0.689126,0.739496,0.09406,0.007727,0.473287,0.859193,0.744567,0.31244,0.475507,0.49691,0.814764,0.599917,0.466487,0.662548,0.509545,0.639417,0.527568,0.501984,0.332048,0.299612,0.575087,0.448825,0.401962,0.23797,0.34642,0.489943,0.402824,0.329105,0.19418,0.413546,0.296455,0.350227,0.509725,0.620857,0.926839,0.140274,0.384506,0.485628,0.597535,0.855386,0.034588,0.446344,0.44278,0.584223,0.70583,0.421815,0.478588,0.253944,0.318387,0.672528,0.866295,0.721255,0.334938,0.632868,0.32977,0.611045,0.501649,0.312185,0.219562,0.391595,0.309421,0.237534,0.297528,0.149511,0.266718,0.395423,0.30357,0.321778,0.209106,0.257428,0.323909,0.262143,0.357032,0.380193,0.434878,0.098499,0.219954,0.437113,0.601689,0.696741,0.011352,0.238229,0.386931,0.628328,0.810262,0.532689,0.556682,0.23804,0.554636,0.637679,0.703125,0.695658,0.404697,0.25134,0.388212,0.734198,0.599118,0.479657,0.363905,0.66769,0.46748,0.542946,0.0,0.164772,0.262664,0.139398,0.133358,0.364374,0.133855,0.384075,0.109604,0.131125,0.345043,0.282503,0.560158,0.358417,0.224061,0.388885,0.420498,0.353329,0.174111,0.27067,0.406769,0.531755,0.619618,0.2316,0.282592,0.21312,0.562743,0.416764,0.492356,0.345431,0.246225,0.614283,0.486641,0.678381,0.666599,0.470279,0.283536,0.404041,0.770705,0.569507,0.536556,0.357127,0.346456,0.482302,0.567417,0.347072,0.318132,0.391917,0.328622,0.259929,0.341294,0.117787,0.4885,0.195117,0.188218,0.315314,0.136662,0.605728,0.222518,0.106128,0.349274,0.433798,0.525749,0.209515,0.29438,0.36691,0.40809,0.433126,0.353067,0.212091,0.243077,0.555332,0.214347,0.372367,0.262333,0.313707,0.411712,0.148635,0.526838,0.471577,0.332043,0.406753,0.238707,0.420687,0.304322,0.21327,0.279973,0.496553,0.277687,0.047809,0.199752,0.304551,0.482621,0.285793,0.0,0.354866,0.304403,0.531401,0.315528,0.182568,0.296102,0.267321,0.158387,0.228258,0.245388,0.298012,0.310578,0.210423,0.381576,0.08842,0.287668,0.357798,0.318785,0.266264,0.0,0.159827,0.354909,0.457016,0.285658,0.112498,0.214876,0.286977,0.583387
332.0,104.9,81.7,2.0,3.0,43719.0,44051.0,0.531733,0.489312,0.622817,0.4299,0.130806,0.509245,0.481087,0.668753,0.42066,0.226416,0.49705,0.480554,0.663955,0.467702,0.376821,0.464373,0.563098,0.644159,0.472946,0.020076,0.487183,0.669347,0.729587,0.542859,0.492134,0.092817,0.671278,0.673437,0.615218,0.480007,0.23147,0.638084,0.637121,0.534357,0.2454,0.465945,0.611259,0.59293,0.558273,0.0,0.595173,0.746587,0.558209,0.568751,0.0,0.628788,0.792081,0.551237,0.708453,0.255314,0.579038,0.737742,0.680837,0.684863,0.447124,0.504045,0.650723,0.85629,0.816026,0.309747,0.491248,0.50144,0.693965,0.664297,0.330756,0.435518,0.367719,0.727615,0.618415,0.302537,0.185148,0.626008,0.684052,0.546625,0.690051,0.179153,0.644468,0.665422,0.245366,0.281892,0.538189,0.59139,0.471261,0.206348,0.097584,0.550064,0.745656,0.542851,0.08349,0.104501,0.738046,0.77586,0.551418,0.619703,0.150686,0.742699,0.661735,0.654861,0.711403,0.374601,0.533081,0.539031,0.69396,0.481787,0.101641,0.27674,0.505358,0.75221,0.430488,0.137765,0.338848,0.40506,0.735096,0.440789,0.271243,0.414456,0.632846,0.646527,0.811499,0.743662,0.455053,0.552491,0.549251,0.485358,0.421295,0.283551,0.507294,0.522325,0.566348,0.318229,0.312259,0.50442,0.575127,0.397549,0.523878,0.711273,0.711396,0.485292,0.619111,0.117254,0.589816,0.443807,0.746361,0.343453,0.306556,0.096977,0.253637,0.705282,0.358936,0.208304,0.223101,0.404662,0.702353,0.404261,0.156797,0.220554,0.327944,0.732953,0.596344,0.462011,0.387215,0.256492,0.579939,0.651124,0.186927,0.362814,0.176576,0.538997,0.528569,0.401386,0.603211,0.494214,0.463255,0.481782,0.540539,0.568155,0.717166,0.56107,0.27136,0.603428,0.645296,0.771355,0.496441,0.360533,0.585894,0.605161,0.473958,0.608065,0.230083,0.409524,0.477793,0.025158,0.709332,0.342541,0.36336,0.1795,0.275198,0.682175,0.509245,0.520887,0.282458,0.469272,0.642842,0.555893,0.27073,0.283841,0.389079,0.626825,0.598088,0.083955,0.333112,0.344111,0.489998,0.494839,0.081348,0.572515,0.567765,0.528259,0.620121,0.3797,0.668479,0.817041,0.658109,0.406433,0.314966,0.654986,0.682515,0.699883,0.475249,0.384245,0.596495,0.643841,0.543387,0.40076,0.568608,0.406077,0.290098,0.589307,0.365117,0.687571,0.349531,0.338748,0.555464,0.404627,0.680826,0.232658,0.457765,0.596142,0.538735,0.480677,0.238253,0.44447,0.606019,0.533746,0.218766,0.439154,0.392716,0.515972,0.629167,0.107827,0.404461,0.408089,0.573046,0.505331,0.075985,0.629356,0.608581,0.639471,0.624649,0.184619,0.677157,0.424921,0.530694,0.506319,0.441261,0.408185,0.253209,0.481421,0.515865,0.38984,0.25682,0.364126,0.618172,0.608572,0.432661,0.302943,0.440811,0.50456,0.341042,0.090341,0.212627,0.461341,0.477315,0.385786,0.137486,0.368827,0.372988,0.484539,0.405006,0.218466,0.251252,0.332334,0.535703,0.604955,0.398456,0.268919,0.436515,0.552577,0.577463,0.311093
66.0,101.5,71.0,0.0,1.0,44051.0,44117.0,0.0,0.0,0.0,0.0,0.0,0.0,0.0,0.0,0.0,0.0,0.0,0.0,0.0,0.0,0.0,0.0,0.0,0.0,0.0,0.0,0.0,0.0,0.0,0.0,0.0,0.0,0.0,0.0,0.0,0.0,0.0,0.0,0.0,0.0,0.0,0.0,0.0,0.0,0.0,0.0,0.0,0.0,0.0,0.0,0.0,0.0,0.0,0.0,0.0,0.0,0.0,0.0,0.0,0.0,0.0,0.0,0.0,0.0,0.0,0.0,0.0,0.0,0.0,0.0,0.0,0.0,0.0,0.0,0.0,0.0,0.0,0.0,0.0,0.0,0.0,0.0,0.0,0.0,0.0,0.0,0.0,0.0,0.0,0.0,0.0,0.0,0.0,0.0,0.0,0.0,0.0,0.0,0.0,0.0,0.0,0.0,0.0,0.0,0.0,0.0,0.0,0.0,0.0,0.0,0.0,0.0,0.0,0.0,0.0,0.0,0.0,0.0,0.0,0.0,0.0,0.0,0.0,0.0,0.0,0.0,0.0,0.0,0.0,0.0,0.0,0.0,0.0,0.0,0.0,0.0,0.0,0.0,0.0,0.0,0.0,0.0,0.0,0.0,0.0,0.0,0.0,0.0,0.0,0.0,0.0,0.0,0.0,0.0,0.0,0.0,0.0,0.0,0.0,0.0,0.0,0.0,0.0,0.0,0.0,0.0,0.0,0.0,0.0,0.0,0.0,0.0,0.0,0.0,0.0,0.0,0.0,0.0,0.0,0.0,0.0,0.0,0.0,0.0,0.0,0.0,0.0,0.0,0.0,0.0,0.0,0.0,0.0,0.0,0.0,0.0,0.0,0.0,0.0,0.0,0.0,0.0,0.0,0.0,0.0,0.0,0.0,0.0,0.0,0.0,0.0,0.0,0.0,0.0,0.0,0.0,0.0,0.0,0.0,0.0,0.0,0.0,0.0,0.0,0.0,0.0,0.0,0.0,0.0,0.0,0.0,0.0,0.0,0.0,0.0,0.0,0.0,0.0,0.0,0.0,0.0,0.0,0.0,0.0,0.0,0.0,0.0,0.0,0.0,0.0,0.0,0.0,0.0,0.0,0.0,0.0,0.0,0.0,0.0,0.0,0.0,0.0,0.0,0.0,0.0,0.0,0.0,0.0,0.0,0.0,0.0,0.0,0.0,0.0,0.0,0.0,0.0,0.0,0.0,0.0,0.0,0.0,0.0,0.0,0.0,0.0,0.0,0.0,0.0,0.0,0.0,0.0,0.0,0.0,0.0,0.0,0.0,0.0,0.0,0.0,0.0,0.0,0.0,0.0,0.0,0.0,0.0,0.0,0.0,0.0,0.0,0.0,0.0,0.0,0.0,0.0
133.0,100.3,66.0,1.0,2.0,44117.0,44250.0,0.0,0.0,0.0,0.0,0.0,0.0,0.0,0.0,0.0,0.0,0.0,0.0,0.0,0.0,0.0,0.0,0.0,0.0,0.0,0.0,0.0,0.0,0.0,0.0,0.0,0.0,0.0,0.0,0.0,0.0,0.0,0.0,0.0,0.0,0.0,0.0,0.0,0.0,0.0,0.0,0.0,0.0,0.0,0.0,0.0,0.0,0.0,0.0,0.0,0.0,0.0,0.0,0.0,0.0,0.0,0.0,0.0,0.0,0.0,0.0,0.0,0.0,0.0,0.0,0.0,0.0,0.0,0.0,0.0,0.0,0.0,0.0,0.0,0.0,0.0,0.0,0.0,0.0,0.0,0.0,0.0,0.0,0.0,0.0,0.0,0.0,0.0,0.0,0.0,0.0,0.0,0.0,0.0,0.0,0.0,0.0,0.0,0.0,0.0,0.0,0.0,0.0,0.0,0.0,0.0,0.0,0.0,0.0,0.0,0.0,0.0,0.0,0.0,0.0,0.0,0.0,0.0,0.0,0.0,0.0,0.0,0.0,0.0,0.0,0.0,0.0,0.0,0.0,0.0,0.0,0.0,0.0,0.0,0.0,0.0,0.0,0.0,0.0,0.0,0.0,0.0,0.0,0.0,0.0,0.0,0.0,0.0,0.0,0.0,0.0,0.0,0.0,0.0,0.0,0.0,0.0,0.0,0.0,0.0,0.0,0.0,0.0,0.0,0.0,0.0,0.0,0.0,0.0,0.0,0.0,0.0,0.0,0.0,0.0,0.0,0.0,0.0,0.0,0.0,0.0,0.0,0.0,0.0,0.0,0.0,0.0,0.0,0.0,0.0,0.0,0.0,0.0,0.0,0.0,0.0,0.0,0.0,0.0,0.0,0.0,0.0,0.0,0.0,0.0,0.0,0.0,0.0,0.0,0.0,0.0,0.0,0.0,0.0,0.0,0.0,0.0,0.0,0.0,0.0,0.0,0.0,0.0,0.0,0.0,0.0,0.0,0.0,0.0,0.0,0.0,0.0,0.0,0.0,0.0,0.0,0.0,0.0,0.0,0.0,0.0,0.0,0.0,0.0,0.0,0.0,0.0,0.0,0.0,0.0,0.0,0.0,0.0,0.0,0.0,0.0,0.0,0.0,0.0,0.0,0.0,0.0,0.0,0.0,0.0,0.0,0.0,0.0,0.0,0.0,0.0,0.0,0.0,0.0,0.0,0.0,0.0,0.0,0.0,0.0,0.0,0.0,0.0,0.0,0.0,0.0,0.0,0.0,0.0,0.0,0.0,0.0,0.0,0.0,0.0,0.0,0.0,0.0,0.0,0.0,0.0,0.0,0.0,0.0,0.0,0.0,0.0,0.0,0.0,0.0,0.0
99.0,98.0,63.0,1.0,2.0,44250.0,44349.0,0.0,0.0,0.0,0.0,0.0,0.0,0.0,0.0,0.0,0.0,0.0,0.0,0.0,0.0,0.0,0.0,0.0,0.0,0.0,0.0,0.0,0.0,0.0,0.0,0.0,0.0,0.0,0.0,0.0,0.0,0.0,0.0,0.0,0.0,0.0,0.0,0.0,0.0,0.0,0.0,0.0,0.0,0.0,0.0,0.0,0.0,0.0,0.0,0.0,0.0,0.0,0.0,0.0,0.0,0.0,0.0,0.0,0.0,0.0,0.0,0.0,0.0,0.0,0.0,0.0,0.0,0.0,0.0,0.0,0.0,0.0,0.0,0.0,0.0,0.0,0.0,0.0,0.0,0.0,0.0,0.0,0.0,0.0,0.0,0.0,0.0,0.0,0.0,0.0,0.0,0.0,0.0,0.0,0.0,0.0,0.0,0.0,0.0,0.0,0.0,0.0,0.0,0.0,0.0,0.0,0.0,0.0,0.0,0.0,0.0,0.0,0.0,0.0,0.0,0.0,0.0,0.0,0.0,0.0,0.0,0.0,0.0,0.0,0.0,0.0,0.0,0.0,0.0,0.0,0.0,0.0,0.0,0.0,0.0,0.0,0.0,0.0,0.0,0.0,0.0,0.0,0.0,0.0,0.0,0.0,0.0,0.0,0.0,0.0,0.0,0.0,0.0,0.0,0.0,0.0,0.0,0.0,0.0,0.0,0.0,0.0,0.0,0.0,0.0,0.0,0.0,0.0,0.0,0.0,0.0,0.0,0.0,0.0,0.0,0.0,0.0,0.0,0.0,0.0,0.0,0.0,0.0,0.0,0.0,0.0,0.0,0.0,0.0,0.0,0.0,0.0,0.0,0.0,0.0,0.0,0.0,0.0,0.0,0.0,0.0,0.0,0.0,0.0,0.0,0.0,0.0,0.0,0.0,0.0,0.0,0.0,0.0,0.0,0.0,0.0,0.0,0.0,0.0,0.0,0.0,0.0,0.0,0.0,0.0,0.0,0.0,0.0,0.0,0.0,0.0,0.0,0.0,0.0,0.0,0.0,0.0,0.0,0.0,0.0,0.0,0.0,0.0,0.0,0.0,0.0,0.0,0.0,0.0,0.0,0.0,0.0,0.0,0.0,0.0,0.0,0.0,0.0,0.0,0.0,0.0,0.0,0.0,0.0,0.0,0.0,0.0,0.0,0.0,0.0,0.0,0.0,0.0,0.0,0.0,0.0,0.0,0.0,0.0,0.0,0.0,0.0,0.0,0.0,0.0,0.0,0.0,0.0,0.0,0.0,0.0,0.0,0.0,0.0,0.0,0.0,0.0,0.0,0.0,0.0,0.0,0.0,0.0,0.0,0.0,0.0,0.0,0.0,0.0,0.0,0.0
931.0,104.2,86.7,7.0,17.0,4685.0,5616.0,0.602211,0.670745,0.618054,0.567133,0.740772,0.608837,0.622414,0.608069,0.524221,0.651507,0.619271,0.652915,0.575786,0.548281,0.682119,0.548846,0.694483,0.54404,0.599521,0.783147,0.624659,0.719887,0.536763,0.604766,0.827211,0.141051,0.706632,0.588895,0.764083,0.733102,0.245452,0.697598,0.614237,0.71038,0.629937,0.501437,0.735539,0.53965,0.609158,0.727373,0.593957,0.846694,0.383728,0.551096,0.774098,0.609944,0.870834,0.298816,0.659712,0.831772,0.67049,0.750307,0.358898,0.634211,0.872176,0.646454,0.717687,0.464417,0.926711,0.733574,0.672621,0.687745,0.429903,0.799669,0.533168,0.654215,0.586178,0.472833,0.765474,0.544183,0.081536,0.479575,0.553156,0.53396,0.5436,0.113837,0.605054,0.646808,0.685885,0.347512,0.58458,0.650795,0.789548,0.786172,0.52097,0.581095,0.829975,0.59614,0.650831,0.570382,0.52616,0.87375,0.129354,0.408456,0.660884,0.747944,0.556402,0.185329,0.58196,0.665956,0.696217,0.443963,0.346264,0.585637,0.641091,0.680799,0.578948,0.119151,0.469279,0.457788,0.650353,0.396957,0.202158,0.559567,0.515891,0.122798,0.642217,0.719351,0.857506,0.506345,0.094208,0.595455,0.684976,0.883389,0.609424,0.173285,0.59095,0.708923,0.875534,0.529458,0.519262,0.609537,0.798261,0.711194,0.532515,0.496081,0.858481,0.568244,0.425656,0.627602,0.946597,0.313346,0.452826,0.380898,0.424306,0.826187,0.383993,0.480741,0.472556,0.337896,0.771306,0.535753,0.223548,0.370503,0.364191,0.743766,0.560346,0.128711,0.442277,0.511605,0.280756,0.738314,0.588492,0.875741,0.481051,0.246583,0.754533,0.613326,0.717813,0.530075,0.567716,0.700797,0.534892,0.659802,0.344678,0.456307,0.729186,0.531582,0.715609,0.417766,0.54807,0.797545,0.650967,0.581089,0.828671,0.685907,0.712381,0.711229,0.504185,0.448764,0.988977,0.547644,0.725847,0.320127,0.432341,0.70614,0.649197,0.573317,0.517043,0.511757,0.675324,0.640645,0.456691,0.524885,0.393259,0.450114,0.790704,0.68252,0.67479,0.421315,0.517757,0.742621,0.644712,0.482173,0.163321,0.656947,0.755435,0.670417,0.469475,0.319751,0.522477,0.917907,0.796381,0.632728,0.217006,0.434184,0.807077,0.754988,0.536398,0.302855,0.532581,0.83693,0.629253,0.576687,0.59575,0.7203,0.729215,0.74222,0.659763,0.617915,0.746638,0.734837,0.647078,0.658261,0.661436,0.559072,0.673032,0.652194,0.659642,0.606714,0.515819,0.81826,0.700472,0.559765,0.295788,0.585101,0.716368,0.600156,0.50377,0.181863,0.514199,0.801557,0.678551,0.460066,0.060098,0.629626,0.87408,0.677491,0.638687,0.106339,0.775256,0.858856,0.627491,0.730965,0.274548,0.650371,0.763961,0.645934,0.716535,0.374319,0.622353,0.736617,0.672398,0.737481,0.365882,0.527207,0.715425,0.488196,0.399268,0.311861,0.50168,0.74092,0.517786,0.325888,0.267775,0.60895,0.765682,0.617418,0.486118,0.12499,0.591273,0.792578,0.649211,0.805925,0.223982,0.551954,0.749609,0.660109,0.652763,0.346439
99.0,103.7,84.3,2.0,5.0,44349.0,44448.0,0.0,0.0,0.0,0.0,0.0,0.0,0.0,0.0,0.0,0.0,0.0,0.0,0.0,0.0,0.0,0.0,0.0,0.0,0.0,0.0,0.0,0.0,0.0,0.0,0.0,0.0,0.0,0.0,0.0,0.0,0.0,0.0,0.0,0.0,0.0,0.0,0.0,0.0,0.0,0.0,0.0,0.0,0.0,0.0,0.0,0.0,0.0,0.0,0.0,0.0,0.0,0.0,0.0,0.0,0.0,0.0,0.0,0.0,0.0,0.0,0.0,0.0,0.0,0.0,0.0,0.0,0.0,0.0,0.0,0.0,0.0,0.0,0.0,0.0,0.0,0.0,0.0,0.0,0.0,0.0,0.0,0.0,0.0,0.0,0.0,0.0,0.0,0.0,0.0,0.0,0.0,0.0,0.0,0.0,0.0,0.0,0.0,0.0,0.0,0.0,0.0,0.0,0.0,0.0,0.0,0.0,0.0,0.0,0.0,0.0,0.0,0.0,0.0,0.0,0.0,0.0,0.0,0.0,0.0,0.0,0.0,0.0,0.0,0.0,0.0,0.0,0.0,0.0,0.0,0.0,0.0,0.0,0.0,0.0,0.0,0.0,0.0,0.0,0.0,0.0,0.0,0.0,0.0,0.0,0.0,0.0,0.0,0.0,0.0,0.0,0.0,0.0,0.0,0.0,0.0,0.0,0.0,0.0,0.0,0.0,0.0,0.0,0.0,0.0,0.0,0.0,0.0,0.0,0.0,0.0,0.0,0.0,0.0,0.0,0.0,0.0,0.0,0.0,0.0,0.0,0.0,0.0,0.0,0.0,0.0,0.0,0.0,0.0,0.0,0.0,0.0,0.0,0.0,0.0,0.0,0.0,0.0,0.0,0.0,0.0,0.0,0.0,0.0,0.0,0.0,0.0,0.0,0.0,0.0,0.0,0.0,0.0,0.0,0.0,0.0,0.0,0.0,0.0,0.0,0.0,0.0,0.0,0.0,0.0,0.0,0.0,0.0,0.0,0.0,0.0,0.0,0.0,0.0,0.0,0.0,0.0,0.0,0.0,0.0,0.0,0.0,0.0,0.0,0.0,0.0,0.0,0.0,0.0,0.0,0.0,0.0,0.0,0.0,0.0,0.0,0.0,0.0,0.0,0.0,0.0,0.0,0.0,0.0,0.0,0.0,0.0,0.0,0.0,0.0,0.0,0.0,0.0,0.0,0.0,0.0,0.0,0.0,0.0,0.0,0.0,0.0,0.0,0.0,0.0,0.0,0.0,0.0,0.0,0.0,0.0,0.0,0.0,0.0,0.0,0.0,0.0,0.0,0.0,0.0,0.0,0.0,0.0,0.0,0.0,0.0,0.0,0.0,0.0,0.0,0.0
166.0,101.8,83.8,1.0,2.0,44448.0,44614.0,0.0,0.0,0.0,0.0,0.0,0.0,0.0,0.0,0.0,0.0,0.0,0.0,0.0,0.0,0.0,0.0,0.0,0.0,0.0,0.0,0.0,0.0,0.0,0.0,0.0,0.0,0.0,0.0,0.0,0.0,0.0,0.0,0.0,0.0,0.0,0.0,0.0,0.0,0.0,0.0,0.0,0.0,0.0,0.0,0.0,0.0,0.0,0.0,0.0,0.0,0.0,0.0,0.0,0.0,0.0,0.0,0.0,0.0,0.0,0.0,0.0,0.0,0.0,0.0,0.0,0.0,0.0,0.0,0.0,0.0,0.0,0.0,0.0,0.0,0.0,0.0,0.0,0.0,0.0,0.0,0.0,0.0,0.0,0.0,0.0,0.0,0.0,0.0,0.0,0.0,0.0,0.0,0.0,0.0,0.0,0.0,0.0,0.0,0.0,0.0,0.0,0.0,0.0,0.0,0.0,0.0,0.0,0.0,0.0,0.0,0.0,0.0,0.0,0.0,0.0,0.0,0.0,0.0,0.0,0.0,0.0,0.0,0.0,0.0,0.0,0.0,0.0,0.0,0.0,0.0,0.0,0.0,0.0,0.0,0.0,0.0,0.0,0.0,0.0,0.0,0.0,0.0,0.0,0.0,0.0,0.0,0.0,0.0,0.0,0.0,0.0,0.0,0.0,0.0,0.0,0.0,0.0,0.0,0.0,0.0,0.0,0.0,0.0,0.0,0.0,0.0,0.0,0.0,0.0,0.0,0.0,0.0,0.0,0.0,0.0,0.0,0.0,0.0,0.0,0.0,0.0,0.0,0.0,0.0,0.0,0.0,0.0,0.0,0.0,0.0,0.0,0.0,0.0,0.0,0.0,0.0,0.0,0.0,0.0,0.0,0.0,0.0,0.0,0.0,0.0,0.0,0.0,0.0,0.0,0.0,0.0,0.0,0.0,0.0,0.0,0.0,0.0,0.0,0.0,0.0,0.0,0.0,0.0,0.0,0.0,0.0,0.0,0.0,0.0,0.0,0.0,0.0,0.0,0.0,0.0,0.0,0.0,0.0,0.0,0.0,0.0,0.0,0.0,0.0,0.0,0.0,0.0,0.0,0.0,0.0,0.0,0.0,0.0,0.0,0.0,0.0,0.0,0.0,0.0,0.0,0.0,0.0,0.0,0.0,0.0,0.0,0.0,0.0,0.0,0.0,0.0,0.0,0.0,0.0,0.0,0.0,0.0,0.0,0.0,0.0,0.0,0.0,0.0,0.0,0.0,0.0,0.0,0.0,0.0,0.0,0.0,0.0,0.0,0.0,0.0,0.0,0.0,0.0,0.0,0.0,0.0,0.0,0.0,0.0,0.0,0.0,0.0,0.0,0.0,0.0
132.0,101.8,84.0,0.0,1.0,44614.0,44746.0,0.0,0.0,0.0,0.0,0.0,0.0,0.0,0.0,0.0,0.0,0.0,0.0,0.0,0.0,0.0,0.0,0.0,0.0,0.0,0.0,0.0,0.0,0.0,0.0,0.0,0.0,0.0,0.0,0.0,0.0,0.0,0.0,0.0,0.0,0.0,0.0,0.0,0.0,0.0,0.0,0.0,0.0,0.0,0.0,0.0,0.0,0.0,0.0,0.0,0.0,0.0,0.0,0.0,0.0,0.0,0.0,0.0,0.0,0.0,0.0,0.0,0.0,0.0,0.0,0.0,0.0,0.0,0.0,0.0,0.0,0.0,0.0,0.0,0.0,0.0,0.0,0.0,0.0,0.0,0.0,0.0,0.0,0.0,0.0,0.0,0.0,0.0,0.0,0.0,0.0,0.0,0.0,0.0,0.0,0.0,0.0,0.0,0.0,0.0,0.0,0.0,0.0,0.0,0.0,0.0,0.0,0.0,0.0,0.0,0.0,0.0,0.0,0.0,0.0,0.0,0.0,0.0,0.0,0.0,0.0,0.0,0.0,0.0,0.0,0.0,0.0,0.0,0.0,0.0,0.0,0.0,0.0,0.0,0.0,0.0,0.0,0.0,0.0,0.0,0.0,0.0,0.0,0.0,0.0,0.0,0.0,0.0,0.0,0.0,0.0,0.0,0.0,0.0,0.0,0.0,0.0,0.0,0.0,0.0,0.0,0.0,0.0,0.0,0.0,0.0,0.0,0.0,0.0,0.0,0.0,0.0,0.0,0.0,0.0,0.0,0.0,0.0,0.0,0.0,0.0,0.0,0.0,0.0,0.0,0.0,0.0,0.0,0.0,0.0,0.0,0.0,0.0,0.0,0.0,0.0,0.0,0.0,0.0,0.0,0.0,0.0,0.0,0.0,0.0,0.0,0.0,0.0,0.0,0.0,0.0,0.0,0.0,0.0,0.0,0.0,0.0,0.0,0.0,0.0,0.0,0.0,0.0,0.0,0.0,0.0,0.0,0.0,0.0,0.0,0.0,0.0,0.0,0.0,0.0,0.0,0.0,0.0,0.0,0.0,0.0,0.0,0.0,0.0,0.0,0.0,0.0,0.0,0.0,0.0,0.0,0.0,0.0,0.0,0.0,0.0,0.0,0.0,0.0,0.0,0.0,0.0,0.0,0.0,0.0,0.0,0.0,0.0,0.0,0.0,0.0,0.0,0.0,0.0,0.0,0.0,0.0,0.0,0.0,0.0,0.0,0.0,0.0,0.0,0.0,0.0,0.0,0.0,0.0,0.0,0.0,0.0,0.0,0.0,0.0,0.0,0.0,0.0,0.0,0.0,0.0,0.0,0.0,0.0,0.0,0.0,0.0,0.0,0.0,0.0,0.0
266.0,105.6,73.0,1.0,2.0,44746.0,45012.0,0.0,0.0,0.0,0.0,0.0,0.0,0.0,0.0,0.0,0.0,0.0,0.0,0.0,0.0,0.0,0.0,0.0,0.0,0.0,0.0,0.0,0.0,0.0,0.0,0.0,0.0,0.0,0.0,0.0,0.0,0.0,0.0,0.0,0.0,0.0,0.0,0.0,0.0,0.0,0.0,0.0,0.0,0.0,0.0,0.0,0.0,0.0,0.0,0.0,0.0,0.0,0.0,0.0,0.0,0.0,0.0,0.0,0.0,0.0,0.0,0.0,0.0,0.0,0.0,0.0,0.0,0.0,0.0,0.0,0.0,0.0,0.0,0.0,0.0,0.0,0.0,0.0,0.0,0.0,0.0,0.0,0.0,0.0,0.0,0.0,0.0,0.0,0.0,0.0,0.0,0.0,0.0,0.0,0.0,0.0,0.0,0.0,0.0,0.0,0.0,0.0,0.0,0.0,0.0,0.0,0.0,0.0,0.0,0.0,0.0,0.0,0.0,0.0,0.0,0.0,0.0,0.0,0.0,0.0,0.0,0.0,0.0,0.0,0.0,0.0,0.0,0.0,0.0,0.0,0.0,0.0,0.0,0.0,0.0,0.0,0.0,0.0,0.0,0.0,0.0,0.0,0.0,0.0,0.0,0.0,0.0,0.0,0.0,0.0,0.0,0.0,0.0,0.0,0.0,0.0,0.0,0.0,0.0,0.0,0.0,0.0,0.0,0.0,0.0,0.0,0.0,0.0,0.0,0.0,0.0,0.0,0.0,0.0,0.0,0.0,0.0,0.0,0.0,0.0,0.0,0.0,0.0,0.0,0.0,0.0,0.0,0.0,0.0,0.0,0.0,0.0,0.0,0.0,0.0,0.0,0.0,0.0,0.0,0.0,0.0,0.0,0.0,0.0,0.0,0.0,0.0,0.0,0.0,0.0,0.0,0.0,0.0,0.0,0.0,0.0,0.0,0.0,0.0,0.0,0.0,0.0,0.0,0.0,0.0,0.0,0.0,0.0,0.0,0.0,0.0,0.0,0.0,0.0,0.0,0.0,0.0,0.0,0.0,0.0,0.0,0.0,0.0,0.0,0.0,0.0,0.0,0.0,0.0,0.0,0.0,0.0,0.0,0.0,0.0,0.0,0.0,0.0,0.0,0.0,0.0,0.0,0.0,0.0,0.0,0.0,0.0,0.0,0.0,0.0,0.0,0.0,0.0,0.0,0.0,0.0,0.0,0.0,0.0,0.0,0.0,0.0,0.0,0.0,0.0,0.0,0.0,0.0,0.0,0.0,0.0,0.0,0.0,0.0,0.0,0.0,0.0,0.0,0.0,0.0,0.0,0.0,0.0,0.0,0.0,0.0,0.0,0.0,0.0,0.0,0.0
731.0,106.3,71.0,4.0,17.0,45012.0,45743.0,0.0,0.0,0.0,0.0,0.0,0.0,0.0,0.0,0.0,0.0,0.0,0.0,0.0,0.0,0.0,0.0,0.0,0.0,0.0,0.0,0.0,0.0,0.0,0.0,0.0,0.0,0.0,0.0,0.0,0.0,0.0,0.0,0.0,0.0,0.0,0.0,0.0,0.0,0.0,0.0,0.0,0.0,0.0,0.0,0.0,0.0,0.0,0.0,0.0,0.0,0.0,0.0,0.0,0.0,0.0,0.0,0.0,0.0,0.0,0.0,0.0,0.0,0.0,0.0,0.0,0.0,0.0,0.0,0.0,0.0,0.0,0.0,0.0,0.0,0.0,0.0,0.0,0.0,0.0,0.0,0.0,0.0,0.0,0.0,0.0,0.0,0.0,0.0,0.0,0.0,0.0,0.0,0.0,0.0,0.0,0.0,0.0,0.0,0.0,0.0,0.0,0.0,0.0,0.0,0.0,0.0,0.0,0.0,0.0,0.0,0.0,0.0,0.0,0.0,0.0,0.0,0.0,0.0,0.0,0.0,0.0,0.0,0.0,0.0,0.0,0.0,0.0,0.0,0.0,0.0,0.0,0.0,0.0,0.0,0.0,0.0,0.0,0.0,0.0,0.0,0.0,0.0,0.0,0.0,0.0,0.0,0.0,0.0,0.0,0.0,0.0,0.0,0.0,0.0,0.0,0.0,0.0,0.0,0.0,0.0,0.0,0.0,0.0,0.0,0.0,0.0,0.0,0.0,0.0,0.0,0.0,0.0,0.0,0.0,0.0,0.0,0.0,0.0,0.0,0.0,0.0,0.0,0.0,0.0,0.0,0.0,0.0,0.0,0.0,0.0,0.0,0.0,0.0,0.0,0.0,0.0,0.0,0.0,0.0,0.0,0.0,0.0,0.0,0.0,0.0,0.0,0.0,0.0,0.0,0.0,0.0,0.0,0.0,0.0,0.0,0.0,0.0,0.0,0.0,0.0,0.0,0.0,0.0,0.0,0.0,0.0,0.0,0.0,0.0,0.0,0.0,0.0,0.0,0.0,0.0,0.0,0.0,0.0,0.0,0.0,0.0,0.0,0.0,0.0,0.0,0.0,0.0,0.0,0.0,0.0,0.0,0.0,0.0,0.0,0.0,0.0,0.0,0.0,0.0,0.0,0.0,0.0,0.0,0.0,0.0,0.0,0.0,0.0,0.0,0.0,0.0,0.0,0.0,0.0,0.0,0.0,0.0,0.0,0.0,0.0,0.0,0.0,0.0,0.0,0.0,0.0,0.0,0.0,0.0,0.0,0.0,0.0,0.0,0.0,0.0,0.0,0.0,0.0,0.0,0.0,0.0,0.0,0.0,0.0,0.0,0.0,0.0,0.0,0.0,0.0
97.0,109.0,78.7,0.0,2.0,45743.0,45840.0,0.0,0.0,0.0,0.0,0.0,0.0,0.0,0.0,0.0,0.0,0.0,0.0,0.0,0.0,0.0,0.0,0.0,0.0,0.0,0.0,0.0,0.0,0.0,0.0,0.0,0.0,0.0,0.0,0.0,0.0,0.0,0.0,0.0,0.0,0.0,0.0,0.0,0.0,0.0,0.0,0.0,0.0,0.0,0.0,0.0,0.0,0.0,0.0,0.0,0.0,0.0,0.0,0.0,0.0,0.0,0.0,0.0,0.0,0.0,0.0,0.0,0.0,0.0,0.0,0.0,0.0,0.0,0.0,0.0,0.0,0.0,0.0,0.0,0.0,0.0,0.0,0.0,0.0,0.0,0.0,0.0,0.0,0.0,0.0,0.0,0.0,0.0,0.0,0.0,0.0,0.0,0.0,0.0,0.0,0.0,0.0,0.0,0.0,0.0,0.0,0.0,0.0,0.0,0.0,0.0,0.0,0.0,0.0,0.0,0.0,0.0,0.0,0.0,0.0,0.0,0.0,0.0,0.0,0.0,0.0,0.0,0.0,0.0,0.0,0.0,0.0,0.0,0.0,0.0,0.0,0.0,0.0,0.0,0.0,0.0,0.0,0.0,0.0,0.0,0.0,0.0,0.0,0.0,0.0,0.0,0.0,0.0,0.0,0.0,0.0,0.0,0.0,0.0,0.0,0.0,0.0,0.0,0.0,0.0,0.0,0.0,0.0,0.0,0.0,0.0,0.0,0.0,0.0,0.0,0.0,0.0,0.0,0.0,0.0,0.0,0.0,0.0,0.0,0.0,0.0,0.0,0.0,0.0,0.0,0.0,0.0,0.0,0.0,0.0,0.0,0.0,0.0,0.0,0.0,0.0,0.0,0.0,0.0,0.0,0.0,0.0,0.0,0.0,0.0,0.0,0.0,0.0,0.0,0.0,0.0,0.0,0.0,0.0,0.0,0.0,0.0,0.0,0.0,0.0,0.0,0.0,0.0,0.0,0.0,0.0,0.0,0.0,0.0,0.0,0.0,0.0,0.0,0.0,0.0,0.0,0.0,0.0,0.0,0.0,0.0,0.0,0.0,0.0,0.0,0.0,0.0,0.0,0.0,0.0,0.0,0.0,0.0,0.0,0.0,0.0,0.0,0.0,0.0,0.0,0.0,0.0,0.0,0.0,0.0,0.0,0.0,0.0,0.0,0.0,0.0,0.0,0.0,0.0,0.0,0.0,0.0,0.0,0.0,0.0,0.0,0.0,0.0,0.0,0.0,0.0,0.0,0.0,0.0,0.0,0.0,0.0,0.0,0.0,0.0,0.0,0.0,0.0,0.0,0.0,0.0,0.0,0.0,0.0,0.0,0.0,0.0,0.0,0.0,0.0,0.0
166.0,99.8,68.8,2.0,6.0,45840.0,46006.0,0.0,0.0,0.0,0.0,0.0,0.0,0.0,0.0,0.0,0.0,0.0,0.0,0.0,0.0,0.0,0.0,0.0,0.0,0.0,0.0,0.0,0.0,0.0,0.0,0.0,0.0,0.0,0.0,0.0,0.0,0.0,0.0,0.0,0.0,0.0,0.0,0.0,0.0,0.0,0.0,0.0,0.0,0.0,0.0,0.0,0.0,0.0,0.0,0.0,0.0,0.0,0.0,0.0,0.0,0.0,0.0,0.0,0.0,0.0,0.0,0.0,0.0,0.0,0.0,0.0,0.0,0.0,0.0,0.0,0.0,0.0,0.0,0.0,0.0,0.0,0.0,0.0,0.0,0.0,0.0,0.0,0.0,0.0,0.0,0.0,0.0,0.0,0.0,0.0,0.0,0.0,0.0,0.0,0.0,0.0,0.0,0.0,0.0,0.0,0.0,0.0,0.0,0.0,0.0,0.0,0.0,0.0,0.0,0.0,0.0,0.0,0.0,0.0,0.0,0.0,0.0,0.0,0.0,0.0,0.0,0.0,0.0,0.0,0.0,0.0,0.0,0.0,0.0,0.0,0.0,0.0,0.0,0.0,0.0,0.0,0.0,0.0,0.0,0.0,0.0,0.0,0.0,0.0,0.0,0.0,0.0,0.0,0.0,0.0,0.0,0.0,0.0,0.0,0.0,0.0,0.0,0.0,0.0,0.0,0.0,0.0,0.0,0.0,0.0,0.0,0.0,0.0,0.0,0.0,0.0,0.0,0.0,0.0,0.0,0.0,0.0,0.0,0.0,0.0,0.0,0.0,0.0,0.0,0.0,0.0,0.0,0.0,0.0,0.0,0.0,0.0,0.0,0.0,0.0,0.0,0.0,0.0,0.0,0.0,0.0,0.0,0.0,0.0,0.0,0.0,0.0,0.0,0.0,0.0,0.0,0.0,0.0,0.0,0.0,0.0,0.0,0.0,0.0,0.0,0.0,0.0,0.0,0.0,0.0,0.0,0.0,0.0,0.0,0.0,0.0,0.0,0.0,0.0,0.0,0.0,0.0,0.0,0.0,0.0,0.0,0.0,0.0,0.0,0.0,0.0,0.0,0.0,0.0,0.0,0.0,0.0,0.0,0.0,0.0,0.0,0.0,0.0,0.0,0.0,0.0,0.0,0.0,0.0,0.0,0.0,0.0,0.0,0.0,0.0,0.0,0.0,0.0,0.0,0.0,0.0,0.0,0.0,0.0,0.0,0.0,0.0,0.0,0.0,0.0,0.0,0.0,0.0,0.0,0.0,0.0,0.0,0.0,0.0,0.0,0.0,0.0,0.0,0.0,0.0,0.0,0.0,0.0,0.0,0.0,0.0,0.0,0.0,0.0,0.0,0.0
533.0,90.1,60.3,3.0,3.0,46006.0,46539.0,0.0,0.0,0.0,0.0,0.0,0.0,0.0,0.0,0.0,0.0,0.0,0.0,0.0,0.0,0.0,0.0,0.0,0.0,0.0,0.0,0.0,0.0,0.0,0.0,0.0,0.0,0.0,0.0,0.0,0.0,0.0,0.0,0.0,0.0,0.0,0.0,0.0,0.0,0.0,0.0,0.0,0.0,0.0,0.0,0.0,0.0,0.0,0.0,0.0,0.0,0.0,0.0,0.0,0.0,0.0,0.0,0.0,0.0,0.0,0.0,0.0,0.0,0.0,0.0,0.0,0.0,0.0,0.0,0.0,0.0,0.0,0.0,0.0,0.0,0.0,0.0,0.0,0.0,0.0,0.0,0.0,0.0,0.0,0.0,0.0,0.0,0.0,0.0,0.0,0.0,0.0,0.0,0.0,0.0,0.0,0.0,0.0,0.0,0.0,0.0,0.0,0.0,0.0,0.0,0.0,0.0,0.0,0.0,0.0,0.0,0.0,0.0,0.0,0.0,0.0,0.0,0.0,0.0,0.0,0.0,0.0,0.0,0.0,0.0,0.0,0.0,0.0,0.0,0.0,0.0,0.0,0.0,0.0,0.0,0.0,0.0,0.0,0.0,0.0,0.0,0.0,0.0,0.0,0.0,0.0,0.0,0.0,0.0,0.0,0.0,0.0,0.0,0.0,0.0,0.0,0.0,0.0,0.0,0.0,0.0,0.0,0.0,0.0,0.0,0.0,0.0,0.0,0.0,0.0,0.0,0.0,0.0,0.0,0.0,0.0,0.0,0.0,0.0,0.0,0.0,0.0,0.0,0.0,0.0,0.0,0.0,0.0,0.0,0.0,0.0,0.0,0.0,0.0,0.0,0.0,0.0,0.0,0.0,0.0,0.0,0.0,0.0,0.0,0.0,0.0,0.0,0.0,0.0,0.0,0.0,0.0,0.0,0.0,0.0,0.0,0.0,0.0,0.0,0.0,0.0,0.0,0.0,0.0,0.0,0.0,0.0,0.0,0.0,0.0,0.0,0.0,0.0,0.0,0.0,0.0,0.0,0.0,0.0,0.0,0.0,0.0,0.0,0.0,0.0,0.0,0.0,0.0,0.0,0.0,0.0,0.0,0.0,0.0,0.0,0.0,0.0,0.0,0.0,0.0,0.0,0.0,0.0,0.0,0.0,0.0,0.0,0.0,0.0,0.0,0.0,0.0,0.0,0.0,0.0,0.0,0.0,0.0,0.0,0.0,0.0,0.0,0.0,0.0,0.0,0.0,0.0,0.0,0.0,0.0,0.0,0.0,0.0,0.0,0.0,0.0,0.0,0.0,0.0,0.0,0.0,0.0,0.0,0.0,0.0,0.0,0.0,0.0,0.0,0.0,0.0
399.0,86.1,62.2,3.0,9.0,46539.0,46938.0,0.0,0.0,0.0,0.0,0.0,0.0,0.0,0.0,0.0,0.0,0.0,0.0,0.0,0.0,0.0,0.0,0.0,0.0,0.0,0.0,0.0,0.0,0.0,0.0,0.0,0.0,0.0,0.0,0.0,0.0,0.0,0.0,0.0,0.0,0.0,0.0,0.0,0.0,0.0,0.0,0.0,0.0,0.0,0.0,0.0,0.0,0.0,0.0,0.0,0.0,0.0,0.0,0.0,0.0,0.0,0.0,0.0,0.0,0.0,0.0,0.0,0.0,0.0,0.0,0.0,0.0,0.0,0.0,0.0,0.0,0.0,0.0,0.0,0.0,0.0,0.0,0.0,0.0,0.0,0.0,0.0,0.0,0.0,0.0,0.0,0.0,0.0,0.0,0.0,0.0,0.0,0.0,0.0,0.0,0.0,0.0,0.0,0.0,0.0,0.0,0.0,0.0,0.0,0.0,0.0,0.0,0.0,0.0,0.0,0.0,0.0,0.0,0.0,0.0,0.0,0.0,0.0,0.0,0.0,0.0,0.0,0.0,0.0,0.0,0.0,0.0,0.0,0.0,0.0,0.0,0.0,0.0,0.0,0.0,0.0,0.0,0.0,0.0,0.0,0.0,0.0,0.0,0.0,0.0,0.0,0.0,0.0,0.0,0.0,0.0,0.0,0.0,0.0,0.0,0.0,0.0,0.0,0.0,0.0,0.0,0.0,0.0,0.0,0.0,0.0,0.0,0.0,0.0,0.0,0.0,0.0,0.0,0.0,0.0,0.0,0.0,0.0,0.0,0.0,0.0,0.0,0.0,0.0,0.0,0.0,0.0,0.0,0.0,0.0,0.0,0.0,0.0,0.0,0.0,0.0,0.0,0.0,0.0,0.0,0.0,0.0,0.0,0.0,0.0,0.0,0.0,0.0,0.0,0.0,0.0,0.0,0.0,0.0,0.0,0.0,0.0,0.0,0.0,0.0,0.0,0.0,0.0,0.0,0.0,0.0,0.0,0.0,0.0,0.0,0.0,0.0,0.0,0.0,0.0,0.0,0.0,0.0,0.0,0.0,0.0,0.0,0.0,0.0,0.0,0.0,0.0,0.0,0.0,0.0,0.0,0.0,0.0,0.0,0.0,0.0,0.0,0.0,0.0,0.0,0.0,0.0,0.0,0.0,0.0,0.0,0.0,0.0,0.0,0.0,0.0,0.0,0.0,0.0,0.0,0.0,0.0,0.0,0.0,0.0,0.0,0.0,0.0,0.0,0.0,0.0,0.0,0.0,0.0,0.0,0.0,0.0,0.0,0.0,0.0,0.0,0.0,0.0,0.0,0.0,0.0,0.0,0.0,0.0,0.0,0.0,0.0,0.0,0.0,0.0,0.0
1897.0,99.4,73.7,7.0,7.0,46938.0,48835.0,0.0,0.0,0.0,0.0,0.0,0.0,0.0,0.0,0.0,0.0,0.0,0.0,0.0,0.0,0.0,0.0,0.0,0.0,0.0,0.0,0.0,0.0,0.0,0.0,0.0,0.0,0.0,0.0,0.0,0.0,0.0,0.0,0.0,0.0,0.0,0.0,0.0,0.0,0.0,0.0,0.0,0.0,0.0,0.0,0.0,0.0,0.0,0.0,0.0,0.0,0.0,0.0,0.0,0.0,0.0,0.0,0.0,0.0,0.0,0.0,0.0,0.0,0.0,0.0,0.0,0.0,0.0,0.0,0.0,0.0,0.0,0.0,0.0,0.0,0.0,0.0,0.0,0.0,0.0,0.0,0.0,0.0,0.0,0.0,0.0,0.0,0.0,0.0,0.0,0.0,0.0,0.0,0.0,0.0,0.0,0.0,0.0,0.0,0.0,0.0,0.0,0.0,0.0,0.0,0.0,0.0,0.0,0.0,0.0,0.0,0.0,0.0,0.0,0.0,0.0,0.0,0.0,0.0,0.0,0.0,0.0,0.0,0.0,0.0,0.0,0.0,0.0,0.0,0.0,0.0,0.0,0.0,0.0,0.0,0.0,0.0,0.0,0.0,0.0,0.0,0.0,0.0,0.0,0.0,0.0,0.0,0.0,0.0,0.0,0.0,0.0,0.0,0.0,0.0,0.0,0.0,0.0,0.0,0.0,0.0,0.0,0.0,0.0,0.0,0.0,0.0,0.0,0.0,0.0,0.0,0.0,0.0,0.0,0.0,0.0,0.0,0.0,0.0,0.0,0.0,0.0,0.0,0.0,0.0,0.0,0.0,0.0,0.0,0.0,0.0,0.0,0.0,0.0,0.0,0.0,0.0,0.0,0.0,0.0,0.0,0.0,0.0,0.0,0.0,0.0,0.0,0.0,0.0,0.0,0.0,0.0,0.0,0.0,0.0,0.0,0.0,0.0,0.0,0.0,0.0,0.0,0.0,0.0,0.0,0.0,0.0,0.0,0.0,0.0,0.0,0.0,0.0,0.0,0.0,0.0,0.0,0.0,0.0,0.0,0.0,0.0,0.0,0.0,0.0,0.0,0.0,0.0,0.0,0.0,0.0,0.0,0.0,0.0,0.0,0.0,0.0,0.0,0.0,0.0,0.0,0.0,0.0,0.0,0.0,0.0,0.0,0.0,0.0,0.0,0.0,0.0,0.0,0.0,0.0,0.0,0.0,0.0,0.0,0.0,0.0,0.0,0.0,0.0,0.0,0.0,0.0,0.0,0.0,0.0,0.0,0.0,0.0,0.0,0.0,0.0,0.0,0.0,0.0,0.0,0.0,0.0,0.0,0.0,0.0,0.0,0.0,0.0,0.0,0.0,0.0
366.0,103.8,86.2,1.0,2.0,5616.0,5982.0,0.65176,0.748612,0.718554,0.53776,0.616744,0.582508,0.695634,0.686359,0.463348,0.514547,0.580465,0.717717,0.607075,0.423026,0.523753,0.634965,0.796961,0.699727,0.532784,0.605816,0.640097,0.835076,0.595536,0.539109,0.65945,0.404028,0.758137,0.684631,0.660476,0.553727,0.52242,0.771991,0.753574,0.627871,0.476492,0.719019,0.855823,0.751009,0.549393,0.519446,0.721759,0.927197,0.56845,0.507028,0.585873,0.687859,0.965906,0.461995,0.579159,0.53374,0.700135,0.896548,0.480957,0.627461,0.565817,0.692205,0.882536,0.658594,0.652894,0.542084,0.629655,0.796114,0.556245,0.538833,0.366905,0.571518,0.666784,0.495582,0.479299,0.370963,0.194691,0.53439,0.671714,0.574535,0.668827,0.376648,0.672712,0.796838,0.734455,0.355772,0.739064,0.676813,0.960424,0.799568,0.457802,0.703734,0.861706,0.782742,0.459657,0.359006,0.604873,0.920849,0.369269,0.37064,0.369567,0.772636,0.803861,0.596271,0.716639,0.475867,0.689269,0.779039,0.712983,0.644352,0.382344,0.635036,0.76318,0.616922,0.502257,0.305691,0.507611,0.568831,0.493445,0.507099,0.333245,0.207983,0.626456,0.764402,0.772541,0.257126,0.286743,0.596512,0.758841,0.864561,0.383727,0.278527,0.553598,0.824888,0.979601,0.304648,0.583358,0.602858,0.986728,0.903106,0.55262,0.687579,0.906534,0.576413,0.322356,0.581996,0.708771,0.858359,0.677702,0.703426,0.433782,0.610895,0.708364,0.669334,0.651627,0.206923,0.596942,0.715095,0.581407,0.496682,0.238061,0.602699,0.619235,0.438843,0.588755,0.428723,0.339846,0.585996,0.615951,0.871937,0.321515,0.201239,0.590998,0.652464,0.786526,0.578977,0.480099,0.610145,0.542479,0.809048,0.434716,0.365095,0.453876,0.496624,0.878819,0.592773,0.660617,0.758518,0.554325,0.525643,0.442307,0.341234,0.690911,0.815355,0.635581,0.444752,0.604751,0.637161,0.834893,0.45273,0.354758,0.49023,0.661124,0.725277,0.753447,0.440564,0.595062,0.613734,0.662479,0.703668,0.246672,0.504111,0.661339,0.684483,0.776479,0.414041,0.548248,0.67561,0.626868,0.59888,0.336964,0.670987,0.709991,0.603148,0.582301,0.491337,0.659304,0.890498,0.544313,0.638783,0.328014,0.624379,0.809672,0.706376,0.546886,0.371547,0.564248,0.796424,0.730015,0.577118,0.50883,0.615201,0.64964,0.856741,0.693057,0.752534,0.607631,0.663207,0.741068,0.736731,0.728659,0.459264,0.592618,0.7531,0.80911,0.609137,0.533228,0.66614,0.678641,0.824408,0.299314,0.637961,0.630757,0.574711,0.624702,0.250606,0.547976,0.706171,0.626082,0.528067,0.090035,0.622875,0.823144,0.637425,0.684637,0.108183,0.712455,0.741377,0.711014,0.81438,0.388198,0.565566,0.675709,0.743133,0.817851,0.362797,0.590241,0.615976,0.711492,0.904132,0.403511,0.503652,0.529386,0.526178,0.499932,0.261602,0.447956,0.59415,0.527723,0.431866,0.26454,0.559289,0.602836,0.577069,0.606102,0.143153,0.511367,0.609012,0.653924,0.882432,0.237039,0.522897,0.571544,0.602826,0.808117,0.286401
133.0,104.3,82.0,0.0,1.0,48835.0,48968.0,0.0,0.0,0.0,0.0,0.0,0.0,0.0,0.0,0.0,0.0,0.0,0.0,0.0,0.0,0.0,0.0,0.0,0.0,0.0,0.0,0.0,0.0,0.0,0.0,0.0,0.0,0.0,0.0,0.0,0.0,0.0,0.0,0.0,0.0,0.0,0.0,0.0,0.0,0.0,0.0,0.0,0.0,0.0,0.0,0.0,0.0,0.0,0.0,0.0,0.0,0.0,0.0,0.0,0.0,0.0,0.0,0.0,0.0,0.0,0.0,0.0,0.0,0.0,0.0,0.0,0.0,0.0,0.0,0.0,0.0,0.0,0.0,0.0,0.0,0.0,0.0,0.0,0.0,0.0,0.0,0.0,0.0,0.0,0.0,0.0,0.0,0.0,0.0,0.0,0.0,0.0,0.0,0.0,0.0,0.0,0.0,0.0,0.0,0.0,0.0,0.0,0.0,0.0,0.0,0.0,0.0,0.0,0.0,0.0,0.0,0.0,0.0,0.0,0.0,0.0,0.0,0.0,0.0,0.0,0.0,0.0,0.0,0.0,0.0,0.0,0.0,0.0,0.0,0.0,0.0,0.0,0.0,0.0,0.0,0.0,0.0,0.0,0.0,0.0,0.0,0.0,0.0,0.0,0.0,0.0,0.0,0.0,0.0,0.0,0.0,0.0,0.0,0.0,0.0,0.0,0.0,0.0,0.0,0.0,0.0,0.0,0.0,0.0,0.0,0.0,0.0,0.0,0.0,0.0,0.0,0.0,0.0,0.0,0.0,0.0,0.0,0.0,0.0,0.0,0.0,0.0,0.0,0.0,0.0,0.0,0.0,0.0,0.0,0.0,0.0,0.0,0.0,0.0,0.0,0.0,0.0,0.0,0.0,0.0,0.0,0.0,0.0,0.0,0.0,0.0,0.0,0.0,0.0,0.0,0.0,0.0,0.0,0.0,0.0,0.0,0.0,0.0,0.0,0.0,0.0,0.0,0.0,0.0,0.0,0.0,0.0,0.0,0.0,0.0,0.0,0.0,0.0,0.0,0.0,0.0,0.0,0.0,0.0,0.0,0.0,0.0,0.0,0.0,0.0,0.0,0.0,0.0,0.0,0.0,0.0,0.0,0.0,0.0,0.0,0.0,0.0,0.0,0.0,0.0,0.0,0.0,0.0,0.0,0.0,0.0,0.0,0.0,0.0,0.0,0.0,0.0,0.0,0.0,0.0,0.0,0.0,0.0,0.0,0.0,0.0,0.0,0.0,0.0,0.0,0.0,0.0,0.0,0.0,0.0,0.0,0.0,0.0,0.0,0.0,0.0,0.0,0.0,0.0,0.0,0.0,0.0,0.0,0.0,0.0,0.0,0.0,0.0,0.0,0.0,0.0
499.0,101.0,82.3,6.0,3.0,48968.0,49467.0,0.0,0.0,0.0,0.0,0.0,0.0,0.0,0.0,0.0,0.0,0.0,0.0,0.0,0.0,0.0,0.0,0.0,0.0,0.0,0.0,0.0,0.0,0.0,0.0,0.0,0.0,0.0,0.0,0.0,0.0,0.0,0.0,0.0,0.0,0.0,0.0,0.0,0.0,0.0,0.0,0.0,0.0,0.0,0.0,0.0,0.0,0.0,0.0,0.0,0.0,0.0,0.0,0.0,0.0,0.0,0.0,0.0,0.0,0.0,0.0,0.0,0.0,0.0,0.0,0.0,0.0,0.0,0.0,0.0,0.0,0.0,0.0,0.0,0.0,0.0,0.0,0.0,0.0,0.0,0.0,0.0,0.0,0.0,0.0,0.0,0.0,0.0,0.0,0.0,0.0,0.0,0.0,0.0,0.0,0.0,0.0,0.0,0.0,0.0,0.0,0.0,0.0,0.0,0.0,0.0,0.0,0.0,0.0,0.0,0.0,0.0,0.0,0.0,0.0,0.0,0.0,0.0,0.0,0.0,0.0,0.0,0.0,0.0,0.0,0.0,0.0,0.0,0.0,0.0,0.0,0.0,0.0,0.0,0.0,0.0,0.0,0.0,0.0,0.0,0.0,0.0,0.0,0.0,0.0,0.0,0.0,0.0,0.0,0.0,0.0,0.0,0.0,0.0,0.0,0.0,0.0,0.0,0.0,0.0,0.0,0.0,0.0,0.0,0.0,0.0,0.0,0.0,0.0,0.0,0.0,0.0,0.0,0.0,0.0,0.0,0.0,0.0,0.0,0.0,0.0,0.0,0.0,0.0,0.0,0.0,0.0,0.0,0.0,0.0,0.0,0.0,0.0,0.0,0.0,0.0,0.0,0.0,0.0,0.0,0.0,0.0,0.0,0.0,0.0,0.0,0.0,0.0,0.0,0.0,0.0,0.0,0.0,0.0,0.0,0.0,0.0,0.0,0.0,0.0,0.0,0.0,0.0,0.0,0.0,0.0,0.0,0.0,0.0,0.0,0.0,0.0,0.0,0.0,0.0,0.0,0.0,0.0,0.0,0.0,0.0,0.0,0.0,0.0,0.0,0.0,0.0,0.0,0.0,0.0,0.0,0.0,0.0,0.0,0.0,0.0,0.0,0.0,0.0,0.0,0.0,0.0,0.0,0.0,0.0,0.0,0.0,0.0,0.0,0.0,0.0,0.0,0.0,0.0,0.0,0.0,0.0,0.0,0.0,0.0,0.0,0.0,0.0,0.0,0.0,0.0,0.0,0.0,0.0,0.0,0.0,0.0,0.0,0.0,0.0,0.0,0.0,0.0,0.0,0.0,0.0,0.0,0.0,0.0,0.0,0.0,0.0,0.0,0.0,0.0,0.0
299.0,97.8,73.7,1.0,3.0,49467.0,49766.0,0.0,0.0,0.0,0.0,0.0,0.0,0.0,0.0,0.0,0.0,0.0,0.0,0.0,0.0,0.0,0.0,0.0,0.0,0.0,0.0,0.0,0.0,0.0,0.0,0.0,0.0,0.0,0.0,0.0,0.0,0.0,0.0,0.0,0.0,0.0,0.0,0.0,0.0,0.0,0.0,0.0,0.0,0.0,0.0,0.0,0.0,0.0,0.0,0.0,0.0,0.0,0.0,0.0,0.0,0.0,0.0,0.0,0.0,0.0,0.0,0.0,0.0,0.0,0.0,0.0,0.0,0.0,0.0,0.0,0.0,0.0,0.0,0.0,0.0,0.0,0.0,0.0,0.0,0.0,0.0,0.0,0.0,0.0,0.0,0.0,0.0,0.0,0.0,0.0,0.0,0.0,0.0,0.0,0.0,0.0,0.0,0.0,0.0,0.0,0.0,0.0,0.0,0.0,0.0,0.0,0.0,0.0,0.0,0.0,0.0,0.0,0.0,0.0,0.0,0.0,0.0,0.0,0.0,0.0,0.0,0.0,0.0,0.0,0.0,0.0,0.0,0.0,0.0,0.0,0.0,0.0,0.0,0.0,0.0,0.0,0.0,0.0,0.0,0.0,0.0,0.0,0.0,0.0,0.0,0.0,0.0,0.0,0.0,0.0,0.0,0.0,0.0,0.0,0.0,0.0,0.0,0.0,0.0,0.0,0.0,0.0,0.0,0.0,0.0,0.0,0.0,0.0,0.0,0.0,0.0,0.0,0.0,0.0,0.0,0.0,0.0,0.0,0.0,0.0,0.0,0.0,0.0,0.0,0.0,0.0,0.0,0.0,0.0,0.0,0.0,0.0,0.0,0.0,0.0,0.0,0.0,0.0,0.0,0.0,0.0,0.0,0.0,0.0,0.0,0.0,0.0,0.0,0.0,0.0,0.0,0.0,0.0,0.0,0.0,0.0,0.0,0.0,0.0,0.0,0.0,0.0,0.0,0.0,0.0,0.0,0.0,0.0,0.0,0.0,0.0,0.0,0.0,0.0,0.0,0.0,0.0,0.0,0.0,0.0,0.0,0.0,0.0,0.0,0.0,0.0,0.0,0.0,0.0,0.0,0.0,0.0,0.0,0.0,0.0,0.0,0.0,0.0,0.0,0.0,0.0,0.0,0.0,0.0,0.0,0.0,0.0,0.0,0.0,0.0,0.0,0.0,0.0,0.0,0.0,0.0,0.0,0.0,0.0,0.0,0.0,0.0,0.0,0.0,0.0,0.0,0.0,0.0,0.0,0.0,0.0,0.0,0.0,0.0,0.0,0.0,0.0,0.0,0.0,0.0,0.0,0.0,0.0,0.0,0.0,0.0,0.0,0.0,0.0,0.0,0.0
232.0,97.4,65.7,3.0,3.0,49766.0,49998.0,0.0,0.0,0.0,0.0,0.0,0.0,0.0,0.0,0.0,0.0,0.0,0.0,0.0,0.0,0.0,0.0,0.0,0.0,0.0,0.0,0.0,0.0,0.0,0.0,0.0,0.0,0.0,0.0,0.0,0.0,0.0,0.0,0.0,0.0,0.0,0.0,0.0,0.0,0.0,0.0,0.0,0.0,0.0,0.0,0.0,0.0,0.0,0.0,0.0,0.0,0.0,0.0,0.0,0.0,0.0,0.0,0.0,0.0,0.0,0.0,0.0,0.0,0.0,0.0,0.0,0.0,0.0,0.0,0.0,0.0,0.0,0.0,0.0,0.0,0.0,0.0,0.0,0.0,0.0,0.0,0.0,0.0,0.0,0.0,0.0,0.0,0.0,0.0,0.0,0.0,0.0,0.0,0.0,0.0,0.0,0.0,0.0,0.0,0.0,0.0,0.0,0.0,0.0,0.0,0.0,0.0,0.0,0.0,0.0,0.0,0.0,0.0,0.0,0.0,0.0,0.0,0.0,0.0,0.0,0.0,0.0,0.0,0.0,0.0,0.0,0.0,0.0,0.0,0.0,0.0,0.0,0.0,0.0,0.0,0.0,0.0,0.0,0.0,0.0,0.0,0.0,0.0,0.0,0.0,0.0,0.0,0.0,0.0,0.0,0.0,0.0,0.0,0.0,0.0,0.0,0.0,0.0,0.0,0.0,0.0,0.0,0.0,0.0,0.0,0.0,0.0,0.0,0.0,0.0,0.0,0.0,0.0,0.0,0.0,0.0,0.0,0.0,0.0,0.0,0.0,0.0,0.0,0.0,0.0,0.0,0.0,0.0,0.0,0.0,0.0,0.0,0.0,0.0,0.0,0.0,0.0,0.0,0.0,0.0,0.0,0.0,0.0,0.0,0.0,0.0,0.0,0.0,0.0,0.0,0.0,0.0,0.0,0.0,0.0,0.0,0.0,0.0,0.0,0.0,0.0,0.0,0.0,0.0,0.0,0.0,0.0,0.0,0.0,0.0,0.0,0.0,0.0,0.0,0.0,0.0,0.0,0.0,0.0,0.0,0.0,0.0,0.0,0.0,0.0,0.0,0.0,0.0,0.0,0.0,0.0,0.0,0.0,0.0,0.0,0.0,0.0,0.0,0.0,0.0,0.0,0.0,0.0,0.0,0.0,0.0,0.0,0.0,0.0,0.0,0.0,0.0,0.0,0.0,0.0,0.0,0.0,0.0,0.0,0.0,0.0,0.0,0.0,0.0,0.0,0.0,0.0,0.0,0.0,0.0,0.0,0.0,0.0,0.0,0.0,0.0,0.0,0.0,0.0,0.0,0.0,0.0,0.0,0.0,0.0,0.0,0.0,0.0,0.0,0.0,0.0
765.0,92.8,60.4,6.0,16.0,49998.0,50763.0,0.0,0.0,0.0,0.0,0.0,0.0,0.0,0.0,0.0,0.0,0.0,0.0,0.0,0.0,0.0,0.0,0.0,0.0,0.0,0.0,0.0,0.0,0.0,0.0,0.0,0.0,0.0,0.0,0.0,0.0,0.0,0.0,0.0,0.0,0.0,0.0,0.0,0.0,0.0,0.0,0.0,0.0,0.0,0.0,0.0,0.0,0.0,0.0,0.0,0.0,0.0,0.0,0.0,0.0,0.0,0.0,0.0,0.0,0.0,0.0,0.0,0.0,0.0,0.0,0.0,0.0,0.0,0.0,0.0,0.0,0.0,0.0,0.0,0.0,0.0,0.0,0.0,0.0,0.0,0.0,0.0,0.0,0.0,0.0,0.0,0.0,0.0,0.0,0.0,0.0,0.0,0.0,0.0,0.0,0.0,0.0,0.0,0.0,0.0,0.0,0.0,0.0,0.0,0.0,0.0,0.0,0.0,0.0,0.0,0.0,0.0,0.0,0.0,0.0,0.0,0.0,0.0,0.0,0.0,0.0,0.0,0.0,0.0,0.0,0.0,0.0,0.0,0.0,0.0,0.0,0.0,0.0,0.0,0.0,0.0,0.0,0.0,0.0,0.0,0.0,0.0,0.0,0.0,0.0,0.0,0.0,0.0,0.0,0.0,0.0,0.0,0.0,0.0,0.0,0.0,0.0,0.0,0.0,0.0,0.0,0.0,0.0,0.0,0.0,0.0,0.0,0.0,0.0,0.0,0.0,0.0,0.0,0.0,0.0,0.0,0.0,0.0,0.0,0.0,0.0,0.0,0.0,0.0,0.0,0.0,0.0,0.0,0.0,0.0,0.0,0.0,0.0,0.0,0.0,0.0,0.0,0.0,0.0,0.0,0.0,0.0,0.0,0.0,0.0,0.0,0.0,0.0,0.0,0.0,0.0,0.0,0.0,0.0,0.0,0.0,0.0,0.0,0.0,0.0,0.0,0.0,0.0,0.0,0.0,0.0,0.0,0.0,0.0,0.0,0.0,0.0,0.0,0.0,0.0,0.0,0.0,0.0,0.0,0.0,0.0,0.0,0.0,0.0,0.0,0.0,0.0,0.0,0.0,0.0,0.0,0.0,0.0,0.0,0.0,0.0,0.0,0.0,0.0,0.0,0.0,0.0,0.0,0.0,0.0,0.0,0.0,0.0,0.0,0.0,0.0,0.0,0.0,0.0,0.0,0.0,0.0,0.0,0.0,0.0,0.0,0.0,0.0,0.0,0.0,0.0,0.0,0.0,0.0,0.0,0.0,0.0,0.0,0.0,0.0,0.0,0.0,0.0,0.0,0.0,0.0,0.0,0.0,0.0,0.0,0.0,0.0,0.0,0.0,0.0,0.0
1530.0,100.0,73.7,9.0,14.0,50763.0,52293.0,0.0,0.0,0.0,0.0,0.0,0.0,0.0,0.0,0.0,0.0,0.0,0.0,0.0,0.0,0.0,0.0,0.0,0.0,0.0,0.0,0.0,0.0,0.0,0.0,0.0,0.0,0.0,0.0,0.0,0.0,0.0,0.0,0.0,0.0,0.0,0.0,0.0,0.0,0.0,0.0,0.0,0.0,0.0,0.0,0.0,0.0,0.0,0.0,0.0,0.0,0.0,0.0,0.0,0.0,0.0,0.0,0.0,0.0,0.0,0.0,0.0,0.0,0.0,0.0,0.0,0.0,0.0,0.0,0.0,0.0,0.0,0.0,0.0,0.0,0.0,0.0,0.0,0.0,0.0,0.0,0.0,0.0,0.0,0.0,0.0,0.0,0.0,0.0,0.0,0.0,0.0,0.0,0.0,0.0,0.0,0.0,0.0,0.0,0.0,0.0,0.0,0.0,0.0,0.0,0.0,0.0,0.0,0.0,0.0,0.0,0.0,0.0,0.0,0.0,0.0,0.0,0.0,0.0,0.0,0.0,0.0,0.0,0.0,0.0,0.0,0.0,0.0,0.0,0.0,0.0,0.0,0.0,0.0,0.0,0.0,0.0,0.0,0.0,0.0,0.0,0.0,0.0,0.0,0.0,0.0,0.0,0.0,0.0,0.0,0.0,0.0,0.0,0.0,0.0,0.0,0.0,0.0,0.0,0.0,0.0,0.0,0.0,0.0,0.0,0.0,0.0,0.0,0.0,0.0,0.0,0.0,0.0,0.0,0.0,0.0,0.0,0.0,0.0,0.0,0.0,0.0,0.0,0.0,0.0,0.0,0.0,0.0,0.0,0.0,0.0,0.0,0.0,0.0,0.0,0.0,0.0,0.0,0.0,0.0,0.0,0.0,0.0,0.0,0.0,0.0,0.0,0.0,0.0,0.0,0.0,0.0,0.0,0.0,0.0,0.0,0.0,0.0,0.0,0.0,0.0,0.0,0.0,0.0,0.0,0.0,0.0,0.0,0.0,0.0,0.0,0.0,0.0,0.0,0.0,0.0,0.0,0.0,0.0,0.0,0.0,0.0,0.0,0.0,0.0,0.0,0.0,0.0,0.0,0.0,0.0,0.0,0.0,0.0,0.0,0.0,0.0,0.0,0.0,0.0,0.0,0.0,0.0,0.0,0.0,0.0,0.0,0.0,0.0,0.0,0.0,0.0,0.0,0.0,0.0,0.0,0.0,0.0,0.0,0.0,0.0,0.0,0.0,0.0,0.0,0.0,0.0,0.0,0.0,0.0,0.0,0.0,0.0,0.0,0.0,0.0,0.0,0.0,0.0,0.0,0.0,0.0,0.0,0.0,0.0,0.0,0.0,0.0,0.0,0.0,0.0
199.0,103.3,74.0,2.0,2.0,52293.0,52492.0,0.0,0.0,0.0,0.0,0.0,0.0,0.0,0.0,0.0,0.0,0.0,0.0,0.0,0.0,0.0,0.0,0.0,0.0,0.0,0.0,0.0,0.0,0.0,0.0,0.0,0.0,0.0,0.0,0.0,0.0,0.0,0.0,0.0,0.0,0.0,0.0,0.0,0.0,0.0,0.0,0.0,0.0,0.0,0.0,0.0,0.0,0.0,0.0,0.0,0.0,0.0,0.0,0.0,0.0,0.0,0.0,0.0,0.0,0.0,0.0,0.0,0.0,0.0,0.0,0.0,0.0,0.0,0.0,0.0,0.0,0.0,0.0,0.0,0.0,0.0,0.0,0.0,0.0,0.0,0.0,0.0,0.0,0.0,0.0,0.0,0.0,0.0,0.0,0.0,0.0,0.0,0.0,0.0,0.0,0.0,0.0,0.0,0.0,0.0,0.0,0.0,0.0,0.0,0.0,0.0,0.0,0.0,0.0,0.0,0.0,0.0,0.0,0.0,0.0,0.0,0.0,0.0,0.0,0.0,0.0,0.0,0.0,0.0,0.0,0.0,0.0,0.0,0.0,0.0,0.0,0.0,0.0,0.0,0.0,0.0,0.0,0.0,0.0,0.0,0.0,0.0,0.0,0.0,0.0,0.0,0.0,0.0,0.0,0.0,0.0,0.0,0.0,0.0,0.0,0.0,0.0,0.0,0.0,0.0,0.0,0.0,0.0,0.0,0.0,0.0,0.0,0.0,0.0,0.0,0.0,0.0,0.0,0.0,0.0,0.0,0.0,0.0,0.0,0.0,0.0,0.0,0.0,0.0,0.0,0.0,0.0,0.0,0.0,0.0,0.0,0.0,0.0,0.0,0.0,0.0,0.0,0.0,0.0,0.0,0.0,0.0,0.0,0.0,0.0,0.0,0.0,0.0,0.0,0.0,0.0,0.0,0.0,0.0,0.0,0.0,0.0,0.0,0.0,0.0,0.0,0.0,0.0,0.0,0.0,0.0,0.0,0.0,0.0,0.0,0.0,0.0,0.0,0.0,0.0,0.0,0.0,0.0,0.0,0.0,0.0,0.0,0.0,0.0,0.0,0.0,0.0,0.0,0.0,0.0,0.0,0.0,0.0,0.0,0.0,0.0,0.0,0.0,0.0,0.0,0.0,0.0,0.0,0.0,0.0,0.0,0.0,0.0,0.0,0.0,0.0,0.0,0.0,0.0,0.0,0.0,0.0,0.0,0.0,0.0,0.0,0.0,0.0,0.0,0.0,0.0,0.0,0.0,0.0,0.0,0.0,0.0,0.0,0.0,0.0,0.0,0.0,0.0,0.0,0.0,0.0,0.0,0.0,0.0,0.0,0.0,0.0,0.0,0.0,0.0,0.0
432.0,100.9,67.5,3.0,11.0,52492.0,52924.0,0.0,0.0,0.0,0.0,0.0,0.0,0.0,0.0,0.0,0.0,0.0,0.0,0.0,0.0,0.0,0.0,0.0,0.0,0.0,0.0,0.0,0.0,0.0,0.0,0.0,0.0,0.0,0.0,0.0,0.0,0.0,0.0,0.0,0.0,0.0,0.0,0.0,0.0,0.0,0.0,0.0,0.0,0.0,0.0,0.0,0.0,0.0,0.0,0.0,0.0,0.0,0.0,0.0,0.0,0.0,0.0,0.0,0.0,0.0,0.0,0.0,0.0,0.0,0.0,0.0,0.0,0.0,0.0,0.0,0.0,0.0,0.0,0.0,0.0,0.0,0.0,0.0,0.0,0.0,0.0,0.0,0.0,0.0,0.0,0.0,0.0,0.0,0.0,0.0,0.0,0.0,0.0,0.0,0.0,0.0,0.0,0.0,0.0,0.0,0.0,0.0,0.0,0.0,0.0,0.0,0.0,0.0,0.0,0.0,0.0,0.0,0.0,0.0,0.0,0.0,0.0,0.0,0.0,0.0,0.0,0.0,0.0,0.0,0.0,0.0,0.0,0.0,0.0,0.0,0.0,0.0,0.0,0.0,0.0,0.0,0.0,0.0,0.0,0.0,0.0,0.0,0.0,0.0,0.0,0.0,0.0,0.0,0.0,0.0,0.0,0.0,0.0,0.0,0.0,0.0,0.0,0.0,0.0,0.0,0.0,0.0,0.0,0.0,0.0,0.0,0.0,0.0,0.0,0.0,0.0,0.0,0.0,0.0,0.0,0.0,0.0,0.0,0.0,0.0,0.0,0.0,0.0,0.0,0.0,0.0,0.0,0.0,0.0,0.0,0.0,0.0,0.0,0.0,0.0,0.0,0.0,0.0,0.0,0.0,0.0,0.0,0.0,0.0,0.0,0.0,0.0,0.0,0.0,0.0,0.0,0.0,0.0,0.0,0.0,0.0,0.0,0.0,0.0,0.0,0.0,0.0,0.0,0.0,0.0,0.0,0.0,0.0,0.0,0.0,0.0,0.0,0.0,0.0,0.0,0.0,0.0,0.0,0.0,0.0,0.0,0.0,0.0,0.0,0.0,0.0,0.0,0.0,0.0,0.0,0.0,0.0,0.0,0.0,0.0,0.0,0.0,0.0,0.0,0.0,0.0,0.0,0.0,0.0,0.0,0.0,0.0,0.0,0.0,0.0,0.0,0.0,0.0,0.0,0.0,0.0,0.0,0.0,0.0,0.0,0.0,0.0,0.0,0.0,0.0,0.0,0.0,0.0,0.0,0.0,0.0,0.0,0.0,0.0,0.0,0.0,0.0,0.0,0.0,0.0,0.0,0.0,0.0,0.0,0.0,0.0,0.0,0.0,0.0,0.0,0.0
432.0,95.8,75.2,4.0,8.0,52924.0,53356.0,0.0,0.0,0.0,0.0,0.0,0.0,0.0,0.0,0.0,0.0,0.0,0.0,0.0,0.0,0.0,0.0,0.0,0.0,0.0,0.0,0.0,0.0,0.0,0.0,0.0,0.0,0.0,0.0,0.0,0.0,0.0,0.0,0.0,0.0,0.0,0.0,0.0,0.0,0.0,0.0,0.0,0.0,0.0,0.0,0.0,0.0,0.0,0.0,0.0,0.0,0.0,0.0,0.0,0.0,0.0,0.0,0.0,0.0,0.0,0.0,0.0,0.0,0.0,0.0,0.0,0.0,0.0,0.0,0.0,0.0,0.0,0.0,0.0,0.0,0.0,0.0,0.0,0.0,0.0,0.0,0.0,0.0,0.0,0.0,0.0,0.0,0.0,0.0,0.0,0.0,0.0,0.0,0.0,0.0,0.0,0.0,0.0,0.0,0.0,0.0,0.0,0.0,0.0,0.0,0.0,0.0,0.0,0.0,0.0,0.0,0.0,0.0,0.0,0.0,0.0,0.0,0.0,0.0,0.0,0.0,0.0,0.0,0.0,0.0,0.0,0.0,0.0,0.0,0.0,0.0,0.0,0.0,0.0,0.0,0.0,0.0,0.0,0.0,0.0,0.0,0.0,0.0,0.0,0.0,0.0,0.0,0.0,0.0,0.0,0.0,0.0,0.0,0.0,0.0,0.0,0.0,0.0,0.0,0.0,0.0,0.0,0.0,0.0,0.0,0.0,0.0,0.0,0.0,0.0,0.0,0.0,0.0,0.0,0.0,0.0,0.0,0.0,0.0,0.0,0.0,0.0,0.0,0.0,0.0,0.0,0.0,0.0,0.0,0.0,0.0,0.0,0.0,0.0,0.0,0.0,0.0,0.0,0.0,0.0,0.0,0.0,0.0,0.0,0.0,0.0,0.0,0.0,0.0,0.0,0.0,0.0,0.0,0.0,0.0,0.0,0.0,0.0,0.0,0.0,0.0,0.0,0.0,0.0,0.0,0.0,0.0,0.0,0.0,0.0,0.0,0.0,0.0,0.0,0.0,0.0,0.0,0.0,0.0,0.0,0.0,0.0,0.0,0.0,0.0,0.0,0.0,0.0,0.0,0.0,0.0,0.0,0.0,0.0,0.0,0.0,0.0,0.0,0.0,0.0,0.0,0.0,0.0,0.0,0.0,0.0,0.0,0.0,0.0,0.0,0.0,0.0,0.0,0.0,0.0,0.0,0.0,0.0,0.0,0.0,0.0,0.0,0.0,0.0,0.0,0.0,0.0,0.0,0.0,0.0,0.0,0.0,0.0,0.0,0.0,0.0,0.0,0.0,0.0,0.0,0.0,0.0,0.0,0.0,0.0,0.0,0.0,0.0,0.0,0.0,0.0
299.0,92.7,61.4,7.0,20.0,53356.0,53655.0,0.0,0.0,0.0,0.0,0.0,0.0,0.0,0.0,0.0,0.0,0.0,0.0,0.0,0.0,0.0,0.0,0.0,0.0,0.0,0.0,0.0,0.0,0.0,0.0,0.0,0.0,0.0,0.0,0.0,0.0,0.0,0.0,0.0,0.0,0.0,0.0,0.0,0.0,0.0,0.0,0.0,0.0,0.0,0.0,0.0,0.0,0.0,0.0,0.0,0.0,0.0,0.0,0.0,0.0,0.0,0.0,0.0,0.0,0.0,0.0,0.0,0.0,0.0,0.0,0.0,0.0,0.0,0.0,0.0,0.0,0.0,0.0,0.0,0.0,0.0,0.0,0.0,0.0,0.0,0.0,0.0,0.0,0.0,0.0,0.0,0.0,0.0,0.0,0.0,0.0,0.0,0.0,0.0,0.0,0.0,0.0,0.0,0.0,0.0,0.0,0.0,0.0,0.0,0.0,0.0,0.0,0.0,0.0,0.0,0.0,0.0,0.0,0.0,0.0,0.0,0.0,0.0,0.0,0.0,0.0,0.0,0.0,0.0,0.0,0.0,0.0,0.0,0.0,0.0,0.0,0.0,0.0,0.0,0.0,0.0,0.0,0.0,0.0,0.0,0.0,0.0,0.0,0.0,0.0,0.0,0.0,0.0,0.0,0.0,0.0,0.0,0.0,0.0,0.0,0.0,0.0,0.0,0.0,0.0,0.0,0.0,0.0,0.0,0.0,0.0,0.0,0.0,0.0,0.0,0.0,0.0,0.0,0.0,0.0,0.0,0.0,0.0,0.0,0.0,0.0,0.0,0.0,0.0,0.0,0.0,0.0,0.0,0.0,0.0,0.0,0.0,0.0,0.0,0.0,0.0,0.0,0.0,0.0,0.0,0.0,0.0,0.0,0.0,0.0,0.0,0.0,0.0,0.0,0.0,0.0,0.0,0.0,0.0,0.0,0.0,0.0,0.0,0.0,0.0,0.0,0.0,0.0,0.0,0.0,0.0,0.0,0.0,0.0,0.0,0.0,0.0,0.0,0.0,0.0,0.0,0.0,0.0,0.0,0.0,0.0,0.0,0.0,0.0,0.0,0.0,0.0,0.0,0.0,0.0,0.0,0.0,0.0,0.0,0.0,0.0,0.0,0.0,0.0,0.0,0.0,0.0,0.0,0.0,0.0,0.0,0.0,0.0,0.0,0.0,0.0,0.0,0.0,0.0,0.0,0.0,0.0,0.0,0.0,0.0,0.0,0.0,0.0,0.0,0.0,0.0,0.0,0.0,0.0,0.0,0.0,0.0,0.0,0.0,0.0,0.0,0.0,0.0,0.0,0.0,0.0,0.0,0.0,0.0,0.0,0.0,0.0,0.0,0.0,0.0,0.0
66.0,101.0,77.0,0.0,2.0,5982.0,6048.0,0.617335,0.580645,0.486647,0.301821,0.28869,0.530464,0.530059,0.463839,0.264038,0.291794,0.497276,0.540473,0.451678,0.256558,0.323438,0.611424,0.646902,0.546683,0.181975,0.338128,0.57192,0.712824,0.474802,0.394213,0.288257,0.355309,0.673388,0.484281,0.078048,0.292631,0.49018,0.640737,0.514699,0.035036,0.237927,0.68517,0.67694,0.606654,0.020329,0.292494,0.671036,0.761277,0.483834,0.157595,0.240482,0.601714,0.767761,0.442732,0.407159,0.0,0.620932,0.698337,0.437768,0.419068,0.0,0.668769,0.714065,0.490509,0.500331,0.0,0.494267,0.539159,0.488189,0.353687,0.222978,0.456087,0.386815,0.525927,0.2725,0.274781,0.244852,0.511014,0.358812,0.00308,0.619045,0.381352,0.601435,0.427925,0.082488,0.130122,0.684605,0.481685,0.679599,0.354643,0.192202,0.572802,0.67241,0.718997,0.338158,0.051334,0.55152,0.75059,0.514453,0.38705,0.327347,0.753553,0.60925,0.453938,0.729083,0.0,0.588573,0.541753,0.57087,0.791862,0.055115,0.591522,0.588567,0.550063,0.426043,0.092225,0.509058,0.42278,0.357394,0.337487,0.282982,0.250092,0.508483,0.224642,0.47529,0.379982,0.39544,0.530161,0.253814,0.45685,0.145088,0.286134,0.51012,0.502407,0.805467,0.040283,0.485671,0.440947,0.676891,0.861245,0.542652,0.775449,0.586059,0.633608,0.588145,0.539701,0.708545,0.56314,0.316323,0.756709,0.184446,0.601065,0.360227,0.418453,0.652296,0.056038,0.540211,0.404221,0.427669,0.343565,0.04352,0.518966,0.291814,0.412402,0.421185,0.310779,0.378495,0.041955,0.200839,0.378238,0.246878,0.373253,0.056612,0.137614,0.591279,0.585983,0.58514,0.258178,0.03721,0.657761,0.672186,0.413171,0.18366,0.392803,0.748926,0.653388,0.800578,0.577204,0.756521,0.570997,0.146319,0.566289,0.520004,0.435735,0.401905,0.340413,0.635284,0.313881,0.531553,0.363729,0.191572,0.548242,0.255828,0.414212,0.38909,0.147343,0.465937,0.349054,0.43902,0.261105,0.202614,0.563155,0.0,0.377455,0.279336,0.188966,0.640528,0.0,0.104142,0.399111,0.334527,0.734155,0.0,0.117296,0.557042,0.673814,0.771074,0.466353,0.513638,0.503745,0.429267,0.788345,0.459197,0.766507,0.471522,0.445043,0.42499,0.463184,0.58537,0.28854,0.415056,0.665039,0.33328,0.516656,0.284562,0.463994,0.635396,0.358099,0.409782,0.224734,0.407863,0.428148,0.194513,0.423681,0.327446,0.278162,0.545363,0.0,0.30724,0.247704,0.16998,0.694777,0.0,0.15743,0.388166,0.201597,0.580333,0.0,0.380461,0.283458,0.196376,0.58117,0.282569,0.472522,0.4065,0.174746,0.610278,0.143509,0.466993,0.284913,0.223531,0.539235,0.126758,0.371569,0.26982,0.333171,0.519509,0.240605,0.448425,0.262333,0.342193,0.502176,0.0,0.259983,0.121955,0.275375,0.433312,0.0,0.3233,0.230009,0.237805,0.521227,0.0,0.284145,0.252169,0.192572,0.395252,0.09005,0.298125,0.211748,0.237921,0.446868,0.132477,0.283519,0.21006,0.232069
233.0,89.3,58.4,1.0,3.0,53655.0,53888.0,0.0,0.0,0.0,0.0,0.0,0.0,0.0,0.0,0.0,0.0,0.0,0.0,0.0,0.0,0.0,0.0,0.0,0.0,0.0,0.0,0.0,0.0,0.0,0.0,0.0,0.0,0.0,0.0,0.0,0.0,0.0,0.0,0.0,0.0,0.0,0.0,0.0,0.0,0.0,0.0,0.0,0.0,0.0,0.0,0.0,0.0,0.0,0.0,0.0,0.0,0.0,0.0,0.0,0.0,0.0,0.0,0.0,0.0,0.0,0.0,0.0,0.0,0.0,0.0,0.0,0.0,0.0,0.0,0.0,0.0,0.0,0.0,0.0,0.0,0.0,0.0,0.0,0.0,0.0,0.0,0.0,0.0,0.0,0.0,0.0,0.0,0.0,0.0,0.0,0.0,0.0,0.0,0.0,0.0,0.0,0.0,0.0,0.0,0.0,0.0,0.0,0.0,0.0,0.0,0.0,0.0,0.0,0.0,0.0,0.0,0.0,0.0,0.0,0.0,0.0,0.0,0.0,0.0,0.0,0.0,0.0,0.0,0.0,0.0,0.0,0.0,0.0,0.0,0.0,0.0,0.0,0.0,0.0,0.0,0.0,0.0,0.0,0.0,0.0,0.0,0.0,0.0,0.0,0.0,0.0,0.0,0.0,0.0,0.0,0.0,0.0,0.0,0.0,0.0,0.0,0.0,0.0,0.0,0.0,0.0,0.0,0.0,0.0,0.0,0.0,0.0,0.0,0.0,0.0,0.0,0.0,0.0,0.0,0.0,0.0,0.0,0.0,0.0,0.0,0.0,0.0,0.0,0.0,0.0,0.0,0.0,0.0,0.0,0.0,0.0,0.0,0.0,0.0,0.0,0.0,0.0,0.0,0.0,0.0,0.0,0.0,0.0,0.0,0.0,0.0,0.0,0.0,0.0,0.0,0.0,0.0,0.0,0.0,0.0,0.0,0.0,0.0,0.0,0.0,0.0,0.0,0.0,0.0,0.0,0.0,0.0,0.0,0.0,0.0,0.0,0.0,0.0,0.0,0.0,0.0,0.0,0.0,0.0,0.0,0.0,0.0,0.0,0.0,0.0,0.0,0.0,0.0,0.0,0.0,0.0,0.0,0.0,0.0,0.0,0.0,0.0,0.0,0.0,0.0,0.0,0.0,0.0,0.0,0.0,0.0,0.0,0.0,0.0,0.0,0.0,0.0,0.0,0.0,0.0,0.0,0.0,0.0,0.0,0.0,0.0,0.0,0.0,0.0,0.0,0.0,0.0,0.0,0.0,0.0,0.0,0.0,0.0,0.0,0.0,0.0,0.0,0.0,0.0,0.0,0.0,0.0,0.0,0.0,0.0,0.0,0.0,0.0,0.0,0.0,0.0
332.0,94.0,61.0,1.0,5.0,53888.0,54220.0,0.0,0.0,0.0,0.0,0.0,0.0,0.0,0.0,0.0,0.0,0.0,0.0,0.0,0.0,0.0,0.0,0.0,0.0,0.0,0.0,0.0,0.0,0.0,0.0,0.0,0.0,0.0,0.0,0.0,0.0,0.0,0.0,0.0,0.0,0.0,0.0,0.0,0.0,0.0,0.0,0.0,0.0,0.0,0.0,0.0,0.0,0.0,0.0,0.0,0.0,0.0,0.0,0.0,0.0,0.0,0.0,0.0,0.0,0.0,0.0,0.0,0.0,0.0,0.0,0.0,0.0,0.0,0.0,0.0,0.0,0.0,0.0,0.0,0.0,0.0,0.0,0.0,0.0,0.0,0.0,0.0,0.0,0.0,0.0,0.0,0.0,0.0,0.0,0.0,0.0,0.0,0.0,0.0,0.0,0.0,0.0,0.0,0.0,0.0,0.0,0.0,0.0,0.0,0.0,0.0,0.0,0.0,0.0,0.0,0.0,0.0,0.0,0.0,0.0,0.0,0.0,0.0,0.0,0.0,0.0,0.0,0.0,0.0,0.0,0.0,0.0,0.0,0.0,0.0,0.0,0.0,0.0,0.0,0.0,0.0,0.0,0.0,0.0,0.0,0.0,0.0,0.0,0.0,0.0,0.0,0.0,0.0,0.0,0.0,0.0,0.0,0.0,0.0,0.0,0.0,0.0,0.0,0.0,0.0,0.0,0.0,0.0,0.0,0.0,0.0,0.0,0.0,0.0,0.0,0.0,0.0,0.0,0.0,0.0,0.0,0.0,0.0,0.0,0.0,0.0,0.0,0.0,0.0,0.0,0.0,0.0,0.0,0.0,0.0,0.0,0.0,0.0,0.0,0.0,0.0,0.0,0.0,0.0,0.0,0.0,0.0,0.0,0.0,0.0,0.0,0.0,0.0,0.0,0.0,0.0,0.0,0.0,0.0,0.0,0.0,0.0,0.0,0.0,0.0,0.0,0.0,0.0,0.0,0.0,0.0,0.0,0.0,0.0,0.0,0.0,0.0,0.0,0.0,0.0,0.0,0.0,0.0,0.0,0.0,0.0,0.0,0.0,0.0,0.0,0.0,0.0,0.0,0.0,0.0,0.0,0.0,0.0,0.0,0.0,0.0,0.0,0.0,0.0,0.0,0.0,0.0,0.0,0.0,0.0,0.0,0.0,0.0,0.0,0.0,0.0,0.0,0.0,0.0,0.0,0.0,0.0,0.0,0.0,0.0,0.0,0.0,0.0,0.0,0.0,0.0,0.0,0.0,0.0,0.0,0.0,0.0,0.0,0.0,0.0,0.0,0.0,0.0,0.0,0.0,0.0,0.0,0.0,0.0,0.0,0.0,0.0,0.0,0.0,0.0,0.0
532.0,92.4,59.9,4.0,6.0,54220.0,54752.0,0.0,0.0,0.0,0.0,0.0,0.0,0.0,0.0,0.0,0.0,0.0,0.0,0.0,0.0,0.0,0.0,0.0,0.0,0.0,0.0,0.0,0.0,0.0,0.0,0.0,0.0,0.0,0.0,0.0,0.0,0.0,0.0,0.0,0.0,0.0,0.0,0.0,0.0,0.0,0.0,0.0,0.0,0.0,0.0,0.0,0.0,0.0,0.0,0.0,0.0,0.0,0.0,0.0,0.0,0.0,0.0,0.0,0.0,0.0,0.0,0.0,0.0,0.0,0.0,0.0,0.0,0.0,0.0,0.0,0.0,0.0,0.0,0.0,0.0,0.0,0.0,0.0,0.0,0.0,0.0,0.0,0.0,0.0,0.0,0.0,0.0,0.0,0.0,0.0,0.0,0.0,0.0,0.0,0.0,0.0,0.0,0.0,0.0,0.0,0.0,0.0,0.0,0.0,0.0,0.0,0.0,0.0,0.0,0.0,0.0,0.0,0.0,0.0,0.0,0.0,0.0,0.0,0.0,0.0,0.0,0.0,0.0,0.0,0.0,0.0,0.0,0.0,0.0,0.0,0.0,0.0,0.0,0.0,0.0,0.0,0.0,0.0,0.0,0.0,0.0,0.0,0.0,0.0,0.0,0.0,0.0,0.0,0.0,0.0,0.0,0.0,0.0,0.0,0.0,0.0,0.0,0.0,0.0,0.0,0.0,0.0,0.0,0.0,0.0,0.0,0.0,0.0,0.0,0.0,0.0,0.0,0.0,0.0,0.0,0.0,0.0,0.0,0.0,0.0,0.0,0.0,0.0,0.0,0.0,0.0,0.0,0.0,0.0,0.0,0.0,0.0,0.0,0.0,0.0,0.0,0.0,0.0,0.0,0.0,0.0,0.0,0.0,0.0,0.0,0.0,0.0,0.0,0.0,0.0,0.0,0.0,0.0,0.0,0.0,0.0,0.0,0.0,0.0,0.0,0.0,0.0,0.0,0.0,0.0,0.0,0.0,0.0,0.0,0.0,0.0,0.0,0.0,0.0,0.0,0.0,0.0,0.0,0.0,0.0,0.0,0.0,0.0,0.0,0.0,0.0,0.0,0.0,0.0,0.0,0.0,0.0,0.0,0.0,0.0,0.0,0.0,0.0,0.0,0.0,0.0,0.0,0.0,0.0,0.0,0.0,0.0,0.0,0.0,0.0,0.0,0.0,0.0,0.0,0.0,0.0,0.0,0.0,0.0,0.0,0.0,0.0,0.0,0.0,0.0,0.0,0.0,0.0,0.0,0.0,0.0,0.0,0.0,0.0,0.0,0.0,0.0,0.0,0.0,0.0,0.0,0.0,0.0,0.0,0.0,0.0,0.0,0.0,0.0,0.0,0.0
465.0,95.2,65.4,1.0,8.0,54752.0,55217.0,0.0,0.0,0.0,0.0,0.0,0.0,0.0,0.0,0.0,0.0,0.0,0.0,0.0,0.0,0.0,0.0,0.0,0.0,0.0,0.0,0.0,0.0,0.0,0.0,0.0,0.0,0.0,0.0,0.0,0.0,0.0,0.0,0.0,0.0,0.0,0.0,0.0,0.0,0.0,0.0,0.0,0.0,0.0,0.0,0.0,0.0,0.0,0.0,0.0,0.0,0.0,0.0,0.0,0.0,0.0,0.0,0.0,0.0,0.0,0.0,0.0,0.0,0.0,0.0,0.0,0.0,0.0,0.0,0.0,0.0,0.0,0.0,0.0,0.0,0.0,0.0,0.0,0.0,0.0,0.0,0.0,0.0,0.0,0.0,0.0,0.0,0.0,0.0,0.0,0.0,0.0,0.0,0.0,0.0,0.0,0.0,0.0,0.0,0.0,0.0,0.0,0.0,0.0,0.0,0.0,0.0,0.0,0.0,0.0,0.0,0.0,0.0,0.0,0.0,0.0,0.0,0.0,0.0,0.0,0.0,0.0,0.0,0.0,0.0,0.0,0.0,0.0,0.0,0.0,0.0,0.0,0.0,0.0,0.0,0.0,0.0,0.0,0.0,0.0,0.0,0.0,0.0,0.0,0.0,0.0,0.0,0.0,0.0,0.0,0.0,0.0,0.0,0.0,0.0,0.0,0.0,0.0,0.0,0.0,0.0,0.0,0.0,0.0,0.0,0.0,0.0,0.0,0.0,0.0,0.0,0.0,0.0,0.0,0.0,0.0,0.0,0.0,0.0,0.0,0.0,0.0,0.0,0.0,0.0,0.0,0.0,0.0,0.0,0.0,0.0,0.0,0.0,0.0,0.0,0.0,0.0,0.0,0.0,0.0,0.0,0.0,0.0,0.0,0.0,0.0,0.0,0.0,0.0,0.0,0.0,0.0,0.0,0.0,0.0,0.0,0.0,0.0,0.0,0.0,0.0,0.0,0.0,0.0,0.0,0.0,0.0,0.0,0.0,0.0,0.0,0.0,0.0,0.0,0.0,0.0,0.0,0.0,0.0,0.0,0.0,0.0,0.0,0.0,0.0,0.0,0.0,0.0,0.0,0.0,0.0,0.0,0.0,0.0,0.0,0.0,0.0,0.0,0.0,0.0,0.0,0.0,0.0,0.0,0.0,0.0,0.0,0.0,0.0,0.0,0.0,0.0,0.0,0.0,0.0,0.0,0.0,0.0,0.0,0.0,0.0,0.0,0.0,0.0,0.0,0.0,0.0,0.0,0.0,0.0,0.0,0.0,0.0,0.0,0.0,0.0,0.0,0.0,0.0,0.0,0.0,0.0,0.0,0.0,0.0,0.0,0.0,0.0,0.0,0.0,0.0
332.0,89.1,59.4,1.0,6.0,55217.0,55549.0,0.0,0.0,0.0,0.0,0.0,0.0,0.0,0.0,0.0,0.0,0.0,0.0,0.0,0.0,0.0,0.0,0.0,0.0,0.0,0.0,0.0,0.0,0.0,0.0,0.0,0.0,0.0,0.0,0.0,0.0,0.0,0.0,0.0,0.0,0.0,0.0,0.0,0.0,0.0,0.0,0.0,0.0,0.0,0.0,0.0,0.0,0.0,0.0,0.0,0.0,0.0,0.0,0.0,0.0,0.0,0.0,0.0,0.0,0.0,0.0,0.0,0.0,0.0,0.0,0.0,0.0,0.0,0.0,0.0,0.0,0.0,0.0,0.0,0.0,0.0,0.0,0.0,0.0,0.0,0.0,0.0,0.0,0.0,0.0,0.0,0.0,0.0,0.0,0.0,0.0,0.0,0.0,0.0,0.0,0.0,0.0,0.0,0.0,0.0,0.0,0.0,0.0,0.0,0.0,0.0,0.0,0.0,0.0,0.0,0.0,0.0,0.0,0.0,0.0,0.0,0.0,0.0,0.0,0.0,0.0,0.0,0.0,0.0,0.0,0.0,0.0,0.0,0.0,0.0,0.0,0.0,0.0,0.0,0.0,0.0,0.0,0.0,0.0,0.0,0.0,0.0,0.0,0.0,0.0,0.0,0.0,0.0,0.0,0.0,0.0,0.0,0.0,0.0,0.0,0.0,0.0,0.0,0.0,0.0,0.0,0.0,0.0,0.0,0.0,0.0,0.0,0.0,0.0,0.0,0.0,0.0,0.0,0.0,0.0,0.0,0.0,0.0,0.0,0.0,0.0,0.0,0.0,0.0,0.0,0.0,0.0,0.0,0.0,0.0,0.0,0.0,0.0,0.0,0.0,0.0,0.0,0.0,0.0,0.0,0.0,0.0,0.0,0.0,0.0,0.0,0.0,0.0,0.0,0.0,0.0,0.0,0.0,0.0,0.0,0.0,0.0,0.0,0.0,0.0,0.0,0.0,0.0,0.0,0.0,0.0,0.0,0.0,0.0,0.0,0.0,0.0,0.0,0.0,0.0,0.0,0.0,0.0,0.0,0.0,0.0,0.0,0.0,0.0,0.0,0.0,0.0,0.0,0.0,0.0,0.0,0.0,0.0,0.0,0.0,0.0,0.0,0.0,0.0,0.0,0.0,0.0,0.0,0.0,0.0,0.0,0.0,0.0,0.0,0.0,0.0,0.0,0.0,0.0,0.0,0.0,0.0,0.0,0.0,0.0,0.0,0.0,0.0,0.0,0.0,0.0,0.0,0.0,0.0,0.0,0.0,0.0,0.0,0.0,0.0,0.0,0.0,0.0,0.0,0.0,0.0,0.0,0.0,0.0,0.0,0.0,0.0,0.0,0.0,0.0,0.0
332.0,90.9,60.8,5.0,3.0,55549.0,55881.0,0.0,0.0,0.0,0.0,0.0,0.0,0.0,0.0,0.0,0.0,0.0,0.0,0.0,0.0,0.0,0.0,0.0,0.0,0.0,0.0,0.0,0.0,0.0,0.0,0.0,0.0,0.0,0.0,0.0,0.0,0.0,0.0,0.0,0.0,0.0,0.0,0.0,0.0,0.0,0.0,0.0,0.0,0.0,0.0,0.0,0.0,0.0,0.0,0.0,0.0,0.0,0.0,0.0,0.0,0.0,0.0,0.0,0.0,0.0,0.0,0.0,0.0,0.0,0.0,0.0,0.0,0.0,0.0,0.0,0.0,0.0,0.0,0.0,0.0,0.0,0.0,0.0,0.0,0.0,0.0,0.0,0.0,0.0,0.0,0.0,0.0,0.0,0.0,0.0,0.0,0.0,0.0,0.0,0.0,0.0,0.0,0.0,0.0,0.0,0.0,0.0,0.0,0.0,0.0,0.0,0.0,0.0,0.0,0.0,0.0,0.0,0.0,0.0,0.0,0.0,0.0,0.0,0.0,0.0,0.0,0.0,0.0,0.0,0.0,0.0,0.0,0.0,0.0,0.0,0.0,0.0,0.0,0.0,0.0,0.0,0.0,0.0,0.0,0.0,0.0,0.0,0.0,0.0,0.0,0.0,0.0,0.0,0.0,0.0,0.0,0.0,0.0,0.0,0.0,0.0,0.0,0.0,0.0,0.0,0.0,0.0,0.0,0.0,0.0,0.0,0.0,0.0,0.0,0.0,0.0,0.0,0.0,0.0,0.0,0.0,0.0,0.0,0.0,0.0,0.0,0.0,0.0,0.0,0.0,0.0,0.0,0.0,0.0,0.0,0.0,0.0,0.0,0.0,0.0,0.0,0.0,0.0,0.0,0.0,0.0,0.0,0.0,0.0,0.0,0.0,0.0,0.0,0.0,0.0,0.0,0.0,0.0,0.0,0.0,0.0,0.0,0.0,0.0,0.0,0.0,0.0,0.0,0.0,0.0,0.0,0.0,0.0,0.0,0.0,0.0,0.0,0.0,0.0,0.0,0.0,0.0,0.0,0.0,0.0,0.0,0.0,0.0,0.0,0.0,0.0,0.0,0.0,0.0,0.0,0.0,0.0,0.0,0.0,0.0,0.0,0.0,0.0,0.0,0.0,0.0,0.0,0.0,0.0,0.0,0.0,0.0,0.0,0.0,0.0,0.0,0.0,0.0,0.0,0.0,0.0,0.0,0.0,0.0,0.0,0.0,0.0,0.0,0.0,0.0,0.0,0.0,0.0,0.0,0.0,0.0,0.0,0.0,0.0,0.0,0.0,0.0,0.0,0.0,0.0,0.0,0.0,0.0,0.0,0.0,0.0,0.0,0.0,0.0,0.0,0.0
100.0,99.7,82.3,1.0,6.0,55881.0,55981.0,0.0,0.0,0.0,0.0,0.0,0.0,0.0,0.0,0.0,0.0,0.0,0.0,0.0,0.0,0.0,0.0,0.0,0.0,0.0,0.0,0.0,0.0,0.0,0.0,0.0,0.0,0.0,0.0,0.0,0.0,0.0,0.0,0.0,0.0,0.0,0.0,0.0,0.0,0.0,0.0,0.0,0.0,0.0,0.0,0.0,0.0,0.0,0.0,0.0,0.0,0.0,0.0,0.0,0.0,0.0,0.0,0.0,0.0,0.0,0.0,0.0,0.0,0.0,0.0,0.0,0.0,0.0,0.0,0.0,0.0,0.0,0.0,0.0,0.0,0.0,0.0,0.0,0.0,0.0,0.0,0.0,0.0,0.0,0.0,0.0,0.0,0.0,0.0,0.0,0.0,0.0,0.0,0.0,0.0,0.0,0.0,0.0,0.0,0.0,0.0,0.0,0.0,0.0,0.0,0.0,0.0,0.0,0.0,0.0,0.0,0.0,0.0,0.0,0.0,0.0,0.0,0.0,0.0,0.0,0.0,0.0,0.0,0.0,0.0,0.0,0.0,0.0,0.0,0.0,0.0,0.0,0.0,0.0,0.0,0.0,0.0,0.0,0.0,0.0,0.0,0.0,0.0,0.0,0.0,0.0,0.0,0.0,0.0,0.0,0.0,0.0,0.0,0.0,0.0,0.0,0.0,0.0,0.0,0.0,0.0,0.0,0.0,0.0,0.0,0.0,0.0,0.0,0.0,0.0,0.0,0.0,0.0,0.0,0.0,0.0,0.0,0.0,0.0,0.0,0.0,0.0,0.0,0.0,0.0,0.0,0.0,0.0,0.0,0.0,0.0,0.0,0.0,0.0,0.0,0.0,0.0,0.0,0.0,0.0,0.0,0.0,0.0,0.0,0.0,0.0,0.0,0.0,0.0,0.0,0.0,0.0,0.0,0.0,0.0,0.0,0.0,0.0,0.0,0.0,0.0,0.0,0.0,0.0,0.0,0.0,0.0,0.0,0.0,0.0,0.0,0.0,0.0,0.0,0.0,0.0,0.0,0.0,0.0,0.0,0.0,0.0,0.0,0.0,0.0,0.0,0.0,0.0,0.0,0.0,0.0,0.0,0.0,0.0,0.0,0.0,0.0,0.0,0.0,0.0,0.0,0.0,0.0,0.0,0.0,0.0,0.0,0.0,0.0,0.0,0.0,0.0,0.0,0.0,0.0,0.0,0.0,0.0,0.0,0.0,0.0,0.0,0.0,0.0,0.0,0.0,0.0,0.0,0.0,0.0,0.0,0.0,0.0,0.0,0.0,0.0,0.0,0.0,0.0,0.0,0.0,0.0,0.0,0.0,0.0,0.0,0.0,0.0,0.0,0.0,0.0
299.0,95.4,77.4,1.0,6.0,55981.0,56280.0,0.0,0.0,0.0,0.0,0.0,0.0,0.0,0.0,0.0,0.0,0.0,0.0,0.0,0.0,0.0,0.0,0.0,0.0,0.0,0.0,0.0,0.0,0.0,0.0,0.0,0.0,0.0,0.0,0.0,0.0,0.0,0.0,0.0,0.0,0.0,0.0,0.0,0.0,0.0,0.0,0.0,0.0,0.0,0.0,0.0,0.0,0.0,0.0,0.0,0.0,0.0,0.0,0.0,0.0,0.0,0.0,0.0,0.0,0.0,0.0,0.0,0.0,0.0,0.0,0.0,0.0,0.0,0.0,0.0,0.0,0.0,0.0,0.0,0.0,0.0,0.0,0.0,0.0,0.0,0.0,0.0,0.0,0.0,0.0,0.0,0.0,0.0,0.0,0.0,0.0,0.0,0.0,0.0,0.0,0.0,0.0,0.0,0.0,0.0,0.0,0.0,0.0,0.0,0.0,0.0,0.0,0.0,0.0,0.0,0.0,0.0,0.0,0.0,0.0,0.0,0.0,0.0,0.0,0.0,0.0,0.0,0.0,0.0,0.0,0.0,0.0,0.0,0.0,0.0,0.0,0.0,0.0,0.0,0.0,0.0,0.0,0.0,0.0,0.0,0.0,0.0,0.0,0.0,0.0,0.0,0.0,0.0,0.0,0.0,0.0,0.0,0.0,0.0,0.0,0.0,0.0,0.0,0.0,0.0,0.0,0.0,0.0,0.0,0.0,0.0,0.0,0.0,0.0,0.0,0.0,0.0,0.0,0.0,0.0,0.0,0.0,0.0,0.0,0.0,0.0,0.0,0.0,0.0,0.0,0.0,0.0,0.0,0.0,0.0,0.0,0.0,0.0,0.0,0.0,0.0,0.0,0.0,0.0,0.0,0.0,0.0,0.0,0.0,0.0,0.0,0.0,0.0,0.0,0.0,0.0,0.0,0.0,0.0,0.0,0.0,0.0,0.0,0.0,0.0,0.0,0.0,0.0,0.0,0.0,0.0,0.0,0.0,0.0,0.0,0.0,0.0,0.0,0.0,0.0,0.0,0.0,0.0,0.0,0.0,0.0,0.0,0.0,0.0,0.0,0.0,0.0,0.0,0.0,0.0,0.0,0.0,0.0,0.0,0.0,0.0,0.0,0.0,0.0,0.0,0.0,0.0,0.0,0.0,0.0,0.0,0.0,0.0,0.0,0.0,0.0,0.0,0.0,0.0,0.0,0.0,0.0,0.0,0.0,0.0,0.0,0.0,0.0,0.0,0.0,0.0,0.0,0.0,0.0,0.0,0.0,0.0,0.0,0.0,0.0,0.0,0.0,0.0,0.0,0.0,0.0,0.0,0.0,0.0,0.0,0.0,0.0,0.0,0.0,0.0,0.0
99.0,89.7,72.3,1.0,0.0,56280.0,56379.0,0.0,0.0,0.0,0.0,0.0,0.0,0.0,0.0,0.0,0.0,0.0,0.0,0.0,0.0,0.0,0.0,0.0,0.0,0.0,0.0,0.0,0.0,0.0,0.0,0.0,0.0,0.0,0.0,0.0,0.0,0.0,0.0,0.0,0.0,0.0,0.0,0.0,0.0,0.0,0.0,0.0,0.0,0.0,0.0,0.0,0.0,0.0,0.0,0.0,0.0,0.0,0.0,0.0,0.0,0.0,0.0,0.0,0.0,0.0,0.0,0.0,0.0,0.0,0.0,0.0,0.0,0.0,0.0,0.0,0.0,0.0,0.0,0.0,0.0,0.0,0.0,0.0,0.0,0.0,0.0,0.0,0.0,0.0,0.0,0.0,0.0,0.0,0.0,0.0,0.0,0.0,0.0,0.0,0.0,0.0,0.0,0.0,0.0,0.0,0.0,0.0,0.0,0.0,0.0,0.0,0.0,0.0,0.0,0.0,0.0,0.0,0.0,0.0,0.0,0.0,0.0,0.0,0.0,0.0,0.0,0.0,0.0,0.0,0.0,0.0,0.0,0.0,0.0,0.0,0.0,0.0,0.0,0.0,0.0,0.0,0.0,0.0,0.0,0.0,0.0,0.0,0.0,0.0,0.0,0.0,0.0,0.0,0.0,0.0,0.0,0.0,0.0,0.0,0.0,0.0,0.0,0.0,0.0,0.0,0.0,0.0,0.0,0.0,0.0,0.0,0.0,0.0,0.0,0.0,0.0,0.0,0.0,0.0,0.0,0.0,0.0,0.0,0.0,0.0,0.0,0.0,0.0,0.0,0.0,0.0,0.0,0.0,0.0,0.0,0.0,0.0,0.0,0.0,0.0,0.0,0.0,0.0,0.0,0.0,0.0,0.0,0.0,0.0,0.0,0.0,0.0,0.0,0.0,0.0,0.0,0.0,0.0,0.0,0.0,0.0,0.0,0.0,0.0,0.0,0.0,0.0,0.0,0.0,0.0,0.0,0.0,0.0,0.0,0.0,0.0,0.0,0.0,0.0,0.0,0.0,0.0,0.0,0.0,0.0,0.0,0.0,0.0,0.0,0.0,0.0,0.0,0.0,0.0,0.0,0.0,0.0,0.0,0.0,0.0,0.0,0.0,0.0,0.0,0.0,0.0,0.0,0.0,0.0,0.0,0.0,0.0,0.0,0.0,0.0,0.0,0.0,0.0,0.0,0.0,0.0,0.0,0.0,0.0,0.0,0.0,0.0,0.0,0.0,0.0,0.0,0.0,0.0,0.0,0.0,0.0,0.0,0.0,0.0,0.0,0.0,0.0,0.0,0.0,0.0,0.0,0.0,0.0,0.0,0.0,0.0,0.0,0.0,0.0,0.0,0.0
499.0,90.1,73.7,4.0,13.0,56379.0,56878.0,0.0,0.0,0.0,0.0,0.0,0.0,0.0,0.0,0.0,0.0,0.0,0.0,0.0,0.0,0.0,0.0,0.0,0.0,0.0,0.0,0.0,0.0,0.0,0.0,0.0,0.0,0.0,0.0,0.0,0.0,0.0,0.0,0.0,0.0,0.0,0.0,0.0,0.0,0.0,0.0,0.0,0.0,0.0,0.0,0.0,0.0,0.0,0.0,0.0,0.0,0.0,0.0,0.0,0.0,0.0,0.0,0.0,0.0,0.0,0.0,0.0,0.0,0.0,0.0,0.0,0.0,0.0,0.0,0.0,0.0,0.0,0.0,0.0,0.0,0.0,0.0,0.0,0.0,0.0,0.0,0.0,0.0,0.0,0.0,0.0,0.0,0.0,0.0,0.0,0.0,0.0,0.0,0.0,0.0,0.0,0.0,0.0,0.0,0.0,0.0,0.0,0.0,0.0,0.0,0.0,0.0,0.0,0.0,0.0,0.0,0.0,0.0,0.0,0.0,0.0,0.0,0.0,0.0,0.0,0.0,0.0,0.0,0.0,0.0,0.0,0.0,0.0,0.0,0.0,0.0,0.0,0.0,0.0,0.0,0.0,0.0,0.0,0.0,0.0,0.0,0.0,0.0,0.0,0.0,0.0,0.0,0.0,0.0,0.0,0.0,0.0,0.0,0.0,0.0,0.0,0.0,0.0,0.0,0.0,0.0,0.0,0.0,0.0,0.0,0.0,0.0,0.0,0.0,0.0,0.0,0.0,0.0,0.0,0.0,0.0,0.0,0.0,0.0,0.0,0.0,0.0,0.0,0.0,0.0,0.0,0.0,0.0,0.0,0.0,0.0,0.0,0.0,0.0,0.0,0.0,0.0,0.0,0.0,0.0,0.0,0.0,0.0,0.0,0.0,0.0,0.0,0.0,0.0,0.0,0.0,0.0,0.0,0.0,0.0,0.0,0.0,0.0,0.0,0.0,0.0,0.0,0.0,0.0,0.0,0.0,0.0,0.0,0.0,0.0,0.0,0.0,0.0,0.0,0.0,0.0,0.0,0.0,0.0,0.0,0.0,0.0,0.0,0.0,0.0,0.0,0.0,0.0,0.0,0.0,0.0,0.0,0.0,0.0,0.0,0.0,0.0,0.0,0.0,0.0,0.0,0.0,0.0,0.0,0.0,0.0,0.0,0.0,0.0,0.0,0.0,0.0,0.0,0.0,0.0,0.0,0.0,0.0,0.0,0.0,0.0,0.0,0.0,0.0,0.0,0.0,0.0,0.0,0.0,0.0,0.0,0.0,0.0,0.0,0.0,0.0,0.0,0.0,0.0,0.0,0.0,0.0,0.0,0.0,0.0,0.0,0.0,0.0,0.0,0.0,0.0
133.0,108.5,88.8,1.0,8.0,332.0,465.0,0.602097,0.664505,0.3675,0.596164,0.596289,0.578938,0.619731,0.289951,0.555236,0.490323,0.565615,0.589447,0.139309,0.478814,0.499176,0.563692,0.719583,0.387031,0.669058,0.566688,0.591399,0.688998,0.183066,0.526922,0.631494,0.361103,0.769184,0.629502,0.928917,0.566179,0.425549,0.719899,0.626416,0.868178,0.462866,0.530612,0.701155,0.487211,0.685596,0.542621,0.644089,0.779233,0.25153,0.553045,0.410344,0.670662,0.744714,0.083086,0.576686,0.545704,0.65694,0.679312,0.144896,0.532263,0.674511,0.551002,0.596191,0.312063,0.494507,0.572342,0.559713,0.363248,0.3569,0.474245,0.384693,0.599795,0.392547,0.451881,0.527183,0.460193,0.51726,0.666297,0.804611,0.899096,0.33145,0.510276,0.694626,0.830301,0.965632,0.246881,0.723734,0.632756,0.774004,0.785648,0.357824,0.607014,0.672933,0.60897,0.734172,0.354065,0.540044,0.670461,0.294672,0.57741,0.399497,0.708675,0.603632,0.291489,0.507744,0.640651,0.496051,0.423711,0.400494,0.458402,0.433549,0.622568,0.435371,0.425004,0.35256,0.371319,0.690061,0.364405,0.474145,0.61473,0.517087,0.597734,0.767083,0.771055,0.826847,0.234286,0.716227,0.684859,0.806848,1.0,0.394345,0.64744,0.672708,0.736924,0.784728,0.252345,0.699479,0.526589,0.851456,0.642855,0.385328,0.35659,0.623245,0.423253,0.684545,0.557174,0.525039,0.609741,0.302028,0.300825,0.551814,0.448123,0.253717,0.338338,0.406161,0.309203,0.53762,0.38275,0.350806,0.499622,0.317653,0.594505,0.422195,0.500987,0.614642,0.324875,0.531177,0.864984,0.719732,0.973083,0.458875,0.434431,0.860534,0.721772,0.764864,0.605012,0.63369,0.890281,0.518225,0.787061,0.577504,0.387582,0.876806,0.348464,0.521757,0.586099,0.705108,0.710726,0.54177,0.85045,0.773318,0.459937,0.526203,0.21984,0.353054,0.308508,0.653222,0.631695,0.481882,0.595489,0.3395,0.547363,0.588568,0.366475,0.713725,0.475021,0.467868,0.60655,0.467953,0.758291,0.337431,0.399911,0.863102,0.792034,0.784303,0.454603,0.322872,0.858741,0.784916,0.734532,0.340058,0.397593,0.890291,0.687137,0.707843,0.522954,0.028047,0.901588,0.374444,0.449443,0.377058,0.341564,0.711289,0.69883,0.567355,0.177206,0.238809,0.694768,0.54716,0.440279,0.674379,0.465023,0.757726,0.592223,0.651934,0.448921,0.528499,0.788161,0.534277,0.728912,0.621617,0.498964,0.686069,0.568368,0.840613,0.499882,0.358283,0.779059,0.774938,0.711834,0.535984,0.364761,0.77068,0.709005,0.582354,0.362432,0.225592,0.819302,0.617685,0.511934,0.331522,0.397929,0.884689,0.656805,0.594156,0.325275,0.490994,0.898379,0.595307,0.727773,0.416833,0.502838,0.818352,0.609781,0.760233,0.449574,0.368762,0.752559,0.674162,0.873579,0.432241,0.309245,0.716656,0.783927,0.540078,0.431452,0.255688,0.746084,0.606913,0.366184,0.383136,0.219139,0.711364,0.683036,0.553978,0.339627,0.345782,0.775229,0.667848,0.828235,0.402752,0.233704,0.715148,0.685963,0.76202,0.351355
133.0,100.5,83.0,1.0,6.0,6048.0,6181.0,0.53135,0.518344,0.606679,0.511914,0.230151,0.486185,0.458173,0.639646,0.469759,0.28762,0.451699,0.451402,0.620408,0.45566,0.407361,0.518357,0.565225,0.615045,0.482005,0.218276,0.536487,0.615945,0.48767,0.420458,0.42117,0.170402,0.720975,0.480869,0.542034,0.0,0.275022,0.681766,0.527132,0.545672,0.0,0.499032,0.597623,0.611545,0.425742,0.077095,0.605828,0.6571,0.496641,0.446835,0.141068,0.644383,0.642838,0.368452,0.541953,0.249085,0.649384,0.626859,0.383795,0.481473,0.305413,0.635385,0.707178,0.462361,0.426407,0.3666,0.453692,0.50116,0.506673,0.363748,0.392858,0.410391,0.450561,0.560754,0.319622,0.281356,0.309395,0.71594,0.35385,0.274571,0.464116,0.315997,0.706677,0.408627,0.425518,0.029164,0.643969,0.517718,0.528023,0.545775,0.0,0.52714,0.567881,0.507103,0.634699,0.0,0.696891,0.661884,0.397976,0.537075,0.235812,0.851457,0.707579,0.323397,0.736108,0.368452,0.709439,0.641946,0.459705,0.712508,0.150127,0.664889,0.738927,0.493534,0.292255,0.156877,0.560837,0.618811,0.474622,0.351099,0.247467,0.492469,0.810498,0.498969,0.614521,0.565032,0.542572,0.726034,0.451004,0.580631,0.317765,0.431588,0.637692,0.628208,0.758427,0.312243,0.511485,0.470742,0.665061,0.774833,0.717772,0.64616,0.444973,0.616253,0.663729,0.66907,0.933045,0.887844,0.323794,0.7349,0.426603,0.888529,0.679759,0.372421,0.637477,0.227385,0.785558,0.728293,0.378587,0.318562,0.159487,0.752264,0.707954,0.446252,0.399848,0.372824,0.601158,0.761899,0.456122,0.583237,0.52106,0.556883,0.717872,0.530209,0.666772,0.644838,0.747572,0.751448,0.49337,0.640625,0.579228,0.444345,0.327269,0.59765,0.558411,0.67839,0.658859,0.485207,0.811216,0.660224,0.632595,0.653697,0.520377,0.495151,0.570959,0.591487,0.85083,0.567288,0.484192,0.476185,0.279266,0.777682,0.763316,0.378227,0.394368,0.370613,0.74701,0.80531,0.399028,0.348938,0.314354,0.676159,0.733409,0.56035,0.507464,0.634655,0.670258,0.604108,0.483857,0.500189,0.507595,0.763527,0.55513,0.573259,0.625907,0.649819,0.768263,0.526972,0.662553,0.42907,0.530516,0.789093,0.315499,0.795436,0.410678,0.465715,0.356235,0.400897,0.539167,0.256461,0.620452,0.683963,0.458296,0.446008,0.296264,0.694479,0.724227,0.599934,0.401491,0.294064,0.658751,0.624316,0.710594,0.404741,0.377689,0.559006,0.591401,0.615387,0.48236,0.290066,0.553618,0.70832,0.604152,0.47925,0.489207,0.355396,0.620671,0.399177,0.538609,0.300429,0.292606,0.604546,0.354144,0.527622,0.39779,0.323084,0.579045,0.32724,0.442512,0.369748,0.466568,0.593011,0.522915,0.323766,0.333453,0.524411,0.588833,0.613574,0.49273,0.353362,0.424877,0.546441,0.511595,0.432089,0.270485,0.39618,0.534932,0.556505,0.483118,0.245206,0.348162,0.554408,0.474207,0.342385,0.266022,0.356957,0.483991,0.604513,0.378847,0.422242,0.475262,0.549556,0.606705,0.405554,0.314871,0.4343
67.0,92.5,76.0,0.0,1.0,56878.0,56945.0,0.0,0.0,0.0,0.0,0.0,0.0,0.0,0.0,0.0,0.0,0.0,0.0,0.0,0.0,0.0,0.0,0.0,0.0,0.0,0.0,0.0,0.0,0.0,0.0,0.0,0.0,0.0,0.0,0.0,0.0,0.0,0.0,0.0,0.0,0.0,0.0,0.0,0.0,0.0,0.0,0.0,0.0,0.0,0.0,0.0,0.0,0.0,0.0,0.0,0.0,0.0,0.0,0.0,0.0,0.0,0.0,0.0,0.0,0.0,0.0,0.0,0.0,0.0,0.0,0.0,0.0,0.0,0.0,0.0,0.0,0.0,0.0,0.0,0.0,0.0,0.0,0.0,0.0,0.0,0.0,0.0,0.0,0.0,0.0,0.0,0.0,0.0,0.0,0.0,0.0,0.0,0.0,0.0,0.0,0.0,0.0,0.0,0.0,0.0,0.0,0.0,0.0,0.0,0.0,0.0,0.0,0.0,0.0,0.0,0.0,0.0,0.0,0.0,0.0,0.0,0.0,0.0,0.0,0.0,0.0,0.0,0.0,0.0,0.0,0.0,0.0,0.0,0.0,0.0,0.0,0.0,0.0,0.0,0.0,0.0,0.0,0.0,0.0,0.0,0.0,0.0,0.0,0.0,0.0,0.0,0.0,0.0,0.0,0.0,0.0,0.0,0.0,0.0,0.0,0.0,0.0,0.0,0.0,0.0,0.0,0.0,0.0,0.0,0.0,0.0,0.0,0.0,0.0,0.0,0.0,0.0,0.0,0.0,0.0,0.0,0.0,0.0,0.0,0.0,0.0,0.0,0.0,0.0,0.0,0.0,0.0,0.0,0.0,0.0,0.0,0.0,0.0,0.0,0.0,0.0,0.0,0.0,0.0,0.0,0.0,0.0,0.0,0.0,0.0,0.0,0.0,0.0,0.0,0.0,0.0,0.0,0.0,0.0,0.0,0.0,0.0,0.0,0.0,0.0,0.0,0.0,0.0,0.0,0.0,0.0,0.0,0.0,0.0,0.0,0.0,0.0,0.0,0.0,0.0,0.0,0.0,0.0,0.0,0.0,0.0,0.0,0.0,0.0,0.0,0.0,0.0,0.0,0.0,0.0,0.0,0.0,0.0,0.0,0.0,0.0,0.0,0.0,0.0,0.0,0.0,0.0,0.0,0.0,0.0,0.0,0.0,0.0,0.0,0.0,0.0,0.0,0.0,0.0,0.0,0.0,0.0,0.0,0.0,0.0,0.0,0.0,0.0,0.0,0.0,0.0,0.0,0.0,0.0,0.0,0.0,0.0,0.0,0.0,0.0,0.0,0.0,0.0,0.0,0.0,0.0,0.0,0.0,0.0,0.0,0.0,0.0,0.0,0.0,0.0,0.0
66.0,94.0,77.0,0.0,0.0,56945.0,57011.0,0.0,0.0,0.0,0.0,0.0,0.0,0.0,0.0,0.0,0.0,0.0,0.0,0.0,0.0,0.0,0.0,0.0,0.0,0.0,0.0,0.0,0.0,0.0,0.0,0.0,0.0,0.0,0.0,0.0,0.0,0.0,0.0,0.0,0.0,0.0,0.0,0.0,0.0,0.0,0.0,0.0,0.0,0.0,0.0,0.0,0.0,0.0,0.0,0.0,0.0,0.0,0.0,0.0,0.0,0.0,0.0,0.0,0.0,0.0,0.0,0.0,0.0,0.0,0.0,0.0,0.0,0.0,0.0,0.0,0.0,0.0,0.0,0.0,0.0,0.0,0.0,0.0,0.0,0.0,0.0,0.0,0.0,0.0,0.0,0.0,0.0,0.0,0.0,0.0,0.0,0.0,0.0,0.0,0.0,0.0,0.0,0.0,0.0,0.0,0.0,0.0,0.0,0.0,0.0,0.0,0.0,0.0,0.0,0.0,0.0,0.0,0.0,0.0,0.0,0.0,0.0,0.0,0.0,0.0,0.0,0.0,0.0,0.0,0.0,0.0,0.0,0.0,0.0,0.0,0.0,0.0,0.0,0.0,0.0,0.0,0.0,0.0,0.0,0.0,0.0,0.0,0.0,0.0,0.0,0.0,0.0,0.0,0.0,0.0,0.0,0.0,0.0,0.0,0.0,0.0,0.0,0.0,0.0,0.0,0.0,0.0,0.0,0.0,0.0,0.0,0.0,0.0,0.0,0.0,0.0,0.0,0.0,0.0,0.0,0.0,0.0,0.0,0.0,0.0,0.0,0.0,0.0,0.0,0.0,0.0,0.0,0.0,0.0,0.0,0.0,0.0,0.0,0.0,0.0,0.0,0.0,0.0,0.0,0.0,0.0,0.0,0.0,0.0,0.0,0.0,0.0,0.0,0.0,0.0,0.0,0.0,0.0,0.0,0.0,0.0,0.0,0.0,0.0,0.0,0.0,0.0,0.0,0.0,0.0,0.0,0.0,0.0,0.0,0.0,0.0,0.0,0.0,0.0,0.0,0.0,0.0,0.0,0.0,0.0,0.0,0.0,0.0,0.0,0.0,0.0,0.0,0.0,0.0,0.0,0.0,0.0,0.0,0.0,0.0,0.0,0.0,0.0,0.0,0.0,0.0,0.0,0.0,0.0,0.0,0.0,0.0,0.0,0.0,0.0,0.0,0.0,0.0,0.0,0.0,0.0,0.0,0.0,0.0,0.0,0.0,0.0,0.0,0.0,0.0,0.0,0.0,0.0,0.0,0.0,0.0,0.0,0.0,0.0,0.0,0.0,0.0,0.0,0.0,0.0,0.0,0.0,0.0,0.0,0.0,0.0,0.0,0.0,0.0,0.0,0.0
99.0,92.0,77.0,3.0,2.0,57011.0,57110.0,0.0,0.0,0.0,0.0,0.0,0.0,0.0,0.0,0.0,0.0,0.0,0.0,0.0,0.0,0.0,0.0,0.0,0.0,0.0,0.0,0.0,0.0,0.0,0.0,0.0,0.0,0.0,0.0,0.0,0.0,0.0,0.0,0.0,0.0,0.0,0.0,0.0,0.0,0.0,0.0,0.0,0.0,0.0,0.0,0.0,0.0,0.0,0.0,0.0,0.0,0.0,0.0,0.0,0.0,0.0,0.0,0.0,0.0,0.0,0.0,0.0,0.0,0.0,0.0,0.0,0.0,0.0,0.0,0.0,0.0,0.0,0.0,0.0,0.0,0.0,0.0,0.0,0.0,0.0,0.0,0.0,0.0,0.0,0.0,0.0,0.0,0.0,0.0,0.0,0.0,0.0,0.0,0.0,0.0,0.0,0.0,0.0,0.0,0.0,0.0,0.0,0.0,0.0,0.0,0.0,0.0,0.0,0.0,0.0,0.0,0.0,0.0,0.0,0.0,0.0,0.0,0.0,0.0,0.0,0.0,0.0,0.0,0.0,0.0,0.0,0.0,0.0,0.0,0.0,0.0,0.0,0.0,0.0,0.0,0.0,0.0,0.0,0.0,0.0,0.0,0.0,0.0,0.0,0.0,0.0,0.0,0.0,0.0,0.0,0.0,0.0,0.0,0.0,0.0,0.0,0.0,0.0,0.0,0.0,0.0,0.0,0.0,0.0,0.0,0.0,0.0,0.0,0.0,0.0,0.0,0.0,0.0,0.0,0.0,0.0,0.0,0.0,0.0,0.0,0.0,0.0,0.0,0.0,0.0,0.0,0.0,0.0,0.0,0.0,0.0,0.0,0.0,0.0,0.0,0.0,0.0,0.0,0.0,0.0,0.0,0.0,0.0,0.0,0.0,0.0,0.0,0.0,0.0,0.0,0.0,0.0,0.0,0.0,0.0,0.0,0.0,0.0,0.0,0.0,0.0,0.0,0.0,0.0,0.0,0.0,0.0,0.0,0.0,0.0,0.0,0.0,0.0,0.0,0.0,0.0,0.0,0.0,0.0,0.0,0.0,0.0,0.0,0.0,0.0,0.0,0.0,0.0,0.0,0.0,0.0,0.0,0.0,0.0,0.0,0.0,0.0,0.0,0.0,0.0,0.0,0.0,0.0,0.0,0.0,0.0,0.0,0.0,0.0,0.0,0.0,0.0,0.0,0.0,0.0,0.0,0.0,0.0,0.0,0.0,0.0,0.0,0.0,0.0,0.0,0.0,0.0,0.0,0.0,0.0,0.0,0.0,0.0,0.0,0.0,0.0,0.0,0.0,0.0,0.0,0.0,0.0,0.0,0.0,0.0,0.0,0.0,0.0,0.0,0.0,0.0
166.0,91.8,75.6,1.0,4.0,57110.0,57276.0,0.0,0.0,0.0,0.0,0.0,0.0,0.0,0.0,0.0,0.0,0.0,0.0,0.0,0.0,0.0,0.0,0.0,0.0,0.0,0.0,0.0,0.0,0.0,0.0,0.0,0.0,0.0,0.0,0.0,0.0,0.0,0.0,0.0,0.0,0.0,0.0,0.0,0.0,0.0,0.0,0.0,0.0,0.0,0.0,0.0,0.0,0.0,0.0,0.0,0.0,0.0,0.0,0.0,0.0,0.0,0.0,0.0,0.0,0.0,0.0,0.0,0.0,0.0,0.0,0.0,0.0,0.0,0.0,0.0,0.0,0.0,0.0,0.0,0.0,0.0,0.0,0.0,0.0,0.0,0.0,0.0,0.0,0.0,0.0,0.0,0.0,0.0,0.0,0.0,0.0,0.0,0.0,0.0,0.0,0.0,0.0,0.0,0.0,0.0,0.0,0.0,0.0,0.0,0.0,0.0,0.0,0.0,0.0,0.0,0.0,0.0,0.0,0.0,0.0,0.0,0.0,0.0,0.0,0.0,0.0,0.0,0.0,0.0,0.0,0.0,0.0,0.0,0.0,0.0,0.0,0.0,0.0,0.0,0.0,0.0,0.0,0.0,0.0,0.0,0.0,0.0,0.0,0.0,0.0,0.0,0.0,0.0,0.0,0.0,0.0,0.0,0.0,0.0,0.0,0.0,0.0,0.0,0.0,0.0,0.0,0.0,0.0,0.0,0.0,0.0,0.0,0.0,0.0,0.0,0.0,0.0,0.0,0.0,0.0,0.0,0.0,0.0,0.0,0.0,0.0,0.0,0.0,0.0,0.0,0.0,0.0,0.0,0.0,0.0,0.0,0.0,0.0,0.0,0.0,0.0,0.0,0.0,0.0,0.0,0.0,0.0,0.0,0.0,0.0,0.0,0.0,0.0,0.0,0.0,0.0,0.0,0.0,0.0,0.0,0.0,0.0,0.0,0.0,0.0,0.0,0.0,0.0,0.0,0.0,0.0,0.0,0.0,0.0,0.0,0.0,0.0,0.0,0.0,0.0,0.0,0.0,0.0,0.0,0.0,0.0,0.0,0.0,0.0,0.0,0.0,0.0,0.0,0.0,0.0,0.0,0.0,0.0,0.0,0.0,0.0,0.0,0.0,0.0,0.0,0.0,0.0,0.0,0.0,0.0,0.0,0.0,0.0,0.0,0.0,0.0,0.0,0.0,0.0,0.0,0.0,0.0,0.0,0.0,0.0,0.0,0.0,0.0,0.0,0.0,0.0,0.0,0.0,0.0,0.0,0.0,0.0,0.0,0.0,0.0,0.0,0.0,0.0,0.0,0.0,0.0,0.0,0.0,0.0,0.0,0.0,0.0,0.0,0.0,0.0,0.0
233.0,93.4,78.7,4.0,3.0,57276.0,57509.0,0.0,0.0,0.0,0.0,0.0,0.0,0.0,0.0,0.0,0.0,0.0,0.0,0.0,0.0,0.0,0.0,0.0,0.0,0.0,0.0,0.0,0.0,0.0,0.0,0.0,0.0,0.0,0.0,0.0,0.0,0.0,0.0,0.0,0.0,0.0,0.0,0.0,0.0,0.0,0.0,0.0,0.0,0.0,0.0,0.0,0.0,0.0,0.0,0.0,0.0,0.0,0.0,0.0,0.0,0.0,0.0,0.0,0.0,0.0,0.0,0.0,0.0,0.0,0.0,0.0,0.0,0.0,0.0,0.0,0.0,0.0,0.0,0.0,0.0,0.0,0.0,0.0,0.0,0.0,0.0,0.0,0.0,0.0,0.0,0.0,0.0,0.0,0.0,0.0,0.0,0.0,0.0,0.0,0.0,0.0,0.0,0.0,0.0,0.0,0.0,0.0,0.0,0.0,0.0,0.0,0.0,0.0,0.0,0.0,0.0,0.0,0.0,0.0,0.0,0.0,0.0,0.0,0.0,0.0,0.0,0.0,0.0,0.0,0.0,0.0,0.0,0.0,0.0,0.0,0.0,0.0,0.0,0.0,0.0,0.0,0.0,0.0,0.0,0.0,0.0,0.0,0.0,0.0,0.0,0.0,0.0,0.0,0.0,0.0,0.0,0.0,0.0,0.0,0.0,0.0,0.0,0.0,0.0,0.0,0.0,0.0,0.0,0.0,0.0,0.0,0.0,0.0,0.0,0.0,0.0,0.0,0.0,0.0,0.0,0.0,0.0,0.0,0.0,0.0,0.0,0.0,0.0,0.0,0.0,0.0,0.0,0.0,0.0,0.0,0.0,0.0,0.0,0.0,0.0,0.0,0.0,0.0,0.0,0.0,0.0,0.0,0.0,0.0,0.0,0.0,0.0,0.0,0.0,0.0,0.0,0.0,0.0,0.0,0.0,0.0,0.0,0.0,0.0,0.0,0.0,0.0,0.0,0.0,0.0,0.0,0.0,0.0,0.0,0.0,0.0,0.0,0.0,0.0,0.0,0.0,0.0,0.0,0.0,0.0,0.0,0.0,0.0,0.0,0.0,0.0,0.0,0.0,0.0,0.0,0.0,0.0,0.0,0.0,0.0,0.0,0.0,0.0,0.0,0.0,0.0,0.0,0.0,0.0,0.0,0.0,0.0,0.0,0.0,0.0,0.0,0.0,0.0,0.0,0.0,0.0,0.0,0.0,0.0,0.0,0.0,0.0,0.0,0.0,0.0,0.0,0.0,0.0,0.0,0.0,0.0,0.0,0.0,0.0,0.0,0.0,0.0,0.0,0.0,0.0,0.0,0.0,0.0,0.0,0.0,0.0,0.0,0.0,0.0,0.0,0.0
134.0,97.0,80.8,1.0,1.0,57509.0,57643.0,0.0,0.0,0.0,0.0,0.0,0.0,0.0,0.0,0.0,0.0,0.0,0.0,0.0,0.0,0.0,0.0,0.0,0.0,0.0,0.0,0.0,0.0,0.0,0.0,0.0,0.0,0.0,0.0,0.0,0.0,0.0,0.0,0.0,0.0,0.0,0.0,0.0,0.0,0.0,0.0,0.0,0.0,0.0,0.0,0.0,0.0,0.0,0.0,0.0,0.0,0.0,0.0,0.0,0.0,0.0,0.0,0.0,0.0,0.0,0.0,0.0,0.0,0.0,0.0,0.0,0.0,0.0,0.0,0.0,0.0,0.0,0.0,0.0,0.0,0.0,0.0,0.0,0.0,0.0,0.0,0.0,0.0,0.0,0.0,0.0,0.0,0.0,0.0,0.0,0.0,0.0,0.0,0.0,0.0,0.0,0.0,0.0,0.0,0.0,0.0,0.0,0.0,0.0,0.0,0.0,0.0,0.0,0.0,0.0,0.0,0.0,0.0,0.0,0.0,0.0,0.0,0.0,0.0,0.0,0.0,0.0,0.0,0.0,0.0,0.0,0.0,0.0,0.0,0.0,0.0,0.0,0.0,0.0,0.0,0.0,0.0,0.0,0.0,0.0,0.0,0.0,0.0,0.0,0.0,0.0,0.0,0.0,0.0,0.0,0.0,0.0,0.0,0.0,0.0,0.0,0.0,0.0,0.0,0.0,0.0,0.0,0.0,0.0,0.0,0.0,0.0,0.0,0.0,0.0,0.0,0.0,0.0,0.0,0.0,0.0,0.0,0.0,0.0,0.0,0.0,0.0,0.0,0.0,0.0,0.0,0.0,0.0,0.0,0.0,0.0,0.0,0.0,0.0,0.0,0.0,0.0,0.0,0.0,0.0,0.0,0.0,0.0,0.0,0.0,0.0,0.0,0.0,0.0,0.0,0.0,0.0,0.0,0.0,0.0,0.0,0.0,0.0,0.0,0.0,0.0,0.0,0.0,0.0,0.0,0.0,0.0,0.0,0.0,0.0,0.0,0.0,0.0,0.0,0.0,0.0,0.0,0.0,0.0,0.0,0.0,0.0,0.0,0.0,0.0,0.0,0.0,0.0,0.0,0.0,0.0,0.0,0.0,0.0,0.0,0.0,0.0,0.0,0.0,0.0,0.0,0.0,0.0,0.0,0.0,0.0,0.0,0.0,0.0,0.0,0.0,0.0,0.0,0.0,0.0,0.0,0.0,0.0,0.0,0.0,0.0,0.0,0.0,0.0,0.0,0.0,0.0,0.0,0.0,0.0,0.0,0.0,0.0,0.0,0.0,0.0,0.0,0.0,0.0,0.0,0.0,0.0,0.0,0.0,0.0,0.0,0.0,0.0,0.0,0.0,0.0
266.0,96.5,67.3,1.0,6.0,57643.0,57909.0,0.0,0.0,0.0,0.0,0.0,0.0,0.0,0.0,0.0,0.0,0.0,0.0,0.0,0.0,0.0,0.0,0.0,0.0,0.0,0.0,0.0,0.0,0.0,0.0,0.0,0.0,0.0,0.0,0.0,0.0,0.0,0.0,0.0,0.0,0.0,0.0,0.0,0.0,0.0,0.0,0.0,0.0,0.0,0.0,0.0,0.0,0.0,0.0,0.0,0.0,0.0,0.0,0.0,0.0,0.0,0.0,0.0,0.0,0.0,0.0,0.0,0.0,0.0,0.0,0.0,0.0,0.0,0.0,0.0,0.0,0.0,0.0,0.0,0.0,0.0,0.0,0.0,0.0,0.0,0.0,0.0,0.0,0.0,0.0,0.0,0.0,0.0,0.0,0.0,0.0,0.0,0.0,0.0,0.0,0.0,0.0,0.0,0.0,0.0,0.0,0.0,0.0,0.0,0.0,0.0,0.0,0.0,0.0,0.0,0.0,0.0,0.0,0.0,0.0,0.0,0.0,0.0,0.0,0.0,0.0,0.0,0.0,0.0,0.0,0.0,0.0,0.0,0.0,0.0,0.0,0.0,0.0,0.0,0.0,0.0,0.0,0.0,0.0,0.0,0.0,0.0,0.0,0.0,0.0,0.0,0.0,0.0,0.0,0.0,0.0,0.0,0.0,0.0,0.0,0.0,0.0,0.0,0.0,0.0,0.0,0.0,0.0,0.0,0.0,0.0,0.0,0.0,0.0,0.0,0.0,0.0,0.0,0.0,0.0,0.0,0.0,0.0,0.0,0.0,0.0,0.0,0.0,0.0,0.0,0.0,0.0,0.0,0.0,0.0,0.0,0.0,0.0,0.0,0.0,0.0,0.0,0.0,0.0,0.0,0.0,0.0,0.0,0.0,0.0,0.0,0.0,0.0,0.0,0.0,0.0,0.0,0.0,0.0,0.0,0.0,0.0,0.0,0.0,0.0,0.0,0.0,0.0,0.0,0.0,0.0,0.0,0.0,0.0,0.0,0.0,0.0,0.0,0.0,0.0,0.0,0.0,0.0,0.0,0.0,0.0,0.0,0.0,0.0,0.0,0.0,0.0,0.0,0.0,0.0,0.0,0.0,0.0,0.0,0.0,0.0,0.0,0.0,0.0,0.0,0.0,0.0,0.0,0.0,0.0,0.0,0.0,0.0,0.0,0.0,0.0,0.0,0.0,0.0,0.0,0.0,0.0,0.0,0.0,0.0,0.0,0.0,0.0,0.0,0.0,0.0,0.0,0.0,0.0,0.0,0.0,0.0,0.0,0.0,0.0,0.0,0.0,0.0,0.0,0.0,0.0,0.0,0.0,0.0,0.0,0.0,0.0,0.0,0.0,0.0,0.0
366.0,97.5,80.5,1.0,5.0,57909.0,58275.0,0.0,0.0,0.0,0.0,0.0,0.0,0.0,0.0,0.0,0.0,0.0,0.0,0.0,0.0,0.0,0.0,0.0,0.0,0.0,0.0,0.0,0.0,0.0,0.0,0.0,0.0,0.0,0.0,0.0,0.0,0.0,0.0,0.0,0.0,0.0,0.0,0.0,0.0,0.0,0.0,0.0,0.0,0.0,0.0,0.0,0.0,0.0,0.0,0.0,0.0,0.0,0.0,0.0,0.0,0.0,0.0,0.0,0.0,0.0,0.0,0.0,0.0,0.0,0.0,0.0,0.0,0.0,0.0,0.0,0.0,0.0,0.0,0.0,0.0,0.0,0.0,0.0,0.0,0.0,0.0,0.0,0.0,0.0,0.0,0.0,0.0,0.0,0.0,0.0,0.0,0.0,0.0,0.0,0.0,0.0,0.0,0.0,0.0,0.0,0.0,0.0,0.0,0.0,0.0,0.0,0.0,0.0,0.0,0.0,0.0,0.0,0.0,0.0,0.0,0.0,0.0,0.0,0.0,0.0,0.0,0.0,0.0,0.0,0.0,0.0,0.0,0.0,0.0,0.0,0.0,0.0,0.0,0.0,0.0,0.0,0.0,0.0,0.0,0.0,0.0,0.0,0.0,0.0,0.0,0.0,0.0,0.0,0.0,0.0,0.0,0.0,0.0,0.0,0.0,0.0,0.0,0.0,0.0,0.0,0.0,0.0,0.0,0.0,0.0,0.0,0.0,0.0,0.0,0.0,0.0,0.0,0.0,0.0,0.0,0.0,0.0,0.0,0.0,0.0,0.0,0.0,0.0,0.0,0.0,0.0,0.0,0.0,0.0,0.0,0.0,0.0,0.0,0.0,0.0,0.0,0.0,0.0,0.0,0.0,0.0,0.0,0.0,0.0,0.0,0.0,0.0,0.0,0.0,0.0,0.0,0.0,0.0,0.0,0.0,0.0,0.0,0.0,0.0,0.0,0.0,0.0,0.0,0.0,0.0,0.0,0.0,0.0,0.0,0.0,0.0,0.0,0.0,0.0,0.0,0.0,0.0,0.0,0.0,0.0,0.0,0.0,0.0,0.0,0.0,0.0,0.0,0.0,0.0,0.0,0.0,0.0,0.0,0.0,0.0,0.0,0.0,0.0,0.0,0.0,0.0,0.0,0.0,0.0,0.0,0.0,0.0,0.0,0.0,0.0,0.0,0.0,0.0,0.0,0.0,0.0,0.0,0.0,0.0,0.0,0.0,0.0,0.0,0.0,0.0,0.0,0.0,0.0,0.0,0.0,0.0,0.0,0.0,0.0,0.0,0.0,0.0,0.0,0.0,0.0,0.0,0.0,0.0,0.0,0.0,0.0,0.0,0.0,0.0,0.0,0.0
232.0,98.1,77.4,3.0,6.0,58275.0,58507.0,0.0,0.0,0.0,0.0,0.0,0.0,0.0,0.0,0.0,0.0,0.0,0.0,0.0,0.0,0.0,0.0,0.0,0.0,0.0,0.0,0.0,0.0,0.0,0.0,0.0,0.0,0.0,0.0,0.0,0.0,0.0,0.0,0.0,0.0,0.0,0.0,0.0,0.0,0.0,0.0,0.0,0.0,0.0,0.0,0.0,0.0,0.0,0.0,0.0,0.0,0.0,0.0,0.0,0.0,0.0,0.0,0.0,0.0,0.0,0.0,0.0,0.0,0.0,0.0,0.0,0.0,0.0,0.0,0.0,0.0,0.0,0.0,0.0,0.0,0.0,0.0,0.0,0.0,0.0,0.0,0.0,0.0,0.0,0.0,0.0,0.0,0.0,0.0,0.0,0.0,0.0,0.0,0.0,0.0,0.0,0.0,0.0,0.0,0.0,0.0,0.0,0.0,0.0,0.0,0.0,0.0,0.0,0.0,0.0,0.0,0.0,0.0,0.0,0.0,0.0,0.0,0.0,0.0,0.0,0.0,0.0,0.0,0.0,0.0,0.0,0.0,0.0,0.0,0.0,0.0,0.0,0.0,0.0,0.0,0.0,0.0,0.0,0.0,0.0,0.0,0.0,0.0,0.0,0.0,0.0,0.0,0.0,0.0,0.0,0.0,0.0,0.0,0.0,0.0,0.0,0.0,0.0,0.0,0.0,0.0,0.0,0.0,0.0,0.0,0.0,0.0,0.0,0.0,0.0,0.0,0.0,0.0,0.0,0.0,0.0,0.0,0.0,0.0,0.0,0.0,0.0,0.0,0.0,0.0,0.0,0.0,0.0,0.0,0.0,0.0,0.0,0.0,0.0,0.0,0.0,0.0,0.0,0.0,0.0,0.0,0.0,0.0,0.0,0.0,0.0,0.0,0.0,0.0,0.0,0.0,0.0,0.0,0.0,0.0,0.0,0.0,0.0,0.0,0.0,0.0,0.0,0.0,0.0,0.0,0.0,0.0,0.0,0.0,0.0,0.0,0.0,0.0,0.0,0.0,0.0,0.0,0.0,0.0,0.0,0.0,0.0,0.0,0.0,0.0,0.0,0.0,0.0,0.0,0.0,0.0,0.0,0.0,0.0,0.0,0.0,0.0,0.0,0.0,0.0,0.0,0.0,0.0,0.0,0.0,0.0,0.0,0.0,0.0,0.0,0.0,0.0,0.0,0.0,0.0,0.0,0.0,0.0,0.0,0.0,0.0,0.0,0.0,0.0,0.0,0.0,0.0,0.0,0.0,0.0,0.0,0.0,0.0,0.0,0.0,0.0,0.0,0.0,0.0,0.0,0.0,0.0,0.0,0.0,0.0,0.0,0.0,0.0,0.0,0.0,0.0
133.0,96.3,78.8,0.0,6.0,58507.0,58640.0,0.0,0.0,0.0,0.0,0.0,0.0,0.0,0.0,0.0,0.0,0.0,0.0,0.0,0.0,0.0,0.0,0.0,0.0,0.0,0.0,0.0,0.0,0.0,0.0,0.0,0.0,0.0,0.0,0.0,0.0,0.0,0.0,0.0,0.0,0.0,0.0,0.0,0.0,0.0,0.0,0.0,0.0,0.0,0.0,0.0,0.0,0.0,0.0,0.0,0.0,0.0,0.0,0.0,0.0,0.0,0.0,0.0,0.0,0.0,0.0,0.0,0.0,0.0,0.0,0.0,0.0,0.0,0.0,0.0,0.0,0.0,0.0,0.0,0.0,0.0,0.0,0.0,0.0,0.0,0.0,0.0,0.0,0.0,0.0,0.0,0.0,0.0,0.0,0.0,0.0,0.0,0.0,0.0,0.0,0.0,0.0,0.0,0.0,0.0,0.0,0.0,0.0,0.0,0.0,0.0,0.0,0.0,0.0,0.0,0.0,0.0,0.0,0.0,0.0,0.0,0.0,0.0,0.0,0.0,0.0,0.0,0.0,0.0,0.0,0.0,0.0,0.0,0.0,0.0,0.0,0.0,0.0,0.0,0.0,0.0,0.0,0.0,0.0,0.0,0.0,0.0,0.0,0.0,0.0,0.0,0.0,0.0,0.0,0.0,0.0,0.0,0.0,0.0,0.0,0.0,0.0,0.0,0.0,0.0,0.0,0.0,0.0,0.0,0.0,0.0,0.0,0.0,0.0,0.0,0.0,0.0,0.0,0.0,0.0,0.0,0.0,0.0,0.0,0.0,0.0,0.0,0.0,0.0,0.0,0.0,0.0,0.0,0.0,0.0,0.0,0.0,0.0,0.0,0.0,0.0,0.0,0.0,0.0,0.0,0.0,0.0,0.0,0.0,0.0,0.0,0.0,0.0,0.0,0.0,0.0,0.0,0.0,0.0,0.0,0.0,0.0,0.0,0.0,0.0,0.0,0.0,0.0,0.0,0.0,0.0,0.0,0.0,0.0,0.0,0.0,0.0,0.0,0.0,0.0,0.0,0.0,0.0,0.0,0.0,0.0,0.0,0.0,0.0,0.0,0.0,0.0,0.0,0.0,0.0,0.0,0.0,0.0,0.0,0.0,0.0,0.0,0.0,0.0,0.0,0.0,0.0,0.0,0.0,0.0,0.0,0.0,0.0,0.0,0.0,0.0,0.0,0.0,0.0,0.0,0.0,0.0,0.0,0.0,0.0,0.0,0.0,0.0,0.0,0.0,0.0,0.0,0.0,0.0,0.0,0.0,0.0,0.0,0.0,0.0,0.0,0.0,0.0,0.0,0.0,0.0,0.0,0.0,0.0,0.0,0.0,0.0,0.0,0.0,0.0,0.0
134.0,98.5,82.5,4.0,3.0,6181.0,6315.0,0.479722,0.385615,0.363268,0.536205,0.288771,0.418602,0.37714,0.494497,0.576753,0.287271,0.401929,0.406874,0.472879,0.602943,0.387559,0.42993,0.43957,0.33056,0.531636,0.262599,0.474877,0.546534,0.320221,0.525864,0.379963,0.380584,0.664327,0.316524,0.59306,0.257179,0.395247,0.602327,0.336938,0.577207,0.11979,0.396158,0.402246,0.336044,0.470393,0.192539,0.508289,0.576295,0.25911,0.490388,0.276335,0.579745,0.597989,0.188306,0.581474,0.439963,0.575699,0.542543,0.146099,0.425849,0.459495,0.493385,0.53975,0.490174,0.384035,0.338799,0.374953,0.451498,0.561508,0.460838,0.317949,0.364863,0.482042,0.52455,0.328156,0.255966,0.582594,0.69752,0.514685,0.257187,0.366466,0.522726,0.653227,0.428182,0.473713,0.140988,0.592714,0.400072,0.309791,0.679078,0.211809,0.476746,0.550064,0.387544,0.579133,0.400429,0.673316,0.621998,0.423493,0.34385,0.631565,0.77728,0.579639,0.354554,0.609357,0.496424,0.59975,0.574486,0.471727,0.625876,0.309752,0.591442,0.722901,0.457885,0.237797,0.157749,0.472232,0.646772,0.582206,0.344574,0.226991,0.782615,0.856249,0.59489,0.657523,0.524935,0.817654,0.721133,0.477871,0.537076,0.327106,0.629184,0.573921,0.535132,0.684195,0.245928,0.63217,0.342226,0.557944,0.526817,0.486388,0.461897,0.535095,0.540343,0.397888,0.669265,0.886225,0.890312,0.38,0.625485,0.329948,0.826997,0.736234,0.476385,0.61503,0.251995,0.718226,0.842147,0.44991,0.400328,0.25829,0.695446,0.80346,0.561431,0.534065,0.341753,0.777982,0.933732,0.605387,0.598198,0.365263,0.710532,0.869094,0.610489,0.517339,0.535338,0.828982,0.801008,0.471902,0.627172,0.397064,0.512369,0.584615,0.57152,0.362474,0.82122,0.157301,0.523619,0.680854,0.538047,0.872062,0.44514,0.498688,0.440928,0.51725,0.499338,0.752281,0.699346,0.511317,0.507281,0.286034,0.716361,0.893926,0.473327,0.653628,0.467355,0.708591,0.935134,0.468342,0.672516,0.366521,0.760953,0.899979,0.659428,0.532845,0.407161,0.723182,0.779153,0.579075,0.553036,0.27424,0.764091,0.740144,0.646029,0.561152,0.545031,0.688854,0.757819,0.676003,0.46804,0.545984,0.548311,0.485344,0.739476,0.493747,0.514648,0.319366,0.566419,0.558079,0.438031,0.434769,0.546479,0.596308,0.519804,0.507535,0.701626,0.640895,0.721196,0.466167,0.570381,0.66474,0.617773,0.870215,0.463259,0.677243,0.596711,0.683535,0.790439,0.594405,0.363754,0.405457,0.747323,0.738541,0.584699,0.499231,0.182287,0.619296,0.618868,0.587007,0.311972,0.219211,0.620441,0.617216,0.567761,0.545081,0.356826,0.582089,0.58519,0.519197,0.607273,0.483114,0.624206,0.745159,0.43579,0.644609,0.479667,0.525415,0.786426,0.559897,0.700035,0.439102,0.500443,0.686908,0.485643,0.266964,0.368535,0.603443,0.697869,0.502411,0.247863,0.281521,0.548827,0.6156,0.451962,0.435049,0.395987,0.502924,0.712322,0.482471,0.667721,0.408533,0.514905,0.718599,0.496862,0.558622,0.385405
299.0,99.2,80.9,2.0,3.0,58640.0,58939.0,0.0,0.0,0.0,0.0,0.0,0.0,0.0,0.0,0.0,0.0,0.0,0.0,0.0,0.0,0.0,0.0,0.0,0.0,0.0,0.0,0.0,0.0,0.0,0.0,0.0,0.0,0.0,0.0,0.0,0.0,0.0,0.0,0.0,0.0,0.0,0.0,0.0,0.0,0.0,0.0,0.0,0.0,0.0,0.0,0.0,0.0,0.0,0.0,0.0,0.0,0.0,0.0,0.0,0.0,0.0,0.0,0.0,0.0,0.0,0.0,0.0,0.0,0.0,0.0,0.0,0.0,0.0,0.0,0.0,0.0,0.0,0.0,0.0,0.0,0.0,0.0,0.0,0.0,0.0,0.0,0.0,0.0,0.0,0.0,0.0,0.0,0.0,0.0,0.0,0.0,0.0,0.0,0.0,0.0,0.0,0.0,0.0,0.0,0.0,0.0,0.0,0.0,0.0,0.0,0.0,0.0,0.0,0.0,0.0,0.0,0.0,0.0,0.0,0.0,0.0,0.0,0.0,0.0,0.0,0.0,0.0,0.0,0.0,0.0,0.0,0.0,0.0,0.0,0.0,0.0,0.0,0.0,0.0,0.0,0.0,0.0,0.0,0.0,0.0,0.0,0.0,0.0,0.0,0.0,0.0,0.0,0.0,0.0,0.0,0.0,0.0,0.0,0.0,0.0,0.0,0.0,0.0,0.0,0.0,0.0,0.0,0.0,0.0,0.0,0.0,0.0,0.0,0.0,0.0,0.0,0.0,0.0,0.0,0.0,0.0,0.0,0.0,0.0,0.0,0.0,0.0,0.0,0.0,0.0,0.0,0.0,0.0,0.0,0.0,0.0,0.0,0.0,0.0,0.0,0.0,0.0,0.0,0.0,0.0,0.0,0.0,0.0,0.0,0.0,0.0,0.0,0.0,0.0,0.0,0.0,0.0,0.0,0.0,0.0,0.0,0.0,0.0,0.0,0.0,0.0,0.0,0.0,0.0,0.0,0.0,0.0,0.0,0.0,0.0,0.0,0.0,0.0,0.0,0.0,0.0,0.0,0.0,0.0,0.0,0.0,0.0,0.0,0.0,0.0,0.0,0.0,0.0,0.0,0.0,0.0,0.0,0.0,0.0,0.0,0.0,0.0,0.0,0.0,0.0,0.0,0.0,0.0,0.0,0.0,0.0,0.0,0.0,0.0,0.0,0.0,0.0,0.0,0.0,0.0,0.0,0.0,0.0,0.0,0.0,0.0,0.0,0.0,0.0,0.0,0.0,0.0,0.0,0.0,0.0,0.0,0.0,0.0,0.0,0.0,0.0,0.0,0.0,0.0,0.0,0.0,0.0,0.0,0.0,0.0,0.0,0.0,0.0,0.0,0.0,0.0
132.0,102.0,85.8,2.0,0.0,58939.0,59071.0,0.0,0.0,0.0,0.0,0.0,0.0,0.0,0.0,0.0,0.0,0.0,0.0,0.0,0.0,0.0,0.0,0.0,0.0,0.0,0.0,0.0,0.0,0.0,0.0,0.0,0.0,0.0,0.0,0.0,0.0,0.0,0.0,0.0,0.0,0.0,0.0,0.0,0.0,0.0,0.0,0.0,0.0,0.0,0.0,0.0,0.0,0.0,0.0,0.0,0.0,0.0,0.0,0.0,0.0,0.0,0.0,0.0,0.0,0.0,0.0,0.0,0.0,0.0,0.0,0.0,0.0,0.0,0.0,0.0,0.0,0.0,0.0,0.0,0.0,0.0,0.0,0.0,0.0,0.0,0.0,0.0,0.0,0.0,0.0,0.0,0.0,0.0,0.0,0.0,0.0,0.0,0.0,0.0,0.0,0.0,0.0,0.0,0.0,0.0,0.0,0.0,0.0,0.0,0.0,0.0,0.0,0.0,0.0,0.0,0.0,0.0,0.0,0.0,0.0,0.0,0.0,0.0,0.0,0.0,0.0,0.0,0.0,0.0,0.0,0.0,0.0,0.0,0.0,0.0,0.0,0.0,0.0,0.0,0.0,0.0,0.0,0.0,0.0,0.0,0.0,0.0,0.0,0.0,0.0,0.0,0.0,0.0,0.0,0.0,0.0,0.0,0.0,0.0,0.0,0.0,0.0,0.0,0.0,0.0,0.0,0.0,0.0,0.0,0.0,0.0,0.0,0.0,0.0,0.0,0.0,0.0,0.0,0.0,0.0,0.0,0.0,0.0,0.0,0.0,0.0,0.0,0.0,0.0,0.0,0.0,0.0,0.0,0.0,0.0,0.0,0.0,0.0,0.0,0.0,0.0,0.0,0.0,0.0,0.0,0.0,0.0,0.0,0.0,0.0,0.0,0.0,0.0,0.0,0.0,0.0,0.0,0.0,0.0,0.0,0.0,0.0,0.0,0.0,0.0,0.0,0.0,0.0,0.0,0.0,0.0,0.0,0.0,0.0,0.0,0.0,0.0,0.0,0.0,0.0,0.0,0.0,0.0,0.0,0.0,0.0,0.0,0.0,0.0,0.0,0.0,0.0,0.0,0.0,0.0,0.0,0.0,0.0,0.0,0.0,0.0,0.0,0.0,0.0,0.0,0.0,0.0,0.0,0.0,0.0,0.0,0.0,0.0,0.0,0.0,0.0,0.0,0.0,0.0,0.0,0.0,0.0,0.0,0.0,0.0,0.0,0.0,0.0,0.0,0.0,0.0,0.0,0.0,0.0,0.0,0.0,0.0,0.0,0.0,0.0,0.0,0.0,0.0,0.0,0.0,0.0,0.0,0.0,0.0,0.0,0.0,0.0,0.0,0.0,0.0,0.0
133.0,101.0,83.0,2.0,2.0,59071.0,59204.0,0.0,0.0,0.0,0.0,0.0,0.0,0.0,0.0,0.0,0.0,0.0,0.0,0.0,0.0,0.0,0.0,0.0,0.0,0.0,0.0,0.0,0.0,0.0,0.0,0.0,0.0,0.0,0.0,0.0,0.0,0.0,0.0,0.0,0.0,0.0,0.0,0.0,0.0,0.0,0.0,0.0,0.0,0.0,0.0,0.0,0.0,0.0,0.0,0.0,0.0,0.0,0.0,0.0,0.0,0.0,0.0,0.0,0.0,0.0,0.0,0.0,0.0,0.0,0.0,0.0,0.0,0.0,0.0,0.0,0.0,0.0,0.0,0.0,0.0,0.0,0.0,0.0,0.0,0.0,0.0,0.0,0.0,0.0,0.0,0.0,0.0,0.0,0.0,0.0,0.0,0.0,0.0,0.0,0.0,0.0,0.0,0.0,0.0,0.0,0.0,0.0,0.0,0.0,0.0,0.0,0.0,0.0,0.0,0.0,0.0,0.0,0.0,0.0,0.0,0.0,0.0,0.0,0.0,0.0,0.0,0.0,0.0,0.0,0.0,0.0,0.0,0.0,0.0,0.0,0.0,0.0,0.0,0.0,0.0,0.0,0.0,0.0,0.0,0.0,0.0,0.0,0.0,0.0,0.0,0.0,0.0,0.0,0.0,0.0,0.0,0.0,0.0,0.0,0.0,0.0,0.0,0.0,0.0,0.0,0.0,0.0,0.0,0.0,0.0,0.0,0.0,0.0,0.0,0.0,0.0,0.0,0.0,0.0,0.0,0.0,0.0,0.0,0.0,0.0,0.0,0.0,0.0,0.0,0.0,0.0,0.0,0.0,0.0,0.0,0.0,0.0,0.0,0.0,0.0,0.0,0.0,0.0,0.0,0.0,0.0,0.0,0.0,0.0,0.0,0.0,0.0,0.0,0.0,0.0,0.0,0.0,0.0,0.0,0.0,0.0,0.0,0.0,0.0,0.0,0.0,0.0,0.0,0.0,0.0,0.0,0.0,0.0,0.0,0.0,0.0,0.0,0.0,0.0,0.0,0.0,0.0,0.0,0.0,0.0,0.0,0.0,0.0,0.0,0.0,0.0,0.0,0.0,0.0,0.0,0.0,0.0,0.0,0.0,0.0,0.0,0.0,0.0,0.0,0.0,0.0,0.0,0.0,0.0,0.0,0.0,0.0,0.0,0.0,0.0,0.0,0.0,0.0,0.0,0.0,0.0,0.0,0.0,0.0,0.0,0.0,0.0,0.0,0.0,0.0,0.0,0.0,0.0,0.0,0.0,0.0,0.0,0.0,0.0,0.0,0.0,0.0,0.0,0.0,0.0,0.0,0.0,0.0,0.0,0.0,0.0,0.0,0.0,0.0,0.0,0.0
166.0,100.6,84.4,39.0,9.0,59204.0,59370.0,0.0,0.0,0.0,0.0,0.0,0.0,0.0,0.0,0.0,0.0,0.0,0.0,0.0,0.0,0.0,0.0,0.0,0.0,0.0,0.0,0.0,0.0,0.0,0.0,0.0,0.0,0.0,0.0,0.0,0.0,0.0,0.0,0.0,0.0,0.0,0.0,0.0,0.0,0.0,0.0,0.0,0.0,0.0,0.0,0.0,0.0,0.0,0.0,0.0,0.0,0.0,0.0,0.0,0.0,0.0,0.0,0.0,0.0,0.0,0.0,0.0,0.0,0.0,0.0,0.0,0.0,0.0,0.0,0.0,0.0,0.0,0.0,0.0,0.0,0.0,0.0,0.0,0.0,0.0,0.0,0.0,0.0,0.0,0.0,0.0,0.0,0.0,0.0,0.0,0.0,0.0,0.0,0.0,0.0,0.0,0.0,0.0,0.0,0.0,0.0,0.0,0.0,0.0,0.0,0.0,0.0,0.0,0.0,0.0,0.0,0.0,0.0,0.0,0.0,0.0,0.0,0.0,0.0,0.0,0.0,0.0,0.0,0.0,0.0,0.0,0.0,0.0,0.0,0.0,0.0,0.0,0.0,0.0,0.0,0.0,0.0,0.0,0.0,0.0,0.0,0.0,0.0,0.0,0.0,0.0,0.0,0.0,0.0,0.0,0.0,0.0,0.0,0.0,0.0,0.0,0.0,0.0,0.0,0.0,0.0,0.0,0.0,0.0,0.0,0.0,0.0,0.0,0.0,0.0,0.0,0.0,0.0,0.0,0.0,0.0,0.0,0.0,0.0,0.0,0.0,0.0,0.0,0.0,0.0,0.0,0.0,0.0,0.0,0.0,0.0,0.0,0.0,0.0,0.0,0.0,0.0,0.0,0.0,0.0,0.0,0.0,0.0,0.0,0.0,0.0,0.0,0.0,0.0,0.0,0.0,0.0,0.0,0.0,0.0,0.0,0.0,0.0,0.0,0.0,0.0,0.0,0.0,0.0,0.0,0.0,0.0,0.0,0.0,0.0,0.0,0.0,0.0,0.0,0.0,0.0,0.0,0.0,0.0,0.0,0.0,0.0,0.0,0.0,0.0,0.0,0.0,0.0,0.0,0.0,0.0,0.0,0.0,0.0,0.0,0.0,0.0,0.0,0.0,0.0,0.0,0.0,0.0,0.0,0.0,0.0,0.0,0.0,0.0,0.0,0.0,0.0,0.0,0.0,0.0,0.0,0.0,0.0,0.0,0.0,0.0,0.0,0.0,0.0,0.0,0.0,0.0,0.0,0.0,0.0,0.0,0.0,0.0,0.0,0.0,0.0,0.0,0.0,0.0,0.0,0.0,0.0,0.0,0.0,0.0,0.0,0.0,0.0,0.0,0.0,0.0
166.0,103.6,85.8,3.0,2.0,59370.0,59536.0,0.0,0.0,0.0,0.0,0.0,0.0,0.0,0.0,0.0,0.0,0.0,0.0,0.0,0.0,0.0,0.0,0.0,0.0,0.0,0.0,0.0,0.0,0.0,0.0,0.0,0.0,0.0,0.0,0.0,0.0,0.0,0.0,0.0,0.0,0.0,0.0,0.0,0.0,0.0,0.0,0.0,0.0,0.0,0.0,0.0,0.0,0.0,0.0,0.0,0.0,0.0,0.0,0.0,0.0,0.0,0.0,0.0,0.0,0.0,0.0,0.0,0.0,0.0,0.0,0.0,0.0,0.0,0.0,0.0,0.0,0.0,0.0,0.0,0.0,0.0,0.0,0.0,0.0,0.0,0.0,0.0,0.0,0.0,0.0,0.0,0.0,0.0,0.0,0.0,0.0,0.0,0.0,0.0,0.0,0.0,0.0,0.0,0.0,0.0,0.0,0.0,0.0,0.0,0.0,0.0,0.0,0.0,0.0,0.0,0.0,0.0,0.0,0.0,0.0,0.0,0.0,0.0,0.0,0.0,0.0,0.0,0.0,0.0,0.0,0.0,0.0,0.0,0.0,0.0,0.0,0.0,0.0,0.0,0.0,0.0,0.0,0.0,0.0,0.0,0.0,0.0,0.0,0.0,0.0,0.0,0.0,0.0,0.0,0.0,0.0,0.0,0.0,0.0,0.0,0.0,0.0,0.0,0.0,0.0,0.0,0.0,0.0,0.0,0.0,0.0,0.0,0.0,0.0,0.0,0.0,0.0,0.0,0.0,0.0,0.0,0.0,0.0,0.0,0.0,0.0,0.0,0.0,0.0,0.0,0.0,0.0,0.0,0.0,0.0,0.0,0.0,0.0,0.0,0.0,0.0,0.0,0.0,0.0,0.0,0.0,0.0,0.0,0.0,0.0,0.0,0.0,0.0,0.0,0.0,0.0,0.0,0.0,0.0,0.0,0.0,0.0,0.0,0.0,0.0,0.0,0.0,0.0,0.0,0.0,0.0,0.0,0.0,0.0,0.0,0.0,0.0,0.0,0.0,0.0,0.0,0.0,0.0,0.0,0.0,0.0,0.0,0.0,0.0,0.0,0.0,0.0,0.0,0.0,0.0,0.0,0.0,0.0,0.0,0.0,0.0,0.0,0.0,0.0,0.0,0.0,0.0,0.0,0.0,0.0,0.0,0.0,0.0,0.0,0.0,0.0,0.0,0.0,0.0,0.0,0.0,0.0,0.0,0.0,0.0,0.0,0.0,0.0,0.0,0.0,0.0,0.0,0.0,0.0,0.0,0.0,0.0,0.0,0.0,0.0,0.0,0.0,0.0,0.0,0.0,0.0,0.0,0.0,0.0,0.0,0.0,0.0,0.0,0.0,0.0,0.0
133.0,104.0,87.0,0.0,2.0,59536.0,59669.0,0.0,0.0,0.0,0.0,0.0,0.0,0.0,0.0,0.0,0.0,0.0,0.0,0.0,0.0,0.0,0.0,0.0,0.0,0.0,0.0,0.0,0.0,0.0,0.0,0.0,0.0,0.0,0.0,0.0,0.0,0.0,0.0,0.0,0.0,0.0,0.0,0.0,0.0,0.0,0.0,0.0,0.0,0.0,0.0,0.0,0.0,0.0,0.0,0.0,0.0,0.0,0.0,0.0,0.0,0.0,0.0,0.0,0.0,0.0,0.0,0.0,0.0,0.0,0.0,0.0,0.0,0.0,0.0,0.0,0.0,0.0,0.0,0.0,0.0,0.0,0.0,0.0,0.0,0.0,0.0,0.0,0.0,0.0,0.0,0.0,0.0,0.0,0.0,0.0,0.0,0.0,0.0,0.0,0.0,0.0,0.0,0.0,0.0,0.0,0.0,0.0,0.0,0.0,0.0,0.0,0.0,0.0,0.0,0.0,0.0,0.0,0.0,0.0,0.0,0.0,0.0,0.0,0.0,0.0,0.0,0.0,0.0,0.0,0.0,0.0,0.0,0.0,0.0,0.0,0.0,0.0,0.0,0.0,0.0,0.0,0.0,0.0,0.0,0.0,0.0,0.0,0.0,0.0,0.0,0.0,0.0,0.0,0.0,0.0,0.0,0.0,0.0,0.0,0.0,0.0,0.0,0.0,0.0,0.0,0.0,0.0,0.0,0.0,0.0,0.0,0.0,0.0,0.0,0.0,0.0,0.0,0.0,0.0,0.0,0.0,0.0,0.0,0.0,0.0,0.0,0.0,0.0,0.0,0.0,0.0,0.0,0.0,0.0,0.0,0.0,0.0,0.0,0.0,0.0,0.0,0.0,0.0,0.0,0.0,0.0,0.0,0.0,0.0,0.0,0.0,0.0,0.0,0.0,0.0,0.0,0.0,0.0,0.0,0.0,0.0,0.0,0.0,0.0,0.0,0.0,0.0,0.0,0.0,0.0,0.0,0.0,0.0,0.0,0.0,0.0,0.0,0.0,0.0,0.0,0.0,0.0,0.0,0.0,0.0,0.0,0.0,0.0,0.0,0.0,0.0,0.0,0.0,0.0,0.0,0.0,0.0,0.0,0.0,0.0,0.0,0.0,0.0,0.0,0.0,0.0,0.0,0.0,0.0,0.0,0.0,0.0,0.0,0.0,0.0,0.0,0.0,0.0,0.0,0.0,0.0,0.0,0.0,0.0,0.0,0.0,0.0,0.0,0.0,0.0,0.0,0.0,0.0,0.0,0.0,0.0,0.0,0.0,0.0,0.0,0.0,0.0,0.0,0.0,0.0,0.0,0.0,0.0,0.0,0.0,0.0,0.0,0.0,0.0,0.0,0.0
199.0,105.3,87.0,1.0,6.0,59669.0,59868.0,0.0,0.0,0.0,0.0,0.0,0.0,0.0,0.0,0.0,0.0,0.0,0.0,0.0,0.0,0.0,0.0,0.0,0.0,0.0,0.0,0.0,0.0,0.0,0.0,0.0,0.0,0.0,0.0,0.0,0.0,0.0,0.0,0.0,0.0,0.0,0.0,0.0,0.0,0.0,0.0,0.0,0.0,0.0,0.0,0.0,0.0,0.0,0.0,0.0,0.0,0.0,0.0,0.0,0.0,0.0,0.0,0.0,0.0,0.0,0.0,0.0,0.0,0.0,0.0,0.0,0.0,0.0,0.0,0.0,0.0,0.0,0.0,0.0,0.0,0.0,0.0,0.0,0.0,0.0,0.0,0.0,0.0,0.0,0.0,0.0,0.0,0.0,0.0,0.0,0.0,0.0,0.0,0.0,0.0,0.0,0.0,0.0,0.0,0.0,0.0,0.0,0.0,0.0,0.0,0.0,0.0,0.0,0.0,0.0,0.0,0.0,0.0,0.0,0.0,0.0,0.0,0.0,0.0,0.0,0.0,0.0,0.0,0.0,0.0,0.0,0.0,0.0,0.0,0.0,0.0,0.0,0.0,0.0,0.0,0.0,0.0,0.0,0.0,0.0,0.0,0.0,0.0,0.0,0.0,0.0,0.0,0.0,0.0,0.0,0.0,0.0,0.0,0.0,0.0,0.0,0.0,0.0,0.0,0.0,0.0,0.0,0.0,0.0,0.0,0.0,0.0,0.0,0.0,0.0,0.0,0.0,0.0,0.0,0.0,0.0,0.0,0.0,0.0,0.0,0.0,0.0,0.0,0.0,0.0,0.0,0.0,0.0,0.0,0.0,0.0,0.0,0.0,0.0,0.0,0.0,0.0,0.0,0.0,0.0,0.0,0.0,0.0,0.0,0.0,0.0,0.0,0.0,0.0,0.0,0.0,0.0,0.0,0.0,0.0,0.0,0.0,0.0,0.0,0.0,0.0,0.0,0.0,0.0,0.0,0.0,0.0,0.0,0.0,0.0,0.0,0.0,0.0,0.0,0.0,0.0,0.0,0.0,0.0,0.0,0.0,0.0,0.0,0.0,0.0,0.0,0.0,0.0,0.0,0.0,0.0,0.0,0.0,0.0,0.0,0.0,0.0,0.0,0.0,0.0,0.0,0.0,0.0,0.0,0.0,0.0,0.0,0.0,0.0,0.0,0.0,0.0,0.0,0.0,0.0,0.0,0.0,0.0,0.0,0.0,0.0,0.0,0.0,0.0,0.0,0.0,0.0,0.0,0.0,0.0,0.0,0.0,0.0,0.0,0.0,0.0,0.0,0.0,0.0,0.0,0.0,0.0,0.0,0.0,0.0,0.0,0.0,0.0,0.0,0.0,0.0
66.0,106.0,86.5,1.0,0.0,59868.0,59934.0,0.0,0.0,0.0,0.0,0.0,0.0,0.0,0.0,0.0,0.0,0.0,0.0,0.0,0.0,0.0,0.0,0.0,0.0,0.0,0.0,0.0,0.0,0.0,0.0,0.0,0.0,0.0,0.0,0.0,0.0,0.0,0.0,0.0,0.0,0.0,0.0,0.0,0.0,0.0,0.0,0.0,0.0,0.0,0.0,0.0,0.0,0.0,0.0,0.0,0.0,0.0,0.0,0.0,0.0,0.0,0.0,0.0,0.0,0.0,0.0,0.0,0.0,0.0,0.0,0.0,0.0,0.0,0.0,0.0,0.0,0.0,0.0,0.0,0.0,0.0,0.0,0.0,0.0,0.0,0.0,0.0,0.0,0.0,0.0,0.0,0.0,0.0,0.0,0.0,0.0,0.0,0.0,0.0,0.0,0.0,0.0,0.0,0.0,0.0,0.0,0.0,0.0,0.0,0.0,0.0,0.0,0.0,0.0,0.0,0.0,0.0,0.0,0.0,0.0,0.0,0.0,0.0,0.0,0.0,0.0,0.0,0.0,0.0,0.0,0.0,0.0,0.0,0.0,0.0,0.0,0.0,0.0,0.0,0.0,0.0,0.0,0.0,0.0,0.0,0.0,0.0,0.0,0.0,0.0,0.0,0.0,0.0,0.0,0.0,0.0,0.0,0.0,0.0,0.0,0.0,0.0,0.0,0.0,0.0,0.0,0.0,0.0,0.0,0.0,0.0,0.0,0.0,0.0,0.0,0.0,0.0,0.0,0.0,0.0,0.0,0.0,0.0,0.0,0.0,0.0,0.0,0.0,0.0,0.0,0.0,0.0,0.0,0.0,0.0,0.0,0.0,0.0,0.0,0.0,0.0,0.0,0.0,0.0,0.0,0.0,0.0,0.0,0.0,0.0,0.0,0.0,0.0,0.0,0.0,0.0,0.0,0.0,0.0,0.0,0.0,0.0,0.0,0.0,0.0,0.0,0.0,0.0,0.0,0.0,0.0,0.0,0.0,0.0,0.0,0.0,0.0,0.0,0.0,0.0,0.0,0.0,0.0,0.0,0.0,0.0,0.0,0.0,0.0,0.0,0.0,0.0,0.0,0.0,0.0,0.0,0.0,0.0,0.0,0.0,0.0,0.0,0.0,0.0,0.0,0.0,0.0,0.0,0.0,0.0,0.0,0.0,0.0,0.0,0.0,0.0,0.0,0.0,0.0,0.0,0.0,0.0,0.0,0.0,0.0,0.0,0.0,0.0,0.0,0.0,0.0,0.0,0.0,0.0,0.0,0.0,0.0,0.0,0.0,0.0,0.0,0.0,0.0,0.0,0.0,0.0,0.0,0.0,0.0,0.0,0.0,0.0,0.0,0.0,0.0,0.0
97.0,106.7,87.7,1.0,1.0,59934.0,60031.0,0.0,0.0,0.0,0.0,0.0,0.0,0.0,0.0,0.0,0.0,0.0,0.0,0.0,0.0,0.0,0.0,0.0,0.0,0.0,0.0,0.0,0.0,0.0,0.0,0.0,0.0,0.0,0.0,0.0,0.0,0.0,0.0,0.0,0.0,0.0,0.0,0.0,0.0,0.0,0.0,0.0,0.0,0.0,0.0,0.0,0.0,0.0,0.0,0.0,0.0,0.0,0.0,0.0,0.0,0.0,0.0,0.0,0.0,0.0,0.0,0.0,0.0,0.0,0.0,0.0,0.0,0.0,0.0,0.0,0.0,0.0,0.0,0.0,0.0,0.0,0.0,0.0,0.0,0.0,0.0,0.0,0.0,0.0,0.0,0.0,0.0,0.0,0.0,0.0,0.0,0.0,0.0,0.0,0.0,0.0,0.0,0.0,0.0,0.0,0.0,0.0,0.0,0.0,0.0,0.0,0.0,0.0,0.0,0.0,0.0,0.0,0.0,0.0,0.0,0.0,0.0,0.0,0.0,0.0,0.0,0.0,0.0,0.0,0.0,0.0,0.0,0.0,0.0,0.0,0.0,0.0,0.0,0.0,0.0,0.0,0.0,0.0,0.0,0.0,0.0,0.0,0.0,0.0,0.0,0.0,0.0,0.0,0.0,0.0,0.0,0.0,0.0,0.0,0.0,0.0,0.0,0.0,0.0,0.0,0.0,0.0,0.0,0.0,0.0,0.0,0.0,0.0,0.0,0.0,0.0,0.0,0.0,0.0,0.0,0.0,0.0,0.0,0.0,0.0,0.0,0.0,0.0,0.0,0.0,0.0,0.0,0.0,0.0,0.0,0.0,0.0,0.0,0.0,0.0,0.0,0.0,0.0,0.0,0.0,0.0,0.0,0.0,0.0,0.0,0.0,0.0,0.0,0.0,0.0,0.0,0.0,0.0,0.0,0.0,0.0,0.0,0.0,0.0,0.0,0.0,0.0,0.0,0.0,0.0,0.0,0.0,0.0,0.0,0.0,0.0,0.0,0.0,0.0,0.0,0.0,0.0,0.0,0.0,0.0,0.0,0.0,0.0,0.0,0.0,0.0,0.0,0.0,0.0,0.0,0.0,0.0,0.0,0.0,0.0,0.0,0.0,0.0,0.0,0.0,0.0,0.0,0.0,0.0,0.0,0.0,0.0,0.0,0.0,0.0,0.0,0.0,0.0,0.0,0.0,0.0,0.0,0.0,0.0,0.0,0.0,0.0,0.0,0.0,0.0,0.0,0.0,0.0,0.0,0.0,0.0,0.0,0.0,0.0,0.0,0.0,0.0,0.0,0.0,0.0,0.0,0.0,0.0,0.0,0.0,0.0,0.0,0.0,0.0,0.0,0.0
333.0,102.1,73.0,3.0,21.0,60031.0,60364.0,0.0,0.0,0.0,0.0,0.0,0.0,0.0,0.0,0.0,0.0,0.0,0.0,0.0,0.0,0.0,0.0,0.0,0.0,0.0,0.0,0.0,0.0,0.0,0.0,0.0,0.0,0.0,0.0,0.0,0.0,0.0,0.0,0.0,0.0,0.0,0.0,0.0,0.0,0.0,0.0,0.0,0.0,0.0,0.0,0.0,0.0,0.0,0.0,0.0,0.0,0.0,0.0,0.0,0.0,0.0,0.0,0.0,0.0,0.0,0.0,0.0,0.0,0.0,0.0,0.0,0.0,0.0,0.0,0.0,0.0,0.0,0.0,0.0,0.0,0.0,0.0,0.0,0.0,0.0,0.0,0.0,0.0,0.0,0.0,0.0,0.0,0.0,0.0,0.0,0.0,0.0,0.0,0.0,0.0,0.0,0.0,0.0,0.0,0.0,0.0,0.0,0.0,0.0,0.0,0.0,0.0,0.0,0.0,0.0,0.0,0.0,0.0,0.0,0.0,0.0,0.0,0.0,0.0,0.0,0.0,0.0,0.0,0.0,0.0,0.0,0.0,0.0,0.0,0.0,0.0,0.0,0.0,0.0,0.0,0.0,0.0,0.0,0.0,0.0,0.0,0.0,0.0,0.0,0.0,0.0,0.0,0.0,0.0,0.0,0.0,0.0,0.0,0.0,0.0,0.0,0.0,0.0,0.0,0.0,0.0,0.0,0.0,0.0,0.0,0.0,0.0,0.0,0.0,0.0,0.0,0.0,0.0,0.0,0.0,0.0,0.0,0.0,0.0,0.0,0.0,0.0,0.0,0.0,0.0,0.0,0.0,0.0,0.0,0.0,0.0,0.0,0.0,0.0,0.0,0.0,0.0,0.0,0.0,0.0,0.0,0.0,0.0,0.0,0.0,0.0,0.0,0.0,0.0,0.0,0.0,0.0,0.0,0.0,0.0,0.0,0.0,0.0,0.0,0.0,0.0,0.0,0.0,0.0,0.0,0.0,0.0,0.0,0.0,0.0,0.0,0.0,0.0,0.0,0.0,0.0,0.0,0.0,0.0,0.0,0.0,0.0,0.0,0.0,0.0,0.0,0.0,0.0,0.0,0.0,0.0,0.0,0.0,0.0,0.0,0.0,0.0,0.0,0.0,0.0,0.0,0.0,0.0,0.0,0.0,0.0,0.0,0.0,0.0,0.0,0.0,0.0,0.0,0.0,0.0,0.0,0.0,0.0,0.0,0.0,0.0,0.0,0.0,0.0,0.0,0.0,0.0,0.0,0.0,0.0,0.0,0.0,0.0,0.0,0.0,0.0,0.0,0.0,0.0,0.0,0.0,0.0,0.0,0.0,0.0,0.0,0.0,0.0,0.0,0.0,0.0
99.0,102.0,85.7,1.0,1.0,6315.0,6414.0,0.652294,0.379605,0.655559,0.422352,0.536762,0.576884,0.383295,0.75902,0.461164,0.436425,0.563074,0.400645,0.746639,0.498273,0.508157,0.592297,0.469152,0.683992,0.430644,0.594045,0.555495,0.531832,0.706214,0.488645,0.564768,0.576417,0.619178,0.566219,0.530345,0.570377,0.579805,0.575145,0.632628,0.543804,0.49558,0.587736,0.503539,0.694512,0.464447,0.537164,0.601886,0.636687,0.62692,0.48506,0.694059,0.555478,0.652069,0.507128,0.545644,0.687482,0.525289,0.535411,0.540662,0.263352,0.636575,0.437599,0.417777,0.764995,0.119376,0.460621,0.367954,0.381964,0.815585,0.399417,0.348993,0.380016,0.348032,0.744271,0.429432,0.31063,0.597553,0.545722,0.709555,0.399728,0.6509,0.578096,0.566593,0.740534,0.687285,0.41958,0.601722,0.488228,0.910345,1.0,0.561492,0.473032,0.578686,0.729,0.679995,0.775892,0.523101,0.607646,0.433128,0.36551,0.711036,0.599094,0.287788,0.530513,0.352139,0.602739,0.312134,0.160914,0.812877,0.637663,0.492652,0.245036,0.439539,0.72429,0.277258,0.241865,0.312641,0.526269,0.695745,0.394238,0.338808,0.643377,0.721959,0.680337,0.864531,0.699444,0.66998,0.581819,0.566072,0.82802,0.657609,0.493772,0.454806,0.631354,0.937513,0.497538,0.505357,0.239692,0.591265,0.805096,0.484386,0.432825,0.455718,0.405658,0.304927,0.745488,0.53245,0.309038,0.672968,0.473307,0.421449,0.206279,0.395827,0.704009,0.56892,0.276815,0.027818,0.577153,0.654547,0.374675,0.317842,0.11033,0.606809,0.645171,0.540956,0.294791,0.527191,0.740522,0.598442,0.863439,0.76797,0.474927,0.65769,0.512165,0.762827,0.840893,0.678469,0.544654,0.268753,0.887478,0.755608,0.788266,0.522527,0.386645,0.673212,0.710231,0.899342,0.544123,0.3623,0.570617,0.699366,0.280004,0.360968,0.48449,0.269606,0.375569,0.375279,0.495891,0.563995,0.36571,0.351089,0.112461,0.703031,0.624382,0.544961,0.499926,0.104768,0.72866,0.525216,0.629412,0.42071,0.490797,0.745631,0.656032,0.721809,0.737549,0.472125,0.591616,0.477607,0.756177,0.653338,0.598926,0.617522,0.394279,0.804308,0.698987,0.628176,0.63289,0.484368,0.742072,0.602985,0.606902,0.41367,0.492831,0.583611,0.565191,0.502113,0.546173,0.32202,0.513205,0.389322,0.507995,0.44366,0.395343,0.422242,0.68775,0.477159,0.511055,0.332049,0.425074,0.647668,0.243749,0.64942,0.458378,0.528546,0.618253,0.464077,0.655091,0.593664,0.665964,0.562108,0.47746,0.570247,0.465404,0.668969,0.307142,0.367484,0.474839,0.437834,0.535021,0.313882,0.401677,0.546761,0.425362,0.714553,0.441882,0.427679,0.501937,0.356137,0.63191,0.511995,0.399941,0.519607,0.327192,0.604823,0.468706,0.233016,0.60774,0.4805,0.642232,0.414109,0.235821,0.527376,0.458243,0.481606,0.382275,0.299189,0.54629,0.464686,0.37318,0.296894,0.238128,0.473317,0.42029,0.481797,0.404332,0.148042,0.492062,0.414278,0.624937,0.384383,0.20243,0.537043,0.454468,0.587899,0.407233
332.0,94.9,70.5,4.0,9.0,60364.0,60696.0,0.0,0.0,0.0,0.0,0.0,0.0,0.0,0.0,0.0,0.0,0.0,0.0,0.0,0.0,0.0,0.0,0.0,0.0,0.0,0.0,0.0,0.0,0.0,0.0,0.0,0.0,0.0,0.0,0.0,0.0,0.0,0.0,0.0,0.0,0.0,0.0,0.0,0.0,0.0,0.0,0.0,0.0,0.0,0.0,0.0,0.0,0.0,0.0,0.0,0.0,0.0,0.0,0.0,0.0,0.0,0.0,0.0,0.0,0.0,0.0,0.0,0.0,0.0,0.0,0.0,0.0,0.0,0.0,0.0,0.0,0.0,0.0,0.0,0.0,0.0,0.0,0.0,0.0,0.0,0.0,0.0,0.0,0.0,0.0,0.0,0.0,0.0,0.0,0.0,0.0,0.0,0.0,0.0,0.0,0.0,0.0,0.0,0.0,0.0,0.0,0.0,0.0,0.0,0.0,0.0,0.0,0.0,0.0,0.0,0.0,0.0,0.0,0.0,0.0,0.0,0.0,0.0,0.0,0.0,0.0,0.0,0.0,0.0,0.0,0.0,0.0,0.0,0.0,0.0,0.0,0.0,0.0,0.0,0.0,0.0,0.0,0.0,0.0,0.0,0.0,0.0,0.0,0.0,0.0,0.0,0.0,0.0,0.0,0.0,0.0,0.0,0.0,0.0,0.0,0.0,0.0,0.0,0.0,0.0,0.0,0.0,0.0,0.0,0.0,0.0,0.0,0.0,0.0,0.0,0.0,0.0,0.0,0.0,0.0,0.0,0.0,0.0,0.0,0.0,0.0,0.0,0.0,0.0,0.0,0.0,0.0,0.0,0.0,0.0,0.0,0.0,0.0,0.0,0.0,0.0,0.0,0.0,0.0,0.0,0.0,0.0,0.0,0.0,0.0,0.0,0.0,0.0,0.0,0.0,0.0,0.0,0.0,0.0,0.0,0.0,0.0,0.0,0.0,0.0,0.0,0.0,0.0,0.0,0.0,0.0,0.0,0.0,0.0,0.0,0.0,0.0,0.0,0.0,0.0,0.0,0.0,0.0,0.0,0.0,0.0,0.0,0.0,0.0,0.0,0.0,0.0,0.0,0.0,0.0,0.0,0.0,0.0,0.0,0.0,0.0,0.0,0.0,0.0,0.0,0.0,0.0,0.0,0.0,0.0,0.0,0.0,0.0,0.0,0.0,0.0,0.0,0.0,0.0,0.0,0.0,0.0,0.0,0.0,0.0,0.0,0.0,0.0,0.0,0.0,0.0,0.0,0.0,0.0,0.0,0.0,0.0,0.0,0.0,0.0,0.0,0.0,0.0,0.0,0.0,0.0,0.0,0.0,0.0,0.0,0.0,0.0,0.0,0.0,0.0,0.0
366.0,99.0,65.2,3.0,9.0,60696.0,61062.0,0.0,0.0,0.0,0.0,0.0,0.0,0.0,0.0,0.0,0.0,0.0,0.0,0.0,0.0,0.0,0.0,0.0,0.0,0.0,0.0,0.0,0.0,0.0,0.0,0.0,0.0,0.0,0.0,0.0,0.0,0.0,0.0,0.0,0.0,0.0,0.0,0.0,0.0,0.0,0.0,0.0,0.0,0.0,0.0,0.0,0.0,0.0,0.0,0.0,0.0,0.0,0.0,0.0,0.0,0.0,0.0,0.0,0.0,0.0,0.0,0.0,0.0,0.0,0.0,0.0,0.0,0.0,0.0,0.0,0.0,0.0,0.0,0.0,0.0,0.0,0.0,0.0,0.0,0.0,0.0,0.0,0.0,0.0,0.0,0.0,0.0,0.0,0.0,0.0,0.0,0.0,0.0,0.0,0.0,0.0,0.0,0.0,0.0,0.0,0.0,0.0,0.0,0.0,0.0,0.0,0.0,0.0,0.0,0.0,0.0,0.0,0.0,0.0,0.0,0.0,0.0,0.0,0.0,0.0,0.0,0.0,0.0,0.0,0.0,0.0,0.0,0.0,0.0,0.0,0.0,0.0,0.0,0.0,0.0,0.0,0.0,0.0,0.0,0.0,0.0,0.0,0.0,0.0,0.0,0.0,0.0,0.0,0.0,0.0,0.0,0.0,0.0,0.0,0.0,0.0,0.0,0.0,0.0,0.0,0.0,0.0,0.0,0.0,0.0,0.0,0.0,0.0,0.0,0.0,0.0,0.0,0.0,0.0,0.0,0.0,0.0,0.0,0.0,0.0,0.0,0.0,0.0,0.0,0.0,0.0,0.0,0.0,0.0,0.0,0.0,0.0,0.0,0.0,0.0,0.0,0.0,0.0,0.0,0.0,0.0,0.0,0.0,0.0,0.0,0.0,0.0,0.0,0.0,0.0,0.0,0.0,0.0,0.0,0.0,0.0,0.0,0.0,0.0,0.0,0.0,0.0,0.0,0.0,0.0,0.0,0.0,0.0,0.0,0.0,0.0,0.0,0.0,0.0,0.0,0.0,0.0,0.0,0.0,0.0,0.0,0.0,0.0,0.0,0.0,0.0,0.0,0.0,0.0,0.0,0.0,0.0,0.0,0.0,0.0,0.0,0.0,0.0,0.0,0.0,0.0,0.0,0.0,0.0,0.0,0.0,0.0,0.0,0.0,0.0,0.0,0.0,0.0,0.0,0.0,0.0,0.0,0.0,0.0,0.0,0.0,0.0,0.0,0.0,0.0,0.0,0.0,0.0,0.0,0.0,0.0,0.0,0.0,0.0,0.0,0.0,0.0,0.0,0.0,0.0,0.0,0.0,0.0,0.0,0.0,0.0,0.0,0.0,0.0,0.0,0.0
233.0,98.0,66.0,1.0,6.0,61062.0,61295.0,0.0,0.0,0.0,0.0,0.0,0.0,0.0,0.0,0.0,0.0,0.0,0.0,0.0,0.0,0.0,0.0,0.0,0.0,0.0,0.0,0.0,0.0,0.0,0.0,0.0,0.0,0.0,0.0,0.0,0.0,0.0,0.0,0.0,0.0,0.0,0.0,0.0,0.0,0.0,0.0,0.0,0.0,0.0,0.0,0.0,0.0,0.0,0.0,0.0,0.0,0.0,0.0,0.0,0.0,0.0,0.0,0.0,0.0,0.0,0.0,0.0,0.0,0.0,0.0,0.0,0.0,0.0,0.0,0.0,0.0,0.0,0.0,0.0,0.0,0.0,0.0,0.0,0.0,0.0,0.0,0.0,0.0,0.0,0.0,0.0,0.0,0.0,0.0,0.0,0.0,0.0,0.0,0.0,0.0,0.0,0.0,0.0,0.0,0.0,0.0,0.0,0.0,0.0,0.0,0.0,0.0,0.0,0.0,0.0,0.0,0.0,0.0,0.0,0.0,0.0,0.0,0.0,0.0,0.0,0.0,0.0,0.0,0.0,0.0,0.0,0.0,0.0,0.0,0.0,0.0,0.0,0.0,0.0,0.0,0.0,0.0,0.0,0.0,0.0,0.0,0.0,0.0,0.0,0.0,0.0,0.0,0.0,0.0,0.0,0.0,0.0,0.0,0.0,0.0,0.0,0.0,0.0,0.0,0.0,0.0,0.0,0.0,0.0,0.0,0.0,0.0,0.0,0.0,0.0,0.0,0.0,0.0,0.0,0.0,0.0,0.0,0.0,0.0,0.0,0.0,0.0,0.0,0.0,0.0,0.0,0.0,0.0,0.0,0.0,0.0,0.0,0.0,0.0,0.0,0.0,0.0,0.0,0.0,0.0,0.0,0.0,0.0,0.0,0.0,0.0,0.0,0.0,0.0,0.0,0.0,0.0,0.0,0.0,0.0,0.0,0.0,0.0,0.0,0.0,0.0,0.0,0.0,0.0,0.0,0.0,0.0,0.0,0.0,0.0,0.0,0.0,0.0,0.0,0.0,0.0,0.0,0.0,0.0,0.0,0.0,0.0,0.0,0.0,0.0,0.0,0.0,0.0,0.0,0.0,0.0,0.0,0.0,0.0,0.0,0.0,0.0,0.0,0.0,0.0,0.0,0.0,0.0,0.0,0.0,0.0,0.0,0.0,0.0,0.0,0.0,0.0,0.0,0.0,0.0,0.0,0.0,0.0,0.0,0.0,0.0,0.0,0.0,0.0,0.0,0.0,0.0,0.0,0.0,0.0,0.0,0.0,0.0,0.0,0.0,0.0,0.0,0.0,0.0,0.0,0.0,0.0,0.0,0.0,0.0,0.0,0.0,0.0,0.0,0.0,0.0
133.0,102.8,74.0,2.0,5.0,6414.0,6547.0,0.719466,0.378988,0.695602,0.380944,0.418026,0.674393,0.353944,0.781254,0.28048,0.390114,0.689994,0.355498,0.734984,0.142698,0.455651,0.683327,0.426308,0.721899,0.406246,0.529095,0.722124,0.491725,0.671157,0.199309,0.664558,0.574998,0.585783,0.567806,0.536572,0.508469,0.594836,0.525373,0.61036,0.51186,0.414304,0.666529,0.457746,0.686917,0.456853,0.462879,0.732825,0.530291,0.630076,0.399717,0.693859,0.747774,0.472261,0.469938,0.314964,0.680158,0.7721,0.415464,0.490022,0.042636,0.680237,0.71192,0.350291,0.692923,0.119082,0.492588,0.716938,0.414302,0.740063,0.438338,0.383045,0.686119,0.35574,0.744121,0.408052,0.280182,0.500735,0.552394,0.53008,0.296662,0.705075,0.497902,0.590383,0.596292,0.567519,0.412167,0.615413,0.460198,0.79905,0.853606,0.527148,0.516667,0.35808,0.659104,0.53749,0.789367,0.730468,0.403199,0.226418,0.140708,0.702867,0.854537,0.176513,0.58143,0.494533,0.582911,0.665161,0.167957,0.928288,0.848891,0.48995,0.698766,0.453404,0.801111,0.290231,0.243081,0.68722,0.482095,0.729244,0.423093,0.371051,0.453719,0.678588,0.415792,0.709618,0.571262,0.467576,0.589818,0.41453,0.696226,0.643969,0.375075,0.581185,0.500156,0.784312,0.547888,0.277573,0.303207,0.487458,0.618194,0.614516,0.490411,0.257285,0.342525,0.188917,0.800571,0.757187,0.203114,0.806567,0.647079,0.466892,0.591404,0.366001,0.844456,0.624296,0.27542,0.606429,0.522969,0.750416,0.32628,0.256703,0.666558,0.659833,0.671849,0.33027,0.265776,0.350411,0.523593,0.534501,0.779768,0.675962,0.366721,0.499517,0.424009,0.625005,0.855648,0.598742,0.503771,0.342253,0.689622,0.921676,0.794991,0.484557,0.473765,0.583992,0.653778,1.0,0.345047,0.490602,0.708066,0.559859,0.362794,0.299553,0.721621,0.595508,0.397581,0.618805,0.397027,0.759932,0.453158,0.319272,0.544629,0.619654,0.715479,0.438353,0.376658,0.553461,0.723602,0.644138,0.309499,0.314178,0.189781,0.518345,0.699723,0.744178,0.774151,0.2817,0.339426,0.561764,0.6906,0.730522,0.514442,0.336484,0.483296,0.740899,0.667223,0.560372,0.379018,0.65231,0.574175,0.559573,0.571236,0.252921,0.630154,0.544814,0.628086,0.539037,0.305175,0.571088,0.5453,0.565972,0.562688,0.304364,0.507451,0.388368,0.515746,0.558037,0.430534,0.414599,0.383714,0.379233,0.457532,0.590225,0.50338,0.366688,0.443817,0.235874,0.422935,0.668335,0.689469,0.540768,0.246071,0.321386,0.531355,0.62127,0.356447,0.088117,0.15004,0.5666,0.516676,0.378517,0.346422,0.316197,0.628228,0.665762,0.392891,0.478728,0.268091,0.451456,0.528979,0.318618,0.488234,0.311658,0.391873,0.444037,0.252413,0.450836,0.500497,0.507928,0.443312,0.347319,0.332392,0.277758,0.559458,0.601012,0.307119,0.137463,0.330127,0.526885,0.40508,0.360972,0.401817,0.344605,0.546775,0.529603,0.366459,0.330742,0.35822,0.504555,0.544502,0.242942,0.405875,0.394922,0.4702,0.442493,0.31723
66.0,102.0,77.0,1.0,0.0,6547.0,6613.0,0.712555,0.226583,0.576365,0.601694,0.52202,0.663094,0.121814,0.534958,0.511372,0.486611,0.662909,0.086087,0.409968,0.430335,0.48017,0.653336,0.211743,0.521261,0.608705,0.528001,0.696076,0.0,0.435551,0.677524,0.654559,0.516356,0.477033,0.482091,0.424618,0.515457,0.576142,0.409389,0.454799,0.405056,0.398994,0.640228,0.309979,0.375539,0.458237,0.458745,0.690816,0.439207,0.209714,0.475467,0.506734,0.710838,0.326497,0.225516,0.4868,0.582187,0.752507,0.112127,0.364142,0.524138,0.640912,0.697677,0.0,0.565973,0.845671,0.449385,0.747952,0.019436,0.567245,0.738521,0.298772,0.691958,0.165498,0.608151,0.590384,0.335135,0.43157,0.380076,0.303595,0.172807,0.61108,0.500336,0.44876,0.382069,0.131249,0.33255,0.695048,0.301863,0.455745,0.48079,0.440907,0.568281,0.36679,0.157306,0.306361,0.586881,0.726768,0.365915,0.224578,0.192085,0.699157,0.87574,0.077044,0.75131,0.856574,0.396366,0.652297,0.078581,0.944691,1.0,0.182347,0.719688,0.389235,0.660464,0.430392,0.164626,0.740233,0.303404,0.493273,0.436419,0.282829,0.563414,0.499884,0.38731,0.269168,0.47476,0.611814,0.499584,0.414783,0.324021,0.574187,0.536501,0.567503,0.555649,0.590797,0.368905,0.432626,0.288218,0.614791,0.675021,0.61845,0.38319,0.184342,0.508534,0.36783,0.795644,0.829659,0.113395,0.809268,0.875478,0.24031,0.736297,0.335042,0.8123,0.818836,0.122028,0.770947,0.313825,0.585722,0.473479,0.038702,0.801954,0.555041,0.401358,0.463205,0.205235,0.558377,0.330377,0.494807,0.265967,0.553021,0.469822,0.355083,0.45595,0.108962,0.650268,0.612514,0.497896,0.444415,0.0,0.819281,0.461379,0.442467,0.5064,0.059606,0.735853,0.77855,0.248648,0.408211,0.671984,0.440003,0.426579,0.364728,0.57807,0.790198,0.194107,0.650687,0.40771,0.680874,0.671654,0.175475,0.713412,0.524212,0.499965,0.655073,0.136521,0.695635,0.571357,0.359698,0.57746,0.18184,0.466292,0.398044,0.634499,0.360468,0.643588,0.310721,0.189352,0.521387,0.328151,0.461832,0.413599,0.103443,0.45066,0.325873,0.513298,0.269092,0.190457,0.555749,0.274769,0.549713,0.258449,0.241159,0.531933,0.351851,0.72635,0.249686,0.363874,0.460083,0.386064,0.442801,0.463851,0.411308,0.390091,0.438678,0.123468,0.581229,0.455936,0.304307,0.457581,0.296721,0.612919,0.515433,0.303047,0.550614,0.294671,0.451635,0.427525,0.618935,0.376669,0.478546,0.522089,0.322346,0.500354,0.382611,0.340474,0.393842,0.164749,0.525773,0.299719,0.311767,0.510836,0.377616,0.528973,0.38044,0.274473,0.640479,0.359779,0.42717,0.301669,0.261449,0.638946,0.379729,0.250611,0.420542,0.260763,0.612351,0.474804,0.293981,0.418043,0.340976,0.582931,0.29905,0.387593,0.258634,0.308607,0.485437,0.350325,0.465452,0.287988,0.337707,0.625309,0.36759,0.510668,0.341102,0.305566,0.58921,0.337848,0.391938,0.449334,0.18806,0.62852,0.411456,0.322039,0.302626,0.289972
133.0,103.0,86.8,2.0,3.0,6613.0,6746.0,0.925928,0.886624,0.771889,0.342838,0.34954,0.876129,0.826755,0.710321,0.287147,0.334104,0.850389,0.78395,0.649209,0.313138,0.371641,0.86622,0.82503,0.759117,0.335694,0.352134,0.800797,0.753762,0.582471,0.427192,0.617342,0.884947,0.974222,0.806145,0.644022,0.358999,0.921783,0.942595,0.803226,0.526978,0.246464,0.87836,0.821797,0.777863,0.396369,0.249231,0.763703,0.773221,0.616945,0.425105,0.391524,0.646593,0.658056,0.521655,0.453483,0.535915,0.673808,0.605626,0.453993,0.3418,0.572684,0.72688,0.63385,0.622537,0.45753,0.379001,0.813429,0.612504,0.608674,0.475057,0.331947,0.838953,0.628174,0.647946,0.378783,0.339927,0.802323,0.921897,0.708383,0.877531,0.58749,0.876384,0.944203,0.752329,0.732541,0.206676,0.93155,0.786207,0.83466,0.629345,0.269949,0.770222,0.638446,0.740274,0.458818,0.295397,0.619775,0.482089,0.393912,0.563149,0.528488,0.7842,0.522875,0.593098,0.81172,0.605339,0.664899,0.589158,0.723309,0.700277,0.400603,0.802692,0.636301,0.568434,0.273095,0.238774,0.803694,0.434164,0.467604,0.246062,0.264645,0.771795,0.951629,0.602528,0.908527,0.623164,0.823788,0.888906,0.620702,0.967451,0.547851,0.793145,0.82652,0.6673,1.0,0.33748,0.762546,0.613576,0.819051,0.930877,0.497761,0.431517,0.21487,0.413169,0.78747,0.70771,0.716174,0.595881,0.554847,0.736305,0.443071,0.807526,0.545831,0.613244,0.674417,0.228233,0.742287,0.531232,0.512704,0.395246,0.131934,0.723094,0.549254,0.591544,0.414459,0.197236,0.642735,0.874359,0.506754,0.762944,0.626194,0.544811,0.825848,0.47424,0.606323,0.721978,0.643092,0.830021,0.392963,0.639295,0.789803,0.394806,0.415189,0.373126,0.664748,0.464437,0.594628,0.080375,0.484381,0.598333,0.383993,0.646364,0.375942,0.368592,0.720831,0.237442,0.767988,0.496971,0.521253,0.568068,0.24599,0.739502,0.568211,0.526964,0.563873,0.26515,0.713367,0.622451,0.565515,0.514573,0.22267,0.587784,0.695365,0.487337,0.544883,0.493411,0.549082,0.570291,0.260205,0.344631,0.344374,0.589746,0.490758,0.236467,0.346317,0.561611,0.622912,0.153858,0.406098,0.285337,0.56539,0.652878,0.0,0.405317,0.27813,0.529696,0.50308,0.1761,0.109341,0.43831,0.451956,0.719072,0.38211,0.420483,0.46983,0.268408,0.705858,0.510222,0.385741,0.394911,0.396147,0.655867,0.535428,0.514646,0.464993,0.297296,0.601707,0.53613,0.388512,0.256407,0.453753,0.688907,0.448443,0.195774,0.328406,0.297616,0.654314,0.193919,0.224429,0.23205,0.280869,0.731225,0.058092,0.076465,0.359449,0.268643,0.784733,0.172992,0.194662,0.331141,0.372811,0.716686,0.375582,0.251735,0.355555,0.38285,0.6584,0.508262,0.402948,0.407953,0.333053,0.648511,0.332161,0.087035,0.176899,0.27252,0.609605,0.330602,0.165377,0.175348,0.278665,0.6893,0.266175,0.224918,0.200664,0.279374,0.699194,0.349546,0.309219,0.377227,0.253603,0.71578,0.394096,0.348578,0.306115,0.245575
100.0,108.0,90.0,1.0,1.0,6746.0,6846.0,0.892398,0.6684,0.53286,0.636847,0.622189,0.836045,0.659416,0.573125,0.58057,0.575118,0.803495,0.650156,0.597611,0.564879,0.604559,0.81715,0.570444,0.560561,0.736833,0.642297,0.731946,0.638803,0.496083,0.629567,0.784487,0.826564,0.814924,0.620836,0.807521,0.492912,0.859182,0.751254,0.607491,0.803269,0.46213,0.812372,0.522445,0.587968,0.702897,0.475221,0.699608,0.531805,0.430172,0.707973,0.683556,0.520934,0.391659,0.411287,0.754504,0.694621,0.544064,0.437936,0.418446,0.625822,0.796213,0.619318,0.591382,0.582794,0.648617,0.523728,0.704944,0.531948,0.538635,0.655845,0.448768,0.79029,0.607681,0.566647,0.63415,0.367004,0.711459,0.759523,0.496482,0.879767,0.581762,0.78038,0.753808,0.625267,0.65349,0.323981,0.851545,0.581954,0.729542,0.519255,0.283608,0.691029,0.559348,0.796965,0.59829,0.255562,0.515279,0.511898,0.64933,0.740236,0.46883,0.668748,0.422159,0.595399,0.650592,0.667276,0.624622,0.579525,0.648979,0.389121,0.491798,0.77196,0.643125,0.532433,0.273919,0.385052,0.721735,0.512241,0.46847,0.489869,0.391373,0.58869,0.825705,0.396351,0.816151,0.475345,0.659539,0.771533,0.373727,0.61081,0.407694,0.645457,0.778843,0.524768,0.508382,0.514853,0.690695,0.582923,0.72025,0.485413,0.480749,0.537419,0.094249,0.355331,0.895427,0.540262,0.61342,0.680317,0.423832,0.338723,0.60432,0.705781,0.533505,0.552313,0.336604,0.334403,0.707619,0.421998,0.531328,0.340164,0.264273,0.708729,0.453233,0.587907,0.285479,0.335632,0.514518,0.760003,0.381814,0.702841,0.305857,0.3915,0.78425,0.272173,0.425431,0.661468,0.575955,0.787837,0.218732,0.294704,0.643208,0.323068,0.568351,0.261029,0.462662,0.217137,0.575428,0.321819,0.449277,0.614526,0.52607,0.554142,0.4851,0.41899,0.437449,0.350898,0.742096,0.393984,0.572751,0.206312,0.333233,0.629447,0.509827,0.539502,0.215605,0.472009,0.67984,0.5671,0.548218,0.413432,0.318802,0.517009,0.711621,0.450935,0.662091,0.266201,0.516278,0.590018,0.112385,0.414989,0.395206,0.611373,0.456285,0.160519,0.262379,0.484816,0.589682,0.319023,0.411318,0.312017,0.434314,0.578441,0.250272,0.455847,0.361005,0.186847,0.40927,0.325653,0.16698,0.506382,0.429387,0.586374,0.408334,0.322399,0.235646,0.419991,0.590326,0.575035,0.296062,0.16217,0.54499,0.568008,0.517732,0.456578,0.348553,0.417254,0.533823,0.589392,0.397352,0.454758,0.391798,0.628583,0.472555,0.247344,0.440514,0.30262,0.572697,0.233019,0.229191,0.326304,0.262143,0.636603,0.212468,0.132078,0.455428,0.213957,0.674685,0.294178,0.160203,0.413547,0.307792,0.585185,0.394918,0.164859,0.345954,0.373921,0.531062,0.521674,0.381344,0.442272,0.380126,0.509856,0.451154,0.296624,0.500457,0.325184,0.460948,0.441233,0.224213,0.296884,0.312486,0.539704,0.302524,0.28393,0.410838,0.286095,0.563062,0.404375,0.31743,0.571844,0.353203,0.568911,0.469326,0.344896,0.434025,0.337689
99.0,111.0,91.0,0.0,0.0,6846.0,6945.0,0.596822,0.194611,0.461788,0.48657,0.586067,0.536321,0.131498,0.515609,0.435393,0.557008,0.49375,0.120894,0.440977,0.397839,0.535451,0.478719,0.241393,0.447873,0.597873,0.612221,0.375251,0.233023,0.284849,0.44595,0.652894,0.403721,0.602476,0.505827,0.613697,0.482108,0.462545,0.551075,0.488396,0.622498,0.478344,0.480025,0.391208,0.402906,0.586134,0.572169,0.461509,0.433284,0.229686,0.597899,0.684524,0.388972,0.267687,0.11966,0.59669,0.659656,0.367541,0.110148,0.158068,0.455599,0.666986,0.353246,0.174738,0.340519,0.473061,0.459482,0.429714,0.0,0.253683,0.287263,0.386979,0.459202,0.100646,0.393431,0.329799,0.323422,0.466553,0.57025,0.407204,0.600942,0.583096,0.499126,0.580759,0.458402,0.352519,0.392936,0.677833,0.377391,0.335657,0.314663,0.418223,0.58834,0.45584,0.471436,0.489719,0.422787,0.55299,0.406041,0.500795,0.439953,0.534345,0.690564,0.18253,0.257305,0.38706,0.604029,0.579297,0.231673,0.392524,0.289062,0.399136,0.690515,0.274901,0.422475,0.119899,0.330089,0.536824,0.100166,0.354361,0.059189,0.42419,0.488112,0.682924,0.303649,0.548183,0.470151,0.588763,0.7273,0.327444,0.255625,0.415351,0.56147,0.734074,0.427371,0.124542,0.478302,0.592185,0.58439,0.589909,0.315324,0.572395,0.46379,0.08184,0.288425,0.492629,0.558904,0.725712,0.62735,0.034463,0.382783,0.4773,0.667863,0.382981,0.362418,0.448934,0.272995,0.748182,0.159304,0.412164,0.363767,0.254681,0.659642,0.201249,0.473833,0.158417,0.354866,0.5231,0.600309,0.301465,0.396483,0.109168,0.313843,0.651451,0.247342,0.316391,0.419598,0.521924,0.663319,0.061826,0.384921,0.174661,0.367749,0.557082,0.200992,0.341342,0.201221,0.534861,0.276025,0.251998,0.572395,0.568464,0.284182,0.434984,0.454835,0.573556,0.489166,0.621811,0.204305,0.445084,0.40218,0.24569,0.59078,0.228575,0.350028,0.344897,0.451583,0.620491,0.325888,0.487002,0.322126,0.313866,0.438527,0.567137,0.431455,0.403067,0.033386,0.30292,0.463348,0.199155,0.33141,0.164906,0.422811,0.310396,0.258489,0.358337,0.215701,0.246734,0.286594,0.305712,0.283729,0.355631,0.130587,0.384224,0.46138,0.513439,0.312939,0.0,0.356727,0.305761,0.462692,0.399058,0.329,0.0,0.238116,0.300204,0.447645,0.469266,0.211002,0.258163,0.230276,0.512669,0.540833,0.172284,0.357674,0.307095,0.479177,0.391863,0.482537,0.430196,0.310835,0.251235,0.426142,0.291565,0.321448,0.365396,0.256935,0.207946,0.161149,0.354822,0.287773,0.177975,0.199911,0.190566,0.253945,0.427179,0.252116,0.44562,0.126901,0.208729,0.431962,0.136204,0.493848,0.008185,0.143789,0.291758,0.412183,0.478093,0.191693,0.342104,0.372735,0.443382,0.434208,0.297546,0.274816,0.390625,0.198274,0.364765,0.351766,0.312925,0.256069,0.27295,0.440076,0.138189,0.274163,0.347969,0.189859,0.363264,0.120611,0.352028,0.397745,0.299007,0.460808,0.198826,0.344705,0.302646,0.313704
266.0,107.3,73.3,3.0,16.0,6945.0,7211.0,0.5761,0.303944,0.18464,0.339211,0.35259,0.52924,0.22107,0.17518,0.353011,0.360538,0.495238,0.286803,0.0,0.287792,0.343574,0.455474,0.317456,0.21629,0.38972,0.405975,0.416286,0.507334,0.0,0.402825,0.36111,0.421282,0.679674,0.148101,0.296189,0.383901,0.486715,0.649678,0.116128,0.290382,0.319025,0.47829,0.498924,0.126827,0.367776,0.402052,0.458212,0.456181,0.136774,0.408454,0.440129,0.44639,0.459781,0.182103,0.542271,0.533957,0.41635,0.428293,0.067437,0.415731,0.451313,0.335351,0.425671,0.02293,0.419768,0.307532,0.397863,0.344287,0.0,0.0,0.217318,0.434333,0.397129,0.162918,0.123512,0.261375,0.5614,0.706265,0.258297,0.059662,0.504635,0.559206,0.711708,0.05635,0.022975,0.31421,0.717448,0.538574,0.056843,0.131082,0.379395,0.665727,0.498131,0.329943,0.289866,0.249059,0.681293,0.547649,0.072443,0.382085,0.365556,0.669605,0.369985,0.16275,0.574166,0.35889,0.501852,0.321505,0.340837,0.493204,0.244753,0.674836,0.565262,0.148622,0.205023,0.231826,0.568431,0.538225,0.137542,0.175901,0.347779,0.661782,0.823422,0.113542,0.139514,0.655849,0.737251,0.783768,0.227421,0.0,0.460091,0.68512,0.752293,0.353447,0.0,0.424775,0.745269,0.65461,0.411543,0.196406,0.656055,0.7057,0.560016,0.260643,0.214449,0.36559,0.651972,0.489614,0.411702,0.46729,0.282708,0.620802,0.281983,0.303511,0.508488,0.090872,0.692905,0.502657,0.188658,0.374036,0.098569,0.715079,0.636338,0.159011,0.335198,0.267247,0.716306,0.784338,0.252231,0.062523,0.292183,0.565343,0.709429,0.253098,0.168616,0.577566,0.651333,0.631419,0.183069,0.299467,0.321568,0.420211,0.258522,0.342798,0.527032,0.327304,0.571104,0.385463,0.148179,0.324782,0.755767,0.41004,0.296589,0.53113,0.484534,0.57512,0.645254,0.102507,0.422049,0.531111,0.265983,0.626071,0.529086,0.204957,0.561035,0.351914,0.689701,0.678168,0.228968,0.51811,0.327291,0.699443,0.579374,0.423967,0.291073,0.258474,0.566023,0.377745,0.266722,0.265043,0.27153,0.563846,0.123134,0.352101,0.425521,0.352136,0.573255,0.266626,0.32308,0.328984,0.378737,0.602413,0.481072,0.501128,0.540093,0.472999,0.418982,0.428577,0.452745,0.510626,0.630595,0.452927,0.062459,0.338546,0.538082,0.672796,0.523837,0.174721,0.238012,0.491977,0.650305,0.69785,0.504811,0.205907,0.61103,0.473415,0.659114,0.525581,0.475025,0.328648,0.331545,0.705355,0.327373,0.298296,0.349184,0.245733,0.600838,0.204006,0.406816,0.360022,0.178106,0.604416,0.319723,0.398962,0.566252,0.352635,0.710218,0.169673,0.328911,0.588987,0.314227,0.681809,0.165925,0.267824,0.614139,0.473935,0.64264,0.397212,0.326117,0.701209,0.393858,0.623874,0.299423,0.375159,0.36062,0.234332,0.690239,0.387649,0.395087,0.279848,0.219502,0.695565,0.297778,0.36853,0.37373,0.179905,0.614524,0.334387,0.319108,0.622648,0.176124,0.668747,0.398365,0.398947,0.54206,0.186511
234.0,103.7,69.6,2.0,13.0,7211.0,7445.0,0.415042,0.329014,0.5277,0.272785,0.335492,0.289978,0.270145,0.605007,0.395981,0.380333,0.238388,0.290038,0.597339,0.455089,0.475557,0.267846,0.367851,0.546845,0.203731,0.447982,0.33697,0.528945,0.704118,0.432256,0.47374,0.351369,0.645582,0.6339,0.252092,0.461864,0.433803,0.588697,0.563647,0.171825,0.311022,0.408979,0.44104,0.448707,0.097865,0.389229,0.350746,0.517018,0.467523,0.248798,0.475724,0.305391,0.599595,0.681929,0.559688,0.590169,0.265208,0.561093,0.700652,0.506224,0.657744,0.189586,0.502996,0.67513,0.448941,0.485336,0.241797,0.280325,0.41767,0.340069,0.321986,0.375259,0.100345,0.223234,0.288669,0.280237,0.497957,0.592019,0.800135,0.20042,0.439392,0.529417,0.587632,0.657165,0.191507,0.22428,0.695139,0.431359,0.576044,0.424267,0.312498,0.593942,0.448148,0.64653,0.416318,0.489956,0.49475,0.598957,0.60399,0.379794,0.70276,0.194833,0.457643,0.590552,0.392562,0.438035,0.012838,0.308796,0.537869,0.382507,0.358422,0.398682,0.279174,0.241132,0.195502,0.281775,0.482366,0.323376,0.127643,0.256761,0.329104,0.687151,0.711106,0.592797,0.191611,0.513036,0.736305,0.625906,0.552023,0.252822,0.227651,0.671486,0.574615,0.574122,0.48859,0.285964,0.823252,0.474565,0.715028,0.734761,0.616323,0.64471,0.676087,0.586516,0.164302,0.257747,0.51046,0.671206,0.44219,0.283853,0.438931,0.274889,0.426526,0.409709,0.313456,0.146526,0.598383,0.346022,0.207624,0.290724,0.099857,0.670422,0.43235,0.081681,0.392611,0.196586,0.72674,0.664891,0.551729,0.059314,0.440295,0.613545,0.576854,0.439198,0.282925,0.626637,0.668874,0.550786,0.369004,0.397762,0.505891,0.291072,0.179526,0.455713,0.544287,0.482988,0.462112,0.46277,0.669131,0.385831,0.752417,0.626071,0.540335,0.803215,0.707561,0.46028,0.622146,0.491862,0.613678,0.556166,0.277166,0.594238,0.489818,0.337875,0.556041,0.312744,0.686806,0.549156,0.216009,0.502369,0.284536,0.720726,0.589968,0.56332,0.40958,0.571684,0.631852,0.350945,0.37067,0.379556,0.574328,0.605322,0.28581,0.347772,0.507655,0.562676,0.453062,0.34243,0.66605,0.468254,0.463877,0.598944,0.404671,0.76272,0.503821,0.351881,0.379702,0.432257,0.728366,0.593054,0.565646,0.502679,0.377599,0.558609,0.583632,0.650412,0.498276,0.404074,0.377441,0.497637,0.625953,0.689591,0.47351,0.367271,0.63387,0.341177,0.629746,0.547807,0.615686,0.4424,0.503493,0.709111,0.411259,0.391105,0.432173,0.265073,0.616123,0.261842,0.457782,0.38742,0.230041,0.592187,0.388478,0.643125,0.609611,0.262442,0.702783,0.298195,0.51974,0.610477,0.345248,0.645649,0.36548,0.4841,0.617266,0.385766,0.637212,0.439129,0.496424,0.641136,0.309671,0.599073,0.493808,0.601691,0.442134,0.302622,0.671138,0.476833,0.507671,0.310821,0.213474,0.671341,0.432081,0.552489,0.398397,0.237834,0.612858,0.468641,0.500717,0.599727,0.218315,0.672506,0.510892,0.536051,0.525732,0.206972
99.0,95.7,80.0,1.0,1.0,465.0,564.0,0.504486,0.602268,0.768897,0.7964,0.688876,0.41229,0.548326,0.769088,0.838252,0.626513,0.333188,0.545768,0.743055,0.778619,0.626925,0.411772,0.623407,0.802245,1.0,0.764432,0.261948,0.658331,0.815727,0.860927,0.769387,0.272666,0.74384,0.89785,0.970815,0.617093,0.323195,0.715809,0.903616,1.0,0.533715,0.402581,0.645145,0.867157,1.0,0.723162,0.442538,0.719151,0.812863,0.946476,0.757305,0.364751,0.697155,0.871681,0.932008,0.837803,0.264392,0.654506,0.887107,0.779786,0.823546,0.10401,0.616684,0.849837,0.670458,0.600525,0.166015,0.381012,0.700551,0.560042,0.382331,0.26109,0.299457,0.670238,0.533095,0.419785,0.241152,0.639679,0.965437,0.80573,0.402637,0.290003,0.697807,1.0,1.0,0.266311,0.597557,0.641304,0.934217,0.920656,0.518997,0.403854,0.632331,0.828831,0.908136,0.645001,0.324763,0.604957,0.671625,0.665728,0.613897,0.355998,0.505864,0.699664,0.445189,0.609509,0.11786,0.473225,0.64305,0.279822,0.406034,0.046284,0.399156,0.625582,0.350449,0.342413,0.312811,0.326849,0.596771,0.507896,0.463952,0.307532,0.837368,0.907751,0.758133,0.228753,0.359245,0.748318,0.881132,0.925832,0.439465,0.372489,0.716689,0.775582,0.818935,0.340997,0.456509,0.457961,0.764097,0.828403,0.602005,0.634639,0.507335,0.486804,0.614286,0.362758,0.441059,0.698061,0.33633,0.0,0.444763,0.466164,0.541583,0.380231,0.234184,0.247236,0.236683,0.573418,0.45641,0.308162,0.240299,0.269331,0.547402,0.52471,0.391835,0.229074,0.300388,0.999083,0.807338,0.90213,0.45003,0.277845,0.965381,0.760781,0.786301,0.695721,0.534124,0.936936,0.5468,0.817487,0.422615,0.580593,0.855861,0.521286,0.640056,0.530618,0.718566,0.707505,0.749703,0.716249,0.718827,0.664775,0.630361,0.019535,0.254456,0.155494,0.686442,0.790973,0.30981,0.235299,0.293558,0.458745,0.80584,0.34779,0.445226,0.393738,0.274348,0.773679,0.36497,0.483379,0.277248,0.193706,0.977478,0.803812,0.738473,0.466833,0.432843,0.929739,0.667729,0.731128,0.387869,0.528571,0.934483,0.587869,0.72122,0.438697,0.349375,0.919087,0.429967,0.297825,0.230583,0.714145,0.690094,0.711127,0.495598,0.237698,0.535038,0.667766,0.405521,0.336732,0.485577,0.674229,0.822714,0.379853,0.325876,0.329582,0.601966,0.904148,0.28271,0.426889,0.344455,0.325273,0.886286,0.36928,0.570258,0.375491,0.214058,0.890816,0.755382,0.656225,0.494839,0.385646,0.862698,0.638774,0.656885,0.340183,0.454551,0.86963,0.456879,0.471388,0.247538,0.668845,0.899533,0.56632,0.541203,0.255604,0.615371,0.92402,0.396561,0.460431,0.374162,0.488437,0.942069,0.339797,0.552118,0.463325,0.2711,0.901937,0.5318,0.598704,0.440366,0.143334,0.82479,0.763176,0.538985,0.413848,0.181676,0.823398,0.610133,0.422824,0.335796,0.194521,0.804903,0.639205,0.4768,0.275394,0.224798,0.907782,0.598278,0.676735,0.372215,0.002803,0.859359,0.650219,0.641686,0.406876
266.0,107.0,73.1,2.0,9.0,7445.0,7711.0,0.466118,0.25624,0.541864,0.222687,0.312289,0.366548,0.204475,0.530747,0.210263,0.270838,0.344622,0.227323,0.472287,0.280474,0.338177,0.384802,0.231581,0.617326,0.158631,0.380201,0.426638,0.435037,0.575875,0.20263,0.318168,0.312866,0.632983,0.675591,0.473656,0.522819,0.424276,0.562107,0.655795,0.441392,0.494863,0.474229,0.336506,0.627878,0.30364,0.548351,0.495847,0.452391,0.691499,0.316023,0.343199,0.464378,0.455508,0.769217,0.394922,0.32851,0.453476,0.463759,0.68576,0.262591,0.375777,0.446912,0.533985,0.667818,0.301054,0.148505,0.479379,0.416121,0.440915,0.495491,0.25592,0.51472,0.275729,0.292313,0.312694,0.205925,0.450744,0.51887,0.771084,0.46224,0.613446,0.517722,0.597129,0.777977,0.584464,0.392259,0.724941,0.544709,1.0,0.935882,0.483317,0.597867,0.499878,1.0,0.808761,0.472177,0.630472,0.55501,0.809999,0.430304,0.404775,0.52427,0.577234,0.706924,0.197798,0.300438,0.494681,0.589878,0.6747,0.272266,0.220763,0.490653,0.553399,0.334939,0.120141,0.142551,0.463552,0.332778,0.244307,0.178838,0.222686,0.594472,0.549513,0.627356,0.574126,0.535043,0.623499,0.568664,0.65672,0.592282,0.551805,0.544572,0.627756,0.728474,0.849319,0.56349,0.683526,0.53699,0.943746,0.977022,0.592983,0.511887,0.620109,0.539732,0.414131,0.308913,0.60643,0.746068,0.398854,0.220066,0.34229,0.292648,0.573783,0.500752,0.386803,0.129046,0.546567,0.525104,0.306636,0.276084,0.159258,0.467063,0.364016,0.329638,0.423512,0.222379,0.583401,0.437987,0.619675,0.319783,0.359574,0.454573,0.442997,0.599884,0.471606,0.524305,0.550172,0.511186,0.416362,0.646891,0.537105,0.295094,0.268173,0.407204,0.516118,0.440588,0.519396,0.6627,0.966848,0.682766,0.650441,0.477879,0.563169,0.846763,0.813449,0.422716,0.444688,0.493751,0.675544,0.634126,0.287656,0.455152,0.525344,0.418153,0.535238,0.332932,0.533765,0.399951,0.311612,0.512626,0.2704,0.523177,0.47378,0.645558,0.315794,0.142852,0.455674,0.378872,0.534996,0.434321,0.397833,0.476814,0.43759,0.537607,0.626358,0.369919,0.431168,0.37841,0.754381,0.755339,0.327301,0.448733,0.53678,0.869277,0.736723,0.371364,0.159957,0.487159,0.734685,0.630406,0.349041,0.399629,0.372988,0.491298,0.457825,0.5461,0.373213,0.432158,0.375329,0.485254,0.57317,0.461121,0.369987,0.430881,0.554011,0.481914,0.381605,0.41996,0.683047,0.286448,0.197562,0.460463,0.353863,0.542242,0.474103,0.176538,0.292066,0.193869,0.629949,0.479182,0.161462,0.255193,0.36401,0.717017,0.729565,0.186286,0.401894,0.268383,0.561601,0.555432,0.316184,0.392971,0.319003,0.503665,0.536141,0.431692,0.413818,0.320696,0.530324,0.600166,0.364869,0.362471,0.314794,0.642893,0.400054,0.258135,0.32414,0.326278,0.592861,0.312189,0.211104,0.409927,0.203619,0.608533,0.412161,0.285201,0.353708,0.303163,0.594306,0.587186,0.26212,0.445701,0.265407,0.533007,0.44419,0.228976
266.0,111.9,85.8,2.0,9.0,7711.0,7977.0,0.62573,0.292707,0.297867,0.161957,0.214887,0.578591,0.343418,0.185172,0.067186,0.19308,0.575513,0.397345,0.089786,0.026973,0.236206,0.576936,0.320692,0.366858,0.163737,0.281721,0.604244,0.574524,0.242118,0.0,0.475723,0.436482,0.642071,0.425231,0.380875,0.377169,0.553231,0.586576,0.435559,0.412412,0.345895,0.645298,0.417241,0.478991,0.291753,0.39052,0.604086,0.471291,0.432694,0.35311,0.369125,0.574399,0.503632,0.369749,0.387825,0.410652,0.63548,0.585853,0.352845,0.166281,0.366947,0.702136,0.716503,0.488453,0.316507,0.237736,0.699981,0.620524,0.291345,0.380474,0.314539,0.694654,0.526625,0.221112,0.29734,0.294998,0.449335,0.512921,0.488421,0.369828,0.524493,0.556046,0.610455,0.492332,0.484099,0.233467,0.841523,0.607658,0.881107,0.973485,0.337999,0.672805,0.516818,0.779496,0.664018,0.375859,0.682764,0.47149,0.617186,0.337843,0.383306,0.778513,0.718925,0.690258,0.617129,0.190449,0.796109,0.832644,0.712756,0.510184,0.193652,0.699002,0.718883,0.416391,0.339721,0.246662,0.766973,0.552521,0.291249,0.365857,0.375158,0.565863,0.616908,0.447635,0.413639,0.677746,0.563877,0.572622,0.488279,0.524422,0.574155,0.612506,0.625817,0.615276,0.863938,0.635939,0.666574,0.486507,0.796885,0.932296,0.485617,0.551873,0.369899,0.492702,0.221542,0.355655,0.679422,0.784442,0.451973,0.514054,0.203349,0.526308,0.600826,0.478811,0.543623,0.118705,0.662749,0.642076,0.301015,0.373068,0.179418,0.680176,0.513733,0.389238,0.502044,0.234128,0.535653,0.492269,0.507171,0.446751,0.567363,0.424198,0.418239,0.481656,0.349778,0.658314,0.661439,0.442819,0.287766,0.502423,0.814712,0.616144,0.0,0.192915,0.31196,0.773191,0.703376,0.436427,0.66782,0.511362,0.685243,0.203871,0.333042,0.537079,0.705126,0.185578,0.545913,0.261777,0.553271,0.5807,0.239394,0.400345,0.461594,0.366367,0.58429,0.373431,0.603146,0.507146,0.281308,0.65067,0.296366,0.459026,0.433788,0.571813,0.455713,0.530326,0.241729,0.255757,0.476428,0.390862,0.508416,0.418054,0.255236,0.552475,0.504824,0.49159,0.529879,0.189695,0.52909,0.481015,0.409028,0.608227,0.439149,0.697104,0.586016,0.438102,0.424535,0.466552,0.528741,0.515529,0.434966,0.169695,0.186512,0.41407,0.40958,0.43111,0.297384,0.328272,0.376164,0.517759,0.600983,0.395517,0.386754,0.420926,0.658971,0.494818,0.438618,0.438651,0.608956,0.399652,0.352437,0.352986,0.28714,0.509428,0.434907,0.295571,0.016541,0.149212,0.62384,0.472456,0.205891,0.179078,0.354681,0.599903,0.630492,0.259205,0.287142,0.280677,0.509427,0.497361,0.238961,0.315712,0.249608,0.412304,0.559205,0.357077,0.407057,0.346659,0.506142,0.690591,0.413813,0.443175,0.331388,0.545238,0.389071,0.416399,0.279487,0.297908,0.564486,0.302782,0.230055,0.413438,0.323495,0.536455,0.461709,0.299377,0.343213,0.230242,0.474281,0.705062,0.387426,0.438278,0.373291,0.476981,0.574977,0.398037
199.0,106.5,75.8,1.0,0.0,7977.0,8176.0,0.61081,0.32955,0.289953,0.503436,0.281611,0.549896,0.421539,0.221038,0.4031,0.307354,0.549245,0.448748,0.082077,0.31166,0.261546,0.547799,0.361503,0.405961,0.684037,0.298675,0.562758,0.635955,0.253785,0.342936,0.560364,0.535006,0.518635,0.313814,0.637768,0.304563,0.610202,0.399641,0.275831,0.661754,0.196998,0.64647,0.291672,0.404923,0.732858,0.394987,0.543014,0.496352,0.341915,0.83842,0.480462,0.471004,0.625058,0.375838,0.796086,0.555685,0.570217,0.655052,0.325987,0.4927,0.528324,0.676408,0.691062,0.400496,0.383816,0.336381,0.682008,0.615576,0.187396,0.26887,0.313994,0.659425,0.461588,0.0,0.286476,0.301012,0.588322,0.342397,0.248073,0.398905,0.536424,0.663873,0.358897,0.104056,0.550025,0.126161,0.855461,0.284362,0.221219,0.695968,0.304777,0.662745,0.386283,0.220174,0.59738,0.472177,0.464916,0.448726,0.624851,0.628033,0.584378,0.754653,0.702725,0.623644,0.650644,0.410882,0.781171,0.796403,0.542229,0.470989,0.294226,0.723296,0.642367,0.333472,0.306888,0.240749,0.771172,0.488758,0.156838,0.383973,0.355606,0.72426,0.490109,0.041775,0.397076,0.70179,0.734906,0.400829,0.0,0.488383,0.41985,0.745536,0.421255,0.131074,0.655394,0.465707,0.814445,0.270565,0.157598,0.543669,0.489266,0.586156,0.294054,0.727522,0.476215,0.367149,0.752796,0.772058,0.395412,0.548642,0.267153,0.731195,0.635804,0.372517,0.421101,0.071227,0.687449,0.605815,0.222476,0.405949,0.163121,0.677775,0.507923,0.226151,0.433598,0.198442,0.659239,0.553532,0.271599,0.539481,0.567764,0.52862,0.59608,0.166681,0.318122,0.754023,0.649754,0.652076,0.103642,0.324241,0.793396,0.461704,0.545987,0.422323,0.232068,1.0,0.722386,0.41309,0.599991,0.447337,0.572883,0.584407,0.580864,0.351054,0.346511,0.327834,0.693567,0.624483,0.384737,0.455689,0.237285,0.483821,0.621203,0.223681,0.487948,0.391094,0.607138,0.622523,0.085918,0.60668,0.274822,0.539796,0.664288,0.492992,0.566394,0.591656,0.279065,0.535205,0.334864,0.274794,0.626365,0.454788,0.516491,0.444101,0.361366,0.565225,0.439128,0.560548,0.61143,0.265179,0.534588,0.599801,0.567172,0.720063,0.431175,0.541166,0.471788,0.653372,0.598803,0.468956,0.733278,0.440363,0.626285,0.377746,0.397618,0.50794,0.469941,0.648875,0.311507,0.456863,0.561236,0.406613,0.612186,0.273307,0.60423,0.427886,0.514856,0.682792,0.549251,0.496927,0.465795,0.499089,0.568484,0.451545,0.397066,0.317461,0.296271,0.542396,0.555206,0.35304,0.208315,0.392856,0.682106,0.674421,0.476536,0.276622,0.498007,0.682492,0.549543,0.470633,0.201268,0.498988,0.700032,0.346371,0.509754,0.292566,0.51373,0.703641,0.453797,0.66691,0.418853,0.553829,0.70575,0.520276,0.303637,0.317414,0.460742,0.650617,0.508643,0.260266,0.240548,0.539535,0.675019,0.500329,0.391896,0.227738,0.491606,0.675213,0.411549,0.558428,0.34779,0.520572,0.695441,0.464786,0.511085,0.322903
366.0,105.8,75.4,3.0,2.0,8176.0,8542.0,0.51629,0.284985,0.441628,0.495436,0.314634,0.45102,0.305627,0.446467,0.439376,0.301122,0.452824,0.320824,0.327813,0.333126,0.213915,0.44394,0.278778,0.545296,0.710597,0.259452,0.528249,0.518729,0.393143,0.531249,0.497119,0.44583,0.59574,0.437263,0.462308,0.306006,0.513938,0.493551,0.419355,0.474686,0.205764,0.537499,0.299221,0.58241,0.64266,0.365669,0.48676,0.375836,0.58725,0.867384,0.389854,0.430206,0.442413,0.605596,0.963748,0.606805,0.526002,0.484041,0.383278,0.670077,0.437567,0.60167,0.482149,0.492823,0.599478,0.373698,0.632892,0.460381,0.333803,0.298525,0.294134,0.538704,0.270769,0.285268,0.364013,0.242274,0.546514,0.4632,0.269063,0.159797,0.619667,0.606769,0.51245,0.307725,0.243592,0.114402,0.75645,0.285605,0.14085,0.0,0.309756,0.531392,0.275629,0.474665,0.517203,0.469514,0.393216,0.401302,0.720911,0.777421,0.753929,0.784099,0.458659,0.492893,0.643506,0.451002,0.808569,0.50564,0.608345,0.552217,0.195786,0.730323,0.4753,0.464957,0.249211,0.297575,0.730107,0.318274,0.308342,0.228679,0.199552,0.610837,0.570972,0.247751,0.389788,0.647813,0.658263,0.475393,0.257085,0.296845,0.364672,0.620934,0.492565,0.207622,0.355164,0.415871,0.737302,0.18446,0.0,0.064344,0.549925,0.576063,0.324233,0.587461,0.769244,0.458203,0.873202,0.645093,0.375356,0.547782,0.208347,0.846666,0.517159,0.459378,0.510287,0.147674,0.743696,0.504804,0.351777,0.376761,0.12333,0.613535,0.472411,0.349932,0.383435,0.165883,0.404878,0.5119,0.219277,0.367399,0.46265,0.313134,0.540773,0.303313,0.227531,0.594206,0.351774,0.618745,0.097612,0.308783,0.348506,0.197216,0.558805,0.409048,0.324088,0.665259,0.63896,0.479584,0.430811,0.755908,0.334339,0.675299,0.656589,0.230224,0.106687,0.329742,0.719921,0.675316,0.340981,0.364281,0.28935,0.511028,0.655988,0.264378,0.488866,0.354497,0.386974,0.595668,0.097319,0.497291,0.230035,0.16204,0.611798,0.441235,0.4681,0.530494,0.122957,0.480503,0.173482,0.356238,0.485788,0.392224,0.467602,0.159765,0.478989,0.422516,0.477452,0.577091,0.45899,0.334144,0.422768,0.614368,0.608986,0.607522,0.504856,0.36148,0.508239,0.650909,0.283445,0.389129,0.612504,0.569846,0.630471,0.0,0.363323,0.56885,0.500889,0.657131,0.03349,0.427683,0.587325,0.236715,0.549503,0.169003,0.448558,0.448737,0.159947,0.624207,0.392576,0.387021,0.315125,0.316532,0.510302,0.252556,0.404503,0.274616,0.344461,0.532394,0.34349,0.357249,0.182075,0.543897,0.667929,0.424561,0.370877,0.198804,0.559289,0.660177,0.254007,0.438995,0.337476,0.521528,0.675871,0.057137,0.477818,0.498332,0.405785,0.668302,0.374827,0.507483,0.396843,0.290113,0.631978,0.366872,0.150284,0.20888,0.226799,0.608435,0.329079,0.222454,0.260856,0.375258,0.589567,0.380521,0.303965,0.192948,0.377127,0.622378,0.176721,0.386482,0.312872,0.255856,0.627686,0.362621,0.408111,0.20452
364.0,107.4,73.0,4.0,4.0,8542.0,8906.0,0.923025,0.934,0.39829,0.115059,0.411583,0.884248,0.900141,0.498828,0.180121,0.498377,0.878037,0.909585,0.5071,0.245506,0.508302,0.85476,0.865225,0.409085,0.135994,0.411535,0.81947,0.837919,0.487014,0.439752,0.671722,0.969407,0.918746,0.377483,0.13615,0.418172,0.971463,0.898582,0.323163,0.155949,0.32085,0.914585,0.830681,0.324055,0.157128,0.413837,0.782449,0.811062,0.337704,0.350489,0.481147,0.671437,0.757204,0.457465,0.656818,0.712627,0.71626,0.668768,0.426756,0.4732,0.598292,0.790004,0.73712,0.569679,0.636687,0.579836,0.850976,0.843536,0.468453,0.345132,0.408833,0.836538,0.916177,0.555923,0.450022,0.393307,0.944026,0.689482,0.412008,0.219613,0.564103,0.960313,0.773109,0.47841,0.238931,0.294791,0.968746,0.685155,0.303704,0.247717,0.490618,0.75669,0.719888,0.287603,0.343388,0.730478,0.583233,0.593976,0.460471,0.533805,0.665687,0.822512,0.430675,0.431249,0.351675,0.590335,0.807505,0.581293,0.610684,0.232757,0.50573,0.854807,0.753296,0.507383,0.15023,0.413198,0.864175,0.73699,0.520953,0.261909,0.447434,0.845564,0.676157,0.589653,0.655867,0.627236,0.856335,0.597156,0.601789,0.525283,0.446772,0.677384,0.619213,0.558258,0.664125,0.496334,0.708156,0.345302,0.36263,0.344959,0.7186,0.549023,0.488888,0.25444,0.64831,0.402481,0.771743,0.535138,0.437564,0.157083,0.298037,0.826777,0.612483,0.410553,0.172368,0.238529,0.837491,0.672736,0.417072,0.234882,0.267825,0.798604,0.67297,0.550065,0.428544,0.276878,0.553263,0.638521,0.57469,0.5736,0.405954,0.404818,0.594327,0.575064,0.560705,0.60742,0.462137,0.727617,0.472529,0.628324,0.14329,0.334539,0.618818,0.507566,0.534771,0.434603,0.589658,0.614528,0.278248,0.729201,0.623933,0.542695,0.528688,0.319093,0.131189,0.099013,0.764768,0.60526,0.4532,0.261132,0.19179,0.702332,0.727346,0.556124,0.463283,0.233218,0.685155,0.752763,0.54406,0.508068,0.325683,0.398003,0.700139,0.664124,0.445529,0.588749,0.259465,0.604249,0.519711,0.509753,0.417677,0.374178,0.604622,0.439603,0.541661,0.36642,0.448909,0.496709,0.266286,0.356945,0.456023,0.691352,0.385859,0.342341,0.503932,0.431872,0.489081,0.330949,0.235141,0.160026,0.457359,0.587183,0.427506,0.311666,0.186099,0.318085,0.639639,0.592254,0.429015,0.345291,0.421752,0.60094,0.637688,0.563149,0.523901,0.424231,0.514185,0.699435,0.666276,0.178629,0.401851,0.482537,0.573109,0.486213,0.340848,0.311315,0.429243,0.344073,0.488814,0.308751,0.233357,0.602193,0.368819,0.433687,0.301964,0.228031,0.724786,0.418473,0.451861,0.340915,0.366123,0.669661,0.527784,0.470681,0.429891,0.464676,0.643732,0.674284,0.639553,0.510712,0.39226,0.634682,0.671188,0.619668,0.227976,0.25302,0.579796,0.574714,0.499269,0.149991,0.264387,0.665538,0.524593,0.576916,0.397255,0.245656,0.662594,0.589868,0.498729,0.463595,0.299955,0.700251,0.728064,0.622293,0.485962,0.260133
331.0,108.9,79.4,3.0,3.0,8906.0,9237.0,0.960614,0.939157,0.540263,0.364825,0.439362,0.931318,0.891674,0.730357,0.448471,0.498941,0.936692,0.883743,0.769009,0.492071,0.514594,0.911308,0.927038,0.47966,0.40672,0.440066,0.881856,0.875846,0.74918,0.705302,0.743504,1.0,0.938389,0.381312,0.389783,0.475677,1.0,0.928401,0.384853,0.384801,0.348249,0.948407,0.918272,0.335612,0.370182,0.41027,0.868062,0.937537,0.345972,0.496698,0.606163,0.843737,0.913541,0.43485,0.660483,0.787843,0.823171,0.789586,0.573215,0.643254,0.699178,0.820816,0.796975,0.78405,0.863608,0.620008,0.848839,0.905221,0.819731,0.726167,0.480894,0.909131,0.925496,0.82231,0.70987,0.433006,1.0,0.811863,0.465812,0.626104,0.519437,1.0,0.866589,0.569028,0.567413,0.306747,0.98278,0.822772,0.629264,0.668623,0.48121,0.827193,0.902378,0.581763,0.682849,0.786112,0.719615,0.78891,0.569067,0.607752,0.613569,0.816611,0.610066,0.592298,0.666581,0.627507,0.659085,0.598418,0.694707,0.541317,0.473281,0.7444,0.868386,0.747648,0.478423,0.404111,0.733761,0.878009,0.791944,0.501006,0.526803,0.952827,0.788515,0.573661,0.594463,0.602168,0.935918,0.758361,0.651369,0.696591,0.44911,0.721909,0.767471,0.675862,0.846796,0.704834,0.72913,0.62252,0.733978,0.699531,0.852962,0.638039,0.689989,0.612239,0.689137,0.401084,0.538258,0.849432,0.478832,0.617892,0.425265,0.515317,0.758053,0.520378,0.561089,0.326262,0.557415,0.857062,0.605804,0.489064,0.379156,0.543238,0.832705,0.675255,0.563373,0.363959,0.698356,0.728066,0.613808,0.547731,0.307936,0.482414,0.718368,0.572047,0.633393,0.514612,0.539715,0.802816,0.552436,0.807935,0.410322,0.56356,0.803683,0.575985,0.704764,0.557557,0.788934,0.690782,0.69419,0.645293,0.814859,0.64036,0.51342,0.398455,0.379591,0.309839,0.645749,0.75687,0.551964,0.520196,0.343335,0.620796,0.86922,0.655311,0.663613,0.487439,0.722395,0.899742,0.766531,0.664735,0.378802,0.499171,0.769364,0.603698,0.410003,0.346276,0.178994,0.718163,0.56045,0.520668,0.247457,0.288704,0.752177,0.514933,0.640269,0.377784,0.477405,0.738565,0.67153,0.585228,0.530298,0.833765,0.50449,0.664554,0.517403,0.562372,0.645523,0.416718,0.455534,0.40134,0.804568,0.685794,0.525144,0.443897,0.546024,0.544893,0.715373,0.677621,0.563721,0.611859,0.585836,0.703512,0.766506,0.735004,0.590096,0.508729,0.601115,0.761639,0.578061,0.201236,0.228104,0.57258,0.688941,0.473977,0.375865,0.263857,0.523341,0.55373,0.513217,0.307043,0.244849,0.724799,0.595244,0.560224,0.407633,0.366949,0.812677,0.506755,0.482252,0.451263,0.502936,0.752811,0.58511,0.59306,0.472659,0.506735,0.742697,0.712504,0.702611,0.524013,0.406663,0.728548,0.698425,0.517192,0.285978,0.18095,0.698337,0.641636,0.456124,0.225131,0.268357,0.766951,0.593209,0.502445,0.40583,0.256077,0.760912,0.630347,0.541741,0.562675,0.332407,0.80225,0.754001,0.616207,0.516965,0.254053
665.0,103.8,77.4,3.0,10.0,9237.0,9902.0,0.705299,0.754411,0.528813,0.469027,0.347784,0.69874,0.768808,0.714786,0.509955,0.372573,0.71827,0.793352,0.729685,0.503557,0.392982,0.679357,0.793913,0.436318,0.529393,0.394913,0.747044,0.884639,0.674161,0.62989,0.675136,0.468507,0.749306,0.362807,0.414961,0.281316,0.543611,0.72657,0.388689,0.475007,0.196984,0.665897,0.753756,0.391969,0.507118,0.401636,0.73319,0.832358,0.268927,0.596184,0.608039,0.735404,0.861389,0.194261,0.638029,0.767121,0.757057,0.895178,0.417992,0.592418,0.658857,0.709921,0.884846,0.712638,0.784365,0.314024,0.720306,0.894611,0.710842,0.803953,0.348833,0.787702,0.839657,0.778621,0.736528,0.277617,0.58262,0.716843,0.57061,0.512244,0.510087,0.588994,0.731373,0.61921,0.497924,0.184348,0.745941,0.631513,0.67034,0.632938,0.202591,0.674977,0.719063,0.566994,0.697331,0.412803,0.589367,0.735885,0.360886,0.666361,0.672901,0.809082,0.808493,0.480525,0.76704,0.6354,0.638862,0.854919,0.706508,0.702165,0.446405,0.697824,0.889535,0.736688,0.565964,0.296589,0.729202,0.823729,0.738867,0.60619,0.375457,0.664751,0.752028,0.606641,0.413334,0.309129,0.665918,0.672854,0.657607,0.552747,0.362151,0.552724,0.70893,0.654115,0.676674,0.581415,0.593342,0.521562,0.739533,0.54333,0.729371,0.524392,0.683071,0.499512,0.678582,0.615852,0.755267,0.980298,0.387676,0.71876,0.377482,0.640731,0.842683,0.611307,0.678505,0.322654,0.647599,0.83608,0.677224,0.534018,0.304379,0.527912,0.748867,0.688735,0.614916,0.240253,0.599658,0.683298,0.613566,0.303073,0.129711,0.450138,0.631195,0.655244,0.442411,0.36892,0.576059,0.695891,0.572388,0.755219,0.522859,0.564433,0.694643,0.616311,0.694417,0.779559,0.698843,0.473222,0.796459,0.444085,0.8175,0.563472,0.47564,0.324684,0.500374,0.351648,0.720662,0.706597,0.594764,0.641932,0.428776,0.573341,0.73842,0.620945,0.746513,0.398625,0.64961,0.694123,0.780992,0.693615,0.268057,0.491464,0.606444,0.654318,0.434375,0.298603,0.360255,0.544811,0.665816,0.555312,0.403245,0.457777,0.600925,0.693166,0.726811,0.539789,0.412744,0.590066,0.882803,0.717934,0.392493,0.601381,0.417807,0.879892,0.711337,0.473564,0.372159,0.470433,0.702703,0.773524,0.816987,0.566608,0.478047,0.628877,0.7966,0.67313,0.596199,0.528169,0.570492,0.782265,0.545167,0.550047,0.600075,0.684626,0.700425,0.391046,0.446706,0.50859,0.607571,0.360459,0.313437,0.528338,0.507546,0.603981,0.531678,0.258461,0.427217,0.422777,0.684825,0.477599,0.282075,0.578979,0.535477,0.785092,0.735977,0.431145,0.655199,0.408697,0.658475,0.806367,0.487603,0.555856,0.438099,0.648788,0.707139,0.439353,0.584955,0.525543,0.723012,0.681609,0.293139,0.488185,0.431914,0.407709,0.263818,0.294588,0.444748,0.501994,0.508497,0.275477,0.258392,0.527626,0.451834,0.546043,0.376461,0.354404,0.514785,0.388236,0.550363,0.689239,0.285275,0.552107,0.509055,0.501839,0.473905,0.238729
432.0,103.4,71.5,3.0,4.0,9902.0,10334.0,0.436821,0.533928,0.353393,0.446983,0.503864,0.373408,0.501482,0.371933,0.340671,0.48603,0.330923,0.532424,0.354391,0.362532,0.535033,0.471328,0.551189,0.327517,0.52656,0.621273,0.464533,0.671303,0.460354,0.372352,0.704252,0.095535,0.740571,0.399718,0.675615,0.547737,0.263102,0.708975,0.390582,0.634839,0.521226,0.543493,0.603456,0.39895,0.579986,0.685063,0.633068,0.580842,0.116503,0.598078,0.811922,0.587006,0.566058,0.039043,0.617658,0.685291,0.569455,0.671381,0.20887,0.362885,0.606482,0.493834,0.692266,0.565517,0.420324,0.383396,0.376353,0.681016,0.534498,0.549475,0.373256,0.355758,0.624135,0.56425,0.614503,0.386499,0.004776,0.648095,0.611682,0.576389,0.698701,0.213198,0.664109,0.560855,0.66653,0.518209,0.636129,0.375413,0.464845,0.681156,0.525309,0.554911,0.334206,0.225973,0.715552,0.758132,0.539019,0.464325,0.042339,0.679778,0.829889,0.669836,0.670322,0.353713,0.567774,0.656223,0.490626,0.727442,0.671841,0.520079,0.400846,0.318045,0.722503,0.566363,0.372607,0.313089,0.29166,0.645286,0.621712,0.541265,0.416681,0.0,0.639891,0.681917,0.465322,0.301419,0.059768,0.525376,0.673235,0.624676,0.717619,0.089254,0.52777,0.630879,0.714371,0.715628,0.477172,0.210933,0.608782,0.558467,0.721379,0.419365,0.431558,0.171657,0.649725,0.596862,0.694608,0.647694,0.198448,0.177826,0.401445,0.480022,0.535659,0.452565,0.331883,0.279405,0.377046,0.637778,0.495876,0.311186,0.248935,0.313724,0.637733,0.53872,0.440441,0.326078,0.173697,0.439222,0.676945,0.545575,0.375902,0.094935,0.39362,0.752306,0.504428,0.675648,0.340707,0.444416,0.661074,0.595552,0.715318,0.325154,0.548805,0.710649,0.580198,0.76358,0.523407,0.289294,0.583258,0.667775,0.731766,0.416195,0.227095,0.221288,0.316328,0.337764,0.548028,0.37598,0.536919,0.3473,0.345633,0.328289,0.50345,0.514434,0.41697,0.302184,0.352962,0.531602,0.562325,0.534153,0.305245,0.41059,0.376663,0.733341,0.563082,0.37666,0.390964,0.224568,0.777183,0.5949,0.371154,0.51603,0.299364,0.789868,0.636218,0.564517,0.55131,0.331592,0.801689,0.538149,0.412654,0.648216,0.23933,0.708769,0.660528,0.509226,0.561326,0.32377,0.58901,0.630661,0.635519,0.501201,0.298671,0.624512,0.524884,0.565661,0.390351,0.354259,0.556775,0.443997,0.412928,0.202272,0.455315,0.544645,0.541333,0.365342,0.477544,0.346458,0.699973,0.463152,0.338841,0.529474,0.177709,0.648888,0.585839,0.274793,0.612597,0.108333,0.71165,0.49426,0.214661,0.660029,0.281938,0.682958,0.656701,0.297809,0.697588,0.24849,0.613962,0.659622,0.402286,0.44861,0.3224,0.598136,0.540506,0.259192,0.431544,0.423635,0.661458,0.635683,0.280145,0.48342,0.25468,0.512824,0.329597,0.36641,0.477582,0.315145,0.577937,0.317416,0.243786,0.538815,0.253512,0.57639,0.427719,0.302276,0.432012,0.239358,0.499886,0.594504,0.273928,0.425352,0.272762,0.484835,0.471478,0.280993
332.0,106.9,69.9,3.0,3.0,10334.0,10666.0,0.396511,0.505953,0.4751,0.389608,0.396563,0.333692,0.485725,0.493184,0.367424,0.41506,0.298514,0.51518,0.445552,0.317711,0.434407,0.375385,0.497037,0.476931,0.428539,0.408371,0.323902,0.630794,0.453695,0.150988,0.686959,0.064842,0.670698,0.304616,0.561877,0.458467,0.186376,0.627409,0.293349,0.51413,0.315595,0.428478,0.448871,0.413133,0.500877,0.379684,0.53162,0.430011,0.344175,0.52769,0.609997,0.497832,0.475599,0.316901,0.453329,0.622702,0.445888,0.538341,0.154768,0.20106,0.605134,0.402426,0.571054,0.391828,0.31015,0.392116,0.199949,0.540708,0.303406,0.220919,0.411029,0.285907,0.477188,0.364241,0.260524,0.345994,0.182699,0.46157,0.266648,0.384302,0.536291,0.269346,0.510174,0.245558,0.484829,0.436942,0.653477,0.140105,0.368317,0.64101,0.425676,0.532496,0.255242,0.450957,0.68074,0.535649,0.482166,0.377569,0.237544,0.526787,0.78097,0.540659,0.512974,0.312308,0.687321,0.528606,0.404694,0.569716,0.6212,0.683084,0.289676,0.164496,0.583772,0.404302,0.273414,0.266285,0.309272,0.496996,0.284471,0.357462,0.417629,0.331192,0.509124,0.241862,0.286716,0.475371,0.330164,0.399602,0.335204,0.53362,0.596096,0.193391,0.324587,0.460701,0.678415,0.551209,0.548963,0.326883,0.697377,0.542116,0.515696,0.47202,0.323097,0.212629,0.632593,0.446276,0.616971,0.651234,0.39529,0.486219,0.447295,0.386761,0.418559,0.296835,0.540445,0.195917,0.497438,0.491705,0.21749,0.344833,0.151894,0.473807,0.506769,0.171223,0.371665,0.178767,0.38659,0.402427,0.349092,0.315976,0.394985,0.189591,0.288126,0.427708,0.375896,0.762131,0.467593,0.268301,0.378089,0.623104,0.759057,0.333068,0.420465,0.472877,0.554035,0.663175,0.472888,0.424256,0.183271,0.738703,0.577086,0.372323,0.309423,0.234436,0.221836,0.470818,0.287826,0.369697,0.307084,0.255111,0.331607,0.321736,0.445515,0.091028,0.42108,0.335682,0.420792,0.542686,0.088361,0.311634,0.180376,0.481337,0.358038,0.513796,0.417256,0.527874,0.427364,0.324118,0.476884,0.525873,0.476415,0.583423,0.433072,0.534114,0.564017,0.626223,0.583631,0.678256,0.677412,0.468273,0.556541,0.632853,0.579912,0.561265,0.179406,0.618597,0.543039,0.521834,0.389432,0.155012,0.726111,0.477224,0.315982,0.218009,0.187591,0.652684,0.276763,0.333001,0.105933,0.179493,0.426586,0.17341,0.373922,0.173667,0.360997,0.308753,0.518378,0.359138,0.476544,0.421955,0.420205,0.555154,0.275139,0.368816,0.450649,0.3245,0.608712,0.293725,0.497973,0.347805,0.257748,0.634868,0.511342,0.414575,0.164488,0.30333,0.622451,0.267026,0.27592,0.268187,0.474173,0.419485,0.204908,0.163141,0.278827,0.274173,0.346145,0.260662,0.283829,0.369133,0.408457,0.54379,0.28156,0.26089,0.208483,0.42409,0.498701,0.295593,0.372054,0.232183,0.286838,0.548498,0.232581,0.343915,0.246964,0.333809,0.454198,0.167658,0.190156,0.341369,0.360342,0.438177,0.236658,0.308395,0.275232,0.364609
399.0,108.5,80.6,3.0,6.0,10666.0,11065.0,0.449794,0.479074,0.559158,0.50105,0.498412,0.426566,0.438477,0.606685,0.5173,0.474766,0.404788,0.454696,0.545421,0.505462,0.588169,0.352884,0.515098,0.524285,0.569027,0.437808,0.371303,0.627146,0.450785,0.473404,0.748648,0.118257,0.611928,0.438008,0.584787,0.469366,0.149271,0.553056,0.382245,0.48201,0.258821,0.210888,0.427991,0.377303,0.489029,0.317863,0.355909,0.582566,0.409572,0.547498,0.416383,0.411155,0.674601,0.503287,0.621814,0.635928,0.401533,0.657841,0.36832,0.4511,0.628401,0.462133,0.645887,0.41613,0.615328,0.444854,0.490274,0.576592,0.327779,0.519298,0.34681,0.50795,0.474487,0.382212,0.526354,0.303617,0.322964,0.49355,0.301434,0.05597,0.347097,0.31908,0.550331,0.239697,0.206727,0.224842,0.586826,0.444396,0.324873,0.449375,0.243564,0.499944,0.530813,0.424615,0.601482,0.261614,0.454948,0.588924,0.508856,0.609014,0.608472,0.633659,0.685318,0.612526,0.788296,0.483156,0.529658,0.673439,0.739986,0.690921,0.265042,0.678769,0.720609,0.543999,0.440485,0.209276,0.730949,0.635939,0.349023,0.438082,0.327504,0.532273,0.573221,0.224551,0.655619,0.632164,0.513318,0.536059,0.186277,0.459832,0.387687,0.34141,0.497571,0.287011,0.479022,0.317573,0.463276,0.431312,0.442636,0.325899,0.422224,0.528857,0.38313,0.289836,0.543805,0.38884,0.757768,0.81341,0.650143,0.793094,0.426201,0.822116,0.669891,0.639532,0.698545,0.231964,0.877644,0.638561,0.58775,0.520314,0.226841,0.882312,0.539886,0.516008,0.592868,0.167493,0.601251,0.584056,0.327995,0.559204,0.438893,0.438459,0.510091,0.243644,0.357509,0.730461,0.637858,0.483157,0.08908,0.64735,0.806967,0.520404,0.406395,0.145678,0.472178,0.64569,0.45519,0.31012,0.206483,0.749767,0.770833,0.727875,0.394902,0.448948,0.613128,0.402166,0.82993,0.451869,0.637425,0.401102,0.362714,0.679398,0.571489,0.492122,0.505647,0.34452,0.693415,0.610741,0.491876,0.499227,0.264419,0.545498,0.54136,0.486252,0.592391,0.668431,0.583356,0.473349,0.194183,0.668905,0.539209,0.697329,0.490475,0.316956,0.672904,0.672431,0.706745,0.546101,0.516667,0.652506,0.544445,0.712562,0.428015,0.5069,0.383965,0.499321,0.382071,0.374394,0.341544,0.266809,0.606394,0.468254,0.263477,0.440156,0.189645,0.637562,0.435258,0.389687,0.371256,0.186198,0.477734,0.452627,0.511662,0.470776,0.382563,0.346439,0.514526,0.496434,0.442078,0.599908,0.552953,0.603035,0.354577,0.223931,0.562624,0.409128,0.580872,0.282794,0.254961,0.495416,0.310137,0.605552,0.340659,0.283439,0.450742,0.425527,0.538439,0.141413,0.274784,0.413205,0.500722,0.485514,0.257343,0.268603,0.341186,0.35024,0.401018,0.424739,0.471892,0.373689,0.387553,0.661713,0.544307,0.494769,0.43354,0.395669,0.522625,0.387629,0.325309,0.301855,0.342561,0.566269,0.313734,0.340442,0.411424,0.38538,0.489537,0.280293,0.355287,0.466535,0.356787,0.520019,0.464472,0.397666,0.47648,0.368058
266.0,87.4,73.0,2.0,3.0,564.0,830.0,0.424143,0.539211,0.467369,0.364066,0.355459,0.30597,0.534668,0.448884,0.447551,0.394957,0.145688,0.518824,0.419581,0.451546,0.404784,0.412259,0.588535,0.483194,0.391432,0.439134,0.156599,0.67453,0.502638,0.49801,0.564576,0.29518,0.648773,0.641162,0.277953,0.436662,0.35888,0.617656,0.682924,0.413165,0.328378,0.517543,0.577521,0.558453,0.424726,0.516636,0.463735,0.693598,0.474045,0.430463,0.545937,0.265587,0.673331,0.501278,0.616226,0.534137,0.201578,0.646971,0.481396,0.432898,0.604619,0.097931,0.633007,0.536783,0.386594,0.287509,0.077821,0.424408,0.411129,0.077977,0.321495,0.0,0.370378,0.508706,0.168373,0.24668,0.355457,0.418823,0.649137,0.18268,0.180086,0.400581,0.529172,0.689071,0.39478,0.150619,0.590494,0.473098,0.668821,0.505786,0.474257,0.416186,0.514311,0.58649,0.548125,0.475785,0.062952,0.422243,0.470543,0.521851,0.362904,0.0,0.428956,0.500687,0.281683,0.476341,0.0,0.413492,0.456662,0.278581,0.305904,0.0,0.346014,0.360311,0.133368,0.18621,0.0,0.235606,0.20125,0.207326,0.217874,0.629488,0.503499,0.506039,0.213797,0.129212,0.644216,0.495317,0.581432,0.424764,0.374769,0.461175,0.536611,0.588381,0.409874,0.522797,0.391291,0.346941,0.605312,0.456382,0.578782,0.561964,0.493052,0.313327,0.362351,0.0,0.420675,0.627232,0.34536,0.082064,0.307475,0.664603,0.433055,0.436208,0.341588,0.035866,0.48804,0.380705,0.367211,0.132222,0.076405,0.435211,0.225086,0.414287,0.101976,0.131849,0.623574,0.516466,0.428369,0.153364,0.317509,0.545461,0.481866,0.412375,0.21102,0.673993,0.615888,0.38712,0.266068,0.353686,0.647955,0.382672,0.254904,0.489152,0.363628,0.533779,0.47254,0.565652,0.800404,0.506854,0.595212,0.735279,0.357852,0.332663,0.437892,0.179221,0.749773,0.370449,0.423924,0.298069,0.29632,0.610129,0.52802,0.344705,0.179931,0.13757,0.437431,0.443176,0.366717,0.106542,0.197648,0.386878,0.601241,0.518939,0.309807,0.459645,0.542844,0.597969,0.342953,0.330926,0.593387,0.631469,0.572362,0.354423,0.432512,0.541343,0.503324,0.576901,0.469988,0.353677,0.32485,0.710452,0.514425,0.6738,0.526913,0.216135,0.526855,0.29207,0.547928,0.370733,0.358721,0.784131,0.544689,0.507247,0.131506,0.265075,0.719697,0.635353,0.353661,0.134256,0.358,0.447385,0.580139,0.357943,0.279955,0.205512,0.252393,0.492476,0.438102,0.268581,0.442368,0.473663,0.518878,0.370907,0.384715,0.332666,0.555124,0.402941,0.387614,0.319642,0.191917,0.684998,0.457458,0.378032,0.466132,0.132997,0.626391,0.400617,0.321551,0.273891,0.249057,0.566846,0.555502,0.32529,0.311927,0.168216,0.389352,0.575531,0.446386,0.362575,0.229449,0.0,0.348889,0.37423,0.181378,0.198127,0.164837,0.396038,0.409847,0.252818,0.295979,0.280504,0.374429,0.39749,0.309812,0.168572,0.317143,0.493612,0.393052,0.414652,0.195577,0.169486,0.47954,0.38511,0.388557,0.18336
532.0,104.1,82.3,2.0,9.0,11065.0,11597.0,0.450663,0.320717,0.231761,0.393065,0.365184,0.421013,0.342157,0.266303,0.440216,0.314706,0.387094,0.414608,0.211982,0.443677,0.334212,0.348693,0.384816,0.258413,0.489432,0.328891,0.407796,0.615305,0.210155,0.473071,0.25313,0.12232,0.486074,0.224354,0.627068,0.361586,0.144845,0.443851,0.175357,0.528437,0.246025,0.263768,0.353621,0.180803,0.48176,0.218603,0.426786,0.555269,0.292146,0.633468,0.205774,0.50191,0.61894,0.446759,0.705964,0.3504,0.463149,0.619051,0.370407,0.515395,0.292831,0.49188,0.640751,0.391417,0.673382,0.102497,0.507779,0.59292,0.205511,0.397135,0.233711,0.481481,0.478726,0.459641,0.555007,0.232202,0.1445,0.388033,0.416421,0.628189,0.548078,0.175725,0.472428,0.09013,0.517135,0.276767,0.513919,0.430464,0.037003,0.444678,0.282332,0.505644,0.501722,0.23147,0.501849,0.076837,0.591611,0.461564,0.470291,0.576801,0.324073,0.750753,0.579918,0.457175,0.579048,0.404821,0.60712,0.622615,0.500299,0.386602,0.101849,0.70768,0.719144,0.506462,0.290745,0.047368,0.662097,0.574205,0.429891,0.523756,0.15724,0.260545,0.580245,0.26077,0.790747,0.69074,0.397124,0.496545,0.085066,0.721065,0.666686,0.367655,0.549006,0.0,0.631629,0.602426,0.393986,0.309118,0.201291,0.39531,0.604014,0.614713,0.448168,0.468549,0.486504,0.465407,0.861687,0.796073,0.198198,0.406206,0.406838,0.817202,0.657188,0.492699,0.522954,0.18752,0.74327,0.657184,0.558068,0.418559,0.097748,0.764171,0.560745,0.65088,0.575591,0.214574,0.416767,0.538727,0.46223,0.819084,0.607044,0.425271,0.560535,0.265123,0.598984,0.814504,0.704499,0.634224,0.007762,0.676325,1.0,0.75851,0.613002,0.366334,0.595621,0.617602,0.656167,0.130889,0.729475,0.777859,0.831361,0.602525,0.454945,0.372734,0.522018,0.465476,0.810695,0.532866,0.546062,0.435922,0.394662,0.582187,0.631795,0.527202,0.535423,0.345643,0.571719,0.647086,0.537859,0.572988,0.294401,0.379971,0.574763,0.549623,0.591542,0.795574,0.5605,0.532256,0.337265,0.566725,0.526159,0.646605,0.47601,0.458548,0.645866,0.67433,0.621678,0.352773,0.617627,0.48861,0.615748,0.630183,0.263937,0.706637,0.457669,0.369836,0.017896,0.321249,0.424919,0.319888,0.472918,0.450303,0.423268,0.30568,0.285375,0.468299,0.443762,0.503027,0.282836,0.427864,0.461026,0.438998,0.555408,0.457429,0.607553,0.358797,0.302145,0.490094,0.546014,0.412034,0.524782,0.426818,0.365012,0.349361,0.480288,0.341008,0.352153,0.204613,0.437257,0.432625,0.295725,0.23986,0.106584,0.534853,0.556151,0.378188,0.267775,0.15702,0.371985,0.545356,0.377275,0.359345,0.373629,0.31639,0.535169,0.273826,0.322984,0.434607,0.510592,0.579447,0.261161,0.51252,0.471427,0.624249,0.420924,0.332945,0.244492,0.360591,0.445409,0.303146,0.303941,0.318753,0.282356,0.487064,0.470905,0.297644,0.212071,0.3333,0.465878,0.620496,0.244304,0.335301,0.404705,0.467241,0.542859,0.295237
399.0,103.8,76.8,2.0,7.0,11597.0,11996.0,0.476986,0.282286,0.13093,0.242738,0.434782,0.336264,0.380294,0.186858,0.32833,0.497486,0.251143,0.45304,0.086818,0.380921,0.578292,0.377103,0.299105,0.196151,0.105913,0.478947,0.208611,0.607019,0.110793,0.402396,0.540998,0.488764,0.331557,0.217522,0.386515,0.549404,0.520286,0.278626,0.158243,0.264745,0.458906,0.476667,0.201446,0.2209,0.09634,0.44261,0.459778,0.494344,0.190752,0.130245,0.474046,0.409976,0.582395,0.009547,0.34396,0.51979,0.220537,0.545056,0.048082,0.293864,0.503368,0.13115,0.591062,0.0,0.441159,0.315876,0.214377,0.54114,0.160545,0.331092,0.466142,0.428164,0.462764,0.151789,0.363697,0.423895,0.67464,0.112285,0.485747,0.470822,0.650448,0.66283,0.289335,0.362966,0.2122,0.434843,0.810603,0.21741,0.275512,0.181109,0.4824,0.642836,0.325097,0.368171,0.151475,0.417444,0.503754,0.608309,0.309953,0.282815,0.383657,0.525766,0.481491,0.189305,0.540793,0.449115,0.289751,0.553105,0.342066,0.478178,0.364901,0.433071,0.515334,0.0,0.115375,0.299234,0.565105,0.436062,0.070114,0.327333,0.386027,0.746965,0.430348,0.539566,0.639415,0.677736,0.814326,0.458382,0.529908,0.547834,0.699357,0.855513,0.604502,0.363653,0.526496,0.644898,0.757296,0.437465,0.416154,0.368696,0.622723,0.544374,0.556478,0.710642,0.401959,0.633433,0.516813,0.609595,0.133317,0.320357,0.461862,0.395768,0.376595,0.119339,0.491851,0.254263,0.494838,0.351597,0.0,0.303433,0.238116,0.55531,0.284504,0.119892,0.289005,0.308595,0.662193,0.305493,0.642525,0.571618,0.514867,0.547017,0.442476,0.575908,0.543869,0.628919,0.665097,0.521153,0.337358,0.651761,0.490724,0.518027,0.434421,0.473099,0.618764,0.207306,0.757894,0.471351,0.778802,0.45204,0.676252,0.222527,0.130371,0.227403,0.273784,0.630848,0.24525,0.204708,0.390484,0.310188,0.391636,0.342993,0.336455,0.146489,0.428472,0.327561,0.462138,0.323573,0.041682,0.39647,0.319979,0.493662,0.404318,0.70175,0.34772,0.497965,0.321929,0.388893,0.518227,0.40031,0.133658,0.284945,0.400884,0.593254,0.567918,0.408063,0.416997,0.493233,0.685532,0.349464,0.429285,0.70528,0.535514,0.772725,0.380658,0.293232,0.439812,0.323839,0.482135,0.162646,0.547589,0.44106,0.210317,0.246069,0.155952,0.490508,0.262535,0.290331,0.142055,0.27987,0.576912,0.377941,0.306337,0.217435,0.430499,0.346374,0.331455,0.315861,0.604078,0.204111,0.359439,0.344478,0.252567,0.451518,0.300008,0.177881,0.0,0.158582,0.543254,0.177249,0.158742,0.270985,0.412156,0.583086,0.359864,0.34353,0.239329,0.088982,0.335376,0.274428,0.47362,0.251831,0.068145,0.233141,0.306238,0.284915,0.336134,0.152123,0.360741,0.351294,0.238205,0.304516,0.175537,0.491665,0.152245,0.296959,0.257466,0.226779,0.471875,0.12649,0.261202,0.2527,0.101971,0.480874,0.250224,0.292383,0.187143,0.074859,0.364092,0.347414,0.309418,0.221301,0.0,0.426835,0.20658,0.268958
467.0,108.1,74.9,4.0,5.0,11996.0,12463.0,0.483297,0.326918,0.263294,0.224397,0.335896,0.37356,0.413722,0.317807,0.191431,0.407064,0.290876,0.463384,0.227783,0.186947,0.527063,0.302687,0.276845,0.371847,0.131736,0.432034,0.188184,0.612616,0.275299,0.11996,0.536182,0.483336,0.539738,0.46061,0.534287,0.656366,0.506718,0.397433,0.404629,0.420268,0.528215,0.406473,0.143343,0.468807,0.107784,0.400865,0.309625,0.451655,0.532467,0.071338,0.4525,0.107879,0.559217,0.526788,0.279597,0.482043,0.0,0.539921,0.433358,0.013858,0.489204,0.169527,0.587244,0.409956,0.070547,0.394068,0.315996,0.65529,0.478718,0.002721,0.408507,0.475074,0.604819,0.482333,0.183869,0.443803,0.698453,0.50174,0.61196,0.486297,0.608481,0.667628,0.492109,0.600861,0.408436,0.419998,0.80192,0.260024,0.584791,0.369539,0.454111,0.591197,0.360123,0.762812,0.155126,0.287509,0.397013,0.633807,0.775313,0.14654,0.41149,0.515204,0.599823,0.651754,0.479134,0.342115,0.418119,0.668521,0.680733,0.504091,0.332698,0.533828,0.732736,0.644194,0.056452,0.334243,0.517763,0.626977,0.606846,0.224033,0.496057,0.775665,0.636154,0.675781,0.670904,0.708143,0.814285,0.586482,0.642009,0.579961,0.484129,0.801983,0.636007,0.502479,0.51349,0.657657,0.715818,0.446864,0.606637,0.571039,0.622142,0.483798,0.584983,0.727275,0.456472,0.51493,0.545352,0.757275,0.610331,0.440321,0.305866,0.521349,0.661464,0.648757,0.42486,0.147764,0.573334,0.753364,0.586106,0.222478,0.204343,0.562282,0.635508,0.564098,0.116155,0.288688,0.704003,0.49097,0.650885,0.624237,0.515885,0.51766,0.391166,0.6131,0.57323,0.625557,0.529555,0.49127,0.431985,0.575711,0.416092,0.238685,0.597824,0.56275,0.49465,0.388348,0.677736,0.647105,0.888264,0.208183,0.506739,0.313484,0.0,0.377869,0.346445,0.404147,0.239551,0.375444,0.57737,0.149274,0.139949,0.343107,0.630126,0.474442,0.370008,0.237981,0.488171,0.597396,0.431646,0.300425,0.264617,0.519071,0.267056,0.697293,0.578199,0.454587,0.364007,0.170021,0.478311,0.415841,0.161712,0.388555,0.387026,0.475624,0.369835,0.220319,0.550096,0.642265,0.656491,0.205875,0.197863,0.767418,0.632292,0.697263,0.226145,0.323617,0.500765,0.339831,0.429889,0.075951,0.538346,0.35451,0.159199,0.160778,0.168615,0.196426,0.272328,0.338346,0.146179,0.230648,0.436591,0.323021,0.430587,0.376569,0.401535,0.302623,0.390321,0.224682,0.583151,0.421291,0.348773,0.450324,0.228433,0.416816,0.33114,0.205472,0.297681,0.285304,0.441682,0.216815,0.048937,0.402194,0.447432,0.435437,0.308241,0.175992,0.362687,0.081605,0.24989,0.2889,0.341267,0.283202,0.0,0.209542,0.380663,0.170368,0.293981,0.208303,0.38206,0.393462,0.230048,0.342163,0.151818,0.464429,0.383414,0.294729,0.351087,0.227215,0.430302,0.230027,0.234529,0.371129,0.17391,0.429473,0.291447,0.258006,0.251791,0.10292,0.388124,0.499357,0.113752,0.293534,0.077106,0.47569,0.412081,0.19081
266.0,112.8,87.0,2.0,3.0,12463.0,12729.0,0.911432,0.996626,0.481989,0.414289,0.438348,0.912001,1.0,0.572248,0.309933,0.44718,0.911681,0.983592,0.593811,0.272902,0.518832,0.880442,0.961374,0.369168,0.398006,0.459294,0.906911,0.934205,0.593344,0.238179,0.4683,0.577467,0.832921,0.469423,0.76381,0.57136,0.683195,0.795775,0.388539,0.637506,0.452295,0.847107,0.851141,0.326291,0.354096,0.276038,0.874452,0.907411,0.301652,0.362729,0.315836,0.8931,0.917825,0.356131,0.459032,0.356838,0.909363,0.885187,0.427806,0.225444,0.341672,0.896089,0.861697,0.545662,0.243878,0.147192,0.878013,0.790342,0.54029,0.019544,0.28896,0.828958,0.802199,0.570513,0.197969,0.373443,0.342809,0.627855,0.534971,0.727511,0.539074,0.405289,0.642592,0.529358,0.644298,0.261863,0.713153,0.546015,0.489233,0.525629,0.232429,0.654084,0.621199,0.559843,0.393985,0.168852,0.677424,0.523436,0.519075,0.353974,0.139515,0.888006,0.688041,0.46178,0.619419,0.243189,0.815071,0.729456,0.63495,0.604562,0.190125,0.764066,0.755156,0.652203,0.168309,0.220399,0.630868,0.701951,0.518826,0.273042,0.330706,0.167265,0.640184,0.541252,0.608954,0.707711,0.302276,0.553078,0.511991,0.678945,0.353171,0.257843,0.539687,0.529401,0.659017,0.431209,0.407799,0.421761,0.612196,0.707835,0.44691,0.50632,0.414415,0.489581,0.30022,0.231362,0.697322,0.80179,0.589129,0.563671,0.304226,0.54721,0.71009,0.630995,0.480372,0.174802,0.451727,0.740859,0.616382,0.155083,0.147958,0.173133,0.630016,0.590467,0.192611,0.247196,0.462836,0.607975,0.540254,0.567032,0.499385,0.221223,0.466023,0.48598,0.526383,0.381173,0.467267,0.559129,0.299597,0.510881,0.386333,0.42079,0.668651,0.534934,0.502852,0.265468,0.605093,0.566957,0.78334,0.369446,0.428118,0.294924,0.230587,0.463509,0.409844,0.552518,0.306223,0.524659,0.575013,0.140643,0.261172,0.194393,0.619875,0.492648,0.234003,0.34728,0.406593,0.689762,0.476201,0.291244,0.248544,0.599425,0.631744,0.598123,0.458651,0.212178,0.520293,0.479493,0.368111,0.378168,0.158313,0.560679,0.543146,0.319534,0.297147,0.09529,0.60651,0.620987,0.513248,0.252521,0.287805,0.660532,0.563203,0.623341,0.232735,0.366471,0.4636,0.394883,0.408307,0.081589,0.551036,0.525654,0.218144,0.166805,0.05996,0.418743,0.488711,0.346634,0.075961,0.050251,0.392139,0.492639,0.603461,0.365762,0.345078,0.265088,0.608063,0.601413,0.477813,0.256481,0.359946,0.673626,0.491326,0.313793,0.246847,0.15962,0.564724,0.387355,0.284438,0.179659,0.065823,0.582682,0.4716,0.308432,0.188117,0.218252,0.661699,0.279662,0.153037,0.139285,0.327257,0.610329,0.29907,0.040526,0.176628,0.223253,0.618288,0.513528,0.35447,0.345907,0.200502,0.686245,0.559669,0.285188,0.260079,0.233065,0.629602,0.499991,0.289288,0.154084,0.195936,0.682087,0.454041,0.211252,0.163403,0.217531,0.629826,0.4344,0.231951,0.355795,0.060738,0.657887,0.54919,0.326511,0.304407,0.133435
931.0,105.9,79.6,4.0,6.0,12729.0,13660.0,1.0,1.0,0.574781,0.289022,0.319496,1.0,0.995707,0.655092,0.281476,0.365881,1.0,1.0,0.67411,0.301321,0.398958,1.0,1.0,0.454321,0.236922,0.317722,1.0,1.0,0.648426,0.482217,0.372313,0.804632,0.929435,0.506725,0.384648,0.563025,0.865195,0.90004,0.441798,0.239701,0.373453,0.984596,0.943121,0.417936,0.193778,0.253377,0.991652,0.957487,0.294762,0.403979,0.337574,0.999333,0.949638,0.243295,0.628972,0.463711,1.0,0.985024,0.304814,0.515996,0.407479,1.0,1.0,0.520926,0.552514,0.165937,1.0,1.0,0.615841,0.539535,0.271072,0.960877,1.0,0.64203,0.588428,0.36458,0.616843,0.864585,0.696792,0.513577,0.430662,0.695981,0.850256,0.620133,0.412818,0.229499,0.866803,0.72232,0.463287,0.191909,0.283725,0.788747,0.747538,0.517659,0.323076,0.170755,0.763776,0.649158,0.311141,0.659351,0.153862,0.944824,0.780807,0.265981,0.832891,0.348073,0.934459,0.898356,0.502361,0.608841,0.278926,0.989149,1.0,0.54775,0.300224,0.236996,0.977784,1.0,0.559367,0.473422,0.320083,0.495419,0.949265,0.516712,0.489421,0.666747,0.498986,0.790985,0.535636,0.619194,0.364599,0.497526,0.674994,0.524359,0.585601,0.323648,0.632972,0.538415,0.618189,0.210113,0.385923,0.549011,0.57439,0.287746,0.849921,0.335219,0.720441,0.752712,0.436777,0.517177,0.399176,0.792865,0.812508,0.464638,0.388258,0.163447,0.851559,0.958371,0.568593,0.328586,0.192126,0.812337,1.0,0.61549,0.473231,0.192361,0.541667,0.998798,0.498111,0.525109,0.513133,0.318165,0.843297,0.38032,0.667002,0.570906,0.557087,0.725298,0.155985,0.760769,0.520225,0.216706,0.710934,0.298583,0.610051,0.327645,0.594166,0.70454,0.416145,0.557294,0.509506,0.352106,0.507828,0.542498,0.41313,0.604782,0.706395,0.701031,0.560376,0.331818,0.247949,0.721382,0.907638,0.461777,0.533375,0.338065,0.753853,1.0,0.441618,0.605212,0.1442,0.738738,0.915265,0.573326,0.616282,0.118434,0.575992,0.729195,0.274065,0.734038,0.205211,0.434493,0.706101,0.341221,0.793,0.278244,0.466895,0.790951,0.48232,0.550872,0.3281,0.506586,0.722903,0.540035,0.492036,0.320682,0.446073,0.613558,0.424114,0.430128,0.354419,0.719205,0.569434,0.319803,0.355209,0.429294,0.721329,0.674182,0.210099,0.393083,0.305915,0.791535,0.933458,0.38943,0.638538,0.157214,0.747038,0.812864,0.530307,0.523125,0.186067,0.770472,0.726772,0.355537,0.620613,0.142144,0.729339,0.686919,0.421583,0.469639,0.039019,0.744911,0.766154,0.572518,0.606091,0.237578,0.851044,0.738063,0.34783,0.596764,0.133798,0.801841,0.774793,0.201068,0.569523,0.126935,0.821616,0.839388,0.462923,0.683168,0.15331,0.814177,0.790739,0.61764,0.435191,0.196141,0.782608,0.745069,0.472028,0.334456,0.134744,0.843792,0.797338,0.567729,0.45708,0.200405,0.837694,0.867637,0.484376,0.755141,0.063455,0.843826,0.895849,0.590656,0.660514,0.149308
67.0,105.0,100.5,0.0,1.0,13660.0,13727.0,0.738008,0.778316,0.574585,0.505187,0.524738,0.691153,0.788974,0.579501,0.52954,0.578299,0.642691,0.766896,0.408763,0.461276,0.501668,0.644802,0.810227,0.579855,0.512277,0.504642,0.607918,0.845341,0.39385,0.573758,0.411493,0.598873,0.852652,0.571928,0.543629,0.662249,0.592188,0.792622,0.594297,0.385443,0.464881,0.520176,0.753041,0.654834,0.403131,0.513916,0.603239,0.836618,0.590945,0.589849,0.624719,0.61726,0.838206,0.517912,0.646367,0.484012,0.567965,0.795944,0.269863,0.57814,0.394838,0.560825,0.801676,0.201984,0.542884,0.372688,0.588344,0.823555,0.341941,0.444335,0.259378,0.636989,0.835374,0.346939,0.517454,0.365367,0.602852,0.863369,0.743038,0.534657,0.489531,0.59962,0.827163,0.765602,0.477141,0.369196,0.668673,0.67281,0.815966,0.362726,0.596069,0.500371,0.764508,0.967182,0.436835,0.505269,0.66539,0.728059,0.746391,0.702833,0.484028,0.672518,0.623877,0.35595,0.707986,0.409141,0.5396,0.619736,0.414692,0.394559,0.270659,0.685653,0.913961,0.277504,0.332728,0.199111,0.769651,0.917663,0.418494,0.400414,0.372258,0.721992,0.935506,0.624063,0.591491,0.528564,0.656778,0.805581,0.585153,0.568216,0.518915,0.579844,0.7251,0.612295,0.494547,0.656384,0.503524,0.599582,0.857268,0.378364,0.756447,0.574232,0.671971,0.584599,0.960938,0.567415,0.654008,0.597036,0.367274,0.613319,0.387279,0.63096,0.648901,0.492018,0.620414,0.088574,0.700406,0.881978,0.417251,0.487917,0.214721,0.768347,0.952661,0.498763,0.603584,0.149567,0.675787,0.913245,0.514141,0.549729,0.479075,0.543083,0.868975,0.514689,0.567498,0.678749,0.745109,0.847607,0.369731,0.664444,0.489688,0.650771,0.797112,0.45535,0.646879,0.414966,0.517023,0.709032,0.790479,0.594612,0.730638,0.351209,0.601991,0.877014,0.620107,0.214682,0.702457,0.632547,0.744763,0.662309,0.19204,0.732727,0.830836,0.597317,0.832087,0.303772,0.737676,0.956272,0.459501,0.719436,0.139052,0.700836,0.853714,0.646112,0.599462,0.386917,0.596666,0.828313,0.545713,0.6149,0.322177,0.553517,0.865257,0.675388,0.701727,0.326778,0.430527,0.860815,0.673642,0.479522,0.291165,0.398025,0.708877,0.677114,0.5986,0.261111,0.390811,0.617315,0.747943,0.741194,0.262606,0.778467,0.658811,0.79388,0.775363,0.332402,0.764311,0.697098,0.689168,0.849617,0.241752,0.770463,0.858714,0.608085,0.915224,0.190584,0.692801,0.751609,0.617295,0.586527,0.27778,0.694953,0.73685,0.552969,0.607941,0.205947,0.67096,0.716384,0.623921,0.525739,0.103734,0.683956,0.743202,0.734117,0.774103,0.232046,0.836485,0.662601,0.703047,0.880951,0.160708,0.797617,0.702723,0.652738,0.891309,0.12322,0.762345,0.758701,0.709428,0.936186,0.23912,0.681093,0.706183,0.757675,0.575174,0.210247,0.668458,0.694959,0.602912,0.428571,0.227025,0.738317,0.761294,0.78142,0.607097,0.21075,0.778088,0.760911,0.707685,0.972515,0.149469,0.750061,0.838307,0.802223,0.857727,0.276739
99.0,106.0,81.0,1.0,1.0,13727.0,13826.0,0.517334,0.503987,0.324702,0.578004,0.33887,0.417002,0.407371,0.441335,0.58383,0.327689,0.344655,0.397653,0.408213,0.558014,0.323437,0.454114,0.579996,0.319242,0.670541,0.387534,0.376743,0.574924,0.572797,0.773846,0.336305,0.369691,0.699298,0.302884,0.49227,0.556544,0.37965,0.655121,0.27843,0.457918,0.432421,0.386727,0.638124,0.272428,0.556755,0.469875,0.593,0.711648,0.276752,0.782157,0.480634,0.583809,0.659136,0.386437,0.845179,0.377621,0.507131,0.618545,0.385253,0.848574,0.363818,0.432429,0.540509,0.61219,0.863397,0.473095,0.292626,0.385521,0.647508,0.725452,0.308857,0.381652,0.347765,0.669638,0.682746,0.335564,0.475508,0.427884,0.594763,0.599606,0.513504,0.462494,0.509438,0.603047,0.354036,0.298283,0.590114,0.527071,0.733,0.502457,0.469837,0.534129,0.70502,0.742412,0.573636,0.514739,0.721814,0.735418,0.591739,0.702307,0.540977,0.714958,0.499099,0.376789,0.826332,0.406028,0.381039,0.347456,0.534268,0.608331,0.271628,0.306891,0.380262,0.630218,0.543829,0.249848,0.312653,0.361796,0.62864,0.521013,0.348952,0.630694,0.488915,0.691709,0.284831,0.525376,0.642544,0.442527,0.740875,0.222303,0.456154,0.488458,0.481208,0.818588,0.3475,0.540633,0.481518,0.521231,0.898455,0.434821,0.712958,0.726444,0.762975,0.29693,0.323722,0.476125,0.699941,0.423854,0.492445,0.731546,0.194998,0.26012,0.30729,0.705061,0.648854,0.08888,0.219076,0.236467,0.612122,0.525748,0.19543,0.007185,0.324316,0.618768,0.633632,0.156496,0.626027,0.385737,0.649969,0.24124,0.578286,0.549345,0.589209,0.748372,0.029681,0.621039,0.733439,0.759687,0.609175,0.251113,0.402206,0.842329,0.792659,0.447426,0.321199,0.439717,0.726217,0.722515,0.442738,0.336604,0.721361,0.292919,0.583543,0.869583,0.397788,0.142295,0.271638,0.403552,0.85383,0.604413,0.240241,0.154292,0.339207,0.791409,0.781381,0.221621,0.0,0.298793,0.684291,0.759394,0.202801,0.531986,0.581073,0.741008,0.290204,0.431432,0.541473,0.780698,0.635206,0.225901,0.364322,0.650789,0.844846,0.609214,0.326173,0.330624,0.601878,0.833,0.182934,0.2563,0.292003,0.721461,0.723783,0.454055,0.308371,0.233808,0.609753,0.654564,0.653452,0.527251,0.394374,0.70626,0.665409,0.860667,0.667495,0.361119,0.597753,0.654647,0.827105,0.759266,0.266556,0.343353,0.354053,0.790681,0.887397,0.293608,0.498251,0.561068,0.619323,0.201016,0.338021,0.540671,0.619933,0.570603,0.323974,0.237662,0.453802,0.597504,0.476389,0.317076,0.143678,0.571838,0.574338,0.491075,0.498889,0.252798,0.679784,0.532455,0.683684,0.646358,0.312184,0.591189,0.543837,0.736583,0.761751,0.275777,0.380595,0.407969,0.772339,0.871143,0.245226,0.321499,0.469111,0.556069,0.342917,0.354848,0.282927,0.432231,0.507879,0.288841,0.251916,0.334014,0.431913,0.631117,0.450519,0.188162,0.429145,0.447742,0.650402,0.706193,0.212001,0.277429,0.474298,0.696763,0.652714,0.302192
166.0,105.4,77.6,2.0,2.0,13826.0,13992.0,0.517978,0.602722,0.178886,0.470824,0.339996,0.404155,0.499189,0.328402,0.504753,0.334437,0.367723,0.449043,0.336667,0.522181,0.3802,0.480543,0.669956,0.152204,0.544475,0.294112,0.353869,0.584012,0.534764,0.682886,0.544063,0.516072,0.842691,0.261808,0.777063,0.573658,0.50441,0.828682,0.210649,0.669917,0.426066,0.502764,0.773388,0.041882,0.621929,0.363081,0.578402,0.773482,0.097372,0.672803,0.304054,0.502547,0.688824,0.143321,0.744532,0.371543,0.509126,0.606614,0.331539,0.75812,0.541183,0.423546,0.524058,0.739305,0.805544,0.551597,0.397767,0.396017,0.64825,0.765832,0.348349,0.410334,0.389831,0.648925,0.757628,0.35381,0.636531,0.779292,0.689551,0.840852,0.63974,0.597434,0.847175,0.624383,0.757341,0.323521,0.703283,0.783806,0.702719,0.869433,0.35642,0.622009,0.758741,0.464091,0.780761,0.501241,0.583282,0.698179,0.38611,0.724554,0.480605,0.658307,0.493683,0.537255,0.79434,0.659943,0.18159,0.337701,0.801906,0.703284,0.371904,0.44729,0.318295,0.706942,0.517622,0.378602,0.375903,0.350419,0.570869,0.564534,0.393154,0.736197,0.835139,0.594864,0.701879,0.504422,0.738426,0.812508,0.78223,0.74144,0.521345,0.639069,0.833999,0.902717,0.847903,0.57852,0.699435,0.76787,0.979451,0.972108,0.638965,0.716567,0.657671,0.38666,0.366678,0.579853,0.710031,0.209928,0.732192,0.820446,0.520111,0.438197,0.098065,0.82977,0.734197,0.296033,0.454255,0.288188,0.729005,0.51943,0.283948,0.203076,0.426841,0.683957,0.618156,0.196069,0.703008,0.740479,0.553666,0.521127,0.375263,0.484296,0.763792,0.727684,0.492139,0.585026,0.675498,0.848188,0.578502,0.541344,0.318094,0.746879,0.888749,0.510758,0.260798,0.349918,0.861293,0.701623,0.497383,0.565249,0.534635,0.635787,0.636047,0.978908,0.804074,0.354994,0.616036,0.492512,0.856281,0.761609,0.390922,0.213618,0.479924,0.783812,0.790754,0.313018,0.090429,0.580756,0.746053,0.72945,0.230477,0.451987,0.687821,0.698391,0.549696,0.344999,0.405074,0.671499,0.769781,0.632318,0.471015,0.570361,0.726665,0.834465,0.637998,0.526672,0.667604,0.748134,0.758195,0.528912,0.242865,0.882477,0.676551,0.824117,0.508725,0.183802,0.71728,0.643779,0.798385,0.677416,0.449906,0.561538,0.660098,0.934425,0.738854,0.430102,0.375839,0.652315,0.853434,0.7691,0.350127,0.0,0.590143,0.827426,0.873098,0.270112,0.386142,0.655422,0.668291,0.385419,0.379735,0.50976,0.654026,0.648634,0.51142,0.214301,0.439207,0.613158,0.693788,0.44777,0.203739,0.637832,0.614235,0.709009,0.598986,0.178247,0.682625,0.562226,0.678893,0.803435,0.334264,0.3855,0.596611,0.754929,0.769196,0.248505,0.285444,0.606279,0.74772,0.908792,0.248083,0.436737,0.574282,0.424725,0.503745,0.327361,0.419485,0.575732,0.494829,0.363097,0.216523,0.412938,0.52109,0.467128,0.549538,0.218647,0.383341,0.558884,0.599996,0.847517,0.194238,0.385277,0.659144,0.524345,0.771103,0.244822
335.0,105.2,73.8,4.0,2.0,13992.0,14327.0,0.526997,0.440493,0.333139,0.523702,0.395253,0.411896,0.40217,0.290873,0.521909,0.381532,0.381394,0.407239,0.195434,0.542694,0.522854,0.449444,0.43735,0.398634,0.701883,0.440863,0.366868,0.585149,0.243746,0.687871,0.713288,0.686473,0.747609,0.59185,0.858022,0.498357,0.653261,0.700209,0.53912,0.77962,0.419988,0.515698,0.530467,0.490013,0.767788,0.473561,0.446693,0.529168,0.52294,0.802004,0.524411,0.330571,0.511995,0.576896,0.814177,0.588884,0.397681,0.525081,0.420023,0.729825,0.568369,0.428628,0.582498,0.549524,0.773366,0.48167,0.540869,0.595545,0.283291,0.680356,0.434891,0.533036,0.530321,0.269746,0.635798,0.415048,0.837735,0.711318,0.835208,0.739919,0.728217,0.748615,0.756636,0.802276,0.768769,0.362572,0.733187,0.630813,0.859978,0.793571,0.494751,0.54747,0.584176,0.887809,0.743831,0.655289,0.390588,0.579545,0.915107,0.782835,0.765469,0.625408,0.585133,0.762246,0.664389,0.551358,0.439869,0.502326,0.79449,0.59645,0.332669,0.640614,0.646064,0.447018,0.399981,0.338485,0.606615,0.546442,0.096068,0.543214,0.471983,0.929471,0.823599,0.701726,0.851029,0.589847,0.841791,0.809636,0.769098,0.792106,0.580919,0.694293,0.819839,0.824216,0.807751,0.685005,0.633433,0.650315,1.0,0.813939,0.660283,0.542885,0.706941,0.771549,0.496964,0.444897,0.917748,0.802995,0.769514,0.699145,0.435165,0.750238,0.565744,0.696326,0.590148,0.274989,0.729616,0.601329,0.375759,0.433852,0.257697,0.509474,0.546964,0.260507,0.403442,0.331262,0.856701,0.789702,0.540914,0.53753,0.647367,0.763748,0.867093,0.652989,0.566947,0.833917,0.855488,0.952948,0.526047,0.645035,0.572278,0.862851,0.934205,0.635122,0.582134,0.507154,0.712239,0.763689,0.916096,0.742067,0.686099,0.721493,0.439561,0.966177,0.533527,0.353438,0.821319,0.379846,0.665352,0.469718,0.285609,0.459235,0.585697,0.354071,0.542177,0.408228,0.414973,0.689314,0.239434,0.486001,0.274115,0.740368,0.754302,0.612484,0.36811,0.705073,0.796491,0.796422,0.618909,0.519134,0.646305,0.825065,0.842262,0.647295,0.562488,0.547867,0.731242,0.870567,0.829611,0.380436,0.445169,0.755907,0.675955,0.915505,0.363776,0.425569,0.565197,0.597863,0.841695,0.444424,0.546993,0.440442,0.65542,0.768673,0.443097,0.541648,0.344233,0.691404,0.592828,0.441309,0.564428,0.136337,0.712929,0.437417,0.589119,0.403756,0.592543,0.712731,0.622882,0.302008,0.474258,0.693819,0.709226,0.525874,0.364762,0.359012,0.557923,0.688947,0.630979,0.34617,0.289986,0.509085,0.710489,0.701966,0.402987,0.284544,0.556568,0.641459,0.58954,0.45032,0.35614,0.294468,0.695779,0.522014,0.487972,0.275927,0.305921,0.725992,0.476651,0.61543,0.329942,0.553442,0.542564,0.345571,0.400629,0.194752,0.512424,0.635251,0.412296,0.316034,0.22232,0.448935,0.55208,0.389734,0.402059,0.210586,0.335891,0.690117,0.44599,0.640623,0.27039,0.46827,0.680536,0.301263,0.553908,0.30981
300.0,106.8,76.8,3.0,3.0,14327.0,14627.0,0.320277,0.394142,0.619328,0.569665,0.52403,0.326591,0.352713,0.628039,0.546619,0.494002,0.292356,0.386769,0.574906,0.529951,0.537053,0.094322,0.414427,0.694109,0.766984,0.538138,0.280537,0.603306,0.586354,0.649433,0.579083,0.386007,0.684425,0.726869,0.694936,0.659746,0.300117,0.615605,0.700294,0.669649,0.53399,0.0,0.495349,0.713743,0.675548,0.574458,0.0,0.549284,0.70486,0.861654,0.511139,0.0,0.505136,0.74307,0.900859,0.589659,0.237148,0.536424,0.618426,0.723819,0.466589,0.351834,0.573854,0.540975,0.629032,0.369761,0.491487,0.604899,0.404917,0.615007,0.392232,0.524327,0.580315,0.471944,0.496153,0.398148,0.571668,0.674081,0.815299,0.410531,0.747569,0.387992,0.652404,0.757657,0.493585,0.448714,0.342247,0.548214,0.637164,0.431342,0.565618,0.300178,0.572126,0.770916,0.689045,0.77091,0.324851,0.607413,0.867416,0.9311,0.700838,0.601636,0.633754,0.625069,0.66066,0.43007,0.483207,0.57512,0.610807,0.545755,0.277699,0.619406,0.729873,0.452751,0.241906,0.269237,0.661908,0.617212,0.425622,0.472942,0.460446,0.587988,0.791837,0.706741,0.632311,0.690899,0.442253,0.702299,0.645423,0.427305,0.599443,0.241168,0.664934,0.530075,0.327356,0.602083,0.0,0.467459,0.669074,0.438563,0.708723,0.387661,0.683594,0.827808,0.534971,0.500495,0.794562,0.910224,0.719232,0.3294,0.253252,0.633308,0.653472,0.649888,0.310956,0.17779,0.720927,0.701366,0.53288,0.223123,0.184193,0.616731,0.596024,0.450704,0.079964,0.295722,0.621975,0.797185,0.57182,0.275421,0.711049,0.61582,0.822966,0.6111,0.280177,0.734458,0.766587,0.822518,0.471934,0.382753,0.741515,0.856669,0.792485,0.607643,0.553443,0.53753,0.54744,0.740239,0.797272,0.957749,0.522948,0.504286,0.479535,0.639491,0.515679,0.514051,0.607085,0.506334,0.676828,0.214683,0.247058,0.477236,0.487613,0.569938,0.185618,0.259043,0.590459,0.566884,0.568728,0.253246,0.24725,0.656098,0.703006,0.67607,0.17634,0.709021,0.767207,0.71216,0.672354,0.506343,0.525601,0.796757,0.747734,0.677753,0.546789,0.455336,0.776236,0.75471,0.684611,0.50561,0.388011,0.740592,0.591101,0.722217,0.471865,0.316264,0.516904,0.523067,0.660048,0.41333,0.541431,0.424772,0.426855,0.730037,0.169016,0.28575,0.382506,0.416223,0.558688,0.143008,0.264161,0.40301,0.414559,0.498636,0.286725,0.31208,0.517624,0.55556,0.620179,0.122326,0.362237,0.658126,0.544157,0.542148,0.243032,0.239582,0.512189,0.441275,0.561496,0.236495,0.132354,0.570674,0.449342,0.529431,0.200224,0.173007,0.569025,0.343907,0.535879,0.175631,0.297256,0.473482,0.36219,0.493196,0.131776,0.169939,0.392833,0.408844,0.534583,0.199768,0.287733,0.359763,0.360173,0.376248,0.005464,0.243314,0.358474,0.413622,0.422073,0.104792,0.124185,0.351777,0.322612,0.410974,0.095168,0.225543,0.297917,0.366025,0.346676,0.070668,0.307096,0.338195,0.330178,0.297537,0.002204,0.370003
133.0,91.3,78.8,2.0,1.0,830.0,963.0,0.460666,0.413216,0.424796,0.355542,0.181344,0.380228,0.397083,0.408062,0.322709,0.2808,0.289087,0.367843,0.287344,0.29287,0.269891,0.482478,0.460427,0.425556,0.39045,0.238068,0.403699,0.57721,0.489981,0.334604,0.50258,0.38187,0.631365,0.502384,0.275802,0.219875,0.479234,0.54496,0.470293,0.349092,0.066405,0.638934,0.46904,0.414636,0.292994,0.340281,0.623543,0.630852,0.255711,0.38891,0.38976,0.566175,0.640408,0.179081,0.573404,0.430236,0.551211,0.600818,0.274522,0.366765,0.60052,0.485134,0.553404,0.301515,0.436461,0.264401,0.34617,0.363892,0.047197,0.334565,0.312408,0.261239,0.221627,0.300238,0.281521,0.131561,0.454219,0.548122,0.370816,0.172593,0.0,0.549215,0.520205,0.339301,0.274209,0.0,0.76121,0.348444,0.289977,0.39206,0.263535,0.561062,0.497023,0.183106,0.40935,0.012506,0.291461,0.519063,0.158475,0.479658,0.036502,0.607488,0.450471,0.427754,0.42669,0.414693,0.600303,0.429333,0.372897,0.455135,0.231696,0.365565,0.288336,0.309253,0.213452,0.120172,0.082095,0.046378,0.076981,0.23906,0.216623,0.702975,0.670871,0.105691,0.153804,0.019295,0.766359,0.569251,0.288635,0.36245,0.268484,0.61188,0.475524,0.391136,0.431454,0.411635,0.574344,0.239989,0.387354,0.303687,0.681184,0.348388,0.548877,0.397147,0.38598,0.376471,0.811775,0.513119,0.407711,0.152979,0.325977,0.739015,0.351696,0.393486,0.385905,0.060124,0.530742,0.223426,0.217248,0.207907,0.082157,0.506953,0.424632,0.244074,0.302525,0.153531,0.66492,0.712953,0.0,0.148603,0.324588,0.578441,0.575076,0.0,0.255576,0.716209,0.586645,0.556294,0.124463,0.357612,0.761031,0.164457,0.559092,0.469712,0.325481,0.637836,0.0,0.563796,0.723463,0.501082,0.706382,0.554328,0.569329,0.094818,0.538045,0.342954,0.653947,0.530938,0.217521,0.392466,0.31173,0.514651,0.523591,0.093187,0.283976,0.123764,0.48183,0.544573,0.059349,0.233039,0.161103,0.485283,0.615436,0.0,0.316697,0.586995,0.475451,0.512784,0.03711,0.311173,0.57855,0.510914,0.480733,0.233832,0.373139,0.567812,0.297226,0.639042,0.491788,0.301609,0.411824,0.347065,0.630464,0.678987,0.545716,0.096905,0.409524,0.581062,0.445668,0.521425,0.358333,0.645216,0.586627,0.272504,0.243644,0.353789,0.607711,0.583506,0.164305,0.250231,0.373983,0.438084,0.566425,0.127707,0.437446,0.233263,0.355977,0.501492,0.0,0.289105,0.525078,0.484327,0.489795,0.079788,0.279654,0.349155,0.386118,0.456898,0.188821,0.242792,0.210057,0.47459,0.632496,0.369074,0.395106,0.170463,0.622805,0.583984,0.294098,0.379941,0.224701,0.51552,0.527662,0.177445,0.396121,0.147424,0.407973,0.599364,0.3006,0.454347,0.237794,0.404609,0.515718,0.048707,0.089177,0.180283,0.307607,0.493641,0.19663,0.223425,0.282435,0.431542,0.516836,0.253459,0.214699,0.104074,0.461725,0.621238,0.210947,0.433271,0.031884,0.391368,0.55636,0.138321,0.284618,0.041165
366.0,108.9,75.7,3.0,7.0,14627.0,14993.0,0.519348,0.372524,0.715941,0.837087,0.549509,0.450724,0.25243,0.766337,0.823079,0.489215,0.386475,0.28396,0.758532,0.837522,0.441607,0.415107,0.4745,0.742497,0.981454,0.527113,0.265082,0.479165,0.818609,0.950141,0.463597,0.46778,0.801148,0.516467,0.892468,0.600825,0.570459,0.81716,0.569935,0.934646,0.474764,0.606776,0.771378,0.633583,0.870453,0.500895,0.450331,0.667405,0.716808,1.0,0.496726,0.158818,0.532273,0.826418,1.0,0.713257,0.188739,0.472372,0.748552,0.928887,0.586214,0.114841,0.425236,0.714401,0.965063,0.316049,0.230914,0.245536,0.598384,0.893779,0.292637,0.409973,0.163779,0.647356,0.726041,0.232253,0.526147,0.787168,0.451423,0.833667,0.708393,0.590622,0.864503,0.435391,0.806702,0.380141,0.754538,0.816591,0.410633,0.669523,0.455738,0.516943,0.685556,0.770325,0.830597,0.664354,0.153564,0.443116,0.829413,0.896425,0.641085,0.428399,0.452928,0.432424,0.887225,0.516091,0.215805,0.381777,0.563021,0.765966,0.334495,0.408657,0.426433,0.54821,0.399035,0.181523,0.416688,0.194767,0.495486,0.56005,0.358995,0.500292,0.903044,0.318693,0.548113,0.358704,0.639882,0.908906,0.293952,0.589757,0.281896,0.533251,0.907504,0.395663,0.490181,0.299605,0.446782,0.765441,0.624583,0.542864,0.423965,0.027019,0.33529,0.919087,0.786304,0.643883,0.668539,0.777859,0.611302,0.603201,0.202339,0.563154,0.563621,0.652521,0.480432,0.100455,0.512624,0.513034,0.628941,0.303482,0.085985,0.452702,0.442959,0.53092,0.305078,0.158007,0.453259,0.893224,0.41396,0.341282,0.0,0.438338,0.980568,0.497069,0.330376,0.0,0.663984,0.98166,0.47987,0.539593,0.26847,0.642453,0.876751,0.614104,0.774029,0.438555,0.572609,0.664558,0.747352,0.989777,0.351985,0.602346,0.681423,0.847567,0.57949,0.422923,0.621527,0.66836,0.783375,0.267318,0.183486,0.464423,0.539167,0.684948,0.306647,0.223167,0.579,0.62381,0.664823,0.400599,0.156675,0.289131,0.810325,0.665873,0.14964,0.123781,0.453047,0.787686,0.701986,0.41255,0.08586,0.518885,0.786574,0.716095,0.551221,0.336193,0.582036,0.635151,0.794847,0.5936,0.326746,0.578673,0.534314,0.769515,0.616682,0.480834,0.373323,0.627455,0.757385,0.388096,0.483739,0.50767,0.580898,0.853292,0.247026,0.160378,0.582299,0.539504,0.696325,0.235509,0.142096,0.51107,0.495016,0.638626,0.289247,0.180752,0.197284,0.655541,0.647464,0.032053,0.140548,0.454024,0.659698,0.650526,0.228537,0.119149,0.371846,0.549774,0.71516,0.234734,0.087377,0.495841,0.574205,0.715276,0.294098,0.178576,0.597928,0.559167,0.736183,0.213473,0.276505,0.542719,0.541121,0.701658,0.156578,0.020568,0.481901,0.523509,0.680464,0.148254,0.184586,0.278607,0.486413,0.485505,0.0,0.0,0.256923,0.499088,0.531439,0.100023,0.086666,0.393181,0.526623,0.610092,0.0,0.152966,0.404151,0.515279,0.532142,0.070335,0.131156,0.354221,0.447349,0.426496,0.0,0.101709
530.0,111.3,75.5,3.0,7.0,14993.0,15523.0,0.884149,0.776006,0.632414,0.657268,0.415795,0.861143,0.747669,0.693575,0.603262,0.446147,0.87162,0.730154,0.744879,0.589901,0.376953,0.818526,0.733953,0.65287,0.818964,0.500013,0.814611,0.711245,0.886514,0.760196,0.585445,0.844612,0.954689,0.774288,0.816147,0.402625,0.902321,0.963217,0.817173,0.814544,0.317759,0.902953,0.898545,0.698875,0.785585,0.284776,0.726328,0.762265,0.738439,0.907837,0.389626,0.608417,0.690677,0.827179,0.899619,0.607301,0.737319,0.59383,0.878019,0.808484,0.573595,0.77868,0.524121,0.846667,0.774195,0.296789,0.779162,0.349315,0.730944,0.686442,0.246211,0.837989,0.299038,0.703903,0.575615,0.190626,0.843078,0.934833,0.924393,0.656642,0.490188,0.893111,0.991896,0.950602,0.694276,0.209201,0.963294,0.909506,0.907402,0.701653,0.216857,0.70788,0.78313,0.962978,0.814959,0.340043,0.446516,0.515995,0.94311,0.774478,0.374511,0.772698,0.187246,0.817705,0.742102,0.35164,0.580893,0.052675,0.798075,0.575041,0.318074,0.779483,0.146727,0.616586,0.331718,0.099848,0.722324,0.0,0.503128,0.368348,0.214162,0.851516,0.99851,0.745882,0.527984,0.473475,0.988451,1.0,0.773939,0.492341,0.289664,0.916544,0.985546,0.727093,0.442924,0.4033,0.785197,0.806404,0.882377,0.474707,0.320595,0.358657,0.344151,0.980699,0.778979,0.616905,0.720446,0.662185,0.691468,0.46205,0.362652,0.584881,0.495622,0.575293,0.498737,0.050266,0.488529,0.284321,0.454362,0.400845,0.05415,0.452704,0.409181,0.361132,0.485614,0.059816,0.782945,0.944893,0.674847,0.537009,0.250421,0.70326,1.0,0.64636,0.361894,0.484117,0.814342,1.0,0.536543,0.473805,0.576713,0.632605,0.841884,0.582448,0.610699,0.781648,0.34001,0.69891,0.766306,0.773339,0.761823,0.474105,0.719981,0.467029,0.252262,0.286292,0.527221,0.673741,0.402323,0.239558,0.167874,0.425058,0.643497,0.252982,0.50836,0.201161,0.563735,0.691242,0.309206,0.525453,0.070346,0.656204,0.883622,0.669478,0.382706,0.36209,0.552046,0.817671,0.500175,0.338943,0.22816,0.561573,0.766921,0.510848,0.493304,0.473223,0.411883,0.693166,0.717734,0.411587,0.407854,0.281954,0.592013,0.774899,0.540786,0.714924,0.173673,0.678333,0.52232,0.185046,0.554975,0.540517,0.697273,0.427969,0.285624,0.33503,0.638383,0.676299,0.276784,0.255219,0.103993,0.609644,0.684106,0.32515,0.378326,0.158421,0.552572,0.800296,0.609906,0.230914,0.332372,0.657241,0.720454,0.465831,0.306292,0.295679,0.5338,0.60176,0.49629,0.245643,0.173038,0.52877,0.72593,0.575676,0.220611,0.302653,0.664664,0.704658,0.422739,0.219525,0.252284,0.662886,0.730798,0.314594,0.232788,0.161577,0.651529,0.698142,0.534708,0.32546,0.098129,0.64428,0.731191,0.553839,0.117335,0.085889,0.606579,0.663536,0.459799,0.140895,0.221093,0.643822,0.635703,0.515746,0.145439,0.199556,0.634723,0.782353,0.483528,0.33934,0.0,0.638615,0.726834,0.48621,0.229383,0.111699
266.0,113.1,90.0,1.0,4.0,15523.0,15789.0,0.862616,0.674722,0.644513,0.630974,0.682714,0.845524,0.682734,0.662393,0.577512,0.729396,0.867057,0.695296,0.617734,0.594554,0.719661,0.77763,0.571822,0.555369,0.796413,0.728247,0.845254,0.698026,0.562359,0.695517,0.769192,0.816604,0.837396,0.794841,0.72879,0.704914,0.823119,0.759526,0.739841,0.772956,0.560759,0.763573,0.569632,0.53274,0.762258,0.596931,0.629752,0.690734,0.490724,0.832556,0.574339,0.624241,0.790742,0.501858,0.853046,0.823757,0.796325,0.698254,0.470167,0.716146,0.800938,0.88219,0.61246,0.29907,0.738033,0.470587,0.878715,0.383568,0.325859,0.661081,0.351171,0.909645,0.301843,0.41887,0.738413,0.414161,0.84685,0.78074,0.862322,0.355356,0.44501,0.791137,0.78924,0.819933,0.509115,0.340916,0.821243,0.688094,0.646929,0.697637,0.328629,0.606376,0.807951,0.624877,0.711043,0.228065,0.605097,0.962176,0.612962,0.629072,0.251367,0.883598,0.765075,0.59604,0.551032,0.486054,0.826661,0.540539,0.641688,0.524057,0.437831,0.923593,0.317293,0.512334,0.45785,0.272749,0.85906,0.046108,0.41437,0.51446,0.411234,0.914837,0.885429,0.684084,0.430485,0.539867,0.975808,0.826453,0.679842,0.462339,0.278342,0.767567,0.750349,0.62267,0.569264,0.440449,0.657002,0.635252,0.601021,0.725019,0.604114,0.610796,0.879814,0.718621,0.44603,0.690086,0.744506,0.671081,0.686744,0.456091,0.420583,0.606738,0.348157,0.640301,0.543822,0.197124,0.570558,0.29619,0.519907,0.441756,0.138514,0.579894,0.494555,0.527251,0.56395,0.221357,0.950181,0.941523,0.653496,0.425789,0.351528,0.943188,0.887356,0.616266,0.292526,0.568972,0.920851,0.828851,0.550264,0.441991,0.442957,0.808096,0.819465,0.614443,0.527872,0.602935,0.616829,0.795477,0.685579,0.660924,0.599355,0.106783,0.664145,0.394641,0.520808,0.224165,0.172881,0.534222,0.525657,0.50079,0.243773,0.196557,0.688026,0.479122,0.571425,0.264435,0.425915,0.778181,0.57778,0.590112,0.221306,0.979536,0.942518,0.716014,0.369011,0.541037,0.986958,0.849342,0.557023,0.326882,0.46897,0.963377,0.843797,0.552989,0.435558,0.520475,0.806241,0.91041,0.61883,0.464534,0.263227,0.644745,0.731367,0.741509,0.589116,0.51561,0.529148,0.785315,0.414301,0.532733,0.375938,0.71969,0.78756,0.291641,0.416256,0.277849,0.633985,0.809394,0.433453,0.371992,0.297235,0.638183,0.848868,0.685334,0.432827,0.189993,0.882007,0.901823,0.673453,0.320594,0.584243,0.973445,0.870822,0.521409,0.318801,0.427715,0.838899,0.842058,0.497632,0.255047,0.18612,0.720395,0.868768,0.493365,0.368419,0.237194,0.80293,0.873719,0.41345,0.42065,0.061449,0.775238,0.894029,0.458705,0.336416,0.212801,0.725397,0.874038,0.739823,0.4376,0.161698,0.82716,0.861462,0.678549,0.240929,0.220509,0.828356,0.838881,0.562695,0.168783,0.33295,0.79084,0.851729,0.668207,0.263522,0.269395,0.767884,0.915665,0.659394,0.442826,0.059497,0.782789,0.909836,0.790104,0.427547,0.24321
299.0,88.7,72.2,4.0,8.0,15789.0,16088.0,0.568418,0.433095,0.419908,0.528685,0.498406,0.49229,0.506019,0.444464,0.548238,0.635922,0.523096,0.558791,0.438885,0.678054,0.762731,0.546024,0.502843,0.381892,0.570082,0.435497,0.636328,0.707767,0.414179,0.733404,0.871678,0.573705,0.622601,0.534156,0.310109,0.47242,0.604105,0.51248,0.490368,0.431734,0.364019,0.599027,0.46997,0.437096,0.480507,0.387005,0.604085,0.729446,0.240221,0.608873,0.47958,0.626239,0.857074,0.077241,0.797263,0.855959,0.676728,0.807417,0.077231,0.758317,0.830587,0.773648,0.763567,0.350034,0.854955,0.608784,0.74744,0.567194,0.422494,0.917483,0.460652,0.774275,0.564681,0.569671,0.909008,0.509146,0.756627,0.589089,0.56953,0.264709,0.502107,0.664747,0.59106,0.516588,0.276095,0.298989,0.70831,0.563511,0.477285,0.365684,0.341736,0.557648,0.77569,0.402431,0.349653,0.515199,0.627891,1.0,0.232117,0.604374,0.672921,0.779599,0.870081,0.580153,0.683609,0.716151,0.772801,0.66902,0.761549,0.602588,0.479409,0.852473,0.593428,0.59895,0.567783,0.377162,0.821451,0.559186,0.556713,0.723913,0.550609,0.879705,0.754406,0.500968,0.098949,0.488812,0.901196,0.654103,0.49139,0.433055,0.433927,0.602844,0.572271,0.598965,0.514811,0.523408,0.45976,0.582503,0.510599,0.580934,0.701093,0.68481,0.917139,0.486567,0.61904,0.545575,0.686302,0.638739,0.698594,0.515426,0.435912,0.680849,0.35073,0.68818,0.62586,0.279269,0.657438,0.492974,0.544251,0.520658,0.234847,0.682531,0.518639,0.493585,0.64756,0.259159,0.934886,0.845021,0.492085,0.277244,0.505952,0.942607,0.806169,0.57913,0.354778,0.622986,0.885433,0.737066,0.548605,0.585849,0.488154,0.773192,0.770908,0.694247,0.647877,0.580716,0.681976,0.750348,0.829402,0.69233,0.521431,0.467287,0.584174,0.602419,0.583288,0.387525,0.399756,0.50531,0.601423,0.542185,0.294931,0.289586,0.589684,0.465984,0.719613,0.40315,0.45246,0.647998,0.467822,0.739236,0.386131,0.969966,0.899875,0.610193,0.396677,0.555272,1.0,0.847808,0.524463,0.506213,0.536272,0.989824,0.875429,0.556849,0.648802,0.577658,0.810322,0.873539,0.900856,0.552033,0.518317,0.67462,0.72869,1.0,0.638147,0.338124,0.575708,0.800052,0.830818,0.617823,0.519013,0.667067,0.774526,0.581485,0.510788,0.586139,0.566527,0.783255,0.503792,0.517305,0.474143,0.58325,0.720803,0.62255,0.61457,0.450674,0.867618,0.863831,0.64164,0.504524,0.540151,0.974465,0.840658,0.533271,0.468876,0.4192,0.821993,0.771904,0.72588,0.450381,0.296509,0.661639,0.777644,0.935861,0.501542,0.33559,0.763939,0.772991,0.741958,0.580449,0.343979,0.686399,0.808012,0.570386,0.571806,0.358379,0.628651,0.788453,0.68493,0.604463,0.328068,0.752894,0.754076,0.554395,0.359357,0.37582,0.776189,0.763355,0.572375,0.338015,0.338479,0.701017,0.733463,0.704253,0.421535,0.313553,0.662043,0.777444,0.687842,0.660757,0.23998,0.669622,0.794091,0.708087,0.562439,0.35545
167.0,87.2,69.0,7.0,2.0,16088.0,16255.0,0.536849,0.526452,0.568009,0.493407,0.515994,0.482855,0.500052,0.537297,0.461012,0.587013,0.50552,0.471089,0.474107,0.436253,0.651689,0.549934,0.547496,0.579952,0.464574,0.445047,0.600829,0.580306,0.406659,0.321749,0.734552,0.353701,0.719968,0.683041,0.555401,0.331155,0.496827,0.6479,0.693954,0.556549,0.284589,0.650108,0.547289,0.670727,0.365198,0.387679,0.693,0.637508,0.528045,0.403285,0.472006,0.739208,0.614964,0.274965,0.452008,0.572779,0.69769,0.549827,0.120308,0.287133,0.714668,0.724826,0.571454,0.397321,0.378065,0.525928,0.666471,0.470313,0.504036,0.393625,0.459051,0.708988,0.524068,0.491302,0.326641,0.492429,0.540977,0.692472,0.832327,0.562505,0.506143,0.641542,0.708223,0.825429,0.600644,0.213991,0.865253,0.515188,0.82819,0.301902,0.261868,0.729206,0.471223,0.759609,0.178454,0.382873,0.75303,0.534032,0.30391,0.440253,0.408902,0.770018,0.421321,0.431383,0.544485,0.623344,0.685605,0.363848,0.608989,0.50349,0.441532,0.771039,0.570899,0.486193,0.200707,0.436352,0.80906,0.592354,0.496294,0.360688,0.55405,0.673628,0.781103,0.791146,0.611045,0.525349,0.75742,0.700977,0.800685,0.664233,0.632701,0.771984,0.695385,0.755688,0.530149,0.504075,0.760178,0.46843,0.851012,0.359012,0.540091,0.68713,0.399425,0.342316,0.678506,0.195724,0.611565,0.427999,0.392516,0.334543,0.449758,0.73093,0.332645,0.434825,0.456519,0.25167,0.674143,0.533634,0.372529,0.336663,0.261906,0.743642,0.573886,0.434556,0.472517,0.274499,0.549572,0.623005,0.773257,0.620195,0.582437,0.467047,0.676397,0.847176,0.643627,0.776907,0.535533,0.586449,0.698923,0.756187,0.68024,0.168942,0.531783,0.681495,0.539324,0.601884,0.580646,0.352,0.780012,0.635252,0.559279,0.537731,0.42757,0.105085,0.206458,0.409546,0.615422,0.555727,0.339437,0.217265,0.339909,0.550138,0.683221,0.480775,0.500932,0.418627,0.594594,0.710695,0.559652,0.606654,0.382508,0.515878,0.606922,0.854655,0.67837,0.710058,0.417131,0.500981,0.845567,0.703094,0.482146,0.534172,0.518626,0.808267,0.822762,0.618452,0.313687,0.565218,0.902812,0.828633,0.550584,0.582102,0.455582,0.923945,0.755707,0.343473,0.449095,0.568327,0.682477,0.619506,0.611806,0.510447,0.643235,0.692983,0.427303,0.614407,0.5452,0.739891,0.651279,0.525037,0.598141,0.623989,0.704886,0.681517,0.66305,0.532226,0.448353,0.581909,0.830219,0.698505,0.568991,0.524663,0.498147,0.76992,0.66413,0.424786,0.361284,0.522365,0.814522,0.630392,0.317591,0.371329,0.570843,0.905844,0.708089,0.413047,0.630693,0.555673,0.760364,0.740262,0.49464,0.589568,0.650139,0.745468,0.704195,0.402702,0.575912,0.679714,0.803568,0.722562,0.359211,0.379106,0.477922,0.688656,0.4688,0.365742,0.357535,0.482306,0.642768,0.415542,0.303163,0.356315,0.42517,0.749354,0.518837,0.31516,0.483087,0.559232,0.769145,0.791047,0.353582,0.456464,0.555047,0.784777,0.641406,0.362369
231.0,91.0,67.9,4.0,3.0,16255.0,16486.0,0.448774,0.322962,0.565929,0.408347,0.382717,0.365639,0.387487,0.589149,0.440984,0.440305,0.274944,0.435669,0.572049,0.467531,0.505904,0.378919,0.34264,0.582809,0.435803,0.375204,0.372633,0.637023,0.537963,0.632671,0.608034,0.383384,0.546239,0.689245,0.674242,0.207682,0.459668,0.395898,0.701448,0.589773,0.160776,0.510905,0.304088,0.626356,0.428964,0.332576,0.472808,0.532364,0.540542,0.470014,0.476881,0.452114,0.583418,0.422677,0.566065,0.645957,0.358821,0.596168,0.436155,0.57552,0.6461,0.385898,0.666055,0.671095,0.72643,0.355578,0.313114,0.657682,0.851708,0.67884,0.495049,0.467723,0.626248,0.818332,0.58293,0.494481,0.643078,0.611176,0.811566,0.64479,0.384598,0.685248,0.557969,0.883501,0.668731,0.077302,0.804812,0.282639,0.839656,0.588334,0.262947,0.589129,0.446825,0.650995,0.40977,0.407738,0.540728,0.631074,0.2493,0.627517,0.164804,0.535503,0.47348,0.501692,0.742816,0.362376,0.421929,0.492654,0.746917,0.678021,0.243378,0.536671,0.657554,0.804977,0.414573,0.39948,0.591484,0.706648,0.86606,0.60851,0.599144,0.841726,0.798458,0.78027,0.716923,0.60237,0.897881,0.705621,0.852332,0.8327,0.439405,0.884432,0.587113,0.808918,0.806505,0.570272,0.723548,0.404385,0.918914,0.571473,0.633276,0.529629,0.605915,0.34844,0.394006,0.501427,0.654858,0.416706,0.719811,0.453468,0.345898,0.716242,0.507945,0.863611,0.563338,0.136115,0.595542,0.693172,0.864414,0.473111,0.264798,0.61484,0.748826,0.943299,0.634441,0.237281,0.765204,0.856843,0.828886,0.710995,0.678433,0.68621,0.778308,0.900904,0.83684,0.835533,0.709061,0.742623,0.720342,0.880182,0.83944,0.453687,0.773602,0.700939,0.68793,0.409157,0.511144,0.464878,0.442297,0.556751,0.416341,0.554491,0.434713,0.606643,0.14566,0.436402,0.668931,0.543507,0.870656,0.310158,0.345952,0.611634,0.733445,0.918678,0.66021,0.378039,0.622853,0.837649,0.929297,0.73668,0.255948,0.691972,0.840956,0.988528,0.692068,0.927716,0.603166,0.723309,0.99618,0.779182,0.643209,0.613613,0.76134,0.92329,0.792841,0.638701,0.459936,0.843511,0.755301,0.579881,0.507372,0.632796,0.62445,0.68675,0.533394,0.433174,0.465864,0.64582,0.724509,0.478538,0.668311,0.613231,0.662701,0.899653,0.484875,0.603334,0.671206,0.774184,0.926922,0.70786,0.76338,0.672212,0.863372,0.977793,0.77965,0.480327,0.64413,0.818256,0.954961,0.405669,0.736006,0.730434,0.807543,0.908186,0.574613,0.46698,0.610984,0.906484,0.881948,0.359072,0.270577,0.612348,0.891074,0.867433,0.480799,0.321378,0.763323,0.886588,0.851802,0.518914,0.485113,0.697764,0.85897,0.933295,0.641124,0.406982,0.641796,0.862537,0.96259,0.724612,0.419587,0.551417,0.815488,0.857645,0.173808,0.357939,0.55128,0.817953,0.741841,0.229059,0.331024,0.558091,0.853282,0.86733,0.306761,0.285259,0.602534,0.924329,0.90627,0.690289,0.323766,0.581939,0.915936,0.880415,0.584377,0.311535
432.0,97.5,79.3,2.0,10.0,16486.0,16918.0,0.567202,0.507494,0.524303,0.293277,0.44462,0.512498,0.576647,0.657238,0.431969,0.435412,0.432517,0.600879,0.656745,0.520348,0.535047,0.540242,0.546835,0.464122,0.187321,0.455206,0.459415,0.727862,0.659573,0.665856,0.59416,0.475583,0.551829,0.531895,0.527975,0.322914,0.576503,0.510974,0.507651,0.423808,0.195962,0.638782,0.502676,0.309914,0.242949,0.35259,0.533026,0.611363,0.335021,0.286575,0.553136,0.40458,0.650532,0.439061,0.478466,0.727721,0.390662,0.707023,0.624721,0.597731,0.68898,0.362792,0.750753,0.834405,0.702071,0.475253,0.385726,0.759734,0.877949,0.609914,0.420527,0.52626,0.763379,0.881839,0.640948,0.448921,0.674115,0.497133,0.6817,0.429811,0.454424,0.678457,0.536076,0.686919,0.591724,0.09115,0.777827,0.438472,0.475176,0.618475,0.200663,0.62089,0.512681,0.094734,0.372653,0.468059,0.452049,0.695154,0.535072,0.5148,0.523306,0.578441,0.754683,0.80931,0.705906,0.437692,0.381327,0.819385,0.895251,0.585686,0.275325,0.457363,0.790584,0.949378,0.444116,0.309522,0.583324,0.782935,0.903888,0.656366,0.518639,0.836618,0.644816,0.78541,0.536729,0.64152,0.811016,0.581228,0.759614,0.821453,0.351999,0.669035,0.555149,0.727489,0.828137,0.533483,0.559402,0.423236,0.610435,0.698858,0.653916,0.653425,0.736529,0.581555,0.397161,0.600854,0.637419,0.943062,0.947864,0.568579,0.299145,0.59924,0.857355,1.0,0.535746,0.231919,0.542316,0.877863,0.988891,0.46406,0.247241,0.511984,0.80503,1.0,0.561867,0.289949,0.709934,0.67645,0.846822,0.656361,0.564721,0.616486,0.612727,0.880053,0.845953,0.640477,0.724264,0.647056,0.674872,0.868953,0.650505,0.68624,0.74743,0.704609,0.761585,0.327131,0.759699,0.569606,0.608144,0.64535,0.098131,0.522471,0.506092,0.746035,0.217351,0.257036,0.516417,0.661255,0.989382,0.514267,0.32037,0.441162,0.774488,1.0,0.699368,0.352179,0.504674,0.854473,1.0,0.657301,0.286647,0.585889,0.725355,0.975622,0.678915,0.6894,0.597999,0.65128,0.961145,0.593995,0.508828,0.722388,0.707981,0.891465,0.668305,0.462942,0.788764,0.770636,0.796688,0.558449,0.33049,0.881903,0.636919,0.667854,0.523784,0.165329,0.644353,0.612646,0.816702,0.621581,0.285909,0.592567,0.583978,1.0,0.635691,0.323069,0.564744,0.70392,1.0,0.683047,0.609906,0.462417,0.734097,1.0,0.713663,0.510059,0.438931,0.74491,0.960981,0.590818,0.529383,0.689261,0.702512,0.905781,0.582857,0.303702,0.57509,0.751458,0.907306,0.472273,0.17749,0.65155,0.765893,0.86432,0.621986,0.198777,0.670959,0.745981,0.963547,0.670022,0.36378,0.551729,0.717064,1.0,0.672539,0.376459,0.416851,0.723841,1.0,0.763698,0.387737,0.401896,0.720028,0.923193,0.444907,0.250782,0.379737,0.708929,0.786767,0.346776,0.23061,0.433039,0.731713,0.899117,0.537857,0.245762,0.42777,0.792425,0.944553,0.855372,0.225598,0.385747,0.795268,0.911134,0.708048,0.349124
166.0,97.2,77.6,6.0,45.0,16918.0,17084.0,0.637948,0.518319,0.422764,0.448826,0.316767,0.577356,0.559278,0.491682,0.36076,0.341099,0.497208,0.525372,0.505881,0.402995,0.503327,0.633066,0.537346,0.388508,0.432291,0.344153,0.499628,0.60935,0.55052,0.406546,0.557129,0.594409,0.66999,0.507781,0.720075,0.365489,0.670125,0.608007,0.441282,0.662203,0.23695,0.740011,0.536896,0.284203,0.46205,0.228215,0.68592,0.593129,0.282289,0.24747,0.429172,0.574134,0.571579,0.41439,0.251562,0.661172,0.553809,0.553472,0.578571,0.372161,0.667118,0.519474,0.545407,0.717942,0.611741,0.463408,0.317888,0.439397,0.741693,0.52593,0.270606,0.42681,0.492001,0.75988,0.487672,0.255173,0.734105,0.547955,0.599477,0.429052,0.490974,0.724075,0.573129,0.606345,0.609011,0.187992,0.838232,0.522642,0.504982,0.652502,0.205659,0.690395,0.559873,0.220255,0.324827,0.246629,0.570344,0.5746,0.643949,0.365694,0.519477,0.640214,0.614145,0.930958,0.772942,0.449941,0.491345,0.619206,0.947872,0.743302,0.271814,0.353585,0.552795,0.846986,0.359912,0.175695,0.418354,0.530381,0.696742,0.443293,0.33777,0.866755,0.550385,0.605416,0.702345,0.511188,0.784731,0.508458,0.698646,0.748254,0.240908,0.588583,0.566437,0.705757,0.831742,0.184499,0.620361,0.471803,0.641193,0.62224,0.515213,0.639601,0.51311,0.643089,0.503618,0.402021,0.560635,0.80179,0.931325,0.494027,0.196093,0.355886,0.534564,0.839347,0.423523,0.150535,0.376663,0.622767,0.797576,0.318074,0.068062,0.479909,0.596193,0.776021,0.450575,0.03635,0.639223,0.174553,0.632962,0.733056,0.407221,0.491875,0.231726,0.725134,0.764021,0.513093,0.628406,0.42526,0.576118,0.768095,0.320479,0.519756,0.535589,0.644861,0.679581,0.40186,0.709513,0.629757,0.512431,0.494207,0.336258,0.22019,0.572285,0.567842,0.129015,0.203719,0.257788,0.481131,0.751288,0.271423,0.184122,0.309923,0.642302,0.717282,0.470981,0.081263,0.479047,0.688919,0.653976,0.38052,0.150707,0.389914,0.271592,0.718232,0.66869,0.646248,0.255586,0.182265,0.618246,0.44323,0.316638,0.555511,0.396186,0.533034,0.494648,0.273606,0.697863,0.637361,0.497377,0.348757,0.172093,0.849608,0.585195,0.449254,0.443601,0.246323,0.544389,0.492314,0.511214,0.41619,0.381004,0.435897,0.403562,0.619715,0.40598,0.222072,0.235657,0.562226,0.64874,0.339217,0.362424,0.331175,0.592709,0.639726,0.353115,0.320044,0.207062,0.301018,0.613355,0.451203,0.221085,0.276612,0.18234,0.547963,0.377414,0.223395,0.26531,0.276955,0.546693,0.315753,0.121989,0.474725,0.523472,0.425665,0.430104,0.148217,0.476061,0.415468,0.519499,0.371378,0.22101,0.333354,0.355521,0.577659,0.407786,0.300388,0.141945,0.449625,0.684535,0.415184,0.299889,0.311505,0.356273,0.643182,0.22348,0.174527,0.191389,0.340123,0.552311,0.19794,0.221638,0.279798,0.357478,0.607927,0.304705,0.156749,0.172455,0.347087,0.575993,0.580396,0.222561,0.229258,0.409064,0.586712,0.363933,0.331412
66.0,97.5,79.0,0.0,0.0,17084.0,17150.0,0.68899,0.415325,0.449505,0.45776,0.25748,0.650252,0.372053,0.372587,0.381525,0.271203,0.612299,0.355317,0.304889,0.407253,0.404981,0.620305,0.41869,0.529705,0.536399,0.300522,0.573876,0.494314,0.453895,0.485991,0.5307,0.536615,0.766837,0.427392,0.501787,0.240396,0.61743,0.677044,0.415585,0.424618,0.152358,0.65745,0.477026,0.493051,0.414574,0.16718,0.64577,0.461934,0.567742,0.448963,0.417365,0.582942,0.284503,0.589599,0.517967,0.563189,0.594932,0.379969,0.576988,0.447641,0.617274,0.586077,0.501318,0.665253,0.546846,0.31988,0.462714,0.535793,0.543058,0.621837,0.215718,0.553879,0.575883,0.392117,0.44202,0.289748,0.576855,0.700885,0.491836,0.185047,0.445941,0.610444,0.684162,0.391519,0.332172,0.123943,0.80469,0.463948,0.316296,0.256215,0.032244,0.644324,0.334213,0.506812,0.069253,0.274769,0.595538,0.385661,0.765067,0.4612,0.566108,0.72538,0.375931,0.857123,0.641808,0.535804,0.7157,0.612714,0.827314,0.683333,0.220903,0.601482,0.702628,0.560937,0.428505,0.174148,0.577689,0.651744,0.38843,0.502889,0.37206,0.586936,0.743836,0.38958,0.683181,0.40444,0.559409,0.654201,0.475217,0.554106,0.074186,0.507582,0.594332,0.518976,0.71745,0.090332,0.709339,0.319242,0.455126,0.328855,0.247723,0.697853,0.412871,0.562803,0.651186,0.459042,0.77317,0.653649,0.618203,0.403669,0.167115,0.560784,0.562334,0.534645,0.382536,0.06944,0.603553,0.765681,0.469473,0.412904,0.060426,0.672066,0.793477,0.458064,0.465928,0.106139,0.363511,0.559153,0.507518,0.705986,0.480425,0.219672,0.442319,0.541043,0.537682,0.507379,0.317105,0.522197,0.39846,0.523255,0.197431,0.308588,0.55744,0.480559,0.538497,0.314069,0.321875,0.296867,0.308239,0.285428,0.474119,0.210314,0.40984,0.583492,0.152293,0.293409,0.654368,0.507537,0.501422,0.240498,0.078491,0.578118,0.70962,0.377209,0.368844,0.032053,0.627376,0.751579,0.254087,0.284471,0.106027,0.416802,0.511488,0.615849,0.60133,0.74658,0.405581,0.152566,0.502665,0.356037,0.242284,0.555922,0.257895,0.495897,0.411834,0.17569,0.501436,0.457491,0.39701,0.269975,0.114481,0.634469,0.447544,0.526191,0.225175,0.0,0.321182,0.387018,0.493027,0.16939,0.458766,0.705407,0.368634,0.400316,0.205083,0.275548,0.680253,0.500969,0.411256,0.138403,0.32171,0.557584,0.635447,0.331973,0.249097,0.190694,0.51204,0.533461,0.548978,0.273357,0.256203,0.49062,0.299031,0.479785,0.225853,0.144392,0.443677,0.308951,0.510791,0.155446,0.034105,0.469585,0.471683,0.414572,0.155313,0.121151,0.676144,0.467712,0.381057,0.088197,0.163722,0.614566,0.392486,0.351274,0.234954,0.161839,0.583644,0.609093,0.468828,0.153305,0.224332,0.577913,0.627167,0.641287,0.060876,0.095551,0.504661,0.558962,0.533621,0.091713,0.141648,0.547902,0.549889,0.524834,0.10525,0.107337,0.540678,0.562358,0.441828,0.262575,0.139017,0.545641,0.660661,0.489851,0.184031,0.293169
104.0,95.3,78.7,3.0,1.0,17150.0,17254.0,0.88266,0.744489,0.460799,0.1583,0.279128,0.870153,0.707277,0.503752,0.122623,0.176405,0.878984,0.758604,0.483728,0.215516,0.220673,0.794891,0.665588,0.447857,0.140836,0.242111,0.783256,0.715824,0.465986,0.348539,0.47742,0.74992,0.786555,0.490769,0.271269,0.337378,0.815728,0.735273,0.41224,0.121381,0.16641,0.785538,0.586251,0.348768,0.094391,0.17256,0.73456,0.659087,0.314869,0.245922,0.340359,0.687737,0.643189,0.256221,0.383279,0.520449,0.719688,0.626136,0.233012,0.24393,0.509933,0.7276,0.677062,0.404963,0.153189,0.265964,0.78504,0.752525,0.47756,0.247057,0.221187,0.881667,0.82907,0.491225,0.282041,0.243338,0.71954,0.460169,0.657762,0.433949,0.518604,0.787884,0.613396,0.629771,0.436478,0.143198,0.91251,0.503624,0.519267,0.401059,0.219909,0.801496,0.523682,0.437419,0.183487,0.457856,0.723782,0.549884,0.436122,0.340631,0.60623,0.853759,0.583036,0.444419,0.424897,0.427949,0.774442,0.642406,0.583244,0.365112,0.212061,0.818948,0.771322,0.441554,0.161652,0.193677,0.777236,0.703897,0.355791,0.206409,0.329591,0.608502,0.415601,0.643048,0.693057,0.631029,0.729508,0.445466,0.719175,0.77755,0.392705,0.649053,0.483847,0.678082,0.832207,0.414077,0.820643,0.338695,0.65165,0.588708,0.4181,0.873514,0.567912,0.446277,0.397857,0.59234,0.855532,0.570293,0.336157,0.196401,0.082877,0.618065,0.502384,0.372524,0.105772,0.030447,0.67533,0.688238,0.420451,0.246811,0.057928,0.709533,0.687882,0.393251,0.119599,0.126986,0.434955,0.383733,0.7137,0.897724,0.437125,0.37189,0.225522,0.754028,0.802655,0.682563,0.297383,0.309158,0.664388,0.850419,0.389717,0.407024,0.297515,0.537779,0.43916,0.374129,0.606815,0.357242,0.237942,0.0,0.584198,0.406059,0.282845,0.389284,0.125664,0.25517,0.760746,0.373382,0.546551,0.19642,0.135718,0.638551,0.605634,0.474131,0.217413,0.145849,0.668425,0.628168,0.426713,0.216041,0.124299,0.593797,0.463613,0.760175,0.899091,0.674945,0.576112,0.260986,0.708751,0.807584,0.503707,0.641175,0.327331,0.763621,0.793199,0.449237,0.613988,0.369581,0.632087,0.459365,0.27635,0.711989,0.315958,0.544444,0.227881,0.046743,0.444985,0.248937,0.476334,0.295424,0.372788,0.72115,0.413993,0.593509,0.35371,0.434607,0.740934,0.472384,0.552212,0.210841,0.351471,0.609497,0.516355,0.468692,0.325547,0.353246,0.654139,0.454008,0.737925,0.905175,0.411576,0.665139,0.317661,0.644607,0.720634,0.24802,0.615706,0.136105,0.699132,0.568682,0.224496,0.575981,0.248231,0.553263,0.489399,0.30406,0.765426,0.30512,0.525494,0.428537,0.154425,0.694657,0.359636,0.5405,0.384023,0.32411,0.679548,0.490485,0.570276,0.451984,0.404241,0.717398,0.436679,0.624317,0.540814,0.260235,0.657591,0.401148,0.570149,0.435741,0.219812,0.659714,0.267555,0.576212,0.478998,0.212452,0.716893,0.382753,0.534153,0.626014,0.3545,0.692659,0.437951,0.558525,0.725232,0.435763
99.0,92.0,78.7,2.0,0.0,963.0,1062.0,0.391921,0.312654,0.472144,0.242614,0.290626,0.37594,0.375732,0.418655,0.210199,0.293525,0.331777,0.390731,0.365343,0.17716,0.266282,0.34295,0.314948,0.471494,0.259956,0.443419,0.348926,0.494206,0.53509,0.253008,0.465594,0.213514,0.450872,0.496254,0.235834,0.333519,0.320233,0.32748,0.482209,0.208106,0.257893,0.459428,0.200213,0.449589,0.261655,0.511719,0.499795,0.522412,0.363268,0.300448,0.537991,0.496193,0.609291,0.419016,0.424562,0.478,0.487147,0.559281,0.416232,0.15631,0.547913,0.424336,0.516108,0.559773,0.252013,0.326838,0.313417,0.39267,0.352608,0.26225,0.234273,0.337588,0.203437,0.43398,0.230287,0.148971,0.35161,0.309744,0.337842,0.047051,0.085578,0.445604,0.252329,0.319575,0.238653,0.110637,0.694467,0.10999,0.263874,0.346588,0.370842,0.619058,0.440284,0.3364,0.22153,0.151941,0.536318,0.586985,0.359517,0.315753,0.12995,0.637121,0.35852,0.459974,0.320572,0.429047,0.563448,0.231777,0.522774,0.277936,0.171567,0.325548,0.246915,0.514727,0.234411,0.057273,0.220235,0.182451,0.414076,0.25457,0.227139,0.555417,0.451147,0.176681,0.302695,0.21316,0.673817,0.331426,0.265627,0.410748,0.373974,0.586878,0.309481,0.385896,0.396019,0.314719,0.61944,0.1681,0.224775,0.230228,0.470835,0.575349,0.468461,0.252251,0.278638,0.435903,0.730595,0.312037,0.427573,0.123945,0.198908,0.53018,0.171433,0.453206,0.265331,0.033965,0.343072,0.263323,0.314385,0.276997,0.010177,0.341409,0.447141,0.364721,0.369009,0.172698,0.52881,0.458688,0.347567,0.546145,0.516424,0.497045,0.378426,0.34584,0.358137,0.667409,0.633339,0.535962,0.262945,0.326056,0.602164,0.377727,0.490478,0.478207,0.053565,0.291989,0.492246,0.567996,0.322999,0.331259,0.71115,0.399055,0.671662,0.371838,0.327097,0.396301,0.458234,0.607979,0.363312,0.199559,0.252799,0.352922,0.575464,0.284201,0.372294,0.079373,0.330211,0.696064,0.30671,0.356954,0.141901,0.478682,0.486593,0.594393,0.469388,0.684917,0.420859,0.401025,0.5164,0.383165,0.403115,0.524483,0.412052,0.47751,0.392939,0.426418,0.336425,0.466219,0.270238,0.027193,0.330612,0.416385,0.499709,0.408829,0.277702,0.276342,0.385738,0.599645,0.297692,0.270942,0.502124,0.49783,0.634565,0.244451,0.200847,0.440519,0.518713,0.632096,0.234048,0.24113,0.354872,0.428518,0.614311,0.284434,0.348864,0.219765,0.392955,0.496276,0.63903,0.36283,0.579529,0.504615,0.457483,0.473262,0.236281,0.348483,0.415707,0.394324,0.454862,0.174517,0.233209,0.48667,0.532494,0.317648,0.128536,0.248508,0.611716,0.523391,0.338647,0.243787,0.253082,0.508459,0.586278,0.200243,0.334593,0.214254,0.388484,0.602953,0.400879,0.444689,0.195259,0.400672,0.483561,0.516785,0.256289,0.31398,0.371758,0.469004,0.450821,0.224397,0.367096,0.459406,0.454478,0.499466,0.288821,0.267435,0.445246,0.558577,0.372114,0.400731,0.148311,0.366084,0.53831,0.419259,0.32411,0.22401
99.0,96.0,79.7,1.0,0.0,17254.0,17353.0,0.846029,0.577743,0.523204,0.430723,0.506257,0.832081,0.511599,0.57397,0.38853,0.449637,0.835948,0.560098,0.575081,0.281204,0.393576,0.755139,0.466334,0.415999,0.302081,0.415523,0.746633,0.473397,0.493112,0.325922,0.598833,0.675615,0.755146,0.600546,0.696878,0.641308,0.720757,0.69794,0.463333,0.553864,0.427983,0.715921,0.437295,0.314649,0.291788,0.336979,0.715114,0.477773,0.18551,0.181373,0.349583,0.702728,0.357841,0.120223,0.291415,0.375833,0.678887,0.275256,0.253526,0.173056,0.431001,0.678574,0.312112,0.464463,0.224355,0.323765,0.766024,0.496349,0.336617,0.051566,0.306596,0.867046,0.597677,0.372875,0.194834,0.338215,0.614934,0.601238,0.702854,0.678064,0.65302,0.645546,0.663216,0.706739,0.768996,0.344153,0.798524,0.558388,0.587285,0.579637,0.385658,0.739002,0.485928,0.54683,0.166142,0.326275,0.753691,0.271689,0.329464,0.106931,0.439938,0.807417,0.305979,0.422448,0.308483,0.231922,0.66442,0.196681,0.51689,0.151593,0.157853,0.729744,0.43241,0.36236,0.079961,0.219141,0.723838,0.454548,0.187586,0.139775,0.300594,0.572248,0.617986,0.78811,0.953289,0.786211,0.686569,0.685743,0.776383,0.97762,0.704996,0.448563,0.641617,0.719726,0.91517,0.658235,0.585021,0.501163,0.72361,0.58558,0.508448,0.795133,0.165416,0.470669,0.131889,0.321741,0.692413,0.362244,0.509757,0.102546,0.170068,0.343914,0.0,0.527387,0.197787,0.121448,0.575391,0.235839,0.338756,0.262055,0.152775,0.589789,0.303551,0.223127,0.248216,0.308677,0.601883,0.585536,0.74069,1.0,0.588953,0.540569,0.652403,0.820288,1.0,0.88419,0.695452,0.664276,0.76951,1.0,0.675648,0.667222,0.450657,0.629721,0.603775,0.503452,0.648977,0.347768,0.508736,0.154225,0.406509,0.229952,0.239938,0.408711,0.184297,0.054215,0.520209,0.340278,0.476303,0.250318,0.247489,0.482604,0.437822,0.361053,0.319602,0.352865,0.52149,0.411076,0.330388,0.384181,0.336023,0.689203,0.661162,0.779284,1.0,0.650926,0.647581,0.567695,0.751882,1.0,0.526257,0.629315,0.596784,0.840205,1.0,0.496316,0.691117,0.580971,0.800485,0.589882,0.373839,0.744768,0.450429,0.655882,0.413227,0.244207,0.413519,0.389886,0.375798,0.268741,0.339815,0.472365,0.334993,0.426058,0.315901,0.647595,0.524831,0.406807,0.425579,0.383374,0.503237,0.505689,0.423654,0.368601,0.472469,0.527148,0.623251,0.601699,0.719605,1.0,0.455395,0.650231,0.564228,0.659549,0.908186,0.219302,0.621043,0.585355,0.728151,0.734797,0.208641,0.693118,0.556289,0.515373,0.582747,0.311347,0.722041,0.546099,0.384008,0.522297,0.289307,0.618751,0.477285,0.36349,0.531371,0.434053,0.581048,0.543473,0.456491,0.604982,0.455987,0.675845,0.534726,0.467851,0.538485,0.313302,0.627098,0.574496,0.531023,0.478851,0.244402,0.660992,0.555093,0.500777,0.568343,0.277141,0.651602,0.539387,0.336325,0.707312,0.458298,0.644845,0.576557,0.482891,0.745891,0.540464
99.0,97.0,81.0,0.0,2.0,17353.0,17452.0,0.516535,0.262016,0.086023,0.430177,0.452168,0.500987,0.185549,0.145472,0.389343,0.417165,0.467532,0.148049,0.19443,0.405578,0.439969,0.480045,0.305211,0.091208,0.413039,0.363584,0.518003,0.2491,0.238973,0.555094,0.502961,0.252741,0.629367,0.367806,0.675681,0.606054,0.29957,0.546727,0.275322,0.530112,0.402446,0.556883,0.422739,0.242738,0.374468,0.282784,0.648336,0.494204,0.152958,0.305314,0.126712,0.667539,0.442084,0.145681,0.503342,0.202623,0.543163,0.192187,0.091706,0.396162,0.365067,0.518829,0.160605,0.311924,0.35391,0.28461,0.535196,0.322539,0.372179,0.385338,0.374222,0.601268,0.177254,0.468339,0.356709,0.401949,0.356055,0.417588,0.486366,0.574219,0.642446,0.375622,0.516243,0.559319,0.709109,0.332934,0.746397,0.441693,0.550861,0.565934,0.374822,0.708068,0.42505,0.50109,0.330271,0.292578,0.696569,0.368769,0.515597,0.445002,0.207745,0.642536,0.247309,0.529353,0.400243,0.232297,0.524585,0.179984,0.654575,0.360411,0.148417,0.500688,0.348413,0.503432,0.318502,0.19347,0.57389,0.350984,0.33955,0.414785,0.359481,0.5633,0.518092,0.629796,0.722853,0.649525,0.71699,0.560129,0.701532,0.809988,0.585697,0.686553,0.547857,0.739747,0.762375,0.575776,0.724932,0.372046,0.798909,0.542327,0.597991,0.582093,0.44375,0.468038,0.552429,0.572903,0.751981,0.584945,0.686889,0.293473,0.260121,0.485329,0.144791,0.651843,0.389575,0.214277,0.57053,0.291468,0.487116,0.394817,0.14536,0.6257,0.428605,0.384539,0.395306,0.271901,0.612382,0.359092,0.622847,0.687019,0.58671,0.643351,0.481464,0.746342,0.757377,0.742982,0.80728,0.572207,0.728014,0.762135,0.677689,0.71319,0.580366,0.762966,0.624417,0.343651,0.48836,0.32518,0.548458,0.570336,0.407066,0.535967,0.35094,0.559206,0.421371,0.314697,0.607903,0.474648,0.570447,0.515032,0.253728,0.446172,0.562766,0.439168,0.533279,0.211224,0.473205,0.577296,0.420018,0.485669,0.260887,0.673731,0.477966,0.706095,0.728464,0.479332,0.658771,0.397469,0.758118,0.821066,0.424579,0.697887,0.524694,0.840758,0.884135,0.60643,0.593904,0.639834,0.835305,0.60084,0.563103,0.572206,0.597175,0.664716,0.623349,0.497919,0.160445,0.612176,0.539437,0.519418,0.618725,0.372399,0.604938,0.499631,0.380566,0.515959,0.408942,0.636523,0.424565,0.438051,0.344745,0.330825,0.596289,0.448618,0.523812,0.279311,0.527438,0.478083,0.690959,0.742553,0.423352,0.627639,0.466954,0.710776,1.0,0.641636,0.495548,0.649109,0.780281,0.990859,0.747238,0.535216,0.755653,0.595505,0.856518,0.652259,0.53195,0.741823,0.510377,0.726189,0.464588,0.450356,0.704756,0.459446,0.617576,0.250781,0.415736,0.697814,0.564441,0.658489,0.263801,0.585091,0.593609,0.521633,0.462104,0.623971,0.475014,0.580656,0.64172,0.813952,0.777271,0.488978,0.605766,0.600599,0.896166,0.788315,0.354574,0.680077,0.427778,0.748781,0.297494,0.429811,0.692208,0.527413,0.68445,0.62954
133.0,99.5,82.8,2.0,1.0,17452.0,17585.0,0.463272,0.415459,0.133817,0.256658,0.473496,0.443086,0.462348,0.226029,0.204849,0.45063,0.481976,0.50852,0.302344,0.305453,0.461591,0.438579,0.495442,0.22509,0.299752,0.450173,0.521719,0.668035,0.291663,0.465413,0.516,0.360603,0.679467,0.281417,0.560597,0.606049,0.433476,0.623063,0.232461,0.491319,0.48255,0.581678,0.548656,0.317773,0.384552,0.391527,0.644892,0.683472,0.220877,0.276716,0.314663,0.658423,0.777699,0.149503,0.472336,0.312637,0.598689,0.733395,0.237406,0.411438,0.401908,0.56156,0.648284,0.451555,0.317931,0.333406,0.6438,0.567685,0.463858,0.421578,0.381291,0.717498,0.406325,0.459468,0.396868,0.378606,0.525959,0.54306,0.471306,0.693734,0.469186,0.57066,0.651614,0.371461,0.722932,0.350918,0.837205,0.625409,0.374585,0.663206,0.479607,0.766936,0.646623,0.363283,0.399037,0.511624,0.65606,0.674203,0.372705,0.533077,0.297043,0.63686,0.65175,0.464495,0.620828,0.298608,0.506964,0.606911,0.674427,0.538341,0.231511,0.697375,0.6432,0.557816,0.311716,0.233928,0.757188,0.583761,0.439105,0.405128,0.354813,0.693805,0.654428,0.551244,0.553956,0.63101,0.769117,0.583482,0.554437,0.847659,0.53162,0.775262,0.539359,0.567998,0.793242,0.566017,0.842023,0.403239,0.60217,0.827938,0.745882,0.430547,0.564473,0.541673,0.831587,0.700984,0.691731,0.781989,0.635372,0.472335,0.275011,0.622013,0.712666,0.609597,0.495503,0.056653,0.665139,0.690804,0.538415,0.390718,0.01778,0.756506,0.623638,0.505552,0.394855,0.176453,0.706906,0.673486,0.67672,0.766641,0.389514,0.723628,0.655539,0.76188,0.658996,0.598813,0.738544,0.633388,0.675763,0.82799,0.818656,0.476556,0.762203,0.773394,0.593473,0.572792,0.656,0.783548,0.522593,0.752323,0.528274,0.519143,0.393495,0.679589,0.668051,0.456576,0.563766,0.567076,0.715526,0.633571,0.219575,0.521706,0.626201,0.590931,0.574868,0.008751,0.570053,0.635953,0.562441,0.52252,0.245463,0.773144,0.819587,0.799179,0.660636,0.395382,0.82144,0.799047,0.800133,0.732941,0.474123,0.833761,0.808676,0.786506,0.813087,0.648332,0.697094,1.0,0.877177,0.691197,0.613187,0.621655,0.800698,0.727807,0.741493,0.566136,0.210927,0.693264,0.620865,0.633788,0.670654,0.377534,0.668098,0.728407,0.326542,0.385502,0.408739,0.669295,0.646707,0.453631,0.211422,0.358919,0.640945,0.657982,0.530119,0.327736,0.666549,0.80958,0.764203,0.610782,0.405765,0.811247,0.74767,0.756396,0.92217,0.672211,0.682602,0.79343,0.809473,0.950202,0.770988,0.476605,0.855284,0.70175,0.91302,0.700533,0.39614,0.804372,0.618886,0.677934,0.448208,0.436449,0.789628,0.633683,0.496085,0.211216,0.373565,0.754191,0.7214,0.485395,0.119801,0.645428,0.820715,0.789108,0.446152,0.643391,0.560565,0.701242,0.704981,0.795986,0.796782,0.480793,0.75388,0.755168,0.87773,0.802658,0.333611,0.752424,0.637572,0.623026,0.111035,0.39172,0.823483,0.723065,0.498299,0.486128
199.0,100.8,84.0,2.0,1.0,17585.0,17784.0,0.511702,0.549191,0.232713,0.325492,0.572452,0.537027,0.618612,0.362985,0.400082,0.590909,0.579169,0.666265,0.420582,0.480468,0.643398,0.392991,0.547052,0.320774,0.286712,0.551883,0.554216,0.778887,0.372239,0.547449,0.675422,0.273935,0.606866,0.392746,0.649838,0.541587,0.336292,0.579267,0.347119,0.553203,0.45851,0.405619,0.51966,0.370978,0.249981,0.401946,0.512178,0.695253,0.309573,0.127596,0.376375,0.552376,0.767181,0.267348,0.387113,0.538075,0.582294,0.803245,0.392906,0.488898,0.586046,0.603693,0.820006,0.638584,0.702934,0.484019,0.709372,0.800872,0.673275,0.697505,0.389387,0.78654,0.787727,0.666632,0.682561,0.476307,0.495651,0.476273,0.556768,0.616471,0.458396,0.518433,0.614616,0.471058,0.706616,0.271065,0.714323,0.635132,0.295111,0.584382,0.205115,0.606509,0.690692,0.313816,0.232554,0.297649,0.556067,0.778672,0.173933,0.268558,0.215762,0.710576,0.762403,0.467537,0.895467,0.253504,0.641808,0.829447,0.672256,0.881469,0.226587,0.804303,0.87331,0.581329,0.576826,0.243089,0.853161,0.849138,0.62059,0.646899,0.348951,0.717732,0.54356,0.614615,0.67522,0.734758,0.747157,0.522,0.550354,0.856228,0.312957,0.69182,0.53796,0.454066,0.781951,0.296134,0.725138,0.564144,0.466161,0.682651,0.520153,0.390011,0.679009,0.430107,0.475397,0.458248,0.585112,0.743861,0.695106,0.91681,0.240454,0.636779,0.773712,0.615657,0.865153,0.099552,0.798367,0.8758,0.562276,0.544069,0.147841,0.804892,0.814699,0.465349,0.527586,0.286532,0.730856,0.60929,0.740744,0.87134,0.249129,0.709417,0.526774,0.704295,0.695153,0.451744,0.749996,0.413645,0.546706,0.808488,0.362801,0.521022,0.552281,0.624189,0.7489,0.410425,0.620258,0.680246,0.78192,0.726192,0.450204,0.325513,0.355242,0.611224,0.706901,0.417088,0.617557,0.54671,0.653043,0.732825,0.262884,0.597897,0.659885,0.496583,0.675129,0.169166,0.617005,0.661191,0.413524,0.583653,0.273747,0.74895,0.776197,0.818215,0.750334,0.312341,0.791171,0.760716,0.767089,0.698989,0.245879,0.782153,0.696361,0.762617,0.729314,0.421227,0.673906,0.775534,0.873621,0.645173,0.372166,0.589921,0.724941,0.815027,0.687486,0.177565,0.345879,0.613658,0.61846,0.572181,0.152852,0.588862,0.503858,0.556473,0.21371,0.337893,0.508225,0.522255,0.472103,0.371142,0.283496,0.464591,0.533256,0.518689,0.472168,0.251965,0.637101,0.725356,0.806004,0.697884,0.132804,0.789263,0.730976,0.744651,0.660669,0.157894,0.701679,0.736482,0.793598,0.568491,0.195479,0.625082,0.720173,0.751022,0.694123,0.253991,0.607904,0.612986,0.548881,0.554472,0.06855,0.564371,0.573953,0.495522,0.394538,0.096616,0.489179,0.558034,0.589015,0.394342,0.151968,0.628645,0.692956,0.871759,0.54059,0.255901,0.565978,0.670186,0.66264,0.359815,0.27801,0.550348,0.651382,0.723964,0.476019,0.364537,0.463333,0.63113,0.610461,0.550913,0.061085,0.469128,0.614911,0.682265,0.519741,0.247487
66.0,104.0,86.0,1.0,0.0,17784.0,17850.0,0.473435,0.389893,0.571491,0.426572,0.419162,0.464116,0.447253,0.66728,0.529778,0.412929,0.45715,0.50396,0.702489,0.635712,0.464748,0.358736,0.384284,0.587547,0.374441,0.356539,0.426186,0.647614,0.721615,0.625381,0.578571,0.0,0.480918,0.553588,0.397212,0.341662,0.033747,0.461989,0.51939,0.34027,0.277598,0.282813,0.403099,0.516701,0.15589,0.254182,0.399376,0.579762,0.559802,0.309574,0.262599,0.426101,0.628694,0.665848,0.593812,0.457298,0.42669,0.646639,0.76014,0.627722,0.579687,0.536939,0.658965,0.875422,0.869222,0.42854,0.569309,0.659745,0.854431,0.782061,0.312468,0.655597,0.610182,0.836846,0.765382,0.382035,0.188785,0.152329,0.612861,0.360422,0.483604,0.131661,0.412285,0.578689,0.434998,0.208882,0.418949,0.498344,0.41714,0.459921,0.043519,0.227865,0.549972,0.508796,0.19377,0.274666,0.298407,0.627091,0.42154,0.522068,0.109963,0.62504,0.66157,0.745453,0.88416,0.482971,0.558637,0.686397,0.754202,0.878103,0.369548,0.614357,0.721437,0.691302,0.588431,0.248626,0.592377,0.657432,0.71464,0.705755,0.277937,0.487517,0.30339,0.507176,0.428796,0.627063,0.53467,0.39566,0.504745,0.610004,0.279239,0.481022,0.505201,0.421946,0.7069,0.423942,0.464258,0.5427,0.252415,0.701,0.58887,0.404788,0.646929,0.070253,0.169741,0.322856,0.558715,0.753787,0.725808,0.914666,0.378268,0.34172,0.508476,0.739662,0.858706,0.168473,0.460665,0.637364,0.723062,0.578252,0.124593,0.517789,0.573614,0.608148,0.524606,0.223398,0.465927,0.229677,0.565133,0.610224,0.284917,0.468949,0.30206,0.486097,0.618437,0.474883,0.644413,0.305608,0.306905,0.814179,0.675362,0.585286,0.327808,0.403279,0.833655,0.564157,0.391496,0.702611,0.64977,0.616098,0.411241,0.249681,0.42638,0.524837,0.6294,0.338087,0.266787,0.520436,0.699027,0.673094,0.239955,0.31213,0.511533,0.549562,0.663481,0.181775,0.386608,0.538418,0.46125,0.658236,0.233199,0.267572,0.426442,0.651128,0.654877,0.408949,0.239351,0.336072,0.538065,0.658754,0.389899,0.384293,0.336782,0.417547,0.706307,0.464889,0.431903,0.616891,0.546056,0.593067,0.33859,0.444311,0.773404,0.676392,0.46159,0.225378,0.246546,0.690502,0.501475,0.449701,0.263442,0.277684,0.510115,0.329346,0.443676,0.37018,0.194703,0.535779,0.202793,0.479263,0.2402,0.102472,0.528306,0.327635,0.581769,0.227419,0.08408,0.443454,0.638154,0.571749,0.26984,0.340024,0.400569,0.514144,0.58139,0.170929,0.256758,0.459294,0.5641,0.523703,0.05104,0.406447,0.698716,0.544095,0.584326,0.191519,0.375792,0.548612,0.395009,0.616409,0.239668,0.201257,0.490227,0.224925,0.528979,0.241974,0.091658,0.519581,0.330951,0.624667,0.301664,0.251879,0.514904,0.531141,0.378605,0.298335,0.028834,0.447566,0.502818,0.279304,0.210017,0.155181,0.398912,0.429497,0.43548,0.221323,0.139575,0.523623,0.407401,0.607465,0.149291,0.0,0.40424,0.36739,0.501089,0.23972
197.0,103.5,87.5,4.0,2.0,17850.0,18047.0,0.388899,0.062839,0.448953,0.377718,0.278642,0.279618,0.039277,0.470812,0.387456,0.307912,0.200905,0.144998,0.500163,0.470848,0.320371,0.285581,0.139602,0.460971,0.372146,0.249727,0.246256,0.359356,0.552111,0.574412,0.484803,0.179815,0.481259,0.531945,0.466803,0.337244,0.194978,0.397382,0.482306,0.320936,0.260425,0.28051,0.274937,0.400048,0.250989,0.335579,0.343128,0.484836,0.321267,0.447733,0.343408,0.38283,0.48554,0.434969,0.787816,0.478394,0.384451,0.390213,0.478167,0.735646,0.464584,0.406224,0.338818,0.62391,0.814372,0.279651,0.297927,0.340498,0.639194,0.693094,0.228806,0.377196,0.090587,0.694589,0.612396,0.23523,0.222199,0.305747,0.703248,0.385331,0.567049,0.112955,0.372068,0.612916,0.315417,0.270626,0.375397,0.29772,0.482951,0.478197,0.347153,0.259479,0.397138,0.347039,0.315638,0.459335,0.362752,0.473298,0.150939,0.524903,0.436799,0.628972,0.500413,0.372579,0.626464,0.373183,0.49845,0.408855,0.525314,0.57324,0.305601,0.394328,0.376096,0.604297,0.398034,0.218403,0.342687,0.249387,0.507925,0.514561,0.196642,0.373968,0.48178,0.563381,0.382633,0.462489,0.392115,0.462771,0.613463,0.547661,0.438655,0.237118,0.507761,0.651657,0.621087,0.507083,0.195828,0.269667,0.501391,0.582029,0.628721,0.451045,0.493238,0.12446,0.488383,0.56002,0.613649,0.63745,0.512741,0.403098,0.28238,0.281689,0.306641,0.523927,0.567959,0.142247,0.101484,0.306473,0.568665,0.495079,0.109102,0.185448,0.307157,0.483351,0.614109,0.230503,0.47407,0.336473,0.586905,0.378867,0.326561,0.458195,0.463898,0.590351,0.426007,0.707455,0.660199,0.557211,0.440064,0.585313,0.708392,0.707536,0.62366,0.568173,0.594598,0.575647,0.541329,0.572878,0.298954,0.472225,0.406132,0.327081,0.429388,0.527372,0.428624,0.332796,0.297468,0.548671,0.609949,0.444442,0.129769,0.174404,0.462257,0.421182,0.60572,0.251832,0.334125,0.494635,0.460595,0.719566,0.296525,0.352456,0.239644,0.645291,0.351441,0.458744,0.55835,0.273942,0.627236,0.401904,0.562532,0.638124,0.315435,0.559757,0.440578,0.431655,0.687083,0.513169,0.604722,0.436581,0.264762,0.722452,0.624741,0.744527,0.424121,0.458194,0.591272,0.631581,0.608652,0.408216,0.556704,0.569969,0.420204,0.4605,0.516604,0.347342,0.476052,0.456557,0.329255,0.526705,0.307938,0.267307,0.522653,0.338068,0.62065,0.31627,0.322141,0.201669,0.632368,0.149449,0.49145,0.533023,0.149537,0.525287,0.286618,0.264995,0.468071,0.19092,0.576221,0.319872,0.218856,0.612042,0.558523,0.559099,0.458695,0.280916,0.566311,0.446495,0.484888,0.559068,0.354176,0.524399,0.424602,0.303551,0.551078,0.258004,0.324844,0.462129,0.378806,0.715028,0.358194,0.367358,0.282097,0.330571,0.223236,0.282971,0.237409,0.237825,0.446988,0.169116,0.292339,0.372368,0.274478,0.385983,0.355169,0.17996,0.396639,0.396401,0.367267,0.625385,0.225792,0.257456,0.320554,0.383306,0.438621,0.287783
399.0,99.0,74.2,6.0,5.0,18047.0,18446.0,0.510351,0.50963,0.23194,0.458158,0.407201,0.437079,0.449203,0.304899,0.552906,0.381596,0.428821,0.476999,0.342885,0.513034,0.383406,0.399861,0.548974,0.209312,0.483258,0.292633,0.415677,0.59625,0.421812,0.592248,0.440569,0.325299,0.748821,0.434276,0.511169,0.414381,0.40653,0.706627,0.423482,0.398465,0.310713,0.437231,0.656715,0.218074,0.366752,0.355081,0.358444,0.606964,0.065757,0.494306,0.402973,0.210354,0.533352,0.113509,0.777653,0.506825,0.265575,0.486894,0.210109,0.748524,0.43066,0.329877,0.541881,0.603691,0.727432,0.261517,0.428289,0.531936,0.531053,0.729474,0.267481,0.421436,0.460025,0.510359,0.646413,0.276298,0.246909,0.5154,0.56213,0.287634,0.530738,0.273342,0.602295,0.534149,0.236952,0.189722,0.518957,0.541634,0.505749,0.300083,0.328651,0.411528,0.58591,0.353242,0.451591,0.512752,0.295486,0.600159,0.361933,0.619993,0.589063,0.405359,0.568407,0.51909,0.802512,0.287132,0.329245,0.575663,0.631801,0.644781,0.094589,0.469584,0.592103,0.494467,0.472597,0.158021,0.526707,0.518582,0.367835,0.534346,0.231809,0.253854,0.492393,0.429146,0.49741,0.551157,0.362881,0.435989,0.489361,0.459856,0.319926,0.213767,0.52207,0.623147,0.558488,0.452406,0.383042,0.391222,0.596909,0.422083,0.535451,0.0,0.568133,0.462736,0.857297,0.658767,0.258607,0.707153,0.674925,0.68483,0.239412,0.494332,0.59368,0.688973,0.757704,0.179432,0.421265,0.61036,0.494883,0.505005,0.173302,0.41369,0.583564,0.464449,0.60944,0.200832,0.364228,0.400942,0.472125,0.428945,0.384916,0.354177,0.398578,0.437405,0.210474,0.514315,0.600133,0.563943,0.384715,0.317995,0.346021,0.617894,0.602799,0.621129,0.549612,0.350083,0.408872,0.49136,0.529495,0.599665,0.507707,0.37136,0.37615,0.42112,0.279483,0.402476,0.623087,0.53994,0.555711,0.47281,0.293197,0.395318,0.583632,0.442709,0.576572,0.436539,0.4014,0.612936,0.288227,0.684523,0.259926,0.275322,0.431303,0.550169,0.352342,0.333481,0.553047,0.437363,0.440728,0.226393,0.290717,0.630514,0.472156,0.488085,0.28249,0.308715,0.634603,0.759772,0.658592,0.340133,0.237872,0.648238,0.756456,0.737633,0.558412,0.514282,0.615029,0.676581,0.537376,0.29842,0.706429,0.604394,0.387373,0.44518,0.206681,0.615684,0.512891,0.421636,0.32736,0.361099,0.502874,0.366035,0.472762,0.352314,0.513749,0.440402,0.264971,0.469802,0.558188,0.236936,0.267099,0.497524,0.389615,0.455805,0.289475,0.170164,0.420363,0.51495,0.518514,0.164653,0.154931,0.575066,0.70925,0.51376,0.299705,0.208938,0.606673,0.513947,0.470219,0.294686,0.257186,0.535934,0.359454,0.365224,0.366239,0.316043,0.362102,0.421846,0.439799,0.53077,0.380233,0.287636,0.347436,0.453056,0.251496,0.202739,0.191379,0.463986,0.481586,0.194268,0.237784,0.357196,0.391343,0.442544,0.242957,0.161894,0.369797,0.377043,0.360127,0.358956,0.13692,0.269338,0.395253,0.390526,0.278742,0.236721
98.0,99.0,82.3,0.0,8.0,18446.0,18544.0,0.513975,0.543473,0.433096,0.467085,0.394612,0.422143,0.509816,0.488172,0.469575,0.365134,0.410879,0.53829,0.446849,0.362197,0.387594,0.426534,0.558492,0.487718,0.518182,0.276185,0.430046,0.644502,0.530965,0.411264,0.40774,0.464182,0.775069,0.560177,0.627753,0.418184,0.538896,0.700529,0.55874,0.603714,0.232516,0.507991,0.591691,0.48576,0.546963,0.238295,0.33325,0.545997,0.465571,0.580329,0.1294,0.13346,0.533143,0.474863,0.639587,0.171554,0.217288,0.546098,0.476876,0.481643,0.413354,0.353408,0.583094,0.618056,0.268185,0.112455,0.581797,0.607054,0.597904,0.411445,0.245638,0.642312,0.623773,0.576937,0.468634,0.331178,0.471022,0.664392,0.579808,0.537082,0.523702,0.533591,0.652862,0.580595,0.571173,0.188558,0.592894,0.399051,0.560853,0.564415,0.201833,0.291524,0.549518,0.608604,0.6655,0.243504,0.094471,0.664134,0.635567,0.664268,0.301376,0.226889,0.640982,0.542344,0.574428,0.202198,0.101452,0.614879,0.600995,0.23955,0.144748,0.688122,0.63958,0.59118,0.29461,0.294496,0.756617,0.589458,0.534567,0.487415,0.392847,0.557384,0.744222,0.481307,0.700644,0.556078,0.637159,0.668289,0.471598,0.664257,0.32601,0.455338,0.556362,0.48293,0.599638,0.355108,0.403562,0.366331,0.622995,0.420776,0.371677,0.096788,0.740682,0.362561,0.55274,0.5128,0.224776,0.7221,0.637108,0.350254,0.279981,0.651458,0.527544,0.707396,0.505665,0.217083,0.691417,0.589999,0.614331,0.376116,0.186504,0.677817,0.526836,0.629092,0.474288,0.106469,0.547503,0.70631,0.516779,0.687448,0.300968,0.447631,0.720208,0.447483,0.534472,0.340414,0.626619,0.671844,0.364128,0.514302,0.293962,0.413198,0.733408,0.439198,0.343115,0.473017,0.298176,0.607387,0.344148,0.637183,0.547171,0.261873,0.185216,0.459665,0.424036,0.380917,0.633318,0.135358,0.705932,0.481155,0.254344,0.46851,0.299009,0.639848,0.480795,0.367873,0.491622,0.446075,0.539934,0.507194,0.162368,0.358063,0.670723,0.564908,0.629548,0.152379,0.403293,0.606706,0.354955,0.437726,0.141417,0.478509,0.607826,0.34123,0.528599,0.179842,0.356784,0.760476,0.421768,0.369688,0.064146,0.269443,0.761571,0.547199,0.529817,0.394462,0.198151,0.602919,0.111615,0.477647,0.45777,0.117225,0.023766,0.430684,0.268991,0.609043,0.108172,0.0,0.429844,0.29312,0.467272,0.090859,0.143867,0.493398,0.443076,0.372649,0.199918,0.586583,0.516484,0.565203,0.065977,0.322278,0.487136,0.35326,0.508156,0.064854,0.222606,0.525163,0.352258,0.305899,0.044947,0.282604,0.68107,0.311774,0.423812,0.099824,0.249349,0.369234,0.269393,0.42642,0.16461,0.152191,0.077664,0.384291,0.429877,0.226965,0.0,0.198944,0.523583,0.447202,0.210677,0.193796,0.394968,0.333683,0.390811,0.243427,0.130761,0.475408,0.386129,0.304881,0.068549,0.228309,0.358577,0.39853,0.299639,0.203495,0.0,0.202927,0.40881,0.467553,0.085821,0.035668,0.28206,0.431392,0.37621,0.042962
166.0,100.6,84.2,1.0,4.0,18544.0,18710.0,0.566989,0.412793,0.376285,0.341281,0.358525,0.534,0.412573,0.483133,0.280978,0.246672,0.531466,0.48259,0.478572,0.30402,0.337489,0.535375,0.538392,0.502978,0.336179,0.318656,0.591171,0.709022,0.485807,0.366642,0.433449,0.576674,0.70531,0.262821,0.483564,0.496305,0.637142,0.636635,0.291405,0.471464,0.371952,0.658856,0.607416,0.484462,0.388362,0.285827,0.646493,0.753915,0.529419,0.545205,0.374997,0.702618,0.842439,0.593023,0.689453,0.434545,0.668856,0.744143,0.532765,0.489553,0.432869,0.660206,0.716593,0.513406,0.529864,0.118379,0.686426,0.572305,0.541972,0.339682,0.269044,0.741243,0.569635,0.582726,0.442292,0.377682,0.603143,0.677851,0.389219,0.341194,0.587494,0.682639,0.700667,0.396849,0.495719,0.355684,0.833405,0.619641,0.491208,0.618285,0.358578,0.702989,0.741515,0.59146,0.590113,0.470879,0.697799,0.852452,0.690059,0.623878,0.602364,0.839307,0.727483,0.430104,0.640264,0.363818,0.706644,0.637979,0.417047,0.441945,0.265165,0.817293,0.627651,0.552866,0.359227,0.300425,0.813985,0.54093,0.51768,0.535291,0.533057,0.643255,0.792038,0.600616,0.50128,0.438592,0.742133,0.758253,0.613708,0.626106,0.387356,0.628925,0.671908,0.633653,0.777576,0.543945,0.703269,0.596655,0.500954,0.589833,0.53892,0.633497,0.779028,0.634881,0.419175,0.396191,0.826757,0.544086,0.362616,0.448865,0.235181,0.831547,0.30528,0.3542,0.463751,0.157781,0.815303,0.494705,0.346775,0.474679,0.155928,0.785899,0.460121,0.500656,0.4767,0.052697,0.584863,0.670414,0.660673,0.480475,0.061554,0.481128,0.722225,0.806535,0.575626,0.27396,0.560803,0.654893,0.685859,0.819691,0.154909,0.302344,0.371065,0.732384,0.780106,0.467161,0.592432,0.593792,0.673359,0.643224,0.474158,0.428779,0.436481,0.461982,0.407786,0.369724,0.650045,0.249295,0.653219,0.492548,0.234933,0.550757,0.381916,0.493228,0.437636,0.282287,0.614372,0.546107,0.525038,0.277643,0.207477,0.460424,0.620599,0.760948,0.492517,0.0,0.429774,0.649152,0.799351,0.662421,0.140832,0.406593,0.635368,0.843969,0.856685,0.314929,0.47485,0.624388,0.91129,0.828224,0.159148,0.53,0.638083,0.807553,0.582774,0.453377,0.24883,0.577258,0.57403,0.428559,0.733572,0.269755,0.444678,0.496137,0.33804,0.509062,0.320374,0.499597,0.440275,0.289167,0.488688,0.366805,0.498124,0.488094,0.32917,0.401063,0.2324,0.533096,0.771133,0.379992,0.0,0.292575,0.49022,0.696887,0.509001,0.026367,0.244767,0.37256,0.771648,0.462239,0.084355,0.539863,0.587893,0.749942,0.519197,0.24693,0.407554,0.507341,0.553418,0.347863,0.205477,0.35994,0.439493,0.459594,0.262479,0.279911,0.327176,0.422741,0.559308,0.239933,0.24877,0.20422,0.223848,0.443539,0.204895,0.198435,0.130451,0.312431,0.552264,0.227237,0.0,0.294784,0.311502,0.522959,0.18557,0.1911,0.287041,0.385444,0.539276,0.331456,0.12832,0.306053,0.257494,0.487263,0.180095,0.152192
99.0,99.7,82.7,1.0,1.0,18710.0,18809.0,0.650618,0.455293,0.706747,0.510868,0.579243,0.606128,0.459218,0.759284,0.534145,0.514852,0.619529,0.529424,0.737615,0.641918,0.57111,0.606038,0.548093,0.726743,0.533213,0.608741,0.643991,0.70679,0.798712,0.728084,0.656756,0.649852,0.551013,0.615863,0.583796,0.489277,0.659979,0.528179,0.605974,0.597406,0.409185,0.674706,0.613326,0.688597,0.544098,0.39961,0.673244,0.789627,0.709908,0.694171,0.789753,0.710271,0.862192,0.823745,0.802719,0.85163,0.705185,0.785829,0.832336,0.745508,0.709932,0.691448,0.74376,0.819736,0.863953,0.428296,0.640163,0.563887,0.671027,0.644254,0.328529,0.66462,0.467938,0.5046,0.631245,0.359781,0.658865,0.293646,0.559815,0.409917,0.504484,0.666142,0.412107,0.677044,0.525205,0.354328,0.763969,0.578638,0.871458,0.714098,0.408029,0.633119,0.76974,0.910288,0.615009,0.476785,0.717436,0.871809,0.859198,0.622817,0.798117,0.856623,0.784335,0.683672,0.780334,0.591199,0.653163,0.602979,0.636029,0.6314,0.336245,0.682497,0.436781,0.465454,0.473334,0.231381,0.659077,0.445821,0.282644,0.523534,0.468519,0.698688,0.498472,0.561227,0.548798,0.582009,0.723834,0.444175,0.656647,0.590345,0.45351,0.580756,0.523782,0.748073,0.884035,0.591067,0.586266,0.520213,0.854982,0.707959,0.696639,0.603745,0.784546,0.864933,0.720059,0.590024,0.855201,0.609153,0.477403,0.65225,0.27202,0.718686,0.263276,0.355153,0.546853,0.107234,0.649656,0.407098,0.061545,0.450618,0.156528,0.642816,0.472913,0.215161,0.455157,0.217389,0.514531,0.601542,0.565802,0.551291,0.278515,0.400001,0.697499,0.727287,0.619158,0.394114,0.515483,0.718482,0.625175,0.951451,0.418499,0.487553,0.74353,0.714862,1.0,0.562747,0.649694,0.754706,0.85919,0.781371,0.502805,0.434576,0.684155,0.697971,0.545206,0.191363,0.554865,0.665688,0.597025,0.45456,0.199095,0.484578,0.705876,0.397246,0.463509,0.303185,0.545299,0.730984,0.379509,0.3579,0.244653,0.422418,0.755113,0.675574,0.427715,0.304285,0.477101,0.843384,0.781106,0.74191,0.205736,0.541559,0.858436,0.838348,0.979044,0.309096,0.611474,0.937009,1.0,1.0,0.423834,0.521034,0.796414,0.91018,0.782647,0.56669,0.416039,0.847596,0.806994,0.576102,0.60647,0.56102,0.877589,0.693617,0.4063,0.379047,0.508425,0.901271,0.630208,0.365491,0.389472,0.489301,0.840614,0.532119,0.370508,0.406326,0.318214,0.711777,0.681552,0.355432,0.257154,0.487677,0.722031,0.671631,0.517274,0.057259,0.36192,0.751161,0.803672,0.56614,0.127905,0.593628,0.889069,0.888836,0.728755,0.322455,0.594413,0.945408,0.721531,0.581177,0.341844,0.548828,0.911509,0.563572,0.386282,0.250423,0.467129,0.819948,0.565504,0.310299,0.297571,0.26709,0.44244,0.438778,0.211123,0.286935,0.235443,0.589576,0.558711,0.251074,0.136232,0.294669,0.584972,0.58131,0.278213,0.248929,0.400905,0.748133,0.535212,0.494588,0.245893,0.399666,0.617629,0.469774,0.335018,0.328752
99.0,94.0,79.0,0.0,1.0,1062.0,1161.0,0.807659,0.906979,0.856964,0.493353,0.609043,0.735845,0.870148,0.842374,0.582583,0.591404,0.71027,0.847927,0.812987,0.60902,0.645853,0.72912,0.816059,0.786529,0.453633,0.614081,0.614374,0.74462,0.754522,0.586283,0.575486,0.712036,0.93802,0.771843,0.35272,0.660972,0.774456,0.899426,0.747444,0.318282,0.503632,0.78273,0.747061,0.709305,0.220465,0.483056,0.737452,0.701582,0.675685,0.401639,0.50103,0.655671,0.614598,0.74317,0.546179,0.504353,0.539408,0.502814,0.675261,0.378489,0.542936,0.466914,0.578038,0.739262,0.481697,0.450034,0.52187,0.670054,0.623861,0.695516,0.256992,0.587315,0.649567,0.683056,0.602397,0.278657,0.647153,0.807961,0.787064,0.154774,0.32638,0.723814,0.814423,0.793888,0.299936,0.287408,0.866444,0.646554,0.672553,0.218263,0.422744,0.827631,0.577191,0.74377,0.09805,0.510652,0.646242,0.409618,0.560197,0.237344,0.451118,0.54346,0.269852,0.501637,0.383377,0.273423,0.126504,0.1652,0.574785,0.248859,0.151077,0.196233,0.496239,0.481637,0.268894,0.178511,0.390943,0.502231,0.503649,0.472833,0.261875,0.619544,0.72161,0.767444,0.532369,0.512382,0.801693,0.672906,0.735477,0.545883,0.433755,0.751623,0.545551,0.704961,0.575558,0.55456,0.798276,0.328959,0.644606,0.259617,0.203391,0.682373,0.297687,0.213178,0.048274,0.391647,0.0,0.0,0.276313,0.031262,0.142786,0.0,0.055665,0.392657,0.234713,0.070483,0.240566,0.472543,0.384722,0.282605,0.108653,0.389023,0.501505,0.343784,0.285367,0.159846,0.459852,0.527538,0.771,0.661608,0.580294,0.470184,0.523316,0.754256,0.470667,0.623706,0.570519,0.55221,0.603441,0.446004,0.369342,0.270928,0.504137,0.587123,0.28071,0.45121,0.513232,0.589107,0.500541,0.184169,0.394509,0.397044,0.418471,0.325103,0.308371,0.28695,0.504022,0.322623,0.392375,0.084796,0.177918,0.433283,0.502154,0.329335,0.361689,0.137117,0.465917,0.566025,0.411924,0.26006,0.051137,0.493754,0.595831,0.816207,0.564821,0.534412,0.328387,0.487296,0.789428,0.384783,0.29426,0.48158,0.486769,0.727156,0.459608,0.335455,0.096683,0.402909,0.591021,0.106665,0.203473,0.327519,0.277799,0.534483,0.22163,0.309634,0.231795,0.404393,0.302457,0.140478,0.558421,0.546684,0.401651,0.238572,0.212971,0.398476,0.600273,0.462234,0.204417,0.194172,0.358525,0.598648,0.568112,0.263739,0.329574,0.112245,0.474326,0.606489,0.814017,0.429771,0.398146,0.52969,0.473327,0.659446,0.292451,0.199701,0.371467,0.29377,0.691476,0.215144,0.169576,0.475463,0.274602,0.504179,0.12949,0.212572,0.659361,0.224451,0.353567,0.09283,0.242477,0.62049,0.406991,0.257769,0.186015,0.210935,0.580101,0.453765,0.429411,0.334394,0.147959,0.520665,0.485219,0.6789,0.202375,0.29932,0.463794,0.431929,0.567009,0.166608,0.269714,0.588497,0.337814,0.616711,0.211927,0.276311,0.533677,0.33301,0.444495,0.285682,0.238793,0.60329,0.490268,0.532758,0.250537,0.214852
266.0,102.8,85.6,2.0,1.0,18809.0,19075.0,0.934788,0.79644,0.778515,0.40098,0.443118,0.917068,0.751276,0.805391,0.473173,0.457545,0.925569,0.714478,0.763438,0.599803,0.571383,0.938931,0.805955,0.701674,0.409068,0.536013,0.935953,0.688443,0.755759,0.522554,0.587344,0.796592,0.95569,0.746395,0.495334,0.440083,0.858198,0.965531,0.715397,0.531743,0.367007,1.0,0.9433,0.625146,0.4678,0.493085,1.0,0.849764,0.46516,0.535102,0.750436,1.0,0.703657,0.389588,0.637,0.779467,0.95061,0.578316,0.526731,0.561806,0.736519,0.908618,0.599078,0.772611,0.600997,0.474586,0.821211,0.651413,0.858742,0.627981,0.328852,0.77319,0.61455,0.882425,0.643719,0.37349,0.669116,0.93678,0.848699,0.542764,0.361811,0.733308,1.0,0.826695,0.477115,0.329812,0.981985,0.993557,0.648103,0.509675,0.502742,1.0,0.953293,0.614686,0.514187,0.566581,1.0,0.817081,0.467888,0.421735,0.753073,0.962188,0.483292,0.605308,0.53686,0.532688,0.612519,0.44998,0.737517,0.488292,0.324267,0.492675,0.549196,0.798352,0.343475,0.256005,0.431352,0.508068,0.710804,0.437388,0.305546,0.653645,1.0,0.80119,0.617362,0.584666,0.747465,0.991958,0.799462,0.625582,0.420924,0.742263,0.992148,0.691428,0.746394,0.362271,0.919684,1.0,0.681207,0.575367,0.647257,1.0,0.944073,0.618745,0.498215,0.590655,0.584842,0.860308,0.733988,0.565712,0.303467,0.221652,0.685978,0.712977,0.553944,0.174753,0.0,0.640382,0.705111,0.458248,0.214176,0.249907,0.619357,0.821023,0.626803,0.402437,0.66551,0.921183,0.69106,0.714243,0.180319,0.54588,0.9493,0.759401,0.662677,0.426445,0.78508,0.904212,0.497832,0.784249,0.3495,0.637734,0.690042,0.341073,0.708318,0.386955,0.914403,1.0,0.674877,0.540017,0.59512,1.0,1.0,0.649935,0.734954,0.35371,0.835422,0.953611,0.80689,0.71587,0.197054,0.532699,0.876372,0.811636,0.791201,0.408739,0.641132,0.838933,0.860686,0.728311,0.321006,0.799792,0.881555,0.767279,0.727308,0.400704,0.715505,0.847034,0.799932,0.65577,0.465585,0.779405,0.832587,0.787974,0.711044,0.38388,0.797453,0.99294,0.819074,0.566315,0.398751,0.961719,1.0,0.778806,0.753387,0.357129,0.916762,1.0,0.702265,0.785153,0.68997,0.929506,1.0,0.910721,0.705133,0.544282,0.810126,1.0,0.885099,0.833106,0.424191,0.731584,0.933017,0.923462,0.807468,0.411196,0.790678,0.825082,0.754815,0.725152,0.3494,0.797556,0.767848,0.699404,0.640417,0.18552,0.716728,0.743676,0.742691,0.535929,0.178073,0.756196,0.923194,0.758685,0.809813,0.266636,0.847172,1.0,0.75887,0.811578,0.411428,0.805859,1.0,0.829813,0.790954,0.273513,0.772803,0.927194,0.883776,0.847569,0.249145,0.783727,0.674182,0.704551,0.521769,0.337132,0.791344,0.715764,0.642304,0.397141,0.205214,0.745312,0.673516,0.72101,0.5367,0.265563,0.766189,0.835096,0.756467,0.801946,0.171982,0.790522,0.798113,0.777084,0.675725,0.160169
98.0,93.7,75.7,0.0,1.0,19075.0,19173.0,0.900079,0.808785,0.940414,0.513722,0.48788,0.889121,0.762708,0.996727,0.538729,0.480012,0.890354,0.753578,1.0,0.600223,0.588775,0.89135,0.844543,0.863934,0.51056,0.498328,0.886597,0.790596,1.0,0.644855,0.609924,0.724751,0.920697,0.890009,0.40128,0.470983,0.813134,0.95422,0.890449,0.411315,0.401156,0.95804,1.0,0.82695,0.373211,0.45046,0.945569,0.933586,0.66697,0.478123,0.619095,0.940703,0.839417,0.635967,0.646403,0.688942,0.894871,0.715394,0.768117,0.615062,0.690797,0.848533,0.690957,1.0,0.748467,0.44548,0.811006,0.631174,1.0,0.705679,0.302799,0.768174,0.624018,1.0,0.676817,0.349044,0.719202,0.880223,0.92448,0.544509,0.555176,0.785238,0.972751,0.92857,0.363192,0.411993,0.998443,1.0,0.712377,0.449907,0.463056,0.99006,1.0,0.540218,0.384495,0.45638,0.948516,0.860221,0.47177,0.491617,0.616137,0.948589,0.509327,0.758085,0.751003,0.474236,0.716399,0.53325,0.841344,0.669794,0.223814,0.652998,0.658845,0.90172,0.385522,0.213276,0.543056,0.5579,0.816645,0.387145,0.360453,0.888479,0.973021,0.879867,0.753941,0.574196,1.0,0.956281,0.813293,0.715627,0.704145,1.0,1.0,0.669962,0.671177,0.644505,1.0,0.989912,0.33589,0.299187,0.666728,0.980208,0.840551,0.406085,0.646851,0.529379,0.8188,0.909166,0.735464,0.727289,0.352336,0.635815,0.844115,0.671903,0.498058,0.142681,0.570445,0.834138,0.744404,0.470025,0.181187,0.559214,0.782845,0.839468,0.553372,0.365524,0.908651,0.901699,0.858848,0.953108,0.614096,0.814701,0.825304,0.842975,0.815266,0.866138,0.945786,0.779788,0.614073,0.812173,0.876029,0.737994,0.443437,0.523271,0.626412,0.637514,0.846291,0.878017,0.627257,0.520169,0.543452,0.998043,0.9676,0.397742,0.591553,0.301889,0.880757,1.0,0.672313,0.47293,0.229802,0.682438,1.0,0.752478,0.655856,0.394931,0.708879,0.993028,0.786323,0.651023,0.347204,0.915936,0.85814,0.889506,0.976706,0.878584,0.799707,0.664548,0.826944,0.866775,0.806725,0.808568,0.661948,0.758691,0.871105,0.681274,0.708562,0.772692,0.685257,0.640825,0.537824,0.894029,0.854397,0.736348,0.604668,0.355549,0.90405,0.902781,0.537543,0.629375,0.595627,0.91212,0.938949,0.708777,0.508135,0.671297,0.822706,0.974062,0.652759,0.632739,0.473435,0.780946,1.0,0.773489,0.710029,0.502049,0.856056,0.86314,0.859246,0.98222,0.722965,0.845796,0.747141,0.734756,0.810497,0.463381,0.781092,0.675541,0.699008,0.606171,0.340426,0.740481,0.789036,0.655882,0.708825,0.338464,0.853415,0.942568,0.611229,0.710724,0.50733,0.813042,0.966196,0.644382,0.636111,0.428689,0.795967,1.0,0.779964,0.812532,0.350731,0.832798,0.83185,0.794684,0.649113,0.390957,0.848118,0.802369,0.672074,0.478766,0.349719,0.789266,0.82009,0.709097,0.600725,0.370519,0.792729,0.977565,0.724345,0.81401,0.408623,0.81689,0.968066,0.764834,0.71,0.422111
66.0,92.5,73.5,1.0,0.0,19173.0,19239.0,0.349027,0.422701,0.662772,0.342194,0.0,0.379153,0.445333,0.66623,0.342075,0.081967,0.372792,0.489124,0.570564,0.295124,0.155386,0.163324,0.493178,0.708667,0.400197,0.0,0.354098,0.672988,0.551121,0.393539,0.177226,0.172658,0.627435,0.835379,0.188347,0.311633,0.198498,0.580683,0.8205,0.225742,0.210852,0.141066,0.529712,0.735885,0.256607,0.31462,0.190112,0.632512,0.571269,0.444692,0.20622,0.321975,0.714755,0.399179,0.594916,0.135955,0.373968,0.693493,0.207069,0.471091,0.245553,0.345228,0.674054,0.45848,0.511539,0.109041,0.404948,0.614791,0.524968,0.481636,0.101255,0.403421,0.510355,0.639366,0.255434,0.169604,0.456914,0.521872,0.891055,0.314604,0.556314,0.374541,0.602606,0.948743,0.155878,0.352354,0.608905,0.514339,0.824843,0.002766,0.453599,0.45008,0.588183,0.724902,0.123045,0.529266,0.579265,0.67737,0.342398,0.394974,0.295564,0.672378,0.698753,0.0789,0.60964,0.256558,0.436461,0.615037,0.567906,0.419259,0.080034,0.443453,0.687389,0.664962,0.269695,0.147402,0.524589,0.544933,0.63738,0.393427,0.346707,0.741373,0.681702,0.849814,0.652446,0.503597,0.724647,0.641764,0.814684,0.424023,0.522281,0.600823,0.723376,0.762666,0.386088,0.532506,0.496677,0.497621,0.666585,0.07459,0.722172,0.594188,0.389072,0.467555,0.698021,0.526435,0.676266,0.742155,0.538383,0.523018,0.193096,0.53041,0.679875,0.638622,0.323866,0.001384,0.546829,0.741784,0.665762,0.300026,0.002102,0.643068,0.702156,0.758863,0.299054,0.125949,0.808,0.536343,0.726157,0.559428,0.269375,0.659205,0.493928,0.754222,0.50377,0.606367,0.759044,0.525693,0.550993,0.255686,0.707936,0.721345,0.625228,0.632989,0.148609,0.4545,0.522556,0.582953,0.720961,0.401381,0.925202,0.598637,0.656134,0.828526,0.355639,0.347469,0.700163,0.662634,0.783886,0.315514,0.180585,0.65459,0.816377,0.822368,0.334932,0.253667,0.687153,0.798439,0.805729,0.388297,0.234479,0.756042,0.559436,0.799434,0.514392,0.223623,0.695986,0.393456,0.709134,0.602383,0.486342,0.719547,0.339107,0.639179,0.64306,0.596444,0.599092,0.508758,0.766214,0.462578,0.454947,0.453465,0.555406,0.800114,0.337466,0.514256,0.62874,0.609856,0.758045,0.28389,0.466779,0.720217,0.64739,0.783866,0.083782,0.610801,0.703375,0.729237,0.743736,0.145475,0.564869,0.689859,0.725164,0.762835,0.401629,0.438748,0.685811,0.531964,0.780219,0.421614,0.482447,0.730754,0.419698,0.642355,0.49033,0.337117,0.660981,0.371218,0.671233,0.381819,0.288653,0.601098,0.544543,0.775937,0.344318,0.30506,0.765017,0.615741,0.72729,0.258644,0.23033,0.673243,0.653539,0.688894,0.218482,0.242095,0.625387,0.678491,0.747828,0.452596,0.305554,0.677171,0.504794,0.658065,0.236487,0.140008,0.66442,0.489912,0.568375,0.203506,0.278773,0.681487,0.496236,0.622542,0.183802,0.232902,0.645866,0.612778,0.682137,0.380682,0.104432,0.674739,0.620729,0.619896,0.188198,0.027522
137.0,94.3,79.3,7.0,8.0,19239.0,19376.0,0.181487,0.219293,0.203224,0.525968,0.077297,0.062262,0.220929,0.319697,0.479897,0.136162,0.0,0.270352,0.363337,0.40011,0.195501,0.02443,0.342934,0.238811,0.660282,0.085309,0.176545,0.537527,0.552342,0.564099,0.369855,0.120006,0.470683,0.273953,0.394639,0.259293,0.164714,0.365025,0.280208,0.49276,0.158246,0.083738,0.372847,0.23495,0.551197,0.275053,0.127926,0.616972,0.134185,0.696576,0.201281,0.072926,0.63632,0.296566,0.747485,0.264899,0.175309,0.599027,0.384296,0.600422,0.372614,0.251282,0.606018,0.58439,0.619676,0.2622,0.18666,0.519569,0.501227,0.490342,0.253159,0.187453,0.38148,0.590356,0.181793,0.225142,0.280249,0.347799,0.26329,0.382109,0.475152,0.188003,0.364175,0.345822,0.381744,0.201223,0.548259,0.295112,0.327579,0.276715,0.413788,0.37202,0.603186,0.372684,0.40089,0.547691,0.393715,0.66971,0.435114,0.409918,0.147765,0.370401,0.560077,0.693887,0.656973,0.259471,0.173139,0.46286,0.836078,0.563684,0.183726,0.313111,0.657143,0.723376,0.309122,0.200455,0.466729,0.552739,0.624559,0.413211,0.310053,0.411517,0.622674,0.367423,0.628635,0.549674,0.274358,0.493269,0.429929,0.513859,0.308186,0.0,0.511323,0.486531,0.381542,0.492991,0.300433,0.266546,0.338326,0.07914,0.751738,0.441168,0.446054,0.526363,0.839024,0.695755,0.491488,0.623397,0.763828,0.546597,0.223858,0.563629,0.589661,0.720808,0.425139,0.129866,0.528031,0.696664,0.61188,0.260275,0.17327,0.612727,0.723796,0.701049,0.435933,0.210671,0.519026,0.647061,0.416286,0.688627,0.452335,0.378946,0.630468,0.557856,0.604026,0.726001,0.573878,0.650001,0.445077,0.297158,0.708732,0.438902,0.596465,0.636472,0.443392,0.532808,0.493934,0.428987,0.58094,0.532628,0.839057,0.714887,0.678684,0.724904,0.439739,0.30056,0.786702,0.66906,0.704127,0.417858,0.042554,0.641926,0.820136,0.708018,0.502683,0.275109,0.63633,0.806122,0.656598,0.552591,0.223437,0.6143,0.616421,0.64871,0.658036,0.466654,0.645685,0.572414,0.550483,0.587743,0.455285,0.77034,0.645505,0.586141,0.674236,0.477153,0.644458,0.62366,0.699472,0.566079,0.276245,0.788632,0.460092,0.7464,0.605984,0.374358,0.648324,0.584324,0.769144,0.480467,0.253473,0.74022,0.576176,0.705872,0.393724,0.172636,0.700671,0.680671,0.64882,0.381796,0.260756,0.591278,0.726646,0.618918,0.629561,0.299074,0.609489,0.503186,0.630449,0.606749,0.49955,0.681908,0.453834,0.507239,0.574435,0.358897,0.63256,0.380126,0.603321,0.437354,0.175087,0.644366,0.519182,0.695803,0.550676,0.221201,0.753877,0.532472,0.621681,0.425818,0.049889,0.638147,0.541171,0.601545,0.545733,0.052382,0.548141,0.549629,0.608759,0.574528,0.172248,0.609932,0.412695,0.539813,0.302146,0.304217,0.563092,0.377265,0.479086,0.289001,0.315167,0.593955,0.311731,0.557238,0.39128,0.243986,0.547619,0.409854,0.506121,0.503808,0.179604,0.576156,0.444743,0.525626,0.441751,0.201507
99.0,98.7,80.0,0.0,0.0,19376.0,19475.0,0.580988,0.55938,0.403144,0.533149,0.278579,0.447572,0.510319,0.555724,0.47282,0.324855,0.317932,0.510143,0.608307,0.4895,0.290834,0.559814,0.595212,0.338153,0.602475,0.293675,0.252946,0.626606,0.690169,0.566876,0.509806,0.433156,0.687447,0.107239,0.611351,0.446433,0.500822,0.626199,0.0,0.582027,0.263876,0.614613,0.60607,0.086182,0.521488,0.322816,0.58497,0.712207,0.261711,0.572939,0.317794,0.36846,0.658242,0.511297,0.711689,0.420006,0.226437,0.635744,0.651426,0.675183,0.545159,0.15138,0.683202,0.850311,0.744851,0.391671,0.0,0.539994,0.740117,0.708578,0.351778,0.119432,0.491113,0.812267,0.525772,0.313464,0.377412,0.546937,0.265981,0.505347,0.606284,0.465268,0.628131,0.106123,0.419614,0.293028,0.72914,0.58332,0.335714,0.174169,0.204106,0.579235,0.625029,0.324626,0.352753,0.28978,0.51375,0.625025,0.682658,0.633542,0.47668,0.274069,0.598646,0.944695,0.949921,0.572017,0.006648,0.667255,0.953129,0.931453,0.326627,0.0195,0.64242,0.773544,0.561134,0.182767,0.095568,0.523862,0.7361,0.505306,0.385293,0.387959,0.668513,0.25661,0.708753,0.685041,0.462235,0.657298,0.321074,0.672522,0.585481,0.459802,0.69416,0.320287,0.518137,0.54855,0.629623,0.554812,0.483243,0.120205,0.345969,0.463718,0.467177,0.722377,0.760873,0.804744,0.319414,0.890364,0.889765,0.866523,0.535586,0.230652,0.775828,0.755277,0.72488,0.215718,0.069448,0.708254,0.642811,0.459295,0.178168,0.092226,0.714938,0.724217,0.623244,0.213869,0.302439,0.583341,0.4597,0.760987,0.595841,0.298649,0.54646,0.481794,0.677845,0.83271,0.642794,0.698277,0.395305,0.693759,0.753053,0.487937,0.654673,0.641179,0.695459,0.47626,0.619695,0.48652,0.87214,0.663,0.8216,0.484764,0.520586,0.578418,0.421218,0.330102,0.385618,0.596154,0.716513,0.478824,0.067279,0.188733,0.758296,0.649489,0.619531,0.268047,0.248643,0.739563,0.611682,0.61898,0.25396,0.381836,0.511334,0.682609,0.761729,0.631214,0.522203,0.410142,0.579892,0.676328,0.58898,0.740718,0.532785,0.610601,0.707261,0.52767,0.656102,0.712057,0.809387,0.764899,0.565411,0.855838,0.598812,0.837683,0.74591,0.60188,0.596547,0.570238,0.752388,0.487513,0.537763,0.56051,0.477623,0.643967,0.417896,0.274039,0.456238,0.591002,0.549365,0.450853,0.343897,0.162186,0.628547,0.579496,0.640433,0.290952,0.475821,0.426362,0.706289,0.707294,0.495881,0.564772,0.324774,0.564643,0.614897,0.346641,0.544023,0.309329,0.692885,0.556744,0.263888,0.597617,0.550277,0.757458,0.703064,0.357882,0.649265,0.354963,0.568195,0.562545,0.473807,0.482002,0.389866,0.558117,0.604868,0.27491,0.333326,0.465169,0.657512,0.610801,0.334521,0.432079,0.290797,0.696119,0.457353,0.39993,0.416882,0.296968,0.566345,0.384759,0.290418,0.388459,0.160519,0.672797,0.522828,0.366376,0.377263,0.229435,0.631914,0.590936,0.358509,0.350681,0.274991,0.668176,0.623453,0.343065
99.0,98.7,80.0,1.0,0.0,19475.0,19574.0,0.613154,0.595148,0.547164,0.378392,0.208085,0.533923,0.53813,0.609953,0.326049,0.234526,0.456384,0.521196,0.613597,0.396351,0.167124,0.594484,0.638399,0.582681,0.348448,0.290043,0.415999,0.611794,0.639295,0.416041,0.40587,0.458933,0.769912,0.438413,0.508483,0.460574,0.543543,0.726493,0.415495,0.38699,0.249675,0.649975,0.657548,0.513097,0.30201,0.379444,0.598007,0.691583,0.537434,0.436873,0.395247,0.405246,0.594634,0.559244,0.64797,0.375583,0.427158,0.58301,0.65879,0.56653,0.388534,0.43088,0.595977,0.819771,0.561889,0.269963,0.315933,0.474054,0.688506,0.576442,0.27333,0.334743,0.466686,0.778326,0.456685,0.272662,0.438163,0.737602,0.522902,0.432972,0.487777,0.518111,0.762859,0.505964,0.155108,0.289762,0.76466,0.64107,0.590671,0.124113,0.327292,0.563659,0.579991,0.587721,0.282202,0.418176,0.541518,0.452008,0.565817,0.607896,0.40345,0.521485,0.520352,0.814534,0.73337,0.269595,0.417672,0.544466,0.834706,0.673494,0.183811,0.297422,0.494655,0.679284,0.455403,0.220364,0.352185,0.464849,0.714198,0.405248,0.423111,0.462083,0.864477,0.482912,0.504451,0.608873,0.578463,0.829791,0.483429,0.407381,0.361933,0.559295,0.777328,0.497637,0.526336,0.522138,0.64875,0.592444,0.634886,0.064145,0.593306,0.598033,0.349017,0.650466,0.564179,0.533984,0.646216,0.740934,0.719082,0.560875,0.194671,0.528132,0.502638,0.714323,0.582654,0.091501,0.405468,0.511236,0.624726,0.333241,0.075229,0.506561,0.578762,0.719696,0.449579,0.102644,0.284839,0.732327,0.496781,0.264629,0.279447,0.312819,0.741503,0.496942,0.401547,0.458199,0.628378,0.800149,0.457249,0.726943,0.329633,0.642787,0.623379,0.641463,0.548586,0.604337,0.719791,0.57103,0.79645,0.5014,0.64401,0.593883,0.547902,0.6998,0.047468,0.460121,0.545546,0.569445,0.750307,0.101502,0.231628,0.413029,0.608358,0.693257,0.293856,0.288344,0.524544,0.665417,0.694007,0.292136,0.205679,0.217816,0.649266,0.645689,0.211946,0.346188,0.385258,0.566067,0.521163,0.359658,0.11956,0.568263,0.574252,0.500428,0.553458,0.29595,0.6287,0.775156,0.73578,0.478072,0.170539,0.751657,0.615841,0.795705,0.533951,0.303318,0.483916,0.659163,0.691952,0.304695,0.682225,0.496104,0.600968,0.739417,0.11842,0.624147,0.398313,0.624862,0.665853,0.211991,0.412656,0.293388,0.65612,0.712945,0.349586,0.176274,0.216938,0.57716,0.677194,0.112902,0.190944,0.365474,0.474314,0.515195,0.264924,0.079621,0.415399,0.484135,0.622333,0.371789,0.093428,0.500623,0.651974,0.694051,0.488854,0.207062,0.526579,0.619893,0.62466,0.367703,0.285363,0.372227,0.544176,0.668103,0.303001,0.205374,0.216757,0.558376,0.766218,0.381633,0.160698,0.250795,0.374067,0.662659,0.171998,0.121724,0.247657,0.466213,0.562499,0.157542,0.108378,0.265706,0.385266,0.620972,0.204348,0.218979,0.214342,0.524099,0.692368,0.340511,0.165275,0.225734,0.483743,0.656996,0.310703,0.076188
99.0,99.3,81.0,0.0,0.0,19574.0,19673.0,0.577406,0.520316,0.324717,0.519983,0.307374,0.555558,0.511465,0.288925,0.439861,0.264538,0.517744,0.473848,0.185192,0.383873,0.216946,0.563957,0.575161,0.398884,0.586861,0.377922,0.557323,0.639255,0.372726,0.338233,0.383673,0.425498,0.644537,0.452547,0.618725,0.558657,0.523637,0.59594,0.424811,0.58239,0.406288,0.619511,0.540888,0.420281,0.494604,0.507244,0.639838,0.685879,0.310948,0.615816,0.641331,0.619365,0.707806,0.263866,0.735595,0.612241,0.624808,0.634502,0.337243,0.56676,0.395397,0.64499,0.633541,0.520624,0.579174,0.277897,0.581266,0.443595,0.255948,0.113296,0.144542,0.523764,0.39841,0.26947,0.240968,0.230255,0.526294,0.558186,0.394467,0.704459,0.540509,0.582893,0.565638,0.525296,0.625477,0.40311,0.79707,0.545347,0.523395,0.569777,0.555443,0.60241,0.639108,0.51485,0.57099,0.76339,0.66379,0.639024,0.347907,0.584158,0.382532,0.590027,0.490823,0.558013,0.855245,0.423414,0.608711,0.479199,0.59886,0.817306,0.294379,0.54693,0.549475,0.419186,0.292332,0.249866,0.643372,0.508483,0.349078,0.234231,0.355343,0.587969,0.622283,0.483691,0.684057,0.402013,0.650033,0.586565,0.588843,0.836347,0.751196,0.755247,0.642723,0.606283,0.901521,0.715323,0.627053,0.625446,0.66021,0.613912,0.796706,0.648744,0.46,0.415084,0.738491,0.296213,0.323669,0.722962,0.356498,0.654159,0.456211,0.521621,0.577636,0.471609,0.52034,0.230432,0.665423,0.652304,0.381424,0.247765,0.149563,0.802115,0.682914,0.477259,0.231471,0.054968,0.523801,0.489825,0.405792,0.609107,0.2669,0.543371,0.492307,0.52348,0.661561,0.602717,0.810907,0.559642,0.411675,0.966513,0.933628,0.620703,0.42544,0.426976,0.967305,0.994005,0.766615,0.642937,0.425697,0.691403,0.781632,0.664305,0.577258,0.575979,0.237836,0.509617,0.643199,0.609528,0.552401,0.358769,0.307824,0.558841,0.685344,0.553866,0.297732,0.375683,0.693384,0.746634,0.489215,0.228448,0.187607,0.49358,0.408898,0.596925,0.518456,0.403414,0.50317,0.363352,0.487146,0.656915,0.504982,0.663461,0.396264,0.375747,0.791892,0.738152,0.686628,0.627314,0.410507,0.723385,0.822886,0.636981,0.630877,0.575283,0.69753,0.782653,0.490964,0.646898,0.623129,0.603138,0.874918,0.539038,0.548288,0.679146,0.411492,0.747757,0.501587,0.538322,0.556068,0.396889,0.591544,0.492574,0.642668,0.570708,0.399909,0.261148,0.421481,0.339832,0.583005,0.49798,0.320251,0.55379,0.234741,0.430307,0.502285,0.253725,0.451091,0.290634,0.462139,0.556709,0.35338,0.498015,0.567081,0.50625,0.752567,0.483074,0.546844,0.542099,0.57299,0.652892,0.4776,0.456235,0.412621,0.57693,0.50849,0.314603,0.485675,0.38644,0.608218,0.504543,0.22577,0.397903,0.172215,0.455279,0.406147,0.149796,0.302073,0.219028,0.452262,0.301174,0.225493,0.290954,0.186508,0.433268,0.380083,0.303807,0.464463,0.423521,0.508087,0.628719,0.234614,0.474082,0.325526,0.509443,0.538852,0.155709
266.0,101.1,81.5,3.0,6.0,19673.0,19939.0,0.503278,0.444774,0.742673,0.55012,0.465209,0.451558,0.374492,0.718568,0.552231,0.352618,0.410926,0.259252,0.656939,0.540544,0.354615,0.461234,0.466306,0.693194,0.620456,0.460178,0.436957,0.413176,0.649733,0.422796,0.522737,0.278335,0.650547,0.796727,0.633768,0.523687,0.382446,0.576575,0.754609,0.586474,0.426199,0.492729,0.448225,0.630466,0.496215,0.509041,0.539294,0.55151,0.486932,0.533186,0.587589,0.528666,0.505618,0.47144,0.635668,0.618212,0.531864,0.352473,0.505114,0.584933,0.46872,0.579752,0.342391,0.709196,0.630166,0.184676,0.55811,0.327585,0.679115,0.368213,0.231998,0.538101,0.346492,0.768535,0.447997,0.320632,0.420802,0.613812,0.864415,0.633865,0.435685,0.515407,0.631862,0.8505,0.610785,0.316825,0.760457,0.507445,0.696554,0.656372,0.494104,0.563588,0.53697,0.512832,0.574527,0.556755,0.555282,0.528769,0.354692,0.519219,0.136558,0.479617,0.279165,0.601913,0.805903,0.310552,0.57868,0.303397,0.661046,0.765934,0.103163,0.574412,0.407041,0.687075,0.220556,0.222912,0.714912,0.393717,0.756699,0.267271,0.391717,0.584919,0.686634,0.804264,0.740629,0.392168,0.712041,0.691267,0.781034,0.738427,0.5424,0.84592,0.755733,0.726808,0.818661,0.484983,0.750918,0.706808,0.658223,0.694519,0.652402,0.566573,0.400656,0.507545,0.661153,0.357818,0.46961,0.550628,0.622529,0.70004,0.322377,0.578189,0.178484,0.668616,0.3824,0.18698,0.712968,0.389742,0.666093,0.285479,0.116027,0.859194,0.385361,0.711282,0.397375,0.0,0.617175,0.634123,0.706527,0.716154,0.257939,0.630584,0.664427,0.708494,0.709164,0.56627,0.876612,0.675377,0.608818,0.854372,0.55594,0.712725,0.585678,0.646248,0.739061,0.467671,0.678063,0.610575,0.396394,0.695852,0.549194,0.476825,0.705451,0.500703,0.257469,0.44086,0.561587,0.583051,0.639164,0.497508,0.274194,0.578198,0.571806,0.64635,0.526976,0.304166,0.717674,0.552827,0.659691,0.505734,0.182162,0.601743,0.605954,0.769931,0.668948,0.491779,0.586188,0.492938,0.664614,0.719708,0.424004,0.657704,0.495574,0.659231,0.730518,0.571916,0.6993,0.581601,0.486519,0.526826,0.436426,0.50696,0.607295,0.553533,0.589917,0.303728,0.387256,0.68588,0.660373,0.479444,0.648324,0.406197,0.590951,0.688414,0.547105,0.681572,0.51937,0.620844,0.561798,0.591068,0.623964,0.555634,0.55365,0.631779,0.629775,0.337445,0.499348,0.571856,0.746236,0.639111,0.304846,0.595274,0.477889,0.606587,0.623956,0.240211,0.396988,0.34427,0.609741,0.521271,0.207403,0.421786,0.592369,0.590727,0.660844,0.283894,0.503879,0.626008,0.63708,0.6984,0.443147,0.483681,0.567336,0.608232,0.644111,0.36072,0.546127,0.540483,0.675534,0.673174,0.270445,0.460265,0.496329,0.715978,0.551239,0.112168,0.354682,0.467,0.57668,0.381145,0.063068,0.398409,0.490689,0.676455,0.476452,0.255725,0.514682,0.494654,0.623241,0.708143,0.334447,0.554536,0.52513,0.698821,0.667776,0.319996
66.0,101.0,84.5,1.0,1.0,19939.0,20005.0,0.557963,0.38265,0.654771,0.3562,0.428771,0.455751,0.30325,0.671062,0.368835,0.380549,0.356994,0.25294,0.63527,0.38465,0.421792,0.496555,0.35499,0.610833,0.380379,0.507924,0.339302,0.382348,0.567812,0.294272,0.536312,0.356363,0.606872,0.558996,0.346914,0.468494,0.476777,0.507889,0.561062,0.314628,0.425812,0.562326,0.312568,0.53101,0.333664,0.554351,0.555115,0.364967,0.424131,0.340713,0.586255,0.426033,0.113195,0.371607,0.394634,0.489625,0.381089,0.174186,0.41501,0.354016,0.475682,0.3838,0.3574,0.6117,0.4163,0.170131,0.457589,0.410191,0.601658,0.310748,0.282586,0.570562,0.408859,0.670313,0.319608,0.351918,0.330415,0.557349,0.675055,0.361459,0.336644,0.467555,0.579007,0.577597,0.266484,0.234914,0.785635,0.395619,0.398741,0.329496,0.439385,0.641381,0.39097,0.365878,0.255946,0.463451,0.460213,0.202368,0.350297,0.29964,0.127389,0.571838,0.120333,0.299348,0.38201,0.332446,0.613903,0.460086,0.456501,0.484038,0.278157,0.624444,0.6205,0.585976,0.130607,0.285381,0.652936,0.601826,0.55682,0.205342,0.497934,0.380437,0.662256,0.52023,0.475265,0.665741,0.422975,0.637448,0.516132,0.416345,0.4358,0.360872,0.639659,0.450574,0.525509,0.527017,0.653735,0.616518,0.425048,0.313678,0.796802,0.633512,0.342685,0.512048,0.175854,0.534112,0.618234,0.577717,0.532775,0.293448,0.243857,0.630917,0.514917,0.628535,0.301776,0.126149,0.73042,0.730582,0.607772,0.156997,0.190443,0.771748,0.735453,0.598275,0.255171,0.071177,0.382534,0.544858,0.586695,0.381505,0.591479,0.145899,0.597463,0.559165,0.41565,0.6913,0.498699,0.565572,0.425949,0.532863,0.459739,0.554189,0.650629,0.525087,0.346532,0.408296,0.597516,0.532675,0.237897,0.552367,0.603448,0.727773,0.790233,0.796433,0.153011,0.308748,0.727055,0.645739,0.739504,0.280507,0.206942,0.572312,0.710167,0.607889,0.227531,0.325151,0.632081,0.75394,0.650378,0.289909,0.28715,0.402676,0.584612,0.674458,0.382192,0.800747,0.423886,0.474208,0.579416,0.501531,0.441391,0.50666,0.485006,0.555661,0.535548,0.521353,0.621593,0.65259,0.359289,0.140646,0.303626,0.758047,0.714324,0.535011,0.144946,0.421597,0.658194,0.704909,0.632409,0.142894,0.525869,0.753167,0.58434,0.747773,0.164302,0.745753,0.709343,0.65077,0.632844,0.203273,0.54521,0.604615,0.650546,0.624362,0.245026,0.351659,0.340314,0.524325,0.694838,0.325753,0.434795,0.534355,0.422045,0.538254,0.439282,0.296915,0.392709,0.373606,0.538037,0.307046,0.207116,0.661325,0.683409,0.495184,0.149348,0.369611,0.731982,0.642314,0.560354,0.149714,0.544547,0.657287,0.584943,0.597178,0.214678,0.467655,0.563395,0.607616,0.692331,0.257989,0.392531,0.411874,0.459848,0.635067,0.299074,0.408125,0.397473,0.432235,0.525609,0.210517,0.207054,0.482156,0.493414,0.604041,0.276779,0.358323,0.546532,0.508238,0.568016,0.201182,0.433738,0.512766,0.54406,0.626019,0.178126,0.49921
66.0,101.5,84.0,0.0,1.0,20005.0,20071.0,0.610581,0.391327,0.137081,0.285111,0.239698,0.520156,0.32658,0.273533,0.293197,0.302914,0.428969,0.268043,0.305472,0.263167,0.436859,0.586394,0.383842,0.111057,0.168328,0.161944,0.428013,0.356174,0.217951,0.321825,0.438697,0.479001,0.544996,0.127387,0.228447,0.381455,0.591299,0.396591,0.17239,0.194027,0.203296,0.676749,0.31943,0.169711,0.137407,0.157454,0.656705,0.400529,0.025161,0.169691,0.369758,0.524318,0.120224,0.016574,0.26777,0.439306,0.417666,0.162192,0.058175,0.152718,0.426512,0.314724,0.282869,0.34604,0.253841,0.169869,0.390066,0.335229,0.293384,0.297761,0.240848,0.535298,0.299715,0.46248,0.384741,0.311483,0.521068,0.456616,0.337249,0.308225,0.360997,0.610405,0.400691,0.269443,0.135346,0.193876,0.841991,0.205711,0.147402,0.183251,0.368533,0.724487,0.256455,0.170263,0.2939,0.31891,0.506729,0.019377,0.0,0.304669,0.29258,0.58108,0.169507,0.090445,0.236427,0.365009,0.508356,0.310366,0.449656,0.376637,0.189998,0.537063,0.536843,0.577148,0.23776,0.182875,0.420636,0.365649,0.438486,0.305162,0.394534,0.538427,0.554857,0.267216,0.197322,0.620786,0.631188,0.471445,0.322961,0.238451,0.391244,0.532643,0.472827,0.288886,0.311214,0.457156,0.720626,0.36283,0.162236,0.351655,0.777608,0.595754,0.229808,0.174948,0.0,0.550857,0.528259,0.659015,0.296591,0.148416,0.139991,0.484938,0.557113,0.622961,0.422433,0.043368,0.561733,0.63369,0.570347,0.262103,0.165076,0.525102,0.529693,0.588911,0.362816,0.207715,0.487431,0.375919,0.462778,0.135396,0.494862,0.190113,0.317635,0.468747,0.045062,0.667041,0.467599,0.406887,0.185511,0.013608,0.355602,0.432105,0.587401,0.067544,0.0,0.41091,0.727955,0.528194,0.010878,0.402646,0.535032,0.811504,0.610721,0.374453,0.488717,0.202096,0.723611,0.522244,0.667466,0.305665,0.166679,0.504462,0.583488,0.596982,0.292137,0.238714,0.527181,0.587922,0.603415,0.220618,0.259779,0.37162,0.428501,0.581855,0.167734,0.854638,0.398738,0.297408,0.45228,0.170839,0.427582,0.593004,0.247232,0.350122,0.213753,0.413958,0.631318,0.649715,0.059156,0.016608,0.149468,0.865611,0.719258,0.361268,0.084327,0.282707,0.747477,0.599981,0.162618,0.229261,0.370037,0.78743,0.295106,0.488611,0.088168,0.542176,0.699121,0.355904,0.495971,0.101116,0.417005,0.533268,0.35021,0.54955,0.165099,0.325491,0.316931,0.406117,0.537588,0.172078,0.500814,0.528777,0.239041,0.426364,0.237711,0.206764,0.391301,0.297888,0.382624,0.139228,0.107238,0.69372,0.702752,0.26225,0.0,0.22647,0.743258,0.459724,0.159149,0.0,0.309402,0.638909,0.308539,0.377352,0.126117,0.281773,0.515607,0.299859,0.519776,0.136883,0.265636,0.31931,0.326579,0.247089,0.248026,0.394945,0.367616,0.346808,0.399011,0.118827,0.222715,0.362598,0.285663,0.354099,0.202034,0.368616,0.476667,0.316054,0.422389,0.162475,0.301935,0.413648,0.325785,0.326376,0.212781,0.380038
99.0,96.0,79.0,1.0,0.0,1161.0,1260.0,0.91404,0.841135,0.597557,0.067607,0.296681,0.861837,0.804227,0.599168,0.045117,0.234013,0.8618,0.787856,0.579479,0.004767,0.264029,0.890163,0.762395,0.564854,0.114026,0.319576,0.822031,0.749812,0.559672,0.265619,0.12233,0.916042,0.911287,0.612571,0.217919,0.438828,0.975775,0.866424,0.573002,0.216533,0.207362,0.976672,0.700467,0.513003,0.092862,0.218707,0.922679,0.682875,0.49145,0.248756,0.331371,0.891763,0.6448,0.518853,0.47215,0.425751,0.808286,0.557518,0.43614,0.237823,0.359382,0.781981,0.597308,0.530607,0.104144,0.195303,0.8031,0.703399,0.545923,0.1164,0.0,0.80827,0.636872,0.611676,0.160958,0.0,0.822765,0.797417,0.706899,0.27291,0.180775,0.91087,0.805822,0.675172,0.37804,0.081689,1.0,0.560217,0.580969,0.418699,0.276162,0.946845,0.491541,0.691847,0.235566,0.76937,0.693552,0.508043,0.567102,0.444268,0.638496,0.722505,0.348905,0.547342,0.643985,0.2945,0.415305,0.244948,0.538981,0.427265,0.0,0.585653,0.551219,0.470109,0.25042,0.048159,0.654431,0.463901,0.399805,0.359111,0.237697,0.615038,0.828666,0.719554,0.591042,0.569152,0.8302,0.780739,0.677123,0.676546,0.174911,0.78811,0.694652,0.659676,0.850901,0.506124,0.907365,0.43652,0.687104,0.45061,0.622191,0.685586,0.33538,0.611495,0.410978,0.721878,0.38841,0.422207,0.0,0.415978,0.352542,0.277494,0.407858,0.0,0.320173,0.058348,0.318931,0.641386,0.251776,0.259816,0.100876,0.15239,0.58425,0.282197,0.169848,0.198562,0.0,0.746599,0.758678,0.663129,0.476521,0.197706,0.767179,0.761708,0.713851,0.594289,0.343986,0.720369,0.649954,0.904357,0.416562,0.0,0.5858,0.70313,0.740837,0.682378,0.37298,0.36444,0.639418,0.560949,0.353738,0.35684,0.581901,0.106712,0.22363,0.168227,0.48415,0.546864,0.0,0.128325,0.119524,0.084736,0.704633,0.071429,0.389186,0.111561,0.314958,0.784514,0.236346,0.360817,0.184598,0.230506,0.743145,0.801643,0.717245,0.43326,0.307595,0.597834,0.851264,0.780425,0.367881,0.453281,0.57242,0.835502,0.874189,0.4593,0.152697,0.470757,0.765531,0.612681,0.370835,0.42635,0.444124,0.697909,0.523733,0.417424,0.261588,0.471708,0.398682,0.368822,0.622264,0.55174,0.540629,0.028186,0.34391,0.232561,0.505787,0.615975,0.038159,0.372544,0.312167,0.338658,0.714656,0.191827,0.359406,0.0,0.428866,0.667526,0.768874,0.583288,0.411312,0.557012,0.552314,0.699307,0.640195,0.238292,0.499594,0.379055,0.690873,0.514309,0.264903,0.586989,0.422712,0.551468,0.524426,0.359308,0.71504,0.351754,0.292874,0.466871,0.103207,0.587613,0.543009,0.202753,0.434811,0.121773,0.551205,0.597036,0.366557,0.402924,0.113647,0.487494,0.499786,0.618008,0.254348,0.375736,0.397396,0.503832,0.54305,0.277823,0.271705,0.553335,0.419268,0.523186,0.30696,0.303618,0.5259,0.395316,0.335066,0.463033,0.185027,0.567704,0.537636,0.4406,0.310871,0.164123
100.0,101.7,83.0,1.0,1.0,20071.0,20171.0,0.419757,0.273973,0.472896,0.424749,0.231158,0.391513,0.253136,0.52482,0.445803,0.310718,0.348539,0.173995,0.474836,0.513683,0.376591,0.297023,0.309117,0.480307,0.426579,0.302765,0.290595,0.238113,0.532209,0.694327,0.435259,0.2894,0.566268,0.368045,0.555608,0.253761,0.308047,0.450828,0.372924,0.511861,0.223748,0.270887,0.35037,0.438214,0.387817,0.392301,0.272288,0.422789,0.485168,0.555609,0.544742,0.099537,0.211341,0.508702,0.674097,0.633052,0.169285,0.022206,0.457549,0.561936,0.523691,0.264679,0.13717,0.554888,0.499518,0.395086,0.300184,0.137414,0.442985,0.365899,0.235595,0.465444,0.12741,0.53636,0.485994,0.315216,0.464772,0.511076,0.439524,0.452282,0.418648,0.415179,0.518098,0.371799,0.437276,0.218428,0.514688,0.355446,0.334114,0.503328,0.496184,0.346963,0.346796,0.444614,0.544781,0.603092,0.0,0.120022,0.398364,0.459413,0.558039,0.272204,0.255081,0.251149,0.303256,0.375268,0.116748,0.186585,0.485294,0.450818,0.229986,0.348392,0.283518,0.559302,0.305172,0.16206,0.494574,0.09897,0.603324,0.388012,0.387521,0.578665,0.600498,0.425609,0.366287,0.592784,0.60884,0.585847,0.389257,0.399045,0.312364,0.470796,0.600256,0.389213,0.52591,0.439251,0.508865,0.408737,0.394706,0.659212,0.782712,0.173417,0.0,0.511047,0.315911,0.46111,0.202416,0.601163,0.214978,0.520227,0.212315,0.177139,0.321322,0.487309,0.609613,0.064467,0.482771,0.272542,0.524345,0.374734,0.165036,0.548935,0.240735,0.626424,0.453941,0.313999,0.590532,0.476306,0.563225,0.15982,0.556716,0.36547,0.368324,0.519331,0.0,0.652363,0.431385,0.54589,0.238452,0.200398,0.322814,0.19346,0.724371,0.153079,0.27485,0.504465,0.538658,0.434416,0.303667,0.120432,0.243477,0.1721,0.225463,0.349301,0.515973,0.151687,0.423602,0.119069,0.507838,0.47366,0.281256,0.552322,0.190105,0.572522,0.49172,0.208477,0.601015,0.338245,0.659701,0.414181,0.149068,0.548874,0.392435,0.626638,0.0,0.713023,0.367968,0.286343,0.500813,0.0,0.341078,0.474563,0.26776,0.395976,0.0,0.277216,0.228355,0.486565,0.204691,0.0,0.194354,0.457727,0.525935,0.445425,0.0,0.26666,0.224484,0.350154,0.212723,0.213738,0.505436,0.538131,0.105752,0.478734,0.206561,0.395382,0.574808,0.211172,0.458351,0.291515,0.527694,0.571303,0.209229,0.564253,0.345867,0.408284,0.452757,0.392263,0.561209,0.090108,0.617744,0.556106,0.272493,0.446169,0.099959,0.261769,0.283117,0.170251,0.391354,0.0,0.135745,0.35578,0.465175,0.342453,0.036886,0.094404,0.613131,0.295084,0.350918,0.079609,0.136983,0.575859,0.225333,0.434403,0.170325,0.245723,0.566177,0.185401,0.536057,0.293207,0.221721,0.483361,0.216578,0.451845,0.169149,0.445494,0.424968,0.279054,0.439795,0.116659,0.318099,0.435858,0.204166,0.451968,0.16932,0.328663,0.482473,0.173736,0.498614,0.251311,0.28791,0.509983,0.214304,0.453824,0.264333,0.391871
165.0,101.6,85.0,1.0,1.0,20171.0,20336.0,0.40447,0.308346,0.418966,0.4171,0.279427,0.406348,0.370157,0.529142,0.467674,0.309524,0.370823,0.354893,0.536228,0.538376,0.402646,0.175934,0.371168,0.441426,0.451912,0.27406,0.239076,0.49391,0.635167,0.78579,0.495007,0.011154,0.359189,0.103026,0.630282,0.286049,0.0,0.238743,0.219697,0.575214,0.264053,0.025575,0.268699,0.382448,0.460541,0.399564,0.14839,0.544732,0.481244,0.686412,0.454344,0.151163,0.595719,0.569437,0.828645,0.459215,0.15379,0.54283,0.629966,0.824156,0.611439,0.235055,0.473704,0.70371,0.75434,0.455468,0.291382,0.304381,0.487402,0.560923,0.299316,0.45941,0.172491,0.53604,0.552011,0.34799,0.148646,0.296865,0.031124,0.611102,0.504784,0.006413,0.344304,0.209982,0.637826,0.154482,0.0,0.311713,0.514008,0.677992,0.350434,0.0,0.4512,0.64235,0.66964,0.430926,0.227617,0.573885,0.701361,0.672776,0.439213,0.405106,0.492426,0.643045,0.791357,0.537143,0.026281,0.36692,0.801562,0.820383,0.363526,0.363008,0.276086,0.501452,0.32769,0.24149,0.521647,0.060947,0.558101,0.488237,0.457941,0.316704,0.475629,0.080266,0.747056,0.467378,0.217724,0.478199,0.211617,0.712558,0.179173,0.126692,0.476574,0.447003,0.759022,0.319725,0.234691,0.51958,0.615821,0.722912,0.464563,0.409508,0.554798,0.747936,0.460545,0.604758,0.315611,0.452111,0.587814,0.577157,0.366103,0.290567,0.25418,0.578343,0.575659,0.174956,0.401362,0.172453,0.473115,0.323439,0.186228,0.486448,0.260386,0.439588,0.388892,0.302435,0.307042,0.481674,0.215941,0.543743,0.371202,0.109608,0.327837,0.216213,0.48143,0.443063,0.104407,0.250401,0.232395,0.613588,0.478234,0.065703,0.451265,0.442317,0.584674,0.665386,0.447999,0.292405,0.388761,0.097998,0.17411,0.165761,0.4752,0.413147,0.241655,0.082634,0.497234,0.298171,0.419635,0.35498,0.297624,0.528586,0.256872,0.285184,0.311493,0.27493,0.591195,0.377523,0.338516,0.289429,0.222251,0.466984,0.519265,0.429779,0.371512,0.242254,0.264845,0.319821,0.284373,0.29689,0.063346,0.347711,0.178691,0.197168,0.36633,0.236753,0.019246,0.014682,0.272477,0.248345,0.42806,0.157636,0.149889,0.441419,0.206995,0.503618,0.151478,0.211108,0.11322,0.120162,0.540564,0.5398,0.101648,0.221327,0.078027,0.504036,0.594048,0.232698,0.122083,0.044805,0.581046,0.573971,0.220205,0.239094,0.209801,0.382497,0.475674,0.495145,0.43785,0.235847,0.282829,0.57444,0.348049,0.266699,0.155581,0.174998,0.306281,0.059411,0.27832,0.166784,0.137454,0.373056,0.0,0.163685,0.16684,0.218088,0.665299,0.107225,0.159732,0.117324,0.318546,0.621811,0.049088,0.167246,0.1706,0.326479,0.583197,0.254613,0.354493,0.321749,0.329181,0.535091,0.39432,0.383122,0.173378,0.346736,0.497797,0.414554,0.311872,0.087253,0.244653,0.516359,0.332569,0.354796,0.152972,0.26166,0.53043,0.19268,0.292299,0.29066,0.32217,0.545394,0.363528,0.322784,0.248611,0.351544
266.0,98.0,76.9,9.0,4.0,20336.0,20602.0,0.551104,0.539911,0.390671,0.329663,0.473571,0.494753,0.527765,0.453664,0.350767,0.462385,0.461167,0.522244,0.53273,0.366857,0.510499,0.432498,0.623414,0.418186,0.298402,0.502187,0.434194,0.712536,0.656892,0.575302,0.668686,0.325408,0.756872,0.398804,0.525794,0.447662,0.370616,0.71572,0.433724,0.431782,0.358458,0.398729,0.64711,0.418095,0.365453,0.498749,0.450703,0.788882,0.42662,0.455151,0.671344,0.456173,0.872602,0.714423,0.632771,0.619267,0.479932,0.834651,0.784627,0.672782,0.665066,0.511558,0.758387,0.824214,0.656264,0.412118,0.530156,0.688728,0.675673,0.320062,0.320732,0.605128,0.596073,0.689675,0.409855,0.350416,0.317662,0.725011,0.531384,0.566034,0.60206,0.308395,0.748257,0.550416,0.660521,0.26015,0.431086,0.636912,0.625762,0.767976,0.336089,0.177215,0.735007,0.694854,0.732138,0.297016,0.089915,0.840912,0.979005,0.65622,0.36946,0.559148,0.767465,0.950095,0.850518,0.596668,0.466719,0.682838,0.939664,0.745388,0.442738,0.633056,0.729154,0.738867,0.240681,0.271445,0.638043,0.650962,0.722805,0.224692,0.460161,0.498582,0.78571,0.614684,0.911349,0.573527,0.466618,0.677953,0.619093,0.898405,0.371383,0.32899,0.639675,0.616732,0.885411,0.45642,0.186729,0.5247,0.620831,0.868881,0.450247,0.352632,0.823259,0.951489,0.629002,0.622089,0.611164,0.63558,0.781644,0.537514,0.376265,0.620561,0.712246,0.820031,0.321257,0.14053,0.62429,0.761368,0.731174,0.208086,0.221929,0.56909,0.712341,0.695512,0.400968,0.372674,0.404232,0.673305,0.623397,0.827901,0.35404,0.383169,0.639314,0.709434,0.819034,0.354048,0.437362,0.617101,0.66376,0.86641,0.464125,0.2869,0.701863,0.812194,0.62453,0.352061,0.386341,0.675615,0.937165,0.701671,0.470907,0.392644,0.619817,0.840324,0.503181,0.35903,0.682608,0.645948,0.728445,0.163784,0.281823,0.476114,0.699478,0.646344,0.223486,0.30636,0.545221,0.755461,0.612866,0.400635,0.369642,0.477231,0.684989,0.745845,0.707347,0.181734,0.473448,0.570321,0.754483,0.665155,0.050277,0.580623,0.61801,0.812018,0.749869,0.212928,0.334461,0.68749,0.785007,0.5434,0.295074,0.379451,0.645793,0.834229,0.638717,0.556131,0.371105,0.631594,0.722174,0.572148,0.871251,0.485523,0.576396,0.810359,0.452339,0.773552,0.525627,0.631871,0.710159,0.350354,0.671833,0.360388,0.639471,0.614216,0.519082,0.520722,0.453605,0.652851,0.773346,0.533008,0.175924,0.547894,0.566024,0.676604,0.5277,0.073432,0.40139,0.508665,0.699628,0.537968,0.114955,0.550572,0.696389,0.686612,0.69308,0.406495,0.665104,0.672509,0.73474,0.668811,0.560508,0.585491,0.661257,0.659887,0.598157,0.57326,0.48395,0.706838,0.69355,0.685114,0.467128,0.492496,0.694794,0.532565,0.272635,0.323914,0.44342,0.681558,0.550194,0.256265,0.149443,0.545648,0.716025,0.604713,0.399615,0.309665,0.485881,0.715874,0.57624,0.708657,0.383868,0.49045,0.769698,0.547662,0.57026,0.371128
166.0,90.0,67.4,3.0,1.0,20602.0,20768.0,0.69207,0.904051,0.41916,0.456504,0.43553,0.638742,0.877571,0.474002,0.420869,0.439666,0.592504,0.873059,0.426124,0.440603,0.37426,0.657825,0.928579,0.236986,0.414747,0.477494,0.589847,0.920139,0.389848,0.492612,0.593967,0.581522,1.0,0.466488,0.578961,0.551158,0.670795,1.0,0.298731,0.404185,0.423978,0.712789,0.973723,0.069791,0.31301,0.427178,0.695011,0.950962,0.0,0.401662,0.522208,0.691029,1.0,0.291731,0.538305,0.45666,0.666774,1.0,0.378683,0.406303,0.512374,0.648544,0.956489,0.543635,0.506596,0.348066,0.668498,0.966132,0.422313,0.336723,0.289,0.736853,0.972901,0.646085,0.450889,0.378093,0.630259,1.0,0.578914,0.68416,0.706678,0.66322,0.995294,0.487107,0.604601,0.315656,0.803836,0.8947,0.216925,0.687852,0.406059,0.661924,0.883179,0.229562,0.612086,0.3351,0.634681,0.927322,0.768112,0.336051,0.083387,0.826131,1.0,0.819637,0.59736,0.385883,0.710054,1.0,0.740774,0.569018,0.353979,0.758812,0.988028,0.63288,0.332842,0.21002,0.768789,0.922088,0.668375,0.39194,0.417025,0.735577,0.937061,0.770406,0.721212,0.696735,0.738437,0.81811,0.62186,0.672719,0.382058,0.631198,0.732428,0.485303,0.66375,0.522305,0.608375,0.647157,0.277684,0.818845,0.582929,0.743456,1.0,0.832188,0.355657,0.433834,0.821873,0.977906,0.693509,0.606024,0.130497,0.661798,0.937974,0.685628,0.52331,0.014751,0.754966,1.0,0.645434,0.412681,0.152845,0.726862,0.922975,0.644666,0.610184,0.388099,0.553906,0.563174,0.803701,0.842978,0.293587,0.49831,0.560234,0.799842,0.686463,0.406586,0.596483,0.536692,0.653716,0.632588,0.551165,0.631008,0.801843,0.762727,0.537191,0.13505,0.66879,0.964291,0.957502,0.567554,0.571303,0.653436,0.759325,0.657087,0.584407,0.226869,0.604766,0.671309,0.727049,0.521124,0.214,0.449167,0.809609,0.736021,0.549686,0.279752,0.540406,0.873705,0.671423,0.614335,0.366097,0.482922,0.574597,0.913884,0.886562,0.251232,0.447335,0.556214,0.919135,0.686179,0.226834,0.566234,0.666372,0.925871,0.733474,0.324004,0.431594,0.831449,0.920994,0.581959,0.0,0.659577,0.83889,0.866348,0.584522,0.429215,0.657268,0.872473,0.71946,0.569541,0.34502,0.69677,0.774984,0.856163,0.494956,0.58133,0.589263,0.786189,0.821402,0.615964,0.604582,0.300585,0.791157,0.767554,0.757157,0.582785,0.425844,0.655712,0.89034,0.765394,0.3979,0.448841,0.583656,0.814169,0.713887,0.188006,0.299179,0.641083,0.804677,0.596956,0.202844,0.521342,0.880514,0.795561,0.786973,0.325229,0.618557,0.915657,0.774266,0.786509,0.597498,0.559546,0.868333,0.809662,0.79978,0.5307,0.363433,0.813451,0.819968,0.890024,0.450776,0.502768,0.715255,0.768866,0.459221,0.354289,0.335332,0.691855,0.666179,0.41508,0.220023,0.482664,0.790858,0.689982,0.5609,0.397395,0.345323,0.869289,0.737386,0.878941,0.446974,0.402547,0.837641,0.724867,0.781273,0.440894
432.0,93.2,68.0,6.0,6.0,20768.0,21200.0,0.593573,0.764721,0.646894,0.477255,0.432358,0.524167,0.735241,0.715412,0.467093,0.394909,0.444765,0.724276,0.704968,0.505173,0.417681,0.517235,0.769807,0.557392,0.453682,0.456624,0.400557,0.760886,0.663102,0.465238,0.512561,0.459381,0.863498,0.589902,0.511955,0.358248,0.581764,0.835206,0.472033,0.345722,0.230884,0.595878,0.756599,0.369703,0.348707,0.218012,0.495055,0.782778,0.265047,0.431891,0.376504,0.420553,0.797433,0.23491,0.498695,0.396159,0.410454,0.778971,0.480259,0.273318,0.495348,0.339976,0.722902,0.62753,0.365983,0.355379,0.38987,0.754107,0.627443,0.337554,0.333397,0.543057,0.762391,0.708458,0.56688,0.326582,0.534898,0.798943,0.559367,0.544573,0.579226,0.597594,0.802647,0.438506,0.508994,0.138576,0.788451,0.687697,0.053889,0.764078,0.313643,0.608637,0.698979,0.11942,0.650306,0.104584,0.562962,0.79356,0.236863,0.299498,0.225354,0.696642,0.800048,0.549831,0.342452,0.34193,0.50389,0.79037,0.631084,0.378294,0.322149,0.474767,0.802402,0.607789,0.252864,0.262311,0.526456,0.763354,0.754663,0.52305,0.438936,0.511297,0.736431,0.622645,0.482156,0.588908,0.594157,0.645913,0.49501,0.427762,0.329106,0.628858,0.595555,0.377608,0.663354,0.393052,0.710724,0.649344,0.266961,0.902045,0.479948,0.740299,0.885807,0.314802,0.479005,0.281485,0.734969,0.787901,0.658381,0.317662,0.203408,0.478075,0.782346,0.612254,0.407424,0.051178,0.419478,0.762681,0.621118,0.38253,0.093791,0.432387,0.728134,0.670548,0.542357,0.42318,0.266593,0.462437,0.654138,0.347909,0.350057,0.105842,0.41126,0.645057,0.340345,0.656936,0.421664,0.400475,0.420155,0.404047,0.653067,0.502295,0.556675,0.471779,0.287801,0.676728,0.793854,0.78791,0.526052,0.395636,0.596658,0.673163,0.704585,0.58068,0.651771,0.261588,0.564185,0.563007,0.663467,0.46091,0.205906,0.236467,0.714443,0.710551,0.53486,0.217531,0.192346,0.719168,0.693059,0.54293,0.230134,0.267432,0.583346,0.782133,0.456762,0.285803,0.238301,0.480679,0.736087,0.449688,0.506788,0.375321,0.514335,0.687359,0.539376,0.616034,0.599154,0.634174,0.655156,0.429409,0.508276,0.743074,0.672554,0.607582,0.341682,0.459495,0.669484,0.749403,0.433755,0.529001,0.646322,0.764723,0.719481,0.723908,0.350289,0.591322,0.593611,0.763948,0.763465,0.525861,0.480733,0.223923,0.73053,0.752637,0.646778,0.442527,0.348916,0.601262,0.735429,0.353316,0.338276,0.425578,0.566609,0.619621,0.459447,0.163029,0.2135,0.55422,0.639785,0.402492,0.161958,0.469603,0.69433,0.609628,0.533893,0.397479,0.61324,0.739969,0.576138,0.540951,0.56885,0.514494,0.733393,0.753833,0.616208,0.378619,0.272746,0.687298,0.748631,0.659991,0.286964,0.325572,0.651017,0.610971,0.395754,0.25167,0.23172,0.622838,0.575055,0.293936,0.111398,0.229895,0.615239,0.581488,0.449033,0.290769,0.202802,0.702256,0.66056,0.673488,0.249668,0.18536,0.688959,0.611154,0.556668,0.227248
299.0,97.1,76.7,11.0,9.0,21200.0,21499.0,0.0,0.222051,0.392844,0.29261,0.412307,0.0,0.187715,0.477934,0.287799,0.320844,0.00477,0.19855,0.478202,0.395289,0.379196,0.0,0.290149,0.36638,0.276823,0.429274,0.0,0.419229,0.536218,0.260976,0.476898,0.026884,0.320753,0.138465,0.400239,0.370582,0.133844,0.338893,0.168313,0.305515,0.253438,0.204148,0.345295,0.167042,0.236502,0.325146,0.234189,0.471253,0.176202,0.248909,0.468677,0.149897,0.357605,0.30161,0.385016,0.524049,0.167253,0.327379,0.560854,0.275158,0.61855,0.009618,0.34386,0.601833,0.182027,0.334302,0.116635,0.276459,0.515072,0.058479,0.350165,0.152078,0.150152,0.422269,0.29237,0.24038,0.222153,0.101878,0.177185,0.634698,0.412069,0.276966,0.274708,0.157708,0.573235,0.045819,0.530957,0.265211,0.102208,0.706855,0.134429,0.279065,0.362768,0.164232,0.453983,0.236835,0.255257,0.4595,0.438083,0.312733,0.357174,0.344577,0.173534,0.809307,0.627043,0.494045,0.284836,0.189614,0.744454,0.569988,0.34353,0.197853,0.367274,0.492167,0.186828,0.28091,0.238212,0.248245,0.477288,0.361244,0.434064,0.421899,0.33656,0.246045,0.631814,0.558951,0.431838,0.280556,0.330037,0.652966,0.51623,0.388537,0.372224,0.448691,0.814079,0.384264,0.4102,0.309323,0.442736,0.827578,0.549403,0.349266,0.290981,0.517908,0.628779,0.577863,0.377505,0.426158,0.665739,0.459511,0.418348,0.502783,0.261879,0.517384,0.491645,0.193694,0.402369,0.278439,0.390397,0.354294,0.224653,0.461722,0.309357,0.256792,0.394783,0.333245,0.370077,0.424716,0.426821,0.504461,0.536061,0.286958,0.298486,0.422377,0.534609,0.850066,0.534665,0.309385,0.395816,0.589471,0.587582,0.126537,0.345552,0.529769,0.400184,0.759462,0.520617,0.19308,0.311366,0.400517,0.3702,0.489691,0.189074,0.084825,0.487526,0.184856,0.629406,0.250603,0.309016,0.246224,0.12,0.451503,0.367134,0.296644,0.379719,0.145846,0.448962,0.549191,0.218178,0.411843,0.16757,0.232985,0.483916,0.557945,0.486003,0.7658,0.239235,0.429817,0.468049,0.522474,0.659028,0.502487,0.389041,0.382808,0.525087,0.593307,0.561165,0.517528,0.368887,0.567599,0.480778,0.485395,0.386227,0.44159,0.521812,0.210327,0.39101,0.396517,0.128573,0.483681,0.339418,0.711964,0.362579,0.252537,0.286559,0.314221,0.543407,0.44039,0.230181,0.362231,0.312496,0.362918,0.539933,0.240752,0.508605,0.306611,0.113926,0.436883,0.582076,0.478065,0.486621,0.364434,0.481976,0.365274,0.466554,0.277427,0.253294,0.398564,0.421266,0.360134,0.122538,0.37481,0.546109,0.345142,0.591761,0.220019,0.520061,0.408976,0.240774,0.463357,0.203811,0.458073,0.44494,0.314102,0.523877,0.187159,0.335273,0.519638,0.396918,0.51497,0.321644,0.271407,0.495255,0.372429,0.27505,0.299888,0.167444,0.494226,0.43933,0.258338,0.183634,0.243563,0.439956,0.366372,0.316649,0.216305,0.296373,0.545552,0.34276,0.428592,0.180701,0.230276,0.57411,0.322907,0.403239,0.308462
232.0,98.7,75.7,4.0,5.0,21499.0,21731.0,0.455639,0.379443,0.459538,0.187659,0.492194,0.389556,0.324238,0.516389,0.199405,0.393926,0.394429,0.281466,0.48998,0.364987,0.348046,0.387947,0.436415,0.463502,0.180445,0.497731,0.384962,0.448372,0.54884,0.335137,0.484339,0.298217,0.587952,0.318719,0.420224,0.534681,0.419235,0.498593,0.437804,0.407238,0.442798,0.477242,0.453665,0.436089,0.249904,0.526448,0.496098,0.584326,0.418038,0.241815,0.572476,0.423639,0.513061,0.566541,0.482859,0.628281,0.417865,0.455555,0.561632,0.424662,0.617485,0.310696,0.44884,0.548944,0.260422,0.283973,0.423318,0.386312,0.420227,0.219465,0.262527,0.383927,0.282774,0.34167,0.390551,0.293536,0.460109,0.373829,0.415744,0.621668,0.550382,0.489214,0.399927,0.567356,0.639465,0.197172,0.678016,0.391083,0.756882,0.61218,0.449131,0.529445,0.507655,0.727588,0.249247,0.638465,0.409047,0.619332,0.947886,0.541994,0.846537,0.4556,0.434507,0.878441,1.0,0.559575,0.331793,0.356933,0.799945,0.819285,0.340714,0.340658,0.540281,0.543449,0.340959,0.235756,0.381136,0.390249,0.216232,0.406423,0.381699,0.599006,0.530816,0.400316,0.469744,0.654151,0.658163,0.470255,0.611102,0.661013,0.18735,0.528365,0.493596,0.695119,0.814888,0.329638,0.492221,0.302483,0.766442,0.568732,0.743064,0.330833,0.395546,0.751201,0.762194,1.0,0.182406,0.511872,0.760401,0.915127,0.471742,0.384391,0.343959,0.594974,0.697013,0.176903,0.437841,0.514892,0.361471,0.352219,0.187582,0.523906,0.556749,0.232484,0.35482,0.221785,0.501921,0.674041,0.451677,0.553052,0.389192,0.459797,0.636074,0.460314,0.569828,0.52304,0.623482,0.619241,0.484398,0.722625,0.220753,0.166035,0.555532,0.617636,0.743118,0.519045,0.371223,0.464054,0.680564,0.511911,0.478104,0.227337,0.011359,0.247802,0.395485,0.258367,0.372917,0.324598,0.271864,0.353635,0.132921,0.435132,0.548351,0.322459,0.458588,0.257815,0.478658,0.700704,0.324367,0.457037,0.221074,0.41022,0.752236,0.5535,0.420596,0.423784,0.360019,0.679238,0.396423,0.479253,0.217896,0.480497,0.607595,0.294827,0.508311,0.267213,0.34565,0.628947,0.553491,0.508043,0.194318,0.406278,0.454196,0.615947,0.499771,0.332695,0.056258,0.479245,0.383577,0.419868,0.35745,0.496574,0.468759,0.263463,0.324579,0.438003,0.445736,0.571907,0.209589,0.335599,0.280816,0.374203,0.686266,0.271437,0.501481,0.306403,0.277955,0.631665,0.535592,0.397072,0.248981,0.410654,0.62444,0.323598,0.427202,0.118786,0.164197,0.508988,0.400321,0.313031,0.023568,0.124022,0.597669,0.47034,0.523437,0.230567,0.30693,0.515781,0.305999,0.453423,0.320029,0.380459,0.57787,0.314866,0.500759,0.296837,0.289582,0.637233,0.458131,0.543,0.371788,0.344417,0.562664,0.399003,0.322575,0.196272,0.224548,0.56744,0.41717,0.274375,0.107764,0.320751,0.527951,0.416578,0.307907,0.161701,0.244321,0.63333,0.412912,0.412133,0.22994,0.254263,0.663878,0.42132,0.356223,0.210076
99.0,100.0,80.0,1.0,1.0,21731.0,21830.0,0.520631,0.419313,0.280995,0.19706,0.621659,0.464846,0.392499,0.26882,0.303873,0.645493,0.452978,0.372615,0.211084,0.347236,0.730389,0.492542,0.477774,0.291237,0.119982,0.650179,0.477564,0.472559,0.161809,0.365323,0.794625,0.305062,0.686483,0.4201,0.329273,0.578507,0.431376,0.617138,0.442699,0.25332,0.464695,0.558266,0.522079,0.354981,0.173305,0.531282,0.583888,0.642562,0.135912,0.336438,0.631187,0.482787,0.646573,0.082361,0.537802,0.798623,0.519014,0.547986,0.0,0.524066,0.839071,0.494213,0.515091,0.081274,0.480085,0.5851,0.533064,0.433041,0.11197,0.493293,0.432368,0.541588,0.362829,0.134521,0.515732,0.420274,0.448586,0.529901,0.510614,0.420877,0.638895,0.467258,0.547305,0.544261,0.299255,0.319968,0.669012,0.548158,0.624348,0.62019,0.481419,0.548987,0.668921,0.552228,0.516697,0.416998,0.367673,0.708885,0.432157,0.637104,1.0,0.563313,0.504458,0.552659,0.916653,0.590869,0.361641,0.4515,0.667544,0.819112,0.434202,0.359026,0.519623,0.513536,0.420763,0.309084,0.443564,0.444275,0.241674,0.495792,0.503073,0.506689,0.607531,0.271529,0.038672,0.638355,0.609934,0.491585,0.580255,0.27528,0.433237,0.506496,0.467779,0.637552,0.597032,0.406972,0.578815,0.459683,0.68038,0.618593,0.693488,0.368814,0.493908,0.49399,0.694292,0.883565,0.173077,0.34762,0.677087,0.915578,0.434663,0.209221,0.230216,0.649221,0.656273,0.191517,0.119257,0.450515,0.33891,0.341986,0.210065,0.12583,0.526378,0.173522,0.442164,0.272692,0.584886,0.67975,0.232709,0.144749,0.479958,0.46811,0.617218,0.385991,0.193347,0.636224,0.619541,0.636146,0.430663,0.319303,0.400522,0.536043,0.685571,0.615317,0.504038,0.418278,0.58039,0.774346,0.690447,0.752435,0.916225,0.104317,0.4237,0.62104,0.581305,0.209443,0.052549,0.433709,0.590743,0.501139,0.12998,0.046509,0.576235,0.333604,0.612889,0.423702,0.206708,0.690037,0.227171,0.617291,0.266824,0.601478,0.807491,0.329704,0.120581,0.564494,0.62705,0.755895,0.385365,0.394259,0.32078,0.601095,0.629144,0.48821,0.56016,0.504294,0.533884,0.773556,0.676326,0.400433,0.280345,0.484484,0.682803,0.721157,0.506096,0.519064,0.111838,0.666988,0.699459,0.517079,0.492437,0.17266,0.628801,0.386907,0.486827,0.521512,0.192511,0.694259,0.327641,0.518671,0.333836,0.171897,0.7288,0.239968,0.651335,0.263661,0.515437,0.729467,0.308948,0.026698,0.304958,0.581822,0.696718,0.323481,0.255928,0.145206,0.334427,0.634789,0.490894,0.24745,0.142949,0.32384,0.690461,0.604126,0.457368,0.27124,0.277251,0.672243,0.392216,0.43297,0.324458,0.268683,0.709388,0.326473,0.543466,0.284639,0.118539,0.74323,0.377242,0.640319,0.210216,0.434481,0.635156,0.204063,0.158205,0.268244,0.371355,0.667754,0.319289,0.116261,0.183991,0.383988,0.575675,0.363072,0.173439,0.239276,0.265262,0.740337,0.37948,0.53008,0.230332,0.258027,0.722749,0.256518,0.247479,0.220659
99.0,97.0,79.0,0.0,2.0,21830.0,21929.0,0.397693,0.266162,0.197745,0.447153,0.490769,0.391632,0.288958,0.194101,0.397837,0.489292,0.392602,0.295053,0.138797,0.328017,0.56588,0.393322,0.305503,0.201499,0.433689,0.50791,0.459508,0.462568,0.131925,0.458392,0.575779,0.253723,0.586225,0.258473,0.675327,0.612952,0.29432,0.495949,0.216791,0.601061,0.429202,0.452192,0.329581,0.142039,0.395565,0.447605,0.561574,0.549664,0.109329,0.561467,0.574206,0.570642,0.681913,0.090725,0.683954,0.613491,0.604945,0.622097,0.083247,0.649235,0.602346,0.560927,0.574569,0.306955,0.764584,0.450511,0.534813,0.39735,0.377328,0.478538,0.361517,0.550199,0.423509,0.407269,0.355648,0.367271,0.466286,0.436158,0.392165,0.993651,0.508186,0.43405,0.455693,0.396146,0.69117,0.297384,0.622276,0.447337,0.41876,0.746529,0.33913,0.579683,0.665816,0.45948,0.787268,0.288735,0.58394,0.816601,0.422553,0.728693,0.50987,0.75493,0.741139,0.610436,0.862663,0.278509,0.619697,0.648911,0.720787,0.595839,0.190258,0.308307,0.517182,0.504645,0.43432,0.240811,0.35924,0.418834,0.37352,0.525218,0.457185,0.664052,0.476213,0.334472,0.44997,0.598674,0.720177,0.349622,0.499238,0.652505,0.483651,0.627107,0.259121,0.606391,0.794398,0.302849,0.655944,0.429105,0.696471,0.946041,0.50328,0.60314,0.850275,0.555962,0.740043,0.401499,0.5395,0.559405,0.642352,0.744276,0.278566,0.272125,0.350507,0.607252,0.585444,0.160335,0.125318,0.436354,0.367103,0.408397,0.145681,0.227046,0.381171,0.236532,0.45971,0.247787,0.884877,0.517327,0.375261,0.462395,0.411384,0.766062,0.432048,0.513668,0.380621,0.640112,0.887833,0.613222,0.522521,0.368223,0.604216,0.880726,0.827843,0.622742,0.546658,0.427766,0.853291,0.978465,0.747067,0.734371,0.604536,0.394945,0.688231,0.555736,0.652983,0.159166,0.659829,0.558107,0.632481,0.561427,0.282332,0.429831,0.591162,0.289479,0.606075,0.391601,0.451401,0.615937,0.07033,0.636791,0.241451,0.815582,0.696022,0.635154,0.531112,0.695747,0.866271,0.698713,0.735562,0.591369,0.398064,0.838691,0.750523,0.763041,0.713497,0.459705,0.826033,0.95121,0.788774,0.718997,0.329296,0.746817,0.90932,0.828814,0.815073,0.50639,0.663375,0.849005,0.655542,0.779526,0.5469,0.784239,0.706649,0.415423,0.586772,0.503513,0.670849,0.729898,0.504642,0.644492,0.48113,0.568452,0.69198,0.290867,0.713146,0.313753,0.703355,0.716043,0.630296,0.607495,0.3942,0.814,0.698054,0.632368,0.565953,0.140719,0.667369,0.794434,0.705315,0.50552,0.224624,0.741446,0.885847,0.682318,0.721847,0.257181,0.737816,0.85792,0.485533,0.710072,0.235326,0.681084,0.767478,0.434615,0.70898,0.365818,0.514261,0.768823,0.490698,0.744815,0.175347,0.513467,0.680994,0.500645,0.470513,0.293256,0.581138,0.728527,0.520968,0.358691,0.163155,0.456653,0.686728,0.497528,0.436953,0.31025,0.555908,0.785733,0.469695,0.785985,0.20526,0.537379,0.734193,0.429864,0.624755,0.2569
133.0,96.0,78.0,0.0,0.0,21929.0,22062.0,0.445913,0.137577,0.559772,0.503567,0.436252,0.4584,0.138607,0.65586,0.49883,0.408897,0.484237,0.217681,0.622756,0.414099,0.448333,0.429586,0.251851,0.548553,0.563944,0.449335,0.496616,0.397923,0.649174,0.513038,0.466774,0.315278,0.538734,0.562929,0.69161,0.51608,0.329385,0.442015,0.492638,0.647268,0.37706,0.387583,0.300608,0.36978,0.504521,0.450142,0.553055,0.464284,0.351604,0.653444,0.685806,0.636884,0.49901,0.426137,0.778419,0.70299,0.630127,0.436562,0.600525,0.655441,0.451032,0.531056,0.426879,0.755133,0.672983,0.296259,0.444129,0.272479,0.590942,0.407389,0.305091,0.496244,0.039554,0.531927,0.455442,0.437777,0.484902,0.442513,0.676174,0.928526,0.366453,0.443098,0.410063,0.589268,0.73609,0.267061,0.630469,0.273142,0.335788,0.678558,0.462864,0.570579,0.508021,0.419811,0.863078,0.562794,0.578137,0.659028,0.546461,0.764231,0.77363,0.767676,0.512205,0.714059,0.781604,0.311043,0.620365,0.417922,0.703217,0.527666,0.223092,0.376092,0.368664,0.562944,0.416282,0.366125,0.417271,0.316707,0.500227,0.544795,0.533637,0.590219,0.597651,0.613828,0.753069,0.485963,0.666674,0.477422,0.59062,0.76202,0.193934,0.583968,0.34388,0.58698,0.832908,0.166381,0.603,0.305573,0.585155,0.965122,0.421196,0.528987,0.838436,0.764352,0.795492,0.447063,0.67538,0.522191,0.69769,0.488291,0.373149,0.467732,0.342814,0.66929,0.594417,0.215864,0.371624,0.38712,0.499737,0.440164,0.25853,0.431801,0.437305,0.523754,0.419972,0.339601,0.737363,0.669642,0.572016,0.739626,0.102456,0.622424,0.572225,0.513182,0.571326,0.459765,0.770506,0.705883,0.398097,0.613728,0.399096,0.678934,0.80961,0.488812,0.754573,0.491702,0.726848,0.935022,0.71294,0.967831,0.558646,0.15002,0.658458,0.638344,0.75847,0.430804,0.700766,0.607263,0.674351,0.52981,0.424385,0.444774,0.634732,0.522331,0.594274,0.514176,0.426056,0.632921,0.459951,0.581465,0.426141,0.631131,0.720011,0.709802,0.601712,0.29945,0.692293,0.697339,0.659143,0.532497,0.247888,0.696129,0.78354,0.605799,0.647174,0.280838,0.651561,0.973486,0.615444,0.938667,0.50138,0.589121,0.870374,0.793314,0.988715,0.686837,0.504523,0.837172,0.608888,0.882927,0.903623,0.704608,0.689942,0.610881,0.631423,0.815986,0.586293,0.75861,0.605836,0.624943,0.894555,0.428174,0.725744,0.58058,0.676503,0.57952,0.52709,0.759695,0.699163,0.630023,0.242031,0.657513,0.748416,0.621786,0.563277,0.192176,0.447521,0.898508,0.674819,0.583918,0.187518,0.59187,1.0,0.720875,0.865627,0.441113,0.606346,0.924701,0.670337,0.779411,0.58186,0.567924,0.804785,0.592037,0.707037,0.657648,0.444065,0.797705,0.679473,0.66792,0.438514,0.338855,0.72743,0.539727,0.477035,0.34826,0.367316,0.77012,0.550284,0.38852,0.204135,0.253485,0.810546,0.592513,0.497248,0.374842,0.344533,0.862152,0.563653,0.797561,0.405032,0.383636,0.798293,0.572253,0.692,0.459828
66.0,98.5,82.5,2.0,1.0,1260.0,1326.0,0.684433,0.442075,0.543558,0.240499,0.449266,0.624817,0.491973,0.546801,0.322774,0.432663,0.616754,0.514859,0.496879,0.371011,0.468013,0.67449,0.416212,0.462932,0.096563,0.46514,0.651534,0.580371,0.401254,0.384794,0.490669,0.599503,0.739017,0.417983,0.286853,0.45924,0.684301,0.68857,0.360795,0.127891,0.26229,0.766458,0.518914,0.352323,0.017946,0.403555,0.771872,0.602566,0.356417,0.241099,0.607048,0.742594,0.677505,0.271087,0.539333,0.587756,0.673033,0.501722,0.149796,0.492555,0.472094,0.625513,0.506232,0.32659,0.608406,0.13001,0.621275,0.45612,0.25504,0.451323,0.313298,0.644509,0.406469,0.378911,0.351981,0.210919,0.528689,0.670181,0.225647,0.113034,0.179538,0.603546,0.752444,0.194381,0.223489,0.082961,0.808914,0.631636,0.314966,0.516353,0.306238,0.761972,0.593502,0.532243,0.301758,0.730699,0.530595,0.640903,0.71635,0.496798,0.602343,0.549953,0.340743,0.442028,0.72164,0.395769,0.399744,0.125399,0.330953,0.567587,0.169856,0.525717,0.430471,0.265409,0.352756,0.162598,0.558645,0.331636,0.083322,0.394457,0.305115,0.363339,0.734016,0.247543,0.1829,0.343682,0.58102,0.749208,0.133815,0.512354,0.113623,0.605962,0.727273,0.176999,0.819539,0.275885,0.749362,0.599295,0.48667,0.722239,0.519201,0.453258,0.497949,0.821627,0.515416,0.770492,0.555294,0.325523,0.185218,0.581961,0.326091,0.534616,0.299417,0.092637,0.51086,0.192696,0.426641,0.390528,0.102734,0.383194,0.098751,0.360749,0.328872,0.084685,0.383895,0.24702,0.146637,0.574217,0.447238,0.204498,0.246132,0.21175,0.653906,0.392411,0.442513,0.409546,0.539012,0.673596,0.256145,0.827112,0.45391,0.427854,0.549095,0.450949,0.823909,0.55106,0.17191,0.547173,0.628502,0.691098,0.444142,0.470767,0.576854,0.42088,0.30122,0.429665,0.689369,0.446237,0.313481,0.288459,0.217328,0.303753,0.572968,0.0,0.442772,0.250668,0.283632,0.627982,0.0,0.526516,0.285826,0.33981,0.622869,0.616681,0.505012,0.274543,0.426447,0.5287,0.617534,0.738874,0.188483,0.544009,0.59706,0.597466,0.807434,0.450818,0.467065,0.640751,0.528989,0.77176,0.292978,0.382783,0.625089,0.673192,0.598994,0.406105,0.275705,0.627994,0.575507,0.480273,0.739173,0.53337,0.551708,0.270005,0.428199,0.534282,0.463715,0.575924,0.103262,0.402845,0.616572,0.278801,0.566261,0.0,0.391566,0.398092,0.375425,0.535546,0.578445,0.514448,0.420812,0.536089,0.515402,0.525455,0.611468,0.263239,0.502353,0.500989,0.464798,0.544256,0.240705,0.547495,0.689015,0.462664,0.583277,0.421326,0.600963,0.561257,0.310481,0.546144,0.48897,0.499973,0.540195,0.146656,0.500013,0.417452,0.434645,0.563308,0.215052,0.515442,0.422164,0.288963,0.322253,0.417929,0.335711,0.33719,0.303353,0.46023,0.432449,0.317288,0.296445,0.38465,0.426,0.381986,0.421179,0.259455,0.393872,0.440202,0.276219,0.605377,0.30431,0.316123,0.433076,0.281647,0.45893,0.330958
66.0,97.0,79.0,1.0,0.0,22062.0,22128.0,0.344758,0.427652,0.699746,0.592083,0.415882,0.374293,0.408929,0.70129,0.609475,0.429346,0.418282,0.4546,0.626597,0.612652,0.494498,0.315175,0.48273,0.722243,0.737254,0.433736,0.473972,0.611098,0.640221,0.633143,0.469797,0.129003,0.636665,0.794459,0.806877,0.479016,0.153081,0.572666,0.677876,0.709159,0.393969,0.24713,0.491387,0.6566,0.701534,0.437277,0.427828,0.609591,0.596831,0.897418,0.613567,0.501766,0.584177,0.561459,0.908513,0.716199,0.53702,0.628405,0.564829,0.699395,0.587833,0.493691,0.634308,0.673801,0.657846,0.439689,0.37009,0.574007,0.734053,0.696471,0.343013,0.433588,0.422963,0.667114,0.620182,0.361723,0.192806,0.470406,0.828225,0.548084,0.487216,0.150096,0.418107,0.613812,0.602517,0.277736,0.516266,0.235359,0.395875,0.670061,0.362972,0.437444,0.449995,0.628735,1.0,0.509515,0.476132,0.51864,0.636876,1.0,0.840765,0.743951,0.691262,0.63962,0.537166,0.423324,0.597938,0.71849,0.690938,0.24025,0.27507,0.575684,0.671638,0.717576,0.287162,0.296122,0.390668,0.516096,0.688377,0.553723,0.431546,0.238712,0.574958,0.645965,0.60661,0.615554,0.21959,0.34934,0.485755,0.51332,0.284705,0.188204,0.199476,0.516591,0.674583,0.361969,0.359802,0.285381,0.605467,0.827066,0.393289,0.539547,0.508919,0.734196,1.0,0.429412,0.975678,0.965678,0.758067,0.116639,0.315061,0.796722,0.76367,0.696219,0.363771,0.173027,0.639781,0.66846,0.671628,0.379307,0.199013,0.540742,0.625344,0.690481,0.348489,0.296075,0.365565,0.62726,0.61388,0.606597,0.349956,0.203722,0.432395,0.464279,0.412695,0.640267,0.355239,0.309634,0.335928,0.493624,0.718403,0.164581,0.341199,0.553716,0.570189,0.700406,0.523656,0.546896,0.839428,1.0,0.66105,0.46203,0.540967,0.779921,0.577688,0.476939,0.877624,0.656115,0.77422,0.297025,0.370164,0.592154,0.697313,0.731304,0.487598,0.448401,0.558499,0.745758,0.731807,0.536971,0.366465,0.36839,0.704956,0.721627,0.55852,0.261055,0.306847,0.533027,0.57888,0.487849,0.447189,0.405698,0.545256,0.545808,0.535314,0.537839,0.456432,0.728766,0.778228,0.742358,0.620864,0.480848,0.705133,0.940076,0.894127,0.599191,0.483941,0.659485,0.884096,0.798559,0.932635,0.672744,0.566356,0.853979,0.455293,0.724389,0.634714,0.616052,0.820006,0.52308,0.786858,0.492727,0.700952,0.848108,0.555023,0.450764,0.298124,0.704929,0.751009,0.449443,0.335736,0.485284,0.685723,0.629955,0.417087,0.225677,0.346693,0.750324,0.687552,0.439854,0.175598,0.526969,0.899786,0.891224,0.783095,0.393569,0.668113,0.812258,0.916972,0.748748,0.581078,0.602849,0.746293,0.874831,0.656862,0.532151,0.586189,0.8083,0.890922,0.554532,0.40581,0.449963,0.796991,0.724034,0.206846,0.290333,0.346009,0.758359,0.631641,0.234263,0.190428,0.453879,0.833051,0.7604,0.415433,0.337441,0.468729,0.860946,0.843245,0.696569,0.364941,0.461188,0.861335,0.817266,0.437863,0.432601
166.0,100.2,82.4,3.0,4.0,22128.0,22294.0,0.284381,0.250775,0.638632,0.622259,0.340937,0.13004,0.278182,0.599656,0.68123,0.267416,0.110649,0.345622,0.485781,0.689336,0.364224,0.209002,0.282427,0.682116,0.762813,0.409274,0.178153,0.509481,0.52602,0.732209,0.364588,0.144003,0.423959,0.703366,0.707084,0.606542,0.212247,0.35943,0.651746,0.616983,0.418515,0.323851,0.166499,0.678832,0.675688,0.447516,0.394503,0.435898,0.582949,0.84468,0.492442,0.294204,0.524651,0.587821,0.836518,0.53591,0.184707,0.529421,0.465544,0.688756,0.423514,0.0,0.587053,0.524795,0.757791,0.156004,0.078813,0.533194,0.452328,0.749421,0.286506,0.282089,0.445545,0.441174,0.633779,0.251133,0.027274,0.276519,0.72143,0.557307,0.570249,0.135911,0.275958,0.607356,0.562466,0.307389,0.638688,0.12746,0.50203,0.602472,0.292482,0.589066,0.493177,0.75506,0.806023,0.280782,0.478145,0.7229,0.769796,0.807233,0.538226,0.58227,0.735463,0.452632,0.56472,0.219258,0.267329,0.68108,0.498979,0.490971,0.169957,0.413464,0.683577,0.44857,0.321765,0.076025,0.22215,0.506882,0.448909,0.528936,0.260888,0.093817,0.467531,0.603902,0.583833,0.7283,0.0,0.344272,0.566628,0.542236,0.367799,0.260554,0.348769,0.620555,0.605413,0.35933,0.547785,0.273285,0.651199,0.633107,0.222199,0.580889,0.604434,0.795647,0.82332,0.073795,0.851594,0.930223,0.605317,0.297123,0.0,0.687845,0.706166,0.555111,0.438396,0.019417,0.531703,0.635703,0.491268,0.274539,0.046313,0.425488,0.611432,0.49467,0.300407,0.098908,0.482137,0.62111,0.609334,0.822328,0.404429,0.273341,0.652086,0.630758,0.50437,0.688132,0.400244,0.691904,0.575504,0.469024,0.767472,0.183795,0.758067,0.642071,0.483352,0.570092,0.539659,0.622895,1.0,0.84009,0.541317,0.51166,0.550581,0.81495,0.732468,0.140091,0.702091,0.553963,0.679043,0.443754,0.124916,0.558939,0.664988,0.624562,0.489806,0.176608,0.561856,0.742824,0.571023,0.441051,0.0,0.711572,0.791727,0.76774,0.869903,0.41131,0.666403,0.764154,0.746589,0.805762,0.451453,0.682353,0.755221,0.742027,0.733329,0.468416,0.540987,0.76182,0.958664,0.791446,0.653349,0.56163,0.614705,0.994706,1.0,0.491591,0.483944,0.640657,0.957938,0.994648,0.493353,0.628793,0.692275,0.917775,0.763136,0.327506,0.648327,0.699544,0.783001,0.693484,0.331109,0.610415,0.734312,0.752371,0.604131,0.192388,0.675265,0.822603,0.825614,0.88604,0.454406,0.803567,0.775584,0.736832,0.780348,0.188242,0.668114,0.762904,0.869099,0.67608,0.23092,0.719659,0.8053,1.0,1.0,0.277365,0.786924,0.854044,0.934263,0.98228,0.127593,0.71005,0.808159,0.876135,0.87622,0.170365,0.67439,0.840645,0.876815,0.857778,0.247847,0.68601,0.819863,0.90264,0.524071,0.266033,0.673649,0.817257,0.726706,0.418631,0.126813,0.716934,0.813246,0.863874,0.629951,0.189747,0.695339,0.901813,0.926676,0.96666,0.030251,0.646485,0.916548,0.891212,0.73234,0.271906
166.0,105.2,87.4,3.0,3.0,22294.0,22460.0,0.409422,0.503987,0.730882,0.567158,0.503659,0.353715,0.473192,0.757159,0.583839,0.454028,0.307862,0.497103,0.74344,0.601936,0.53915,0.333708,0.586902,0.718207,0.652966,0.465077,0.157316,0.644418,0.706731,0.655183,0.626675,0.257893,0.611026,0.710603,0.614119,0.700225,0.307342,0.551145,0.719608,0.605006,0.478356,0.438622,0.571212,0.708308,0.644449,0.475742,0.490311,0.709699,0.646938,0.65479,0.478389,0.311367,0.710802,0.736889,0.715289,0.575672,0.167036,0.691444,0.680319,0.615182,0.523981,0.037356,0.66515,0.792685,0.773836,0.146191,0.232189,0.493679,0.696429,0.594697,0.379024,0.510972,0.459208,0.787379,0.625304,0.381865,0.290638,0.514998,0.718651,0.540251,0.59444,0.297007,0.544187,0.726184,0.475954,0.396458,0.681137,0.489423,0.577334,0.44065,0.350028,0.607133,0.67143,0.671307,0.52957,0.295729,0.436888,0.736539,0.799055,0.496524,0.385255,0.40385,0.640344,0.849086,0.528625,0.31893,0.196559,0.531226,0.825595,0.444788,0.158375,0.553782,0.594459,0.794199,0.398238,0.194587,0.658401,0.482362,0.756413,0.515699,0.390161,0.376167,0.694521,0.698871,0.524578,0.778422,0.363606,0.627772,0.689088,0.49556,0.428903,0.253448,0.6201,0.605285,0.487813,0.377448,0.594204,0.458729,0.599771,0.195882,0.364501,0.453376,0.753441,0.681851,0.198949,0.348623,0.57806,0.63504,0.82528,0.33357,0.217139,0.627708,0.277956,0.853427,0.500841,0.096264,0.732745,0.428176,0.790352,0.353021,0.135633,0.7504,0.457515,0.74555,0.534698,0.244307,0.560599,0.747075,0.790576,0.58669,0.441785,0.371606,0.774635,0.808385,0.430037,0.60155,0.430271,0.766826,0.661714,0.422804,0.556352,0.352217,0.768739,0.663523,0.248534,0.262725,0.592229,0.684733,0.770617,0.316827,0.463418,0.669032,0.510091,0.894733,0.441485,0.273814,0.760359,0.430284,0.895692,0.251224,0.207074,0.704152,0.591738,0.812583,0.486639,0.314155,0.721694,0.658977,0.769963,0.488584,0.215106,0.672067,0.802477,0.883404,0.549728,0.572588,0.704401,0.784329,0.932526,0.590041,0.260471,0.688907,0.81475,0.913925,0.586391,0.339004,0.610228,0.855242,0.859762,0.427442,0.294503,0.578152,0.734641,0.835501,0.528787,0.339432,0.443378,0.733439,0.820096,0.490896,0.27709,0.657285,0.782814,0.95667,0.436262,0.386936,0.699261,0.776742,0.816805,0.467185,0.396376,0.683841,0.690565,0.856543,0.45755,0.34153,0.640148,0.806088,0.862818,0.40374,0.437662,0.771997,0.784279,0.844622,0.442832,0.230938,0.645986,0.786528,0.921105,0.415834,0.150433,0.6804,0.797153,0.907576,0.481484,0.268451,0.732332,0.826063,0.847118,0.506066,0.347758,0.70137,0.777344,0.867317,0.542956,0.327326,0.624945,0.790546,0.906045,0.561485,0.330272,0.614607,0.718073,0.897104,0.105839,0.367796,0.580542,0.747081,0.74566,0.163352,0.207083,0.694884,0.740208,0.849397,0.283599,0.266948,0.660527,0.831818,0.877895,0.58833,0.340451,0.572173,0.824084,0.868332,0.377296,0.409475
99.0,105.0,86.7,1.0,0.0,22460.0,22559.0,0.45562,0.529338,0.565317,0.530529,0.585804,0.451867,0.510382,0.574451,0.526981,0.586779,0.437943,0.527553,0.555474,0.550221,0.656228,0.38616,0.624196,0.590262,0.549297,0.588383,0.356898,0.702683,0.561593,0.583571,0.741939,0.223594,0.72469,0.546058,0.48565,0.616504,0.344993,0.689052,0.553304,0.530682,0.505425,0.504297,0.701916,0.570788,0.500049,0.628793,0.553478,0.773676,0.54674,0.429887,0.651631,0.404315,0.726079,0.554938,0.494164,0.712824,0.371066,0.732299,0.529924,0.539858,0.610186,0.380882,0.712417,0.616649,0.809347,0.369576,0.342894,0.591275,0.538936,0.65248,0.43688,0.523012,0.524276,0.647271,0.632118,0.473242,0.436438,0.741256,0.571938,0.675636,0.674488,0.451073,0.727399,0.562184,0.444118,0.366396,0.745088,0.641399,0.432372,0.379944,0.548563,0.633205,0.760649,0.486462,0.346446,0.760515,0.489428,0.678254,0.39446,0.36976,0.534853,0.512671,0.666692,0.575858,0.535673,0.406373,0.461136,0.663956,0.665501,0.487934,0.237898,0.564455,0.696376,0.623882,0.438748,0.26726,0.605912,0.616972,0.657751,0.534006,0.42113,0.68153,0.884937,0.550737,0.52401,0.779273,0.77761,0.823786,0.58781,0.455047,0.563664,0.71194,0.766714,0.491095,0.542803,0.496457,0.604157,0.536099,0.38582,0.261345,0.528623,0.407109,0.723302,0.345319,0.30916,0.644159,0.61384,0.783903,0.60401,0.405566,0.230611,0.547859,0.64476,0.693921,0.479518,0.116856,0.682876,0.760038,0.638176,0.42,0.116546,0.691399,0.759117,0.666192,0.581746,0.374901,0.734412,0.865486,0.706901,0.471691,0.253763,0.73519,0.785119,0.773678,0.516692,0.569676,0.806452,0.766213,0.615482,0.593357,0.518596,0.5064,0.450398,0.561704,0.500769,0.412964,0.477589,0.643887,0.745666,0.593421,0.534287,0.673587,0.407285,0.72792,0.295128,0.337451,0.811122,0.595491,0.783617,0.314172,0.226963,0.705341,0.755241,0.719477,0.621387,0.328202,0.738426,0.871604,0.705161,0.584487,0.302413,0.726355,0.738412,0.83408,0.578872,0.468194,0.779537,0.58336,0.909957,0.606042,0.141531,0.725744,0.588889,0.91156,0.731108,0.330481,0.381925,0.5699,0.755164,0.574922,0.395338,0.350263,0.587914,0.755833,0.378329,0.457198,0.37469,0.544398,0.692242,0.370291,0.382211,0.742255,0.580049,0.835002,0.467768,0.450593,0.710166,0.673247,0.697454,0.584866,0.502077,0.671443,0.743354,0.722698,0.64556,0.381969,0.626434,0.64714,0.817326,0.424345,0.315482,0.726803,0.524419,0.82045,0.533296,0.180432,0.62285,0.539415,0.84223,0.469665,0.152809,0.522135,0.513552,0.748388,0.531241,0.311281,0.712981,0.539277,0.667732,0.574123,0.272122,0.665292,0.615645,0.736681,0.662261,0.329196,0.586686,0.681226,0.748866,0.694576,0.279478,0.597641,0.603982,0.681474,0.287693,0.273659,0.544613,0.595482,0.635803,0.270747,0.139377,0.631524,0.588642,0.686071,0.371521,0.275231,0.591296,0.608908,0.683724,0.673134,0.294519,0.549021,0.654542,0.677862,0.576528,0.260177
332.0,93.2,66.5,2.0,6.0,22559.0,22891.0,0.507502,0.377724,0.368807,0.517026,0.376076,0.492451,0.44458,0.449895,0.615256,0.454998,0.460095,0.480274,0.453514,0.665968,0.501494,0.446144,0.436443,0.341709,0.558251,0.321184,0.453278,0.667182,0.475155,0.794812,0.579189,0.150697,0.648065,0.250388,0.446499,0.400692,0.324618,0.63418,0.223549,0.458319,0.296903,0.50663,0.550111,0.274725,0.446266,0.321954,0.532648,0.575415,0.270027,0.513991,0.436426,0.444983,0.597575,0.246174,0.640805,0.484428,0.434629,0.663164,0.391585,0.727227,0.524944,0.419517,0.682187,0.624092,0.958763,0.310419,0.384296,0.52367,0.578825,1.0,0.337753,0.393297,0.354167,0.44619,0.726716,0.36235,0.39006,0.556985,0.313498,0.763146,0.541799,0.42861,0.640573,0.223534,0.500168,0.188566,0.719183,0.601486,0.177131,0.473049,0.389727,0.605057,0.637305,0.370467,0.458441,0.424031,0.530025,0.686757,0.498107,0.532735,0.367149,0.573848,0.677285,0.533499,0.760603,0.328738,0.518065,0.645023,0.600742,0.653117,0.201475,0.410067,0.538931,0.466537,0.482732,0.216039,0.283767,0.40098,0.405822,0.619763,0.349815,0.675583,0.62955,0.512899,0.490243,0.764771,0.851004,0.651839,0.527279,0.637976,0.481791,0.822682,0.671938,0.48186,0.635757,0.259056,0.621118,0.476061,0.438059,0.405105,0.484203,0.527841,0.579556,0.580229,0.720117,0.89566,0.468588,0.614777,0.33629,0.45024,0.1296,0.243124,0.502575,0.468212,0.544786,0.164287,0.307871,0.479385,0.321202,0.413331,0.066483,0.232453,0.480239,0.362802,0.493266,0.282734,0.712318,0.605487,0.668584,0.41415,0.428668,0.762766,0.601074,0.68277,0.436218,0.821752,0.901371,0.616607,0.576083,0.538054,0.445529,0.599784,0.270033,0.651347,0.290089,0.206423,0.494646,0.655197,0.870681,0.632841,0.441345,0.206401,0.273545,0.421208,0.414412,0.176195,0.49239,0.286648,0.374707,0.477054,0.350109,0.33484,0.534518,0.239377,0.5529,0.422198,0.738059,0.721606,0.367823,0.470418,0.35458,0.694847,0.543804,0.674485,0.344961,0.566034,0.778495,0.433355,0.578963,0.377374,0.473576,0.745991,0.468496,0.624152,0.581459,0.362554,0.322613,0.324425,0.765739,0.321977,0.403894,0.496453,0.428348,0.819542,0.449099,0.473208,0.328696,0.0,0.588228,0.287665,0.50466,0.679948,0.361239,0.310011,0.294789,0.546687,0.571733,0.525746,0.142944,0.354179,0.610774,0.440349,0.514141,0.214195,0.490054,0.477247,0.574398,0.454975,0.639483,0.239131,0.349986,0.653342,0.329524,0.534265,0.357594,0.175489,0.544342,0.280282,0.649881,0.396839,0.185318,0.315627,0.243745,0.650051,0.450061,0.345777,0.581965,0.115003,0.322007,0.368786,0.409564,0.60771,0.389805,0.243433,0.49605,0.498949,0.409972,0.459936,0.362482,0.512554,0.272132,0.486575,0.464578,0.471232,0.270534,0.154521,0.460354,0.43582,0.482471,0.251047,0.110662,0.41308,0.364829,0.407158,0.24131,0.283494,0.393468,0.338097,0.45017,0.517756,0.251876,0.400864,0.444564,0.400069,0.425861,0.214561
332.0,95.5,67.1,3.0,8.0,22891.0,23223.0,0.515004,0.382152,0.31979,0.109259,0.266653,0.508794,0.44513,0.43755,0.234621,0.268551,0.473134,0.438614,0.484033,0.328273,0.316284,0.449026,0.390249,0.366576,0.081313,0.248932,0.489932,0.565975,0.587683,0.52709,0.441793,0.034789,0.599158,0.292306,0.222038,0.376329,0.153438,0.53898,0.200056,0.102902,0.260338,0.379803,0.423371,0.2332,0.032937,0.288008,0.439651,0.473209,0.295113,0.289449,0.383471,0.444733,0.457022,0.393356,0.535591,0.448346,0.498667,0.490124,0.610558,0.525437,0.454722,0.445588,0.496315,0.775306,0.634528,0.332225,0.38632,0.330202,0.736305,0.731692,0.308813,0.454616,0.217701,0.537619,0.42644,0.281195,0.208715,0.527726,0.407759,0.577671,0.50122,0.264798,0.513179,0.292851,0.225579,0.149641,0.556269,0.30856,0.055506,0.333845,0.417935,0.443093,0.358231,0.17916,0.398857,0.305578,0.455533,0.580891,0.510133,0.488198,0.401107,0.628376,0.424643,0.683766,0.822208,0.377909,0.492394,0.332249,0.765474,0.73349,0.163616,0.507151,0.411013,0.604673,0.402468,0.199047,0.464843,0.372385,0.474958,0.589423,0.36357,0.458428,0.689955,0.534652,0.495089,0.716282,0.64907,0.614659,0.564211,0.500713,0.512728,0.650066,0.573877,0.481287,0.531595,0.335103,0.62474,0.28147,0.346381,0.428582,0.634806,0.410433,0.461738,0.43844,0.765935,0.66547,0.638063,0.440582,0.550027,0.730118,0.25155,0.541392,0.425694,0.608576,0.616749,0.170558,0.608733,0.489714,0.498576,0.421877,0.036374,0.602353,0.442941,0.496495,0.459103,0.234008,0.522377,0.576434,0.602784,0.223646,0.55176,0.59661,0.573864,0.64863,0.410381,0.828196,0.715677,0.631729,0.611887,0.567389,0.452147,0.438917,0.424079,0.695235,0.425633,0.481627,0.571439,0.485884,0.762855,0.459438,0.441246,0.0,0.521703,0.362354,0.64871,0.124393,0.398727,0.512042,0.448485,0.479843,0.29246,0.542195,0.594985,0.365056,0.613646,0.191591,0.850478,0.671341,0.490772,0.533395,0.201834,0.592009,0.519219,0.602283,0.072584,0.277255,0.690831,0.431036,0.516428,0.252461,0.323932,0.683937,0.394666,0.565319,0.464858,0.308668,0.433419,0.254267,0.750585,0.514262,0.24385,0.559219,0.357096,0.830336,0.621725,0.258986,0.367853,0.28544,0.476705,0.37967,0.248418,0.664158,0.480817,0.509998,0.337637,0.232131,0.654375,0.541104,0.376266,0.399525,0.246581,0.531626,0.493402,0.229307,0.550233,0.258005,0.484453,0.393376,0.535257,0.013552,0.216992,0.567863,0.236643,0.435034,0.241641,0.038397,0.495986,0.077635,0.583753,0.358407,0.058735,0.273337,0.165882,0.583572,0.615373,0.133568,0.522394,0.0,0.358438,0.535032,0.155688,0.644478,0.187992,0.275431,0.559996,0.160536,0.398123,0.237999,0.27686,0.592041,0.115467,0.314008,0.13548,0.423409,0.150217,0.20712,0.422821,0.256559,0.403712,0.193386,0.077966,0.396716,0.137762,0.343693,0.2908,0.186687,0.299749,0.128502,0.335429,0.588957,0.106273,0.378582,0.16883,0.311709,0.474426,0.075223
299.0,100.7,72.2,5.0,3.0,23223.0,23522.0,0.655688,0.424709,0.442717,0.334449,0.401776,0.648259,0.455775,0.487164,0.335941,0.306962,0.631768,0.430555,0.506344,0.333785,0.409688,0.656171,0.453474,0.479898,0.408916,0.364861,0.69692,0.555879,0.654165,0.545977,0.507232,0.370375,0.587432,0.284079,0.482198,0.372024,0.473287,0.496058,0.371177,0.421099,0.361109,0.650393,0.443939,0.475286,0.420018,0.470333,0.719827,0.587718,0.510892,0.547939,0.519923,0.752835,0.552823,0.548664,0.598237,0.353842,0.733708,0.45212,0.644757,0.465345,0.460357,0.641203,0.435404,0.730569,0.461205,0.325604,0.580363,0.285655,0.585042,0.33206,0.363647,0.60497,0.0,0.424523,0.327109,0.305003,0.561778,0.557438,0.343623,0.849273,0.402551,0.539099,0.515116,0.427478,0.430798,0.120552,0.698154,0.326236,0.508993,0.347657,0.287236,0.672555,0.381214,0.637369,0.399471,0.380393,0.680775,0.49155,0.712522,0.558576,0.22246,0.752533,0.272681,0.794645,0.736333,0.303558,0.456687,0.142913,0.80999,0.715647,0.144147,0.611885,0.206245,0.449902,0.214551,0.22211,0.633194,0.217971,0.339933,0.42062,0.410085,0.699502,0.769786,0.412355,0.624394,0.704987,0.802311,0.679695,0.496894,0.644416,0.070117,0.697745,0.631547,0.5608,0.573163,0.004585,0.67951,0.428189,0.538163,0.54361,0.328924,0.651905,0.532916,0.606807,0.5976,0.509997,0.700843,0.553268,0.693611,0.77167,0.25479,0.59841,0.515514,0.586625,0.485627,0.180762,0.588966,0.453767,0.317299,0.305423,0.071287,0.624261,0.42809,0.267755,0.375839,0.298306,0.554322,0.665486,0.445703,0.394712,0.431394,0.4403,0.668207,0.528712,0.595111,0.576841,0.43479,0.644463,0.473245,0.76576,0.253693,0.089512,0.375693,0.535583,0.616801,0.409222,0.614992,0.417,0.371481,0.600902,0.528621,0.463339,0.625137,0.608492,0.537993,0.281664,0.091695,0.606013,0.535488,0.447353,0.314103,0.446415,0.636219,0.318941,0.531687,0.137499,0.688888,0.771099,0.149816,0.471764,0.224949,0.473138,0.711922,0.508204,0.199071,0.178668,0.331086,0.574906,0.505608,0.44955,0.307619,0.401922,0.509555,0.404184,0.504739,0.263754,0.401336,0.398722,0.476247,0.599298,0.080069,0.642491,0.540925,0.604393,0.539714,0.269993,0.504734,0.555086,0.331389,0.369007,0.332283,0.458861,0.533648,0.308683,0.175422,0.264852,0.447615,0.631425,0.309113,0.34794,0.285188,0.364461,0.646844,0.245303,0.409581,0.260192,0.410513,0.640034,0.488905,0.039616,0.186828,0.39922,0.543275,0.348792,0.275998,0.087706,0.341584,0.45094,0.348742,0.275142,0.103948,0.383601,0.544584,0.311113,0.417527,0.194326,0.535378,0.574235,0.256659,0.432203,0.159774,0.393686,0.576831,0.176208,0.344935,0.117825,0.231557,0.552689,0.222865,0.323999,0.0,0.348556,0.529657,0.215868,0.030249,0.207035,0.338939,0.556644,0.31764,0.14719,0.122895,0.388999,0.504928,0.25744,0.198281,0.269525,0.252277,0.599128,0.223652,0.310649,0.08283,0.269641,0.582684,0.197119,0.226699,0.115415
299.0,104.2,78.8,1.0,3.0,23522.0,23821.0,0.648136,0.378396,0.425674,0.398264,0.410149,0.624123,0.370475,0.443866,0.359956,0.351394,0.621595,0.379209,0.429993,0.329463,0.385515,0.652274,0.476233,0.372797,0.464773,0.36861,0.681502,0.596149,0.428786,0.495468,0.420173,0.503924,0.485936,0.289923,0.532182,0.350594,0.604164,0.489026,0.320899,0.506063,0.353943,0.690268,0.599323,0.310439,0.532286,0.358764,0.700988,0.665707,0.28493,0.611882,0.423405,0.734662,0.515871,0.303553,0.679961,0.267786,0.714361,0.488471,0.285686,0.461379,0.305807,0.633168,0.544914,0.408498,0.24538,0.196116,0.618304,0.475545,0.468275,0.209701,0.320307,0.623672,0.340261,0.5229,0.269643,0.258264,0.694365,0.381704,0.431425,0.673873,0.516821,0.691177,0.454106,0.457406,0.522144,0.289748,0.743359,0.53942,0.483776,0.730236,0.334217,0.585686,0.594565,0.50812,0.588702,0.408032,0.643876,0.50171,0.392958,0.641425,0.027648,0.715238,0.34787,0.27659,0.537071,0.378835,0.476056,0.334548,0.499668,0.602416,0.386992,0.642249,0.341008,0.357662,0.19539,0.234123,0.61321,0.302177,0.27776,0.413317,0.336427,0.870353,0.539437,0.553133,0.634587,0.540246,0.980052,0.58606,0.499506,0.599619,0.243459,0.845672,0.670609,0.565146,0.769911,0.258523,0.677837,0.564697,0.543935,0.618268,0.681761,0.603815,0.545198,0.227722,0.595015,0.369491,0.592034,0.659128,0.447244,0.505033,0.474038,0.558776,0.567267,0.439854,0.398209,0.298202,0.417936,0.46642,0.321192,0.223431,0.269955,0.408525,0.414431,0.382908,0.485076,0.463461,0.81634,0.39589,0.469799,0.529102,0.214254,0.71869,0.364787,0.527226,0.476856,0.500836,0.766929,0.513403,0.426489,0.561384,0.35708,0.162838,0.312391,0.462373,0.527283,0.249871,0.666843,0.636661,0.282382,0.470613,0.669155,0.250441,0.731421,0.505966,0.608427,0.464458,0.077401,0.603873,0.442414,0.492479,0.392155,0.204922,0.553131,0.308342,0.427705,0.333064,0.414033,0.606269,0.159336,0.363762,0.276648,0.6505,0.456993,0.478615,0.361628,0.251291,0.527346,0.330343,0.354318,0.238765,0.361557,0.443897,0.346386,0.289931,0.364636,0.309162,0.30072,0.473558,0.229146,0.231837,0.251693,0.663471,0.655413,0.34332,0.235884,0.399612,0.50241,0.714,0.156809,0.306636,0.647703,0.441659,0.583172,0.209378,0.200437,0.40935,0.316831,0.546478,0.144699,0.140691,0.368506,0.176867,0.532362,0.248501,0.270434,0.430293,0.444857,0.497417,0.419439,0.273057,0.308123,0.523168,0.443757,0.268385,0.228483,0.126289,0.309657,0.4501,0.244667,0.175054,0.147184,0.483348,0.693458,0.145676,0.159889,0.312865,0.473391,0.644441,0.031747,0.25347,0.317513,0.39614,0.551732,0.021799,0.246101,0.355072,0.33704,0.547328,0.262322,0.267582,0.189194,0.440196,0.458624,0.251987,0.225979,0.172664,0.296662,0.493672,0.303345,0.188571,0.083125,0.378948,0.455931,0.184647,0.281753,0.272943,0.277264,0.604121,0.251253,0.290484,0.13078,0.276636,0.539451,0.194249,0.283564,0.191575
100.0,104.7,71.7,0.0,3.0,23821.0,23921.0,0.589144,0.389513,0.425436,0.467601,0.48529,0.573068,0.379653,0.51571,0.531174,0.366363,0.565726,0.324785,0.481913,0.536169,0.462934,0.476761,0.448032,0.443265,0.444787,0.498543,0.508641,0.509808,0.493552,0.604938,0.4654,0.415613,0.404889,0.277381,0.446411,0.623766,0.51903,0.41207,0.225561,0.354767,0.522871,0.503984,0.472794,0.364313,0.272952,0.488092,0.385822,0.550523,0.435198,0.376204,0.582781,0.386256,0.40635,0.44285,0.589257,0.380889,0.488149,0.372236,0.270992,0.572761,0.487984,0.535201,0.410989,0.377303,0.477114,0.307099,0.618008,0.338152,0.506644,0.51794,0.306214,0.657009,0.272647,0.625573,0.525421,0.327762,0.589826,0.203938,0.381407,0.390411,0.719523,0.613213,0.375705,0.398259,0.295891,0.458023,0.671654,0.444643,0.459807,0.602943,0.498332,0.359677,0.553345,0.629626,0.499361,0.660194,0.48194,0.531261,0.63964,0.52277,0.468634,0.692442,0.356698,0.421201,0.627494,0.42822,0.582686,0.309203,0.581212,0.593736,0.345734,0.636906,0.406428,0.537441,0.293813,0.213276,0.735769,0.254045,0.487205,0.441558,0.391897,0.796791,0.424122,0.838546,0.752838,0.661717,0.888875,0.45279,0.657788,0.43591,0.681572,0.780887,0.573167,0.618744,0.64779,0.547563,0.59314,0.545182,0.690575,0.443624,0.724263,0.477172,0.607376,0.666989,0.712714,0.56387,0.549711,0.465088,0.503147,0.470622,0.228134,0.623584,0.378848,0.612004,0.477598,0.154859,0.640648,0.39592,0.537523,0.332161,0.165063,0.615831,0.274349,0.58514,0.66481,0.42478,0.788153,0.260999,0.833833,0.664904,0.566677,0.743124,0.254232,0.844093,0.578723,0.739774,0.827147,0.470787,0.681077,0.510878,0.632887,0.47811,0.520872,0.584795,0.470923,0.574553,0.712938,0.81145,0.717529,0.427379,0.713951,0.410708,0.670085,0.830134,0.482672,0.308902,0.537353,0.566621,0.757229,0.452952,0.194269,0.513975,0.481966,0.682144,0.547722,0.154269,0.581008,0.3959,0.56443,0.52666,0.231455,0.664555,0.458859,0.886628,0.718914,0.642372,0.671931,0.420724,0.843407,0.596711,0.445091,0.66055,0.549904,0.860037,0.68029,0.400293,0.60461,0.714299,0.852239,0.427285,0.387092,0.640983,0.718331,0.795878,0.418837,0.442421,0.543542,0.734268,0.779852,0.329174,0.561906,0.666254,0.684144,0.870733,0.338494,0.256033,0.5774,0.569208,0.682265,0.285181,0.208994,0.476123,0.373632,0.653513,0.535279,0.360835,0.434948,0.477268,0.838954,0.705221,0.360614,0.627059,0.391489,0.802181,0.635591,0.202945,0.45414,0.36966,0.847762,0.551595,0.183424,0.567769,0.624588,0.787532,0.569057,0.27721,0.637198,0.57813,0.775484,0.61382,0.152834,0.626314,0.448404,0.712968,0.503078,0.320982,0.570359,0.459009,0.717015,0.615009,0.223703,0.488147,0.456374,0.764676,0.510396,0.158668,0.328856,0.454225,0.686927,0.392681,0.112678,0.497316,0.406358,0.724175,0.544436,0.271265,0.43306,0.446208,0.766525,0.727873,0.183962,0.460241,0.459371,0.753663,0.692295,0.189665
99.0,104.3,70.0,0.0,0.0,23921.0,24020.0,0.536673,0.41863,0.383815,0.597405,0.517614,0.522422,0.445077,0.527335,0.661018,0.442169,0.498601,0.424253,0.527889,0.70835,0.52715,0.365602,0.438768,0.407437,0.655035,0.539488,0.39351,0.568855,0.55772,0.895636,0.593716,0.149357,0.57572,0.450756,0.516975,0.723115,0.297551,0.466548,0.263073,0.430565,0.575818,0.343361,0.317948,0.230437,0.40866,0.546096,0.396164,0.530548,0.3379,0.644625,0.664708,0.426543,0.543464,0.367779,0.883731,0.597935,0.432477,0.539874,0.348842,0.869338,0.67242,0.446898,0.544669,0.646453,0.936405,0.498763,0.525052,0.451377,0.742488,0.789144,0.335091,0.588846,0.35183,0.730726,0.655426,0.422903,0.229906,0.429876,0.526266,0.220686,0.640366,0.289467,0.495017,0.416838,0.275273,0.449271,0.572724,0.462417,0.313731,0.461995,0.520292,0.496185,0.548474,0.218998,0.593799,0.581196,0.576106,0.713006,0.486122,0.862667,0.493983,0.686233,0.561239,0.42117,0.738504,0.570748,0.469089,0.444498,0.662013,0.609305,0.478095,0.490931,0.422229,0.761265,0.45288,0.358671,0.68542,0.374167,0.74037,0.520965,0.534313,0.459754,0.666345,0.836054,0.645637,0.902651,0.517748,0.536611,0.690855,0.179918,0.667897,0.435263,0.527163,0.576403,0.501386,0.575186,0.450457,0.453456,0.452311,0.669929,0.675662,0.701517,0.764342,0.598938,0.891027,0.370601,0.399705,0.356273,0.616451,0.680906,0.291995,0.404838,0.112559,0.756183,0.689935,0.184295,0.525393,0.230075,0.749696,0.561955,0.238925,0.494706,0.227257,0.788801,0.858198,0.545335,0.552646,0.747934,0.908509,0.374327,0.760485,0.573324,0.711355,0.903806,0.287251,0.916667,0.730433,0.711816,0.733469,0.179769,0.594824,0.617979,0.795701,0.750348,0.481441,0.252127,0.615459,0.64754,0.722489,0.867409,0.680716,0.326936,0.380902,0.954183,1.0,0.47443,0.534392,0.204708,0.976679,0.925031,0.164026,0.467172,0.362322,0.934129,0.971072,0.346985,0.526237,0.449284,0.867418,0.798473,0.248842,0.599933,0.809581,0.983983,0.55758,0.802024,0.637619,0.821104,0.965245,0.490859,0.600937,0.765988,0.908624,0.985032,0.577135,0.543905,0.73953,0.903734,0.977598,0.572738,0.299077,0.726057,0.681449,0.873319,0.863405,0.401823,0.564078,0.639556,0.974902,1.0,0.505253,0.683504,0.563455,0.993917,1.0,0.460654,0.5892,0.524089,0.874262,0.8713,0.480148,0.467957,0.424696,0.896455,0.876991,0.416807,0.551274,0.793505,0.982677,0.602109,0.433235,0.672015,0.769002,0.932996,0.583552,0.300004,0.585692,0.750255,0.998749,0.591893,0.202727,0.64374,0.71246,0.99344,0.808839,0.318595,0.741126,0.675916,1.0,1.0,0.33337,0.641999,0.528726,0.921108,0.904234,0.344289,0.541646,0.575752,0.949547,0.911906,0.346918,0.583517,0.686612,0.971432,0.463087,0.369905,0.526925,0.708131,0.818328,0.398842,0.206405,0.598907,0.645354,0.929919,0.585729,0.363155,0.487071,0.648868,0.979675,0.939776,0.370174,0.534752,0.705888,1.0,0.796295,0.471795
